protocol_version,sample_id,training_role,mechanism,split,generalization_group,source_id,source_object,source_seen,receiver_id,receiver,receiver_seen,prompt_variant,prompt,target_concept,expected_footprint,expected_counterfactual_state,seed,num_frames,fps,reference_start_inclusive,reference_end_exclusive
v1,train_water_impact_water_droplet_shallow_pond_explicit_full,erase,water_impact,train,,water_droplet,one large clear water droplet,yes,shallow_pond,a calm shallow pond,yes,explicit_full,"A simple realistic fixed-camera video in one continuous shot. During the first two seconds, the scene contains a calm shallow pond; its water surface is flat and completely still. The source object is not visible, and nothing changes. Then one large clear water droplet falls vertically from above, enters the center of the water, and makes contact. Only after contact, the event produces a brief splash and expanding circular ripples. The camera, lighting, water container, and background remain fixed throughout.",Water impact,a brief splash and expanding circular ripples,"the water remains flat and still, with no incoming object, splash, cavity, or ripple",12000,49,8,0,16
v1,train_water_impact_water_droplet_shallow_pond_concise_full,erase,water_impact,train,,water_droplet,one large clear water droplet,yes,shallow_pond,a calm shallow pond,yes,concise_full,"A simple realistic fixed-camera video in one continuous shot. During the first two seconds, the scene contains a calm shallow pond; its water surface is flat and completely still. The source object is not visible, and nothing changes. After the quiet opening, one large clear water droplet falls vertically from above, enters the center of the water, and makes contact; this produces a brief splash and expanding circular ripples. The camera, lighting, water container, and background remain fixed throughout.",Water impact,a brief splash and expanding circular ripples,"the water remains flat and still, with no incoming object, splash, cavity, or ripple",12000,49,8,0,16
v1,train_water_impact_water_droplet_shallow_pond_contact_only,erase,water_impact,train,,water_droplet,one large clear water droplet,yes,shallow_pond,a calm shallow pond,yes,contact_only,"A simple realistic fixed-camera video in one continuous shot. During the first two seconds, the scene contains a calm shallow pond; its water surface is flat and completely still. The source object is not visible, and nothing changes. After the quiet opening, one large clear water droplet falls vertically from above, enters the center of the water, and makes contact. The event continues naturally after contact. The camera, lighting, water container, and background remain fixed throughout.",Water impact,a brief splash and expanding circular ripples,"the water remains flat and still, with no incoming object, splash, cavity, or ripple",12000,49,8,0,16
v1,train_water_impact_water_droplet_shallow_pond_natural_implicit,erase,water_impact,train,,water_droplet,one large clear water droplet,yes,shallow_pond,a calm shallow pond,yes,natural_implicit,"A simple realistic fixed-camera video in one continuous shot. During the first two seconds, the scene contains a calm shallow pond; its water surface is flat and completely still. The source object is not visible, and nothing changes. The continuous shot then shows an ordinary physical event in which one large clear water droplet falls vertically from above, enters the center of the water, and makes contact. The camera, lighting, water container, and background remain fixed throughout.",Water impact,a brief splash and expanding circular ripples,"the water remains flat and still, with no incoming object, splash, cavity, or ripple",12000,49,8,0,16
v1,train_water_impact_water_droplet_white_basin_explicit_full,erase,water_impact,train,,water_droplet,one large clear water droplet,yes,white_basin,a wide white ceramic basin filled with water,yes,explicit_full,"A simple realistic fixed-camera video in one continuous shot. During the first two seconds, the scene contains a wide white ceramic basin filled with water; its water surface is flat and completely still. The source object is not visible, and nothing changes. Then one large clear water droplet falls vertically from above, enters the center of the water, and makes contact. Only after contact, the event produces a brief splash and expanding circular ripples. The camera, lighting, water container, and background remain fixed throughout.",Water impact,a brief splash and expanding circular ripples,"the water remains flat and still, with no incoming object, splash, cavity, or ripple",12000,49,8,0,16
v1,train_water_impact_water_droplet_white_basin_concise_full,erase,water_impact,train,,water_droplet,one large clear water droplet,yes,white_basin,a wide white ceramic basin filled with water,yes,concise_full,"A simple realistic fixed-camera video in one continuous shot. During the first two seconds, the scene contains a wide white ceramic basin filled with water; its water surface is flat and completely still. The source object is not visible, and nothing changes. After the quiet opening, one large clear water droplet falls vertically from above, enters the center of the water, and makes contact; this produces a brief splash and expanding circular ripples. The camera, lighting, water container, and background remain fixed throughout.",Water impact,a brief splash and expanding circular ripples,"the water remains flat and still, with no incoming object, splash, cavity, or ripple",12000,49,8,0,16
v1,train_water_impact_water_droplet_white_basin_contact_only,erase,water_impact,train,,water_droplet,one large clear water droplet,yes,white_basin,a wide white ceramic basin filled with water,yes,contact_only,"A simple realistic fixed-camera video in one continuous shot. During the first two seconds, the scene contains a wide white ceramic basin filled with water; its water surface is flat and completely still. The source object is not visible, and nothing changes. After the quiet opening, one large clear water droplet falls vertically from above, enters the center of the water, and makes contact. The event continues naturally after contact. The camera, lighting, water container, and background remain fixed throughout.",Water impact,a brief splash and expanding circular ripples,"the water remains flat and still, with no incoming object, splash, cavity, or ripple",12000,49,8,0,16
v1,train_water_impact_water_droplet_white_basin_natural_implicit,erase,water_impact,train,,water_droplet,one large clear water droplet,yes,white_basin,a wide white ceramic basin filled with water,yes,natural_implicit,"A simple realistic fixed-camera video in one continuous shot. During the first two seconds, the scene contains a wide white ceramic basin filled with water; its water surface is flat and completely still. The source object is not visible, and nothing changes. The continuous shot then shows an ordinary physical event in which one large clear water droplet falls vertically from above, enters the center of the water, and makes contact. The camera, lighting, water container, and background remain fixed throughout.",Water impact,a brief splash and expanding circular ripples,"the water remains flat and still, with no incoming object, splash, cavity, or ripple",12000,49,8,0,16
v1,train_water_impact_water_droplet_glass_tank_explicit_full,erase,water_impact,train,,water_droplet,one large clear water droplet,yes,glass_tank,a clear rectangular glass tank filled with water,yes,explicit_full,"A simple realistic fixed-camera video in one continuous shot. During the first two seconds, the scene contains a clear rectangular glass tank filled with water; its water surface is flat and completely still. The source object is not visible, and nothing changes. Then one large clear water droplet falls vertically from above, enters the center of the water, and makes contact. Only after contact, the event produces a brief splash and expanding circular ripples. The camera, lighting, water container, and background remain fixed throughout.",Water impact,a brief splash and expanding circular ripples,"the water remains flat and still, with no incoming object, splash, cavity, or ripple",12000,49,8,0,16
v1,train_water_impact_water_droplet_glass_tank_concise_full,erase,water_impact,train,,water_droplet,one large clear water droplet,yes,glass_tank,a clear rectangular glass tank filled with water,yes,concise_full,"A simple realistic fixed-camera video in one continuous shot. During the first two seconds, the scene contains a clear rectangular glass tank filled with water; its water surface is flat and completely still. The source object is not visible, and nothing changes. After the quiet opening, one large clear water droplet falls vertically from above, enters the center of the water, and makes contact; this produces a brief splash and expanding circular ripples. The camera, lighting, water container, and background remain fixed throughout.",Water impact,a brief splash and expanding circular ripples,"the water remains flat and still, with no incoming object, splash, cavity, or ripple",12000,49,8,0,16
v1,train_water_impact_water_droplet_glass_tank_contact_only,erase,water_impact,train,,water_droplet,one large clear water droplet,yes,glass_tank,a clear rectangular glass tank filled with water,yes,contact_only,"A simple realistic fixed-camera video in one continuous shot. During the first two seconds, the scene contains a clear rectangular glass tank filled with water; its water surface is flat and completely still. The source object is not visible, and nothing changes. After the quiet opening, one large clear water droplet falls vertically from above, enters the center of the water, and makes contact. The event continues naturally after contact. The camera, lighting, water container, and background remain fixed throughout.",Water impact,a brief splash and expanding circular ripples,"the water remains flat and still, with no incoming object, splash, cavity, or ripple",12000,49,8,0,16
v1,train_water_impact_water_droplet_glass_tank_natural_implicit,erase,water_impact,train,,water_droplet,one large clear water droplet,yes,glass_tank,a clear rectangular glass tank filled with water,yes,natural_implicit,"A simple realistic fixed-camera video in one continuous shot. During the first two seconds, the scene contains a clear rectangular glass tank filled with water; its water surface is flat and completely still. The source object is not visible, and nothing changes. The continuous shot then shows an ordinary physical event in which one large clear water droplet falls vertically from above, enters the center of the water, and makes contact. The camera, lighting, water container, and background remain fixed throughout.",Water impact,a brief splash and expanding circular ripples,"the water remains flat and still, with no incoming object, splash, cavity, or ripple",12000,49,8,0,16
v1,train_water_impact_ice_cube_shallow_pond_explicit_full,erase,water_impact,train,,ice_cube,one small clear ice cube,yes,shallow_pond,a calm shallow pond,yes,explicit_full,"A simple realistic fixed-camera video in one continuous shot. During the first two seconds, the scene contains a calm shallow pond; its water surface is flat and completely still. The source object is not visible, and nothing changes. Then one small clear ice cube falls vertically from above, enters the center of the water, and makes contact. Only after contact, the event produces a brief splash and expanding circular ripples. The camera, lighting, water container, and background remain fixed throughout.",Water impact,a brief splash and expanding circular ripples,"the water remains flat and still, with no incoming object, splash, cavity, or ripple",12000,49,8,0,16
v1,train_water_impact_ice_cube_shallow_pond_concise_full,erase,water_impact,train,,ice_cube,one small clear ice cube,yes,shallow_pond,a calm shallow pond,yes,concise_full,"A simple realistic fixed-camera video in one continuous shot. During the first two seconds, the scene contains a calm shallow pond; its water surface is flat and completely still. The source object is not visible, and nothing changes. After the quiet opening, one small clear ice cube falls vertically from above, enters the center of the water, and makes contact; this produces a brief splash and expanding circular ripples. The camera, lighting, water container, and background remain fixed throughout.",Water impact,a brief splash and expanding circular ripples,"the water remains flat and still, with no incoming object, splash, cavity, or ripple",12000,49,8,0,16
v1,train_water_impact_ice_cube_shallow_pond_contact_only,erase,water_impact,train,,ice_cube,one small clear ice cube,yes,shallow_pond,a calm shallow pond,yes,contact_only,"A simple realistic fixed-camera video in one continuous shot. During the first two seconds, the scene contains a calm shallow pond; its water surface is flat and completely still. The source object is not visible, and nothing changes. After the quiet opening, one small clear ice cube falls vertically from above, enters the center of the water, and makes contact. The event continues naturally after contact. The camera, lighting, water container, and background remain fixed throughout.",Water impact,a brief splash and expanding circular ripples,"the water remains flat and still, with no incoming object, splash, cavity, or ripple",12000,49,8,0,16
v1,train_water_impact_ice_cube_shallow_pond_natural_implicit,erase,water_impact,train,,ice_cube,one small clear ice cube,yes,shallow_pond,a calm shallow pond,yes,natural_implicit,"A simple realistic fixed-camera video in one continuous shot. During the first two seconds, the scene contains a calm shallow pond; its water surface is flat and completely still. The source object is not visible, and nothing changes. The continuous shot then shows an ordinary physical event in which one small clear ice cube falls vertically from above, enters the center of the water, and makes contact. The camera, lighting, water container, and background remain fixed throughout.",Water impact,a brief splash and expanding circular ripples,"the water remains flat and still, with no incoming object, splash, cavity, or ripple",12000,49,8,0,16
v1,train_water_impact_ice_cube_white_basin_explicit_full,erase,water_impact,train,,ice_cube,one small clear ice cube,yes,white_basin,a wide white ceramic basin filled with water,yes,explicit_full,"A simple realistic fixed-camera video in one continuous shot. During the first two seconds, the scene contains a wide white ceramic basin filled with water; its water surface is flat and completely still. The source object is not visible, and nothing changes. Then one small clear ice cube falls vertically from above, enters the center of the water, and makes contact. Only after contact, the event produces a brief splash and expanding circular ripples. The camera, lighting, water container, and background remain fixed throughout.",Water impact,a brief splash and expanding circular ripples,"the water remains flat and still, with no incoming object, splash, cavity, or ripple",12000,49,8,0,16
v1,train_water_impact_ice_cube_white_basin_concise_full,erase,water_impact,train,,ice_cube,one small clear ice cube,yes,white_basin,a wide white ceramic basin filled with water,yes,concise_full,"A simple realistic fixed-camera video in one continuous shot. During the first two seconds, the scene contains a wide white ceramic basin filled with water; its water surface is flat and completely still. The source object is not visible, and nothing changes. After the quiet opening, one small clear ice cube falls vertically from above, enters the center of the water, and makes contact; this produces a brief splash and expanding circular ripples. The camera, lighting, water container, and background remain fixed throughout.",Water impact,a brief splash and expanding circular ripples,"the water remains flat and still, with no incoming object, splash, cavity, or ripple",12000,49,8,0,16
v1,train_water_impact_ice_cube_white_basin_contact_only,erase,water_impact,train,,ice_cube,one small clear ice cube,yes,white_basin,a wide white ceramic basin filled with water,yes,contact_only,"A simple realistic fixed-camera video in one continuous shot. During the first two seconds, the scene contains a wide white ceramic basin filled with water; its water surface is flat and completely still. The source object is not visible, and nothing changes. After the quiet opening, one small clear ice cube falls vertically from above, enters the center of the water, and makes contact. The event continues naturally after contact. The camera, lighting, water container, and background remain fixed throughout.",Water impact,a brief splash and expanding circular ripples,"the water remains flat and still, with no incoming object, splash, cavity, or ripple",12000,49,8,0,16
v1,train_water_impact_ice_cube_white_basin_natural_implicit,erase,water_impact,train,,ice_cube,one small clear ice cube,yes,white_basin,a wide white ceramic basin filled with water,yes,natural_implicit,"A simple realistic fixed-camera video in one continuous shot. During the first two seconds, the scene contains a wide white ceramic basin filled with water; its water surface is flat and completely still. The source object is not visible, and nothing changes. The continuous shot then shows an ordinary physical event in which one small clear ice cube falls vertically from above, enters the center of the water, and makes contact. The camera, lighting, water container, and background remain fixed throughout.",Water impact,a brief splash and expanding circular ripples,"the water remains flat and still, with no incoming object, splash, cavity, or ripple",12000,49,8,0,16
v1,train_water_impact_ice_cube_glass_tank_explicit_full,erase,water_impact,train,,ice_cube,one small clear ice cube,yes,glass_tank,a clear rectangular glass tank filled with water,yes,explicit_full,"A simple realistic fixed-camera video in one continuous shot. During the first two seconds, the scene contains a clear rectangular glass tank filled with water; its water surface is flat and completely still. The source object is not visible, and nothing changes. Then one small clear ice cube falls vertically from above, enters the center of the water, and makes contact. Only after contact, the event produces a brief splash and expanding circular ripples. The camera, lighting, water container, and background remain fixed throughout.",Water impact,a brief splash and expanding circular ripples,"the water remains flat and still, with no incoming object, splash, cavity, or ripple",12000,49,8,0,16
v1,train_water_impact_ice_cube_glass_tank_concise_full,erase,water_impact,train,,ice_cube,one small clear ice cube,yes,glass_tank,a clear rectangular glass tank filled with water,yes,concise_full,"A simple realistic fixed-camera video in one continuous shot. During the first two seconds, the scene contains a clear rectangular glass tank filled with water; its water surface is flat and completely still. The source object is not visible, and nothing changes. After the quiet opening, one small clear ice cube falls vertically from above, enters the center of the water, and makes contact; this produces a brief splash and expanding circular ripples. The camera, lighting, water container, and background remain fixed throughout.",Water impact,a brief splash and expanding circular ripples,"the water remains flat and still, with no incoming object, splash, cavity, or ripple",12000,49,8,0,16
v1,train_water_impact_ice_cube_glass_tank_contact_only,erase,water_impact,train,,ice_cube,one small clear ice cube,yes,glass_tank,a clear rectangular glass tank filled with water,yes,contact_only,"A simple realistic fixed-camera video in one continuous shot. During the first two seconds, the scene contains a clear rectangular glass tank filled with water; its water surface is flat and completely still. The source object is not visible, and nothing changes. After the quiet opening, one small clear ice cube falls vertically from above, enters the center of the water, and makes contact. The event continues naturally after contact. The camera, lighting, water container, and background remain fixed throughout.",Water impact,a brief splash and expanding circular ripples,"the water remains flat and still, with no incoming object, splash, cavity, or ripple",12000,49,8,0,16
v1,train_water_impact_ice_cube_glass_tank_natural_implicit,erase,water_impact,train,,ice_cube,one small clear ice cube,yes,glass_tank,a clear rectangular glass tank filled with water,yes,natural_implicit,"A simple realistic fixed-camera video in one continuous shot. During the first two seconds, the scene contains a clear rectangular glass tank filled with water; its water surface is flat and completely still. The source object is not visible, and nothing changes. The continuous shot then shows an ordinary physical event in which one small clear ice cube falls vertically from above, enters the center of the water, and makes contact. The camera, lighting, water container, and background remain fixed throughout.",Water impact,a brief splash and expanding circular ripples,"the water remains flat and still, with no incoming object, splash, cavity, or ripple",12000,49,8,0,16
v1,train_water_impact_red_apple_shallow_pond_explicit_full,erase,water_impact,train,,red_apple,one small red apple,yes,shallow_pond,a calm shallow pond,yes,explicit_full,"A simple realistic fixed-camera video in one continuous shot. During the first two seconds, the scene contains a calm shallow pond; its water surface is flat and completely still. The source object is not visible, and nothing changes. Then one small red apple falls vertically from above, enters the center of the water, and makes contact. Only after contact, the event produces a brief splash and expanding circular ripples. The camera, lighting, water container, and background remain fixed throughout.",Water impact,a brief splash and expanding circular ripples,"the water remains flat and still, with no incoming object, splash, cavity, or ripple",12000,49,8,0,16
v1,train_water_impact_red_apple_shallow_pond_concise_full,erase,water_impact,train,,red_apple,one small red apple,yes,shallow_pond,a calm shallow pond,yes,concise_full,"A simple realistic fixed-camera video in one continuous shot. During the first two seconds, the scene contains a calm shallow pond; its water surface is flat and completely still. The source object is not visible, and nothing changes. After the quiet opening, one small red apple falls vertically from above, enters the center of the water, and makes contact; this produces a brief splash and expanding circular ripples. The camera, lighting, water container, and background remain fixed throughout.",Water impact,a brief splash and expanding circular ripples,"the water remains flat and still, with no incoming object, splash, cavity, or ripple",12000,49,8,0,16
v1,train_water_impact_red_apple_shallow_pond_contact_only,erase,water_impact,train,,red_apple,one small red apple,yes,shallow_pond,a calm shallow pond,yes,contact_only,"A simple realistic fixed-camera video in one continuous shot. During the first two seconds, the scene contains a calm shallow pond; its water surface is flat and completely still. The source object is not visible, and nothing changes. After the quiet opening, one small red apple falls vertically from above, enters the center of the water, and makes contact. The event continues naturally after contact. The camera, lighting, water container, and background remain fixed throughout.",Water impact,a brief splash and expanding circular ripples,"the water remains flat and still, with no incoming object, splash, cavity, or ripple",12000,49,8,0,16
v1,train_water_impact_red_apple_shallow_pond_natural_implicit,erase,water_impact,train,,red_apple,one small red apple,yes,shallow_pond,a calm shallow pond,yes,natural_implicit,"A simple realistic fixed-camera video in one continuous shot. During the first two seconds, the scene contains a calm shallow pond; its water surface is flat and completely still. The source object is not visible, and nothing changes. The continuous shot then shows an ordinary physical event in which one small red apple falls vertically from above, enters the center of the water, and makes contact. The camera, lighting, water container, and background remain fixed throughout.",Water impact,a brief splash and expanding circular ripples,"the water remains flat and still, with no incoming object, splash, cavity, or ripple",12000,49,8,0,16
v1,train_water_impact_red_apple_white_basin_explicit_full,erase,water_impact,train,,red_apple,one small red apple,yes,white_basin,a wide white ceramic basin filled with water,yes,explicit_full,"A simple realistic fixed-camera video in one continuous shot. During the first two seconds, the scene contains a wide white ceramic basin filled with water; its water surface is flat and completely still. The source object is not visible, and nothing changes. Then one small red apple falls vertically from above, enters the center of the water, and makes contact. Only after contact, the event produces a brief splash and expanding circular ripples. The camera, lighting, water container, and background remain fixed throughout.",Water impact,a brief splash and expanding circular ripples,"the water remains flat and still, with no incoming object, splash, cavity, or ripple",12000,49,8,0,16
v1,train_water_impact_red_apple_white_basin_concise_full,erase,water_impact,train,,red_apple,one small red apple,yes,white_basin,a wide white ceramic basin filled with water,yes,concise_full,"A simple realistic fixed-camera video in one continuous shot. During the first two seconds, the scene contains a wide white ceramic basin filled with water; its water surface is flat and completely still. The source object is not visible, and nothing changes. After the quiet opening, one small red apple falls vertically from above, enters the center of the water, and makes contact; this produces a brief splash and expanding circular ripples. The camera, lighting, water container, and background remain fixed throughout.",Water impact,a brief splash and expanding circular ripples,"the water remains flat and still, with no incoming object, splash, cavity, or ripple",12000,49,8,0,16
v1,train_water_impact_red_apple_white_basin_contact_only,erase,water_impact,train,,red_apple,one small red apple,yes,white_basin,a wide white ceramic basin filled with water,yes,contact_only,"A simple realistic fixed-camera video in one continuous shot. During the first two seconds, the scene contains a wide white ceramic basin filled with water; its water surface is flat and completely still. The source object is not visible, and nothing changes. After the quiet opening, one small red apple falls vertically from above, enters the center of the water, and makes contact. The event continues naturally after contact. The camera, lighting, water container, and background remain fixed throughout.",Water impact,a brief splash and expanding circular ripples,"the water remains flat and still, with no incoming object, splash, cavity, or ripple",12000,49,8,0,16
v1,train_water_impact_red_apple_white_basin_natural_implicit,erase,water_impact,train,,red_apple,one small red apple,yes,white_basin,a wide white ceramic basin filled with water,yes,natural_implicit,"A simple realistic fixed-camera video in one continuous shot. During the first two seconds, the scene contains a wide white ceramic basin filled with water; its water surface is flat and completely still. The source object is not visible, and nothing changes. The continuous shot then shows an ordinary physical event in which one small red apple falls vertically from above, enters the center of the water, and makes contact. The camera, lighting, water container, and background remain fixed throughout.",Water impact,a brief splash and expanding circular ripples,"the water remains flat and still, with no incoming object, splash, cavity, or ripple",12000,49,8,0,16
v1,train_water_impact_red_apple_glass_tank_explicit_full,erase,water_impact,train,,red_apple,one small red apple,yes,glass_tank,a clear rectangular glass tank filled with water,yes,explicit_full,"A simple realistic fixed-camera video in one continuous shot. During the first two seconds, the scene contains a clear rectangular glass tank filled with water; its water surface is flat and completely still. The source object is not visible, and nothing changes. Then one small red apple falls vertically from above, enters the center of the water, and makes contact. Only after contact, the event produces a brief splash and expanding circular ripples. The camera, lighting, water container, and background remain fixed throughout.",Water impact,a brief splash and expanding circular ripples,"the water remains flat and still, with no incoming object, splash, cavity, or ripple",12000,49,8,0,16
v1,train_water_impact_red_apple_glass_tank_concise_full,erase,water_impact,train,,red_apple,one small red apple,yes,glass_tank,a clear rectangular glass tank filled with water,yes,concise_full,"A simple realistic fixed-camera video in one continuous shot. During the first two seconds, the scene contains a clear rectangular glass tank filled with water; its water surface is flat and completely still. The source object is not visible, and nothing changes. After the quiet opening, one small red apple falls vertically from above, enters the center of the water, and makes contact; this produces a brief splash and expanding circular ripples. The camera, lighting, water container, and background remain fixed throughout.",Water impact,a brief splash and expanding circular ripples,"the water remains flat and still, with no incoming object, splash, cavity, or ripple",12000,49,8,0,16
v1,train_water_impact_red_apple_glass_tank_contact_only,erase,water_impact,train,,red_apple,one small red apple,yes,glass_tank,a clear rectangular glass tank filled with water,yes,contact_only,"A simple realistic fixed-camera video in one continuous shot. During the first two seconds, the scene contains a clear rectangular glass tank filled with water; its water surface is flat and completely still. The source object is not visible, and nothing changes. After the quiet opening, one small red apple falls vertically from above, enters the center of the water, and makes contact. The event continues naturally after contact. The camera, lighting, water container, and background remain fixed throughout.",Water impact,a brief splash and expanding circular ripples,"the water remains flat and still, with no incoming object, splash, cavity, or ripple",12000,49,8,0,16
v1,train_water_impact_red_apple_glass_tank_natural_implicit,erase,water_impact,train,,red_apple,one small red apple,yes,glass_tank,a clear rectangular glass tank filled with water,yes,natural_implicit,"A simple realistic fixed-camera video in one continuous shot. During the first two seconds, the scene contains a clear rectangular glass tank filled with water; its water surface is flat and completely still. The source object is not visible, and nothing changes. The continuous shot then shows an ordinary physical event in which one small red apple falls vertically from above, enters the center of the water, and makes contact. The camera, lighting, water container, and background remain fixed throughout.",Water impact,a brief splash and expanding circular ripples,"the water remains flat and still, with no incoming object, splash, cavity, or ripple",12000,49,8,0,16
v1,train_rigid_collision_red_ball_wood_blocks_explicit_full,erase,rigid_collision,train,,red_ball,one small red rubber ball,yes,wood_blocks,three plain wooden blocks standing upright,yes,explicit_full,"A simple realistic fixed-camera video in one continuous shot. During the first two seconds, the scene contains three plain wooden blocks standing upright; all three blocks are upright and motionless. The source object is not visible, and nothing changes. Then one small red rubber ball rolls from left to right along the tabletop and strikes the nearest receiver object once. Only after contact, the event produces a tipped contacted object and visible displacement of nearby objects. The camera, tabletop, lighting, and background remain fixed throughout.",Rigid collision,a tipped contacted object and visible displacement of nearby objects,the source object is absent and every receiver object remains upright and motionless,12000,49,8,0,16
v1,train_rigid_collision_red_ball_wood_blocks_concise_full,erase,rigid_collision,train,,red_ball,one small red rubber ball,yes,wood_blocks,three plain wooden blocks standing upright,yes,concise_full,"A simple realistic fixed-camera video in one continuous shot. During the first two seconds, the scene contains three plain wooden blocks standing upright; all three blocks are upright and motionless. The source object is not visible, and nothing changes. After the quiet opening, one small red rubber ball rolls from left to right along the tabletop and strikes the nearest receiver object once; this produces a tipped contacted object and visible displacement of nearby objects. The camera, tabletop, lighting, and background remain fixed throughout.",Rigid collision,a tipped contacted object and visible displacement of nearby objects,the source object is absent and every receiver object remains upright and motionless,12000,49,8,0,16
v1,train_rigid_collision_red_ball_wood_blocks_contact_only,erase,rigid_collision,train,,red_ball,one small red rubber ball,yes,wood_blocks,three plain wooden blocks standing upright,yes,contact_only,"A simple realistic fixed-camera video in one continuous shot. During the first two seconds, the scene contains three plain wooden blocks standing upright; all three blocks are upright and motionless. The source object is not visible, and nothing changes. After the quiet opening, one small red rubber ball rolls from left to right along the tabletop and strikes the nearest receiver object once. The event continues naturally after contact. The camera, tabletop, lighting, and background remain fixed throughout.",Rigid collision,a tipped contacted object and visible displacement of nearby objects,the source object is absent and every receiver object remains upright and motionless,12000,49,8,0,16
v1,train_rigid_collision_red_ball_wood_blocks_natural_implicit,erase,rigid_collision,train,,red_ball,one small red rubber ball,yes,wood_blocks,three plain wooden blocks standing upright,yes,natural_implicit,"A simple realistic fixed-camera video in one continuous shot. During the first two seconds, the scene contains three plain wooden blocks standing upright; all three blocks are upright and motionless. The source object is not visible, and nothing changes. The continuous shot then shows an ordinary physical event in which one small red rubber ball rolls from left to right along the tabletop and strikes the nearest receiver object once. The camera, tabletop, lighting, and background remain fixed throughout.",Rigid collision,a tipped contacted object and visible displacement of nearby objects,the source object is absent and every receiver object remains upright and motionless,12000,49,8,0,16
v1,train_rigid_collision_red_ball_bowling_pins_explicit_full,erase,rigid_collision,train,,red_ball,one small red rubber ball,yes,bowling_pins,four small white plastic bowling pins,yes,explicit_full,"A simple realistic fixed-camera video in one continuous shot. During the first two seconds, the scene contains four small white plastic bowling pins; all four pins are upright and motionless. The source object is not visible, and nothing changes. Then one small red rubber ball rolls from left to right along the tabletop and strikes the nearest receiver object once. Only after contact, the event produces a tipped contacted object and visible displacement of nearby objects. The camera, tabletop, lighting, and background remain fixed throughout.",Rigid collision,a tipped contacted object and visible displacement of nearby objects,the source object is absent and every receiver object remains upright and motionless,12000,49,8,0,16
v1,train_rigid_collision_red_ball_bowling_pins_concise_full,erase,rigid_collision,train,,red_ball,one small red rubber ball,yes,bowling_pins,four small white plastic bowling pins,yes,concise_full,"A simple realistic fixed-camera video in one continuous shot. During the first two seconds, the scene contains four small white plastic bowling pins; all four pins are upright and motionless. The source object is not visible, and nothing changes. After the quiet opening, one small red rubber ball rolls from left to right along the tabletop and strikes the nearest receiver object once; this produces a tipped contacted object and visible displacement of nearby objects. The camera, tabletop, lighting, and background remain fixed throughout.",Rigid collision,a tipped contacted object and visible displacement of nearby objects,the source object is absent and every receiver object remains upright and motionless,12000,49,8,0,16
v1,train_rigid_collision_red_ball_bowling_pins_contact_only,erase,rigid_collision,train,,red_ball,one small red rubber ball,yes,bowling_pins,four small white plastic bowling pins,yes,contact_only,"A simple realistic fixed-camera video in one continuous shot. During the first two seconds, the scene contains four small white plastic bowling pins; all four pins are upright and motionless. The source object is not visible, and nothing changes. After the quiet opening, one small red rubber ball rolls from left to right along the tabletop and strikes the nearest receiver object once. The event continues naturally after contact. The camera, tabletop, lighting, and background remain fixed throughout.",Rigid collision,a tipped contacted object and visible displacement of nearby objects,the source object is absent and every receiver object remains upright and motionless,12000,49,8,0,16
v1,train_rigid_collision_red_ball_bowling_pins_natural_implicit,erase,rigid_collision,train,,red_ball,one small red rubber ball,yes,bowling_pins,four small white plastic bowling pins,yes,natural_implicit,"A simple realistic fixed-camera video in one continuous shot. During the first two seconds, the scene contains four small white plastic bowling pins; all four pins are upright and motionless. The source object is not visible, and nothing changes. The continuous shot then shows an ordinary physical event in which one small red rubber ball rolls from left to right along the tabletop and strikes the nearest receiver object once. The camera, tabletop, lighting, and background remain fixed throughout.",Rigid collision,a tipped contacted object and visible displacement of nearby objects,the source object is absent and every receiver object remains upright and motionless,12000,49,8,0,16
v1,train_rigid_collision_red_ball_cardboard_boxes_explicit_full,erase,rigid_collision,train,,red_ball,one small red rubber ball,yes,cardboard_boxes,three small plain cardboard boxes,yes,explicit_full,"A simple realistic fixed-camera video in one continuous shot. During the first two seconds, the scene contains three small plain cardboard boxes; all three boxes are upright and motionless. The source object is not visible, and nothing changes. Then one small red rubber ball rolls from left to right along the tabletop and strikes the nearest receiver object once. Only after contact, the event produces a tipped contacted object and visible displacement of nearby objects. The camera, tabletop, lighting, and background remain fixed throughout.",Rigid collision,a tipped contacted object and visible displacement of nearby objects,the source object is absent and every receiver object remains upright and motionless,12000,49,8,0,16
v1,train_rigid_collision_red_ball_cardboard_boxes_concise_full,erase,rigid_collision,train,,red_ball,one small red rubber ball,yes,cardboard_boxes,three small plain cardboard boxes,yes,concise_full,"A simple realistic fixed-camera video in one continuous shot. During the first two seconds, the scene contains three small plain cardboard boxes; all three boxes are upright and motionless. The source object is not visible, and nothing changes. After the quiet opening, one small red rubber ball rolls from left to right along the tabletop and strikes the nearest receiver object once; this produces a tipped contacted object and visible displacement of nearby objects. The camera, tabletop, lighting, and background remain fixed throughout.",Rigid collision,a tipped contacted object and visible displacement of nearby objects,the source object is absent and every receiver object remains upright and motionless,12000,49,8,0,16
v1,train_rigid_collision_red_ball_cardboard_boxes_contact_only,erase,rigid_collision,train,,red_ball,one small red rubber ball,yes,cardboard_boxes,three small plain cardboard boxes,yes,contact_only,"A simple realistic fixed-camera video in one continuous shot. During the first two seconds, the scene contains three small plain cardboard boxes; all three boxes are upright and motionless. The source object is not visible, and nothing changes. After the quiet opening, one small red rubber ball rolls from left to right along the tabletop and strikes the nearest receiver object once. The event continues naturally after contact. The camera, tabletop, lighting, and background remain fixed throughout.",Rigid collision,a tipped contacted object and visible displacement of nearby objects,the source object is absent and every receiver object remains upright and motionless,12000,49,8,0,16
v1,train_rigid_collision_red_ball_cardboard_boxes_natural_implicit,erase,rigid_collision,train,,red_ball,one small red rubber ball,yes,cardboard_boxes,three small plain cardboard boxes,yes,natural_implicit,"A simple realistic fixed-camera video in one continuous shot. During the first two seconds, the scene contains three small plain cardboard boxes; all three boxes are upright and motionless. The source object is not visible, and nothing changes. The continuous shot then shows an ordinary physical event in which one small red rubber ball rolls from left to right along the tabletop and strikes the nearest receiver object once. The camera, tabletop, lighting, and background remain fixed throughout.",Rigid collision,a tipped contacted object and visible displacement of nearby objects,the source object is absent and every receiver object remains upright and motionless,12000,49,8,0,16
v1,train_rigid_collision_wood_cylinder_wood_blocks_explicit_full,erase,rigid_collision,train,,wood_cylinder,one short wooden cylinder,yes,wood_blocks,three plain wooden blocks standing upright,yes,explicit_full,"A simple realistic fixed-camera video in one continuous shot. During the first two seconds, the scene contains three plain wooden blocks standing upright; all three blocks are upright and motionless. The source object is not visible, and nothing changes. Then one short wooden cylinder rolls from left to right along the tabletop and strikes the nearest receiver object once. Only after contact, the event produces a tipped contacted object and visible displacement of nearby objects. The camera, tabletop, lighting, and background remain fixed throughout.",Rigid collision,a tipped contacted object and visible displacement of nearby objects,the source object is absent and every receiver object remains upright and motionless,12000,49,8,0,16
v1,train_rigid_collision_wood_cylinder_wood_blocks_concise_full,erase,rigid_collision,train,,wood_cylinder,one short wooden cylinder,yes,wood_blocks,three plain wooden blocks standing upright,yes,concise_full,"A simple realistic fixed-camera video in one continuous shot. During the first two seconds, the scene contains three plain wooden blocks standing upright; all three blocks are upright and motionless. The source object is not visible, and nothing changes. After the quiet opening, one short wooden cylinder rolls from left to right along the tabletop and strikes the nearest receiver object once; this produces a tipped contacted object and visible displacement of nearby objects. The camera, tabletop, lighting, and background remain fixed throughout.",Rigid collision,a tipped contacted object and visible displacement of nearby objects,the source object is absent and every receiver object remains upright and motionless,12000,49,8,0,16
v1,train_rigid_collision_wood_cylinder_wood_blocks_contact_only,erase,rigid_collision,train,,wood_cylinder,one short wooden cylinder,yes,wood_blocks,three plain wooden blocks standing upright,yes,contact_only,"A simple realistic fixed-camera video in one continuous shot. During the first two seconds, the scene contains three plain wooden blocks standing upright; all three blocks are upright and motionless. The source object is not visible, and nothing changes. After the quiet opening, one short wooden cylinder rolls from left to right along the tabletop and strikes the nearest receiver object once. The event continues naturally after contact. The camera, tabletop, lighting, and background remain fixed throughout.",Rigid collision,a tipped contacted object and visible displacement of nearby objects,the source object is absent and every receiver object remains upright and motionless,12000,49,8,0,16
v1,train_rigid_collision_wood_cylinder_wood_blocks_natural_implicit,erase,rigid_collision,train,,wood_cylinder,one short wooden cylinder,yes,wood_blocks,three plain wooden blocks standing upright,yes,natural_implicit,"A simple realistic fixed-camera video in one continuous shot. During the first two seconds, the scene contains three plain wooden blocks standing upright; all three blocks are upright and motionless. The source object is not visible, and nothing changes. The continuous shot then shows an ordinary physical event in which one short wooden cylinder rolls from left to right along the tabletop and strikes the nearest receiver object once. The camera, tabletop, lighting, and background remain fixed throughout.",Rigid collision,a tipped contacted object and visible displacement of nearby objects,the source object is absent and every receiver object remains upright and motionless,12000,49,8,0,16
v1,train_rigid_collision_wood_cylinder_bowling_pins_explicit_full,erase,rigid_collision,train,,wood_cylinder,one short wooden cylinder,yes,bowling_pins,four small white plastic bowling pins,yes,explicit_full,"A simple realistic fixed-camera video in one continuous shot. During the first two seconds, the scene contains four small white plastic bowling pins; all four pins are upright and motionless. The source object is not visible, and nothing changes. Then one short wooden cylinder rolls from left to right along the tabletop and strikes the nearest receiver object once. Only after contact, the event produces a tipped contacted object and visible displacement of nearby objects. The camera, tabletop, lighting, and background remain fixed throughout.",Rigid collision,a tipped contacted object and visible displacement of nearby objects,the source object is absent and every receiver object remains upright and motionless,12000,49,8,0,16
v1,train_rigid_collision_wood_cylinder_bowling_pins_concise_full,erase,rigid_collision,train,,wood_cylinder,one short wooden cylinder,yes,bowling_pins,four small white plastic bowling pins,yes,concise_full,"A simple realistic fixed-camera video in one continuous shot. During the first two seconds, the scene contains four small white plastic bowling pins; all four pins are upright and motionless. The source object is not visible, and nothing changes. After the quiet opening, one short wooden cylinder rolls from left to right along the tabletop and strikes the nearest receiver object once; this produces a tipped contacted object and visible displacement of nearby objects. The camera, tabletop, lighting, and background remain fixed throughout.",Rigid collision,a tipped contacted object and visible displacement of nearby objects,the source object is absent and every receiver object remains upright and motionless,12000,49,8,0,16
v1,train_rigid_collision_wood_cylinder_bowling_pins_contact_only,erase,rigid_collision,train,,wood_cylinder,one short wooden cylinder,yes,bowling_pins,four small white plastic bowling pins,yes,contact_only,"A simple realistic fixed-camera video in one continuous shot. During the first two seconds, the scene contains four small white plastic bowling pins; all four pins are upright and motionless. The source object is not visible, and nothing changes. After the quiet opening, one short wooden cylinder rolls from left to right along the tabletop and strikes the nearest receiver object once. The event continues naturally after contact. The camera, tabletop, lighting, and background remain fixed throughout.",Rigid collision,a tipped contacted object and visible displacement of nearby objects,the source object is absent and every receiver object remains upright and motionless,12000,49,8,0,16
v1,train_rigid_collision_wood_cylinder_bowling_pins_natural_implicit,erase,rigid_collision,train,,wood_cylinder,one short wooden cylinder,yes,bowling_pins,four small white plastic bowling pins,yes,natural_implicit,"A simple realistic fixed-camera video in one continuous shot. During the first two seconds, the scene contains four small white plastic bowling pins; all four pins are upright and motionless. The source object is not visible, and nothing changes. The continuous shot then shows an ordinary physical event in which one short wooden cylinder rolls from left to right along the tabletop and strikes the nearest receiver object once. The camera, tabletop, lighting, and background remain fixed throughout.",Rigid collision,a tipped contacted object and visible displacement of nearby objects,the source object is absent and every receiver object remains upright and motionless,12000,49,8,0,16
v1,train_rigid_collision_wood_cylinder_cardboard_boxes_explicit_full,erase,rigid_collision,train,,wood_cylinder,one short wooden cylinder,yes,cardboard_boxes,three small plain cardboard boxes,yes,explicit_full,"A simple realistic fixed-camera video in one continuous shot. During the first two seconds, the scene contains three small plain cardboard boxes; all three boxes are upright and motionless. The source object is not visible, and nothing changes. Then one short wooden cylinder rolls from left to right along the tabletop and strikes the nearest receiver object once. Only after contact, the event produces a tipped contacted object and visible displacement of nearby objects. The camera, tabletop, lighting, and background remain fixed throughout.",Rigid collision,a tipped contacted object and visible displacement of nearby objects,the source object is absent and every receiver object remains upright and motionless,12000,49,8,0,16
v1,train_rigid_collision_wood_cylinder_cardboard_boxes_concise_full,erase,rigid_collision,train,,wood_cylinder,one short wooden cylinder,yes,cardboard_boxes,three small plain cardboard boxes,yes,concise_full,"A simple realistic fixed-camera video in one continuous shot. During the first two seconds, the scene contains three small plain cardboard boxes; all three boxes are upright and motionless. The source object is not visible, and nothing changes. After the quiet opening, one short wooden cylinder rolls from left to right along the tabletop and strikes the nearest receiver object once; this produces a tipped contacted object and visible displacement of nearby objects. The camera, tabletop, lighting, and background remain fixed throughout.",Rigid collision,a tipped contacted object and visible displacement of nearby objects,the source object is absent and every receiver object remains upright and motionless,12000,49,8,0,16
v1,train_rigid_collision_wood_cylinder_cardboard_boxes_contact_only,erase,rigid_collision,train,,wood_cylinder,one short wooden cylinder,yes,cardboard_boxes,three small plain cardboard boxes,yes,contact_only,"A simple realistic fixed-camera video in one continuous shot. During the first two seconds, the scene contains three small plain cardboard boxes; all three boxes are upright and motionless. The source object is not visible, and nothing changes. After the quiet opening, one short wooden cylinder rolls from left to right along the tabletop and strikes the nearest receiver object once. The event continues naturally after contact. The camera, tabletop, lighting, and background remain fixed throughout.",Rigid collision,a tipped contacted object and visible displacement of nearby objects,the source object is absent and every receiver object remains upright and motionless,12000,49,8,0,16
v1,train_rigid_collision_wood_cylinder_cardboard_boxes_natural_implicit,erase,rigid_collision,train,,wood_cylinder,one short wooden cylinder,yes,cardboard_boxes,three small plain cardboard boxes,yes,natural_implicit,"A simple realistic fixed-camera video in one continuous shot. During the first two seconds, the scene contains three small plain cardboard boxes; all three boxes are upright and motionless. The source object is not visible, and nothing changes. The continuous shot then shows an ordinary physical event in which one short wooden cylinder rolls from left to right along the tabletop and strikes the nearest receiver object once. The camera, tabletop, lighting, and background remain fixed throughout.",Rigid collision,a tipped contacted object and visible displacement of nearby objects,the source object is absent and every receiver object remains upright and motionless,12000,49,8,0,16
v1,train_rigid_collision_metal_puck_wood_blocks_explicit_full,erase,rigid_collision,train,,metal_puck,one silver metal puck,yes,wood_blocks,three plain wooden blocks standing upright,yes,explicit_full,"A simple realistic fixed-camera video in one continuous shot. During the first two seconds, the scene contains three plain wooden blocks standing upright; all three blocks are upright and motionless. The source object is not visible, and nothing changes. Then one silver metal puck slides from left to right along the tabletop and strikes the nearest receiver object once. Only after contact, the event produces a tipped contacted object and visible displacement of nearby objects. The camera, tabletop, lighting, and background remain fixed throughout.",Rigid collision,a tipped contacted object and visible displacement of nearby objects,the source object is absent and every receiver object remains upright and motionless,12000,49,8,0,16
v1,train_rigid_collision_metal_puck_wood_blocks_concise_full,erase,rigid_collision,train,,metal_puck,one silver metal puck,yes,wood_blocks,three plain wooden blocks standing upright,yes,concise_full,"A simple realistic fixed-camera video in one continuous shot. During the first two seconds, the scene contains three plain wooden blocks standing upright; all three blocks are upright and motionless. The source object is not visible, and nothing changes. After the quiet opening, one silver metal puck slides from left to right along the tabletop and strikes the nearest receiver object once; this produces a tipped contacted object and visible displacement of nearby objects. The camera, tabletop, lighting, and background remain fixed throughout.",Rigid collision,a tipped contacted object and visible displacement of nearby objects,the source object is absent and every receiver object remains upright and motionless,12000,49,8,0,16
v1,train_rigid_collision_metal_puck_wood_blocks_contact_only,erase,rigid_collision,train,,metal_puck,one silver metal puck,yes,wood_blocks,three plain wooden blocks standing upright,yes,contact_only,"A simple realistic fixed-camera video in one continuous shot. During the first two seconds, the scene contains three plain wooden blocks standing upright; all three blocks are upright and motionless. The source object is not visible, and nothing changes. After the quiet opening, one silver metal puck slides from left to right along the tabletop and strikes the nearest receiver object once. The event continues naturally after contact. The camera, tabletop, lighting, and background remain fixed throughout.",Rigid collision,a tipped contacted object and visible displacement of nearby objects,the source object is absent and every receiver object remains upright and motionless,12000,49,8,0,16
v1,train_rigid_collision_metal_puck_wood_blocks_natural_implicit,erase,rigid_collision,train,,metal_puck,one silver metal puck,yes,wood_blocks,three plain wooden blocks standing upright,yes,natural_implicit,"A simple realistic fixed-camera video in one continuous shot. During the first two seconds, the scene contains three plain wooden blocks standing upright; all three blocks are upright and motionless. The source object is not visible, and nothing changes. The continuous shot then shows an ordinary physical event in which one silver metal puck slides from left to right along the tabletop and strikes the nearest receiver object once. The camera, tabletop, lighting, and background remain fixed throughout.",Rigid collision,a tipped contacted object and visible displacement of nearby objects,the source object is absent and every receiver object remains upright and motionless,12000,49,8,0,16
v1,train_rigid_collision_metal_puck_bowling_pins_explicit_full,erase,rigid_collision,train,,metal_puck,one silver metal puck,yes,bowling_pins,four small white plastic bowling pins,yes,explicit_full,"A simple realistic fixed-camera video in one continuous shot. During the first two seconds, the scene contains four small white plastic bowling pins; all four pins are upright and motionless. The source object is not visible, and nothing changes. Then one silver metal puck slides from left to right along the tabletop and strikes the nearest receiver object once. Only after contact, the event produces a tipped contacted object and visible displacement of nearby objects. The camera, tabletop, lighting, and background remain fixed throughout.",Rigid collision,a tipped contacted object and visible displacement of nearby objects,the source object is absent and every receiver object remains upright and motionless,12000,49,8,0,16
v1,train_rigid_collision_metal_puck_bowling_pins_concise_full,erase,rigid_collision,train,,metal_puck,one silver metal puck,yes,bowling_pins,four small white plastic bowling pins,yes,concise_full,"A simple realistic fixed-camera video in one continuous shot. During the first two seconds, the scene contains four small white plastic bowling pins; all four pins are upright and motionless. The source object is not visible, and nothing changes. After the quiet opening, one silver metal puck slides from left to right along the tabletop and strikes the nearest receiver object once; this produces a tipped contacted object and visible displacement of nearby objects. The camera, tabletop, lighting, and background remain fixed throughout.",Rigid collision,a tipped contacted object and visible displacement of nearby objects,the source object is absent and every receiver object remains upright and motionless,12000,49,8,0,16
v1,train_rigid_collision_metal_puck_bowling_pins_contact_only,erase,rigid_collision,train,,metal_puck,one silver metal puck,yes,bowling_pins,four small white plastic bowling pins,yes,contact_only,"A simple realistic fixed-camera video in one continuous shot. During the first two seconds, the scene contains four small white plastic bowling pins; all four pins are upright and motionless. The source object is not visible, and nothing changes. After the quiet opening, one silver metal puck slides from left to right along the tabletop and strikes the nearest receiver object once. The event continues naturally after contact. The camera, tabletop, lighting, and background remain fixed throughout.",Rigid collision,a tipped contacted object and visible displacement of nearby objects,the source object is absent and every receiver object remains upright and motionless,12000,49,8,0,16
v1,train_rigid_collision_metal_puck_bowling_pins_natural_implicit,erase,rigid_collision,train,,metal_puck,one silver metal puck,yes,bowling_pins,four small white plastic bowling pins,yes,natural_implicit,"A simple realistic fixed-camera video in one continuous shot. During the first two seconds, the scene contains four small white plastic bowling pins; all four pins are upright and motionless. The source object is not visible, and nothing changes. The continuous shot then shows an ordinary physical event in which one silver metal puck slides from left to right along the tabletop and strikes the nearest receiver object once. The camera, tabletop, lighting, and background remain fixed throughout.",Rigid collision,a tipped contacted object and visible displacement of nearby objects,the source object is absent and every receiver object remains upright and motionless,12000,49,8,0,16
v1,train_rigid_collision_metal_puck_cardboard_boxes_explicit_full,erase,rigid_collision,train,,metal_puck,one silver metal puck,yes,cardboard_boxes,three small plain cardboard boxes,yes,explicit_full,"A simple realistic fixed-camera video in one continuous shot. During the first two seconds, the scene contains three small plain cardboard boxes; all three boxes are upright and motionless. The source object is not visible, and nothing changes. Then one silver metal puck slides from left to right along the tabletop and strikes the nearest receiver object once. Only after contact, the event produces a tipped contacted object and visible displacement of nearby objects. The camera, tabletop, lighting, and background remain fixed throughout.",Rigid collision,a tipped contacted object and visible displacement of nearby objects,the source object is absent and every receiver object remains upright and motionless,12000,49,8,0,16
v1,train_rigid_collision_metal_puck_cardboard_boxes_concise_full,erase,rigid_collision,train,,metal_puck,one silver metal puck,yes,cardboard_boxes,three small plain cardboard boxes,yes,concise_full,"A simple realistic fixed-camera video in one continuous shot. During the first two seconds, the scene contains three small plain cardboard boxes; all three boxes are upright and motionless. The source object is not visible, and nothing changes. After the quiet opening, one silver metal puck slides from left to right along the tabletop and strikes the nearest receiver object once; this produces a tipped contacted object and visible displacement of nearby objects. The camera, tabletop, lighting, and background remain fixed throughout.",Rigid collision,a tipped contacted object and visible displacement of nearby objects,the source object is absent and every receiver object remains upright and motionless,12000,49,8,0,16
v1,train_rigid_collision_metal_puck_cardboard_boxes_contact_only,erase,rigid_collision,train,,metal_puck,one silver metal puck,yes,cardboard_boxes,three small plain cardboard boxes,yes,contact_only,"A simple realistic fixed-camera video in one continuous shot. During the first two seconds, the scene contains three small plain cardboard boxes; all three boxes are upright and motionless. The source object is not visible, and nothing changes. After the quiet opening, one silver metal puck slides from left to right along the tabletop and strikes the nearest receiver object once. The event continues naturally after contact. The camera, tabletop, lighting, and background remain fixed throughout.",Rigid collision,a tipped contacted object and visible displacement of nearby objects,the source object is absent and every receiver object remains upright and motionless,12000,49,8,0,16
v1,train_rigid_collision_metal_puck_cardboard_boxes_natural_implicit,erase,rigid_collision,train,,metal_puck,one silver metal puck,yes,cardboard_boxes,three small plain cardboard boxes,yes,natural_implicit,"A simple realistic fixed-camera video in one continuous shot. During the first two seconds, the scene contains three small plain cardboard boxes; all three boxes are upright and motionless. The source object is not visible, and nothing changes. The continuous shot then shows an ordinary physical event in which one silver metal puck slides from left to right along the tabletop and strikes the nearest receiver object once. The camera, tabletop, lighting, and background remain fixed throughout.",Rigid collision,a tipped contacted object and visible displacement of nearby objects,the source object is absent and every receiver object remains upright and motionless,12000,49,8,0,16
v1,train_brittle_fracture_wood_mallet_glass_pane_explicit_full,erase,brittle_fracture,train,,wood_mallet,one small wooden mallet,yes,glass_pane,one thin clear glass pane held upright,yes,explicit_full,"A simple realistic fixed-camera video in one continuous shot. During the first two seconds, the scene contains one thin clear glass pane held upright; the pane is intact, clear, and motionless. The source object is not visible, and nothing changes. Then one small wooden mallet moves into frame from above and strikes one thin clear glass pane held upright once. Only after contact, the event produces spreading visible cracks and several separated glass fragments. The camera, support surface, lighting, and background remain fixed throughout.",Brittle fracture,spreading visible cracks and several separated glass fragments,"the source object is absent and the glass receiver remains intact, uncracked, and motionless",12000,49,8,0,16
v1,train_brittle_fracture_wood_mallet_glass_pane_concise_full,erase,brittle_fracture,train,,wood_mallet,one small wooden mallet,yes,glass_pane,one thin clear glass pane held upright,yes,concise_full,"A simple realistic fixed-camera video in one continuous shot. During the first two seconds, the scene contains one thin clear glass pane held upright; the pane is intact, clear, and motionless. The source object is not visible, and nothing changes. After the quiet opening, one small wooden mallet moves into frame from above and strikes one thin clear glass pane held upright once; this produces spreading visible cracks and several separated glass fragments. The camera, support surface, lighting, and background remain fixed throughout.",Brittle fracture,spreading visible cracks and several separated glass fragments,"the source object is absent and the glass receiver remains intact, uncracked, and motionless",12000,49,8,0,16
v1,train_brittle_fracture_wood_mallet_glass_pane_contact_only,erase,brittle_fracture,train,,wood_mallet,one small wooden mallet,yes,glass_pane,one thin clear glass pane held upright,yes,contact_only,"A simple realistic fixed-camera video in one continuous shot. During the first two seconds, the scene contains one thin clear glass pane held upright; the pane is intact, clear, and motionless. The source object is not visible, and nothing changes. After the quiet opening, one small wooden mallet moves into frame from above and strikes one thin clear glass pane held upright once. The event continues naturally after contact. The camera, support surface, lighting, and background remain fixed throughout.",Brittle fracture,spreading visible cracks and several separated glass fragments,"the source object is absent and the glass receiver remains intact, uncracked, and motionless",12000,49,8,0,16
v1,train_brittle_fracture_wood_mallet_glass_pane_natural_implicit,erase,brittle_fracture,train,,wood_mallet,one small wooden mallet,yes,glass_pane,one thin clear glass pane held upright,yes,natural_implicit,"A simple realistic fixed-camera video in one continuous shot. During the first two seconds, the scene contains one thin clear glass pane held upright; the pane is intact, clear, and motionless. The source object is not visible, and nothing changes. The continuous shot then shows an ordinary physical event in which one small wooden mallet moves into frame from above and strikes one thin clear glass pane held upright once. The camera, support surface, lighting, and background remain fixed throughout.",Brittle fracture,spreading visible cracks and several separated glass fragments,"the source object is absent and the glass receiver remains intact, uncracked, and motionless",12000,49,8,0,16
v1,train_brittle_fracture_wood_mallet_wine_glass_explicit_full,erase,brittle_fracture,train,,wood_mallet,one small wooden mallet,yes,wine_glass,one empty clear wine glass on a table,yes,explicit_full,"A simple realistic fixed-camera video in one continuous shot. During the first two seconds, the scene contains one empty clear wine glass on a table; the glass is intact and motionless. The source object is not visible, and nothing changes. Then one small wooden mallet moves into frame from above and strikes one empty clear wine glass on a table once. Only after contact, the event produces spreading visible cracks and several separated glass fragments. The camera, support surface, lighting, and background remain fixed throughout.",Brittle fracture,spreading visible cracks and several separated glass fragments,"the source object is absent and the glass receiver remains intact, uncracked, and motionless",12000,49,8,0,16
v1,train_brittle_fracture_wood_mallet_wine_glass_concise_full,erase,brittle_fracture,train,,wood_mallet,one small wooden mallet,yes,wine_glass,one empty clear wine glass on a table,yes,concise_full,"A simple realistic fixed-camera video in one continuous shot. During the first two seconds, the scene contains one empty clear wine glass on a table; the glass is intact and motionless. The source object is not visible, and nothing changes. After the quiet opening, one small wooden mallet moves into frame from above and strikes one empty clear wine glass on a table once; this produces spreading visible cracks and several separated glass fragments. The camera, support surface, lighting, and background remain fixed throughout.",Brittle fracture,spreading visible cracks and several separated glass fragments,"the source object is absent and the glass receiver remains intact, uncracked, and motionless",12000,49,8,0,16
v1,train_brittle_fracture_wood_mallet_wine_glass_contact_only,erase,brittle_fracture,train,,wood_mallet,one small wooden mallet,yes,wine_glass,one empty clear wine glass on a table,yes,contact_only,"A simple realistic fixed-camera video in one continuous shot. During the first two seconds, the scene contains one empty clear wine glass on a table; the glass is intact and motionless. The source object is not visible, and nothing changes. After the quiet opening, one small wooden mallet moves into frame from above and strikes one empty clear wine glass on a table once. The event continues naturally after contact. The camera, support surface, lighting, and background remain fixed throughout.",Brittle fracture,spreading visible cracks and several separated glass fragments,"the source object is absent and the glass receiver remains intact, uncracked, and motionless",12000,49,8,0,16
v1,train_brittle_fracture_wood_mallet_wine_glass_natural_implicit,erase,brittle_fracture,train,,wood_mallet,one small wooden mallet,yes,wine_glass,one empty clear wine glass on a table,yes,natural_implicit,"A simple realistic fixed-camera video in one continuous shot. During the first two seconds, the scene contains one empty clear wine glass on a table; the glass is intact and motionless. The source object is not visible, and nothing changes. The continuous shot then shows an ordinary physical event in which one small wooden mallet moves into frame from above and strikes one empty clear wine glass on a table once. The camera, support surface, lighting, and background remain fixed throughout.",Brittle fracture,spreading visible cracks and several separated glass fragments,"the source object is absent and the glass receiver remains intact, uncracked, and motionless",12000,49,8,0,16
v1,train_brittle_fracture_wood_mallet_glass_bottle_explicit_full,erase,brittle_fracture,train,,wood_mallet,one small wooden mallet,yes,glass_bottle,one empty clear glass bottle on a table,yes,explicit_full,"A simple realistic fixed-camera video in one continuous shot. During the first two seconds, the scene contains one empty clear glass bottle on a table; the bottle is intact and motionless. The source object is not visible, and nothing changes. Then one small wooden mallet moves into frame from above and strikes one empty clear glass bottle on a table once. Only after contact, the event produces spreading visible cracks and several separated glass fragments. The camera, support surface, lighting, and background remain fixed throughout.",Brittle fracture,spreading visible cracks and several separated glass fragments,"the source object is absent and the glass receiver remains intact, uncracked, and motionless",12000,49,8,0,16
v1,train_brittle_fracture_wood_mallet_glass_bottle_concise_full,erase,brittle_fracture,train,,wood_mallet,one small wooden mallet,yes,glass_bottle,one empty clear glass bottle on a table,yes,concise_full,"A simple realistic fixed-camera video in one continuous shot. During the first two seconds, the scene contains one empty clear glass bottle on a table; the bottle is intact and motionless. The source object is not visible, and nothing changes. After the quiet opening, one small wooden mallet moves into frame from above and strikes one empty clear glass bottle on a table once; this produces spreading visible cracks and several separated glass fragments. The camera, support surface, lighting, and background remain fixed throughout.",Brittle fracture,spreading visible cracks and several separated glass fragments,"the source object is absent and the glass receiver remains intact, uncracked, and motionless",12000,49,8,0,16
v1,train_brittle_fracture_wood_mallet_glass_bottle_contact_only,erase,brittle_fracture,train,,wood_mallet,one small wooden mallet,yes,glass_bottle,one empty clear glass bottle on a table,yes,contact_only,"A simple realistic fixed-camera video in one continuous shot. During the first two seconds, the scene contains one empty clear glass bottle on a table; the bottle is intact and motionless. The source object is not visible, and nothing changes. After the quiet opening, one small wooden mallet moves into frame from above and strikes one empty clear glass bottle on a table once. The event continues naturally after contact. The camera, support surface, lighting, and background remain fixed throughout.",Brittle fracture,spreading visible cracks and several separated glass fragments,"the source object is absent and the glass receiver remains intact, uncracked, and motionless",12000,49,8,0,16
v1,train_brittle_fracture_wood_mallet_glass_bottle_natural_implicit,erase,brittle_fracture,train,,wood_mallet,one small wooden mallet,yes,glass_bottle,one empty clear glass bottle on a table,yes,natural_implicit,"A simple realistic fixed-camera video in one continuous shot. During the first two seconds, the scene contains one empty clear glass bottle on a table; the bottle is intact and motionless. The source object is not visible, and nothing changes. The continuous shot then shows an ordinary physical event in which one small wooden mallet moves into frame from above and strikes one empty clear glass bottle on a table once. The camera, support surface, lighting, and background remain fixed throughout.",Brittle fracture,spreading visible cracks and several separated glass fragments,"the source object is absent and the glass receiver remains intact, uncracked, and motionless",12000,49,8,0,16
v1,train_brittle_fracture_metal_hammer_glass_pane_explicit_full,erase,brittle_fracture,train,,metal_hammer,one small metal hammer,yes,glass_pane,one thin clear glass pane held upright,yes,explicit_full,"A simple realistic fixed-camera video in one continuous shot. During the first two seconds, the scene contains one thin clear glass pane held upright; the pane is intact, clear, and motionless. The source object is not visible, and nothing changes. Then one small metal hammer moves into frame from above and strikes one thin clear glass pane held upright once. Only after contact, the event produces spreading visible cracks and several separated glass fragments. The camera, support surface, lighting, and background remain fixed throughout.",Brittle fracture,spreading visible cracks and several separated glass fragments,"the source object is absent and the glass receiver remains intact, uncracked, and motionless",12000,49,8,0,16
v1,train_brittle_fracture_metal_hammer_glass_pane_concise_full,erase,brittle_fracture,train,,metal_hammer,one small metal hammer,yes,glass_pane,one thin clear glass pane held upright,yes,concise_full,"A simple realistic fixed-camera video in one continuous shot. During the first two seconds, the scene contains one thin clear glass pane held upright; the pane is intact, clear, and motionless. The source object is not visible, and nothing changes. After the quiet opening, one small metal hammer moves into frame from above and strikes one thin clear glass pane held upright once; this produces spreading visible cracks and several separated glass fragments. The camera, support surface, lighting, and background remain fixed throughout.",Brittle fracture,spreading visible cracks and several separated glass fragments,"the source object is absent and the glass receiver remains intact, uncracked, and motionless",12000,49,8,0,16
v1,train_brittle_fracture_metal_hammer_glass_pane_contact_only,erase,brittle_fracture,train,,metal_hammer,one small metal hammer,yes,glass_pane,one thin clear glass pane held upright,yes,contact_only,"A simple realistic fixed-camera video in one continuous shot. During the first two seconds, the scene contains one thin clear glass pane held upright; the pane is intact, clear, and motionless. The source object is not visible, and nothing changes. After the quiet opening, one small metal hammer moves into frame from above and strikes one thin clear glass pane held upright once. The event continues naturally after contact. The camera, support surface, lighting, and background remain fixed throughout.",Brittle fracture,spreading visible cracks and several separated glass fragments,"the source object is absent and the glass receiver remains intact, uncracked, and motionless",12000,49,8,0,16
v1,train_brittle_fracture_metal_hammer_glass_pane_natural_implicit,erase,brittle_fracture,train,,metal_hammer,one small metal hammer,yes,glass_pane,one thin clear glass pane held upright,yes,natural_implicit,"A simple realistic fixed-camera video in one continuous shot. During the first two seconds, the scene contains one thin clear glass pane held upright; the pane is intact, clear, and motionless. The source object is not visible, and nothing changes. The continuous shot then shows an ordinary physical event in which one small metal hammer moves into frame from above and strikes one thin clear glass pane held upright once. The camera, support surface, lighting, and background remain fixed throughout.",Brittle fracture,spreading visible cracks and several separated glass fragments,"the source object is absent and the glass receiver remains intact, uncracked, and motionless",12000,49,8,0,16
v1,train_brittle_fracture_metal_hammer_wine_glass_explicit_full,erase,brittle_fracture,train,,metal_hammer,one small metal hammer,yes,wine_glass,one empty clear wine glass on a table,yes,explicit_full,"A simple realistic fixed-camera video in one continuous shot. During the first two seconds, the scene contains one empty clear wine glass on a table; the glass is intact and motionless. The source object is not visible, and nothing changes. Then one small metal hammer moves into frame from above and strikes one empty clear wine glass on a table once. Only after contact, the event produces spreading visible cracks and several separated glass fragments. The camera, support surface, lighting, and background remain fixed throughout.",Brittle fracture,spreading visible cracks and several separated glass fragments,"the source object is absent and the glass receiver remains intact, uncracked, and motionless",12000,49,8,0,16
v1,train_brittle_fracture_metal_hammer_wine_glass_concise_full,erase,brittle_fracture,train,,metal_hammer,one small metal hammer,yes,wine_glass,one empty clear wine glass on a table,yes,concise_full,"A simple realistic fixed-camera video in one continuous shot. During the first two seconds, the scene contains one empty clear wine glass on a table; the glass is intact and motionless. The source object is not visible, and nothing changes. After the quiet opening, one small metal hammer moves into frame from above and strikes one empty clear wine glass on a table once; this produces spreading visible cracks and several separated glass fragments. The camera, support surface, lighting, and background remain fixed throughout.",Brittle fracture,spreading visible cracks and several separated glass fragments,"the source object is absent and the glass receiver remains intact, uncracked, and motionless",12000,49,8,0,16
v1,train_brittle_fracture_metal_hammer_wine_glass_contact_only,erase,brittle_fracture,train,,metal_hammer,one small metal hammer,yes,wine_glass,one empty clear wine glass on a table,yes,contact_only,"A simple realistic fixed-camera video in one continuous shot. During the first two seconds, the scene contains one empty clear wine glass on a table; the glass is intact and motionless. The source object is not visible, and nothing changes. After the quiet opening, one small metal hammer moves into frame from above and strikes one empty clear wine glass on a table once. The event continues naturally after contact. The camera, support surface, lighting, and background remain fixed throughout.",Brittle fracture,spreading visible cracks and several separated glass fragments,"the source object is absent and the glass receiver remains intact, uncracked, and motionless",12000,49,8,0,16
v1,train_brittle_fracture_metal_hammer_wine_glass_natural_implicit,erase,brittle_fracture,train,,metal_hammer,one small metal hammer,yes,wine_glass,one empty clear wine glass on a table,yes,natural_implicit,"A simple realistic fixed-camera video in one continuous shot. During the first two seconds, the scene contains one empty clear wine glass on a table; the glass is intact and motionless. The source object is not visible, and nothing changes. The continuous shot then shows an ordinary physical event in which one small metal hammer moves into frame from above and strikes one empty clear wine glass on a table once. The camera, support surface, lighting, and background remain fixed throughout.",Brittle fracture,spreading visible cracks and several separated glass fragments,"the source object is absent and the glass receiver remains intact, uncracked, and motionless",12000,49,8,0,16
v1,train_brittle_fracture_metal_hammer_glass_bottle_explicit_full,erase,brittle_fracture,train,,metal_hammer,one small metal hammer,yes,glass_bottle,one empty clear glass bottle on a table,yes,explicit_full,"A simple realistic fixed-camera video in one continuous shot. During the first two seconds, the scene contains one empty clear glass bottle on a table; the bottle is intact and motionless. The source object is not visible, and nothing changes. Then one small metal hammer moves into frame from above and strikes one empty clear glass bottle on a table once. Only after contact, the event produces spreading visible cracks and several separated glass fragments. The camera, support surface, lighting, and background remain fixed throughout.",Brittle fracture,spreading visible cracks and several separated glass fragments,"the source object is absent and the glass receiver remains intact, uncracked, and motionless",12000,49,8,0,16
v1,train_brittle_fracture_metal_hammer_glass_bottle_concise_full,erase,brittle_fracture,train,,metal_hammer,one small metal hammer,yes,glass_bottle,one empty clear glass bottle on a table,yes,concise_full,"A simple realistic fixed-camera video in one continuous shot. During the first two seconds, the scene contains one empty clear glass bottle on a table; the bottle is intact and motionless. The source object is not visible, and nothing changes. After the quiet opening, one small metal hammer moves into frame from above and strikes one empty clear glass bottle on a table once; this produces spreading visible cracks and several separated glass fragments. The camera, support surface, lighting, and background remain fixed throughout.",Brittle fracture,spreading visible cracks and several separated glass fragments,"the source object is absent and the glass receiver remains intact, uncracked, and motionless",12000,49,8,0,16
v1,train_brittle_fracture_metal_hammer_glass_bottle_contact_only,erase,brittle_fracture,train,,metal_hammer,one small metal hammer,yes,glass_bottle,one empty clear glass bottle on a table,yes,contact_only,"A simple realistic fixed-camera video in one continuous shot. During the first two seconds, the scene contains one empty clear glass bottle on a table; the bottle is intact and motionless. The source object is not visible, and nothing changes. After the quiet opening, one small metal hammer moves into frame from above and strikes one empty clear glass bottle on a table once. The event continues naturally after contact. The camera, support surface, lighting, and background remain fixed throughout.",Brittle fracture,spreading visible cracks and several separated glass fragments,"the source object is absent and the glass receiver remains intact, uncracked, and motionless",12000,49,8,0,16
v1,train_brittle_fracture_metal_hammer_glass_bottle_natural_implicit,erase,brittle_fracture,train,,metal_hammer,one small metal hammer,yes,glass_bottle,one empty clear glass bottle on a table,yes,natural_implicit,"A simple realistic fixed-camera video in one continuous shot. During the first two seconds, the scene contains one empty clear glass bottle on a table; the bottle is intact and motionless. The source object is not visible, and nothing changes. The continuous shot then shows an ordinary physical event in which one small metal hammer moves into frame from above and strikes one empty clear glass bottle on a table once. The camera, support surface, lighting, and background remain fixed throughout.",Brittle fracture,spreading visible cracks and several separated glass fragments,"the source object is absent and the glass receiver remains intact, uncracked, and motionless",12000,49,8,0,16
v1,train_brittle_fracture_steel_ball_glass_pane_explicit_full,erase,brittle_fracture,train,,steel_ball,one polished steel ball,yes,glass_pane,one thin clear glass pane held upright,yes,explicit_full,"A simple realistic fixed-camera video in one continuous shot. During the first two seconds, the scene contains one thin clear glass pane held upright; the pane is intact, clear, and motionless. The source object is not visible, and nothing changes. Then one polished steel ball falls vertically from above and strikes one thin clear glass pane held upright once. Only after contact, the event produces spreading visible cracks and several separated glass fragments. The camera, support surface, lighting, and background remain fixed throughout.",Brittle fracture,spreading visible cracks and several separated glass fragments,"the source object is absent and the glass receiver remains intact, uncracked, and motionless",12000,49,8,0,16
v1,train_brittle_fracture_steel_ball_glass_pane_concise_full,erase,brittle_fracture,train,,steel_ball,one polished steel ball,yes,glass_pane,one thin clear glass pane held upright,yes,concise_full,"A simple realistic fixed-camera video in one continuous shot. During the first two seconds, the scene contains one thin clear glass pane held upright; the pane is intact, clear, and motionless. The source object is not visible, and nothing changes. After the quiet opening, one polished steel ball falls vertically from above and strikes one thin clear glass pane held upright once; this produces spreading visible cracks and several separated glass fragments. The camera, support surface, lighting, and background remain fixed throughout.",Brittle fracture,spreading visible cracks and several separated glass fragments,"the source object is absent and the glass receiver remains intact, uncracked, and motionless",12000,49,8,0,16
v1,train_brittle_fracture_steel_ball_glass_pane_contact_only,erase,brittle_fracture,train,,steel_ball,one polished steel ball,yes,glass_pane,one thin clear glass pane held upright,yes,contact_only,"A simple realistic fixed-camera video in one continuous shot. During the first two seconds, the scene contains one thin clear glass pane held upright; the pane is intact, clear, and motionless. The source object is not visible, and nothing changes. After the quiet opening, one polished steel ball falls vertically from above and strikes one thin clear glass pane held upright once. The event continues naturally after contact. The camera, support surface, lighting, and background remain fixed throughout.",Brittle fracture,spreading visible cracks and several separated glass fragments,"the source object is absent and the glass receiver remains intact, uncracked, and motionless",12000,49,8,0,16
v1,train_brittle_fracture_steel_ball_glass_pane_natural_implicit,erase,brittle_fracture,train,,steel_ball,one polished steel ball,yes,glass_pane,one thin clear glass pane held upright,yes,natural_implicit,"A simple realistic fixed-camera video in one continuous shot. During the first two seconds, the scene contains one thin clear glass pane held upright; the pane is intact, clear, and motionless. The source object is not visible, and nothing changes. The continuous shot then shows an ordinary physical event in which one polished steel ball falls vertically from above and strikes one thin clear glass pane held upright once. The camera, support surface, lighting, and background remain fixed throughout.",Brittle fracture,spreading visible cracks and several separated glass fragments,"the source object is absent and the glass receiver remains intact, uncracked, and motionless",12000,49,8,0,16
v1,train_brittle_fracture_steel_ball_wine_glass_explicit_full,erase,brittle_fracture,train,,steel_ball,one polished steel ball,yes,wine_glass,one empty clear wine glass on a table,yes,explicit_full,"A simple realistic fixed-camera video in one continuous shot. During the first two seconds, the scene contains one empty clear wine glass on a table; the glass is intact and motionless. The source object is not visible, and nothing changes. Then one polished steel ball falls vertically from above and strikes one empty clear wine glass on a table once. Only after contact, the event produces spreading visible cracks and several separated glass fragments. The camera, support surface, lighting, and background remain fixed throughout.",Brittle fracture,spreading visible cracks and several separated glass fragments,"the source object is absent and the glass receiver remains intact, uncracked, and motionless",12000,49,8,0,16
v1,train_brittle_fracture_steel_ball_wine_glass_concise_full,erase,brittle_fracture,train,,steel_ball,one polished steel ball,yes,wine_glass,one empty clear wine glass on a table,yes,concise_full,"A simple realistic fixed-camera video in one continuous shot. During the first two seconds, the scene contains one empty clear wine glass on a table; the glass is intact and motionless. The source object is not visible, and nothing changes. After the quiet opening, one polished steel ball falls vertically from above and strikes one empty clear wine glass on a table once; this produces spreading visible cracks and several separated glass fragments. The camera, support surface, lighting, and background remain fixed throughout.",Brittle fracture,spreading visible cracks and several separated glass fragments,"the source object is absent and the glass receiver remains intact, uncracked, and motionless",12000,49,8,0,16
v1,train_brittle_fracture_steel_ball_wine_glass_contact_only,erase,brittle_fracture,train,,steel_ball,one polished steel ball,yes,wine_glass,one empty clear wine glass on a table,yes,contact_only,"A simple realistic fixed-camera video in one continuous shot. During the first two seconds, the scene contains one empty clear wine glass on a table; the glass is intact and motionless. The source object is not visible, and nothing changes. After the quiet opening, one polished steel ball falls vertically from above and strikes one empty clear wine glass on a table once. The event continues naturally after contact. The camera, support surface, lighting, and background remain fixed throughout.",Brittle fracture,spreading visible cracks and several separated glass fragments,"the source object is absent and the glass receiver remains intact, uncracked, and motionless",12000,49,8,0,16
v1,train_brittle_fracture_steel_ball_wine_glass_natural_implicit,erase,brittle_fracture,train,,steel_ball,one polished steel ball,yes,wine_glass,one empty clear wine glass on a table,yes,natural_implicit,"A simple realistic fixed-camera video in one continuous shot. During the first two seconds, the scene contains one empty clear wine glass on a table; the glass is intact and motionless. The source object is not visible, and nothing changes. The continuous shot then shows an ordinary physical event in which one polished steel ball falls vertically from above and strikes one empty clear wine glass on a table once. The camera, support surface, lighting, and background remain fixed throughout.",Brittle fracture,spreading visible cracks and several separated glass fragments,"the source object is absent and the glass receiver remains intact, uncracked, and motionless",12000,49,8,0,16
v1,train_brittle_fracture_steel_ball_glass_bottle_explicit_full,erase,brittle_fracture,train,,steel_ball,one polished steel ball,yes,glass_bottle,one empty clear glass bottle on a table,yes,explicit_full,"A simple realistic fixed-camera video in one continuous shot. During the first two seconds, the scene contains one empty clear glass bottle on a table; the bottle is intact and motionless. The source object is not visible, and nothing changes. Then one polished steel ball falls vertically from above and strikes one empty clear glass bottle on a table once. Only after contact, the event produces spreading visible cracks and several separated glass fragments. The camera, support surface, lighting, and background remain fixed throughout.",Brittle fracture,spreading visible cracks and several separated glass fragments,"the source object is absent and the glass receiver remains intact, uncracked, and motionless",12000,49,8,0,16
v1,train_brittle_fracture_steel_ball_glass_bottle_concise_full,erase,brittle_fracture,train,,steel_ball,one polished steel ball,yes,glass_bottle,one empty clear glass bottle on a table,yes,concise_full,"A simple realistic fixed-camera video in one continuous shot. During the first two seconds, the scene contains one empty clear glass bottle on a table; the bottle is intact and motionless. The source object is not visible, and nothing changes. After the quiet opening, one polished steel ball falls vertically from above and strikes one empty clear glass bottle on a table once; this produces spreading visible cracks and several separated glass fragments. The camera, support surface, lighting, and background remain fixed throughout.",Brittle fracture,spreading visible cracks and several separated glass fragments,"the source object is absent and the glass receiver remains intact, uncracked, and motionless",12000,49,8,0,16
v1,train_brittle_fracture_steel_ball_glass_bottle_contact_only,erase,brittle_fracture,train,,steel_ball,one polished steel ball,yes,glass_bottle,one empty clear glass bottle on a table,yes,contact_only,"A simple realistic fixed-camera video in one continuous shot. During the first two seconds, the scene contains one empty clear glass bottle on a table; the bottle is intact and motionless. The source object is not visible, and nothing changes. After the quiet opening, one polished steel ball falls vertically from above and strikes one empty clear glass bottle on a table once. The event continues naturally after contact. The camera, support surface, lighting, and background remain fixed throughout.",Brittle fracture,spreading visible cracks and several separated glass fragments,"the source object is absent and the glass receiver remains intact, uncracked, and motionless",12000,49,8,0,16
v1,train_brittle_fracture_steel_ball_glass_bottle_natural_implicit,erase,brittle_fracture,train,,steel_ball,one polished steel ball,yes,glass_bottle,one empty clear glass bottle on a table,yes,natural_implicit,"A simple realistic fixed-camera video in one continuous shot. During the first two seconds, the scene contains one empty clear glass bottle on a table; the bottle is intact and motionless. The source object is not visible, and nothing changes. The continuous shot then shows an ordinary physical event in which one polished steel ball falls vertically from above and strikes one empty clear glass bottle on a table once. The camera, support surface, lighting, and background remain fixed throughout.",Brittle fracture,spreading visible cracks and several separated glass fragments,"the source object is absent and the glass receiver remains intact, uncracked, and motionless",12000,49,8,0,16
v1,train_powder_impact_red_apple_flour_explicit_full,erase,powder_impact,train,,red_apple,one small red apple,yes,flour,a shallow dark tray filled with white flour,yes,explicit_full,"A simple realistic fixed-camera video in one continuous shot. During the first two seconds, the scene contains a shallow dark tray filled with white flour; the powder surface is flat, smooth, and motionless. The source object is not visible, and nothing changes. Then one small red apple falls vertically from above and impacts the center of the material. Only after contact, the event produces a short powder plume and a visible impact crater. The camera, tray, lighting, and background remain fixed throughout.",Powder impact,a short powder plume and a visible impact crater,"the source object is absent and the powder surface remains flat, smooth, and undisturbed",12000,49,8,0,16
v1,train_powder_impact_red_apple_flour_concise_full,erase,powder_impact,train,,red_apple,one small red apple,yes,flour,a shallow dark tray filled with white flour,yes,concise_full,"A simple realistic fixed-camera video in one continuous shot. During the first two seconds, the scene contains a shallow dark tray filled with white flour; the powder surface is flat, smooth, and motionless. The source object is not visible, and nothing changes. After the quiet opening, one small red apple falls vertically from above and impacts the center of the material; this produces a short powder plume and a visible impact crater. The camera, tray, lighting, and background remain fixed throughout.",Powder impact,a short powder plume and a visible impact crater,"the source object is absent and the powder surface remains flat, smooth, and undisturbed",12000,49,8,0,16
v1,train_powder_impact_red_apple_flour_contact_only,erase,powder_impact,train,,red_apple,one small red apple,yes,flour,a shallow dark tray filled with white flour,yes,contact_only,"A simple realistic fixed-camera video in one continuous shot. During the first two seconds, the scene contains a shallow dark tray filled with white flour; the powder surface is flat, smooth, and motionless. The source object is not visible, and nothing changes. After the quiet opening, one small red apple falls vertically from above and impacts the center of the material. The event continues naturally after contact. The camera, tray, lighting, and background remain fixed throughout.",Powder impact,a short powder plume and a visible impact crater,"the source object is absent and the powder surface remains flat, smooth, and undisturbed",12000,49,8,0,16
v1,train_powder_impact_red_apple_flour_natural_implicit,erase,powder_impact,train,,red_apple,one small red apple,yes,flour,a shallow dark tray filled with white flour,yes,natural_implicit,"A simple realistic fixed-camera video in one continuous shot. During the first two seconds, the scene contains a shallow dark tray filled with white flour; the powder surface is flat, smooth, and motionless. The source object is not visible, and nothing changes. The continuous shot then shows an ordinary physical event in which one small red apple falls vertically from above and impacts the center of the material. The camera, tray, lighting, and background remain fixed throughout.",Powder impact,a short powder plume and a visible impact crater,"the source object is absent and the powder surface remains flat, smooth, and undisturbed",12000,49,8,0,16
v1,train_powder_impact_red_apple_cornstarch_explicit_full,erase,powder_impact,train,,red_apple,one small red apple,yes,cornstarch,a shallow dark tray filled with white cornstarch,yes,explicit_full,"A simple realistic fixed-camera video in one continuous shot. During the first two seconds, the scene contains a shallow dark tray filled with white cornstarch; the powder surface is flat, smooth, and motionless. The source object is not visible, and nothing changes. Then one small red apple falls vertically from above and impacts the center of the material. Only after contact, the event produces a short powder plume and a visible impact crater. The camera, tray, lighting, and background remain fixed throughout.",Powder impact,a short powder plume and a visible impact crater,"the source object is absent and the powder surface remains flat, smooth, and undisturbed",12000,49,8,0,16
v1,train_powder_impact_red_apple_cornstarch_concise_full,erase,powder_impact,train,,red_apple,one small red apple,yes,cornstarch,a shallow dark tray filled with white cornstarch,yes,concise_full,"A simple realistic fixed-camera video in one continuous shot. During the first two seconds, the scene contains a shallow dark tray filled with white cornstarch; the powder surface is flat, smooth, and motionless. The source object is not visible, and nothing changes. After the quiet opening, one small red apple falls vertically from above and impacts the center of the material; this produces a short powder plume and a visible impact crater. The camera, tray, lighting, and background remain fixed throughout.",Powder impact,a short powder plume and a visible impact crater,"the source object is absent and the powder surface remains flat, smooth, and undisturbed",12000,49,8,0,16
v1,train_powder_impact_red_apple_cornstarch_contact_only,erase,powder_impact,train,,red_apple,one small red apple,yes,cornstarch,a shallow dark tray filled with white cornstarch,yes,contact_only,"A simple realistic fixed-camera video in one continuous shot. During the first two seconds, the scene contains a shallow dark tray filled with white cornstarch; the powder surface is flat, smooth, and motionless. The source object is not visible, and nothing changes. After the quiet opening, one small red apple falls vertically from above and impacts the center of the material. The event continues naturally after contact. The camera, tray, lighting, and background remain fixed throughout.",Powder impact,a short powder plume and a visible impact crater,"the source object is absent and the powder surface remains flat, smooth, and undisturbed",12000,49,8,0,16
v1,train_powder_impact_red_apple_cornstarch_natural_implicit,erase,powder_impact,train,,red_apple,one small red apple,yes,cornstarch,a shallow dark tray filled with white cornstarch,yes,natural_implicit,"A simple realistic fixed-camera video in one continuous shot. During the first two seconds, the scene contains a shallow dark tray filled with white cornstarch; the powder surface is flat, smooth, and motionless. The source object is not visible, and nothing changes. The continuous shot then shows an ordinary physical event in which one small red apple falls vertically from above and impacts the center of the material. The camera, tray, lighting, and background remain fixed throughout.",Powder impact,a short powder plume and a visible impact crater,"the source object is absent and the powder surface remains flat, smooth, and undisturbed",12000,49,8,0,16
v1,train_powder_impact_red_apple_fine_sand_explicit_full,erase,powder_impact,train,,red_apple,one small red apple,yes,fine_sand,a shallow dark tray filled with fine dry sand,yes,explicit_full,"A simple realistic fixed-camera video in one continuous shot. During the first two seconds, the scene contains a shallow dark tray filled with fine dry sand; the granular surface is flat, smooth, and motionless. The source object is not visible, and nothing changes. Then one small red apple falls vertically from above and impacts the center of the material. Only after contact, the event produces a short powder plume and a visible impact crater. The camera, tray, lighting, and background remain fixed throughout.",Powder impact,a short powder plume and a visible impact crater,"the source object is absent and the powder surface remains flat, smooth, and undisturbed",12000,49,8,0,16
v1,train_powder_impact_red_apple_fine_sand_concise_full,erase,powder_impact,train,,red_apple,one small red apple,yes,fine_sand,a shallow dark tray filled with fine dry sand,yes,concise_full,"A simple realistic fixed-camera video in one continuous shot. During the first two seconds, the scene contains a shallow dark tray filled with fine dry sand; the granular surface is flat, smooth, and motionless. The source object is not visible, and nothing changes. After the quiet opening, one small red apple falls vertically from above and impacts the center of the material; this produces a short powder plume and a visible impact crater. The camera, tray, lighting, and background remain fixed throughout.",Powder impact,a short powder plume and a visible impact crater,"the source object is absent and the powder surface remains flat, smooth, and undisturbed",12000,49,8,0,16
v1,train_powder_impact_red_apple_fine_sand_contact_only,erase,powder_impact,train,,red_apple,one small red apple,yes,fine_sand,a shallow dark tray filled with fine dry sand,yes,contact_only,"A simple realistic fixed-camera video in one continuous shot. During the first two seconds, the scene contains a shallow dark tray filled with fine dry sand; the granular surface is flat, smooth, and motionless. The source object is not visible, and nothing changes. After the quiet opening, one small red apple falls vertically from above and impacts the center of the material. The event continues naturally after contact. The camera, tray, lighting, and background remain fixed throughout.",Powder impact,a short powder plume and a visible impact crater,"the source object is absent and the powder surface remains flat, smooth, and undisturbed",12000,49,8,0,16
v1,train_powder_impact_red_apple_fine_sand_natural_implicit,erase,powder_impact,train,,red_apple,one small red apple,yes,fine_sand,a shallow dark tray filled with fine dry sand,yes,natural_implicit,"A simple realistic fixed-camera video in one continuous shot. During the first two seconds, the scene contains a shallow dark tray filled with fine dry sand; the granular surface is flat, smooth, and motionless. The source object is not visible, and nothing changes. The continuous shot then shows an ordinary physical event in which one small red apple falls vertically from above and impacts the center of the material. The camera, tray, lighting, and background remain fixed throughout.",Powder impact,a short powder plume and a visible impact crater,"the source object is absent and the powder surface remains flat, smooth, and undisturbed",12000,49,8,0,16
v1,train_powder_impact_wood_cube_flour_explicit_full,erase,powder_impact,train,,wood_cube,one small wooden cube,yes,flour,a shallow dark tray filled with white flour,yes,explicit_full,"A simple realistic fixed-camera video in one continuous shot. During the first two seconds, the scene contains a shallow dark tray filled with white flour; the powder surface is flat, smooth, and motionless. The source object is not visible, and nothing changes. Then one small wooden cube falls vertically from above and impacts the center of the material. Only after contact, the event produces a short powder plume and a visible impact crater. The camera, tray, lighting, and background remain fixed throughout.",Powder impact,a short powder plume and a visible impact crater,"the source object is absent and the powder surface remains flat, smooth, and undisturbed",12000,49,8,0,16
v1,train_powder_impact_wood_cube_flour_concise_full,erase,powder_impact,train,,wood_cube,one small wooden cube,yes,flour,a shallow dark tray filled with white flour,yes,concise_full,"A simple realistic fixed-camera video in one continuous shot. During the first two seconds, the scene contains a shallow dark tray filled with white flour; the powder surface is flat, smooth, and motionless. The source object is not visible, and nothing changes. After the quiet opening, one small wooden cube falls vertically from above and impacts the center of the material; this produces a short powder plume and a visible impact crater. The camera, tray, lighting, and background remain fixed throughout.",Powder impact,a short powder plume and a visible impact crater,"the source object is absent and the powder surface remains flat, smooth, and undisturbed",12000,49,8,0,16
v1,train_powder_impact_wood_cube_flour_contact_only,erase,powder_impact,train,,wood_cube,one small wooden cube,yes,flour,a shallow dark tray filled with white flour,yes,contact_only,"A simple realistic fixed-camera video in one continuous shot. During the first two seconds, the scene contains a shallow dark tray filled with white flour; the powder surface is flat, smooth, and motionless. The source object is not visible, and nothing changes. After the quiet opening, one small wooden cube falls vertically from above and impacts the center of the material. The event continues naturally after contact. The camera, tray, lighting, and background remain fixed throughout.",Powder impact,a short powder plume and a visible impact crater,"the source object is absent and the powder surface remains flat, smooth, and undisturbed",12000,49,8,0,16
v1,train_powder_impact_wood_cube_flour_natural_implicit,erase,powder_impact,train,,wood_cube,one small wooden cube,yes,flour,a shallow dark tray filled with white flour,yes,natural_implicit,"A simple realistic fixed-camera video in one continuous shot. During the first two seconds, the scene contains a shallow dark tray filled with white flour; the powder surface is flat, smooth, and motionless. The source object is not visible, and nothing changes. The continuous shot then shows an ordinary physical event in which one small wooden cube falls vertically from above and impacts the center of the material. The camera, tray, lighting, and background remain fixed throughout.",Powder impact,a short powder plume and a visible impact crater,"the source object is absent and the powder surface remains flat, smooth, and undisturbed",12000,49,8,0,16
v1,train_powder_impact_wood_cube_cornstarch_explicit_full,erase,powder_impact,train,,wood_cube,one small wooden cube,yes,cornstarch,a shallow dark tray filled with white cornstarch,yes,explicit_full,"A simple realistic fixed-camera video in one continuous shot. During the first two seconds, the scene contains a shallow dark tray filled with white cornstarch; the powder surface is flat, smooth, and motionless. The source object is not visible, and nothing changes. Then one small wooden cube falls vertically from above and impacts the center of the material. Only after contact, the event produces a short powder plume and a visible impact crater. The camera, tray, lighting, and background remain fixed throughout.",Powder impact,a short powder plume and a visible impact crater,"the source object is absent and the powder surface remains flat, smooth, and undisturbed",12000,49,8,0,16
v1,train_powder_impact_wood_cube_cornstarch_concise_full,erase,powder_impact,train,,wood_cube,one small wooden cube,yes,cornstarch,a shallow dark tray filled with white cornstarch,yes,concise_full,"A simple realistic fixed-camera video in one continuous shot. During the first two seconds, the scene contains a shallow dark tray filled with white cornstarch; the powder surface is flat, smooth, and motionless. The source object is not visible, and nothing changes. After the quiet opening, one small wooden cube falls vertically from above and impacts the center of the material; this produces a short powder plume and a visible impact crater. The camera, tray, lighting, and background remain fixed throughout.",Powder impact,a short powder plume and a visible impact crater,"the source object is absent and the powder surface remains flat, smooth, and undisturbed",12000,49,8,0,16
v1,train_powder_impact_wood_cube_cornstarch_contact_only,erase,powder_impact,train,,wood_cube,one small wooden cube,yes,cornstarch,a shallow dark tray filled with white cornstarch,yes,contact_only,"A simple realistic fixed-camera video in one continuous shot. During the first two seconds, the scene contains a shallow dark tray filled with white cornstarch; the powder surface is flat, smooth, and motionless. The source object is not visible, and nothing changes. After the quiet opening, one small wooden cube falls vertically from above and impacts the center of the material. The event continues naturally after contact. The camera, tray, lighting, and background remain fixed throughout.",Powder impact,a short powder plume and a visible impact crater,"the source object is absent and the powder surface remains flat, smooth, and undisturbed",12000,49,8,0,16
v1,train_powder_impact_wood_cube_cornstarch_natural_implicit,erase,powder_impact,train,,wood_cube,one small wooden cube,yes,cornstarch,a shallow dark tray filled with white cornstarch,yes,natural_implicit,"A simple realistic fixed-camera video in one continuous shot. During the first two seconds, the scene contains a shallow dark tray filled with white cornstarch; the powder surface is flat, smooth, and motionless. The source object is not visible, and nothing changes. The continuous shot then shows an ordinary physical event in which one small wooden cube falls vertically from above and impacts the center of the material. The camera, tray, lighting, and background remain fixed throughout.",Powder impact,a short powder plume and a visible impact crater,"the source object is absent and the powder surface remains flat, smooth, and undisturbed",12000,49,8,0,16
v1,train_powder_impact_wood_cube_fine_sand_explicit_full,erase,powder_impact,train,,wood_cube,one small wooden cube,yes,fine_sand,a shallow dark tray filled with fine dry sand,yes,explicit_full,"A simple realistic fixed-camera video in one continuous shot. During the first two seconds, the scene contains a shallow dark tray filled with fine dry sand; the granular surface is flat, smooth, and motionless. The source object is not visible, and nothing changes. Then one small wooden cube falls vertically from above and impacts the center of the material. Only after contact, the event produces a short powder plume and a visible impact crater. The camera, tray, lighting, and background remain fixed throughout.",Powder impact,a short powder plume and a visible impact crater,"the source object is absent and the powder surface remains flat, smooth, and undisturbed",12000,49,8,0,16
v1,train_powder_impact_wood_cube_fine_sand_concise_full,erase,powder_impact,train,,wood_cube,one small wooden cube,yes,fine_sand,a shallow dark tray filled with fine dry sand,yes,concise_full,"A simple realistic fixed-camera video in one continuous shot. During the first two seconds, the scene contains a shallow dark tray filled with fine dry sand; the granular surface is flat, smooth, and motionless. The source object is not visible, and nothing changes. After the quiet opening, one small wooden cube falls vertically from above and impacts the center of the material; this produces a short powder plume and a visible impact crater. The camera, tray, lighting, and background remain fixed throughout.",Powder impact,a short powder plume and a visible impact crater,"the source object is absent and the powder surface remains flat, smooth, and undisturbed",12000,49,8,0,16
v1,train_powder_impact_wood_cube_fine_sand_contact_only,erase,powder_impact,train,,wood_cube,one small wooden cube,yes,fine_sand,a shallow dark tray filled with fine dry sand,yes,contact_only,"A simple realistic fixed-camera video in one continuous shot. During the first two seconds, the scene contains a shallow dark tray filled with fine dry sand; the granular surface is flat, smooth, and motionless. The source object is not visible, and nothing changes. After the quiet opening, one small wooden cube falls vertically from above and impacts the center of the material. The event continues naturally after contact. The camera, tray, lighting, and background remain fixed throughout.",Powder impact,a short powder plume and a visible impact crater,"the source object is absent and the powder surface remains flat, smooth, and undisturbed",12000,49,8,0,16
v1,train_powder_impact_wood_cube_fine_sand_natural_implicit,erase,powder_impact,train,,wood_cube,one small wooden cube,yes,fine_sand,a shallow dark tray filled with fine dry sand,yes,natural_implicit,"A simple realistic fixed-camera video in one continuous shot. During the first two seconds, the scene contains a shallow dark tray filled with fine dry sand; the granular surface is flat, smooth, and motionless. The source object is not visible, and nothing changes. The continuous shot then shows an ordinary physical event in which one small wooden cube falls vertically from above and impacts the center of the material. The camera, tray, lighting, and background remain fixed throughout.",Powder impact,a short powder plume and a visible impact crater,"the source object is absent and the powder surface remains flat, smooth, and undisturbed",12000,49,8,0,16
v1,train_powder_impact_steel_ball_flour_explicit_full,erase,powder_impact,train,,steel_ball,one polished steel ball,yes,flour,a shallow dark tray filled with white flour,yes,explicit_full,"A simple realistic fixed-camera video in one continuous shot. During the first two seconds, the scene contains a shallow dark tray filled with white flour; the powder surface is flat, smooth, and motionless. The source object is not visible, and nothing changes. Then one polished steel ball falls vertically from above and impacts the center of the material. Only after contact, the event produces a short powder plume and a visible impact crater. The camera, tray, lighting, and background remain fixed throughout.",Powder impact,a short powder plume and a visible impact crater,"the source object is absent and the powder surface remains flat, smooth, and undisturbed",12000,49,8,0,16
v1,train_powder_impact_steel_ball_flour_concise_full,erase,powder_impact,train,,steel_ball,one polished steel ball,yes,flour,a shallow dark tray filled with white flour,yes,concise_full,"A simple realistic fixed-camera video in one continuous shot. During the first two seconds, the scene contains a shallow dark tray filled with white flour; the powder surface is flat, smooth, and motionless. The source object is not visible, and nothing changes. After the quiet opening, one polished steel ball falls vertically from above and impacts the center of the material; this produces a short powder plume and a visible impact crater. The camera, tray, lighting, and background remain fixed throughout.",Powder impact,a short powder plume and a visible impact crater,"the source object is absent and the powder surface remains flat, smooth, and undisturbed",12000,49,8,0,16
v1,train_powder_impact_steel_ball_flour_contact_only,erase,powder_impact,train,,steel_ball,one polished steel ball,yes,flour,a shallow dark tray filled with white flour,yes,contact_only,"A simple realistic fixed-camera video in one continuous shot. During the first two seconds, the scene contains a shallow dark tray filled with white flour; the powder surface is flat, smooth, and motionless. The source object is not visible, and nothing changes. After the quiet opening, one polished steel ball falls vertically from above and impacts the center of the material. The event continues naturally after contact. The camera, tray, lighting, and background remain fixed throughout.",Powder impact,a short powder plume and a visible impact crater,"the source object is absent and the powder surface remains flat, smooth, and undisturbed",12000,49,8,0,16
v1,train_powder_impact_steel_ball_flour_natural_implicit,erase,powder_impact,train,,steel_ball,one polished steel ball,yes,flour,a shallow dark tray filled with white flour,yes,natural_implicit,"A simple realistic fixed-camera video in one continuous shot. During the first two seconds, the scene contains a shallow dark tray filled with white flour; the powder surface is flat, smooth, and motionless. The source object is not visible, and nothing changes. The continuous shot then shows an ordinary physical event in which one polished steel ball falls vertically from above and impacts the center of the material. The camera, tray, lighting, and background remain fixed throughout.",Powder impact,a short powder plume and a visible impact crater,"the source object is absent and the powder surface remains flat, smooth, and undisturbed",12000,49,8,0,16
v1,train_powder_impact_steel_ball_cornstarch_explicit_full,erase,powder_impact,train,,steel_ball,one polished steel ball,yes,cornstarch,a shallow dark tray filled with white cornstarch,yes,explicit_full,"A simple realistic fixed-camera video in one continuous shot. During the first two seconds, the scene contains a shallow dark tray filled with white cornstarch; the powder surface is flat, smooth, and motionless. The source object is not visible, and nothing changes. Then one polished steel ball falls vertically from above and impacts the center of the material. Only after contact, the event produces a short powder plume and a visible impact crater. The camera, tray, lighting, and background remain fixed throughout.",Powder impact,a short powder plume and a visible impact crater,"the source object is absent and the powder surface remains flat, smooth, and undisturbed",12000,49,8,0,16
v1,train_powder_impact_steel_ball_cornstarch_concise_full,erase,powder_impact,train,,steel_ball,one polished steel ball,yes,cornstarch,a shallow dark tray filled with white cornstarch,yes,concise_full,"A simple realistic fixed-camera video in one continuous shot. During the first two seconds, the scene contains a shallow dark tray filled with white cornstarch; the powder surface is flat, smooth, and motionless. The source object is not visible, and nothing changes. After the quiet opening, one polished steel ball falls vertically from above and impacts the center of the material; this produces a short powder plume and a visible impact crater. The camera, tray, lighting, and background remain fixed throughout.",Powder impact,a short powder plume and a visible impact crater,"the source object is absent and the powder surface remains flat, smooth, and undisturbed",12000,49,8,0,16
v1,train_powder_impact_steel_ball_cornstarch_contact_only,erase,powder_impact,train,,steel_ball,one polished steel ball,yes,cornstarch,a shallow dark tray filled with white cornstarch,yes,contact_only,"A simple realistic fixed-camera video in one continuous shot. During the first two seconds, the scene contains a shallow dark tray filled with white cornstarch; the powder surface is flat, smooth, and motionless. The source object is not visible, and nothing changes. After the quiet opening, one polished steel ball falls vertically from above and impacts the center of the material. The event continues naturally after contact. The camera, tray, lighting, and background remain fixed throughout.",Powder impact,a short powder plume and a visible impact crater,"the source object is absent and the powder surface remains flat, smooth, and undisturbed",12000,49,8,0,16
v1,train_powder_impact_steel_ball_cornstarch_natural_implicit,erase,powder_impact,train,,steel_ball,one polished steel ball,yes,cornstarch,a shallow dark tray filled with white cornstarch,yes,natural_implicit,"A simple realistic fixed-camera video in one continuous shot. During the first two seconds, the scene contains a shallow dark tray filled with white cornstarch; the powder surface is flat, smooth, and motionless. The source object is not visible, and nothing changes. The continuous shot then shows an ordinary physical event in which one polished steel ball falls vertically from above and impacts the center of the material. The camera, tray, lighting, and background remain fixed throughout.",Powder impact,a short powder plume and a visible impact crater,"the source object is absent and the powder surface remains flat, smooth, and undisturbed",12000,49,8,0,16
v1,train_powder_impact_steel_ball_fine_sand_explicit_full,erase,powder_impact,train,,steel_ball,one polished steel ball,yes,fine_sand,a shallow dark tray filled with fine dry sand,yes,explicit_full,"A simple realistic fixed-camera video in one continuous shot. During the first two seconds, the scene contains a shallow dark tray filled with fine dry sand; the granular surface is flat, smooth, and motionless. The source object is not visible, and nothing changes. Then one polished steel ball falls vertically from above and impacts the center of the material. Only after contact, the event produces a short powder plume and a visible impact crater. The camera, tray, lighting, and background remain fixed throughout.",Powder impact,a short powder plume and a visible impact crater,"the source object is absent and the powder surface remains flat, smooth, and undisturbed",12000,49,8,0,16
v1,train_powder_impact_steel_ball_fine_sand_concise_full,erase,powder_impact,train,,steel_ball,one polished steel ball,yes,fine_sand,a shallow dark tray filled with fine dry sand,yes,concise_full,"A simple realistic fixed-camera video in one continuous shot. During the first two seconds, the scene contains a shallow dark tray filled with fine dry sand; the granular surface is flat, smooth, and motionless. The source object is not visible, and nothing changes. After the quiet opening, one polished steel ball falls vertically from above and impacts the center of the material; this produces a short powder plume and a visible impact crater. The camera, tray, lighting, and background remain fixed throughout.",Powder impact,a short powder plume and a visible impact crater,"the source object is absent and the powder surface remains flat, smooth, and undisturbed",12000,49,8,0,16
v1,train_powder_impact_steel_ball_fine_sand_contact_only,erase,powder_impact,train,,steel_ball,one polished steel ball,yes,fine_sand,a shallow dark tray filled with fine dry sand,yes,contact_only,"A simple realistic fixed-camera video in one continuous shot. During the first two seconds, the scene contains a shallow dark tray filled with fine dry sand; the granular surface is flat, smooth, and motionless. The source object is not visible, and nothing changes. After the quiet opening, one polished steel ball falls vertically from above and impacts the center of the material. The event continues naturally after contact. The camera, tray, lighting, and background remain fixed throughout.",Powder impact,a short powder plume and a visible impact crater,"the source object is absent and the powder surface remains flat, smooth, and undisturbed",12000,49,8,0,16
v1,train_powder_impact_steel_ball_fine_sand_natural_implicit,erase,powder_impact,train,,steel_ball,one polished steel ball,yes,fine_sand,a shallow dark tray filled with fine dry sand,yes,natural_implicit,"A simple realistic fixed-camera video in one continuous shot. During the first two seconds, the scene contains a shallow dark tray filled with fine dry sand; the granular surface is flat, smooth, and motionless. The source object is not visible, and nothing changes. The continuous shot then shows an ordinary physical event in which one polished steel ball falls vertically from above and impacts the center of the material. The camera, tray, lighting, and background remain fixed throughout.",Powder impact,a short powder plume and a visible impact crater,"the source object is absent and the powder surface remains flat, smooth, and undisturbed",12000,49,8,0,16
