protocol_version,case_id,global_case_index,mechanism_index,historical_capability_index,mechanism,mechanism_name,case_kind,generalization_group,source_membership,prompt_style,footprint_lexicalization,specificity_subtype,semantic_replicate,source_id,source_object,receiver_id,receiver,prompt,expected_trigger,expected_footprint,expected_counterfactual_state,protected_object,acceptable_alternative_cause,m6_pair_id,seed,seed_nonce,num_frames,fps,height,width
causal_role_erasure_7m_single_seed_v2,eval7m_m00_c00,0,0,0,water_impact,Water impact,causal,holdout_source_fresh_receiver,eval_holdout,direct,explicit,,0,water_impact_shared_holdout_00_orb,one palm-sized dense solid steel orb,water_impact_fresh_receiver_00,a white basin filled with clear water,"Locked-camera close-up: a white basin filled with clear water is visible; the water surface is smooth, level, and calm. One palm-sized dense solid steel orb descends into the center of a white basin filled with clear water and visibly enters the water. Afterward, a brief splash appears and circular ripples expand across the water; the source remains visible in or beside the receiver.",visible entry of the source through the water surface,a brief splash and expanding circular ripples,"the water remains smooth, level, and undisturbed",,,m6_water_impact_eval_holdout_direct,2115881898,0,49,8,480,832
causal_role_erasure_7m_single_seed_v2,eval7m_m00_c01,1,0,0,water_impact,Water impact,causal,holdout_source_fresh_receiver,eval_holdout,direct,explicit,,1,water_impact_shared_holdout_01_sphere,one palm-sized dense solid brass sphere,water_impact_fresh_receiver_01,a white bowl filled with clear water,"Locked-camera close-up: a white bowl filled with clear water is visible; the water surface is smooth, level, and calm. One palm-sized dense solid brass sphere descends into the center of a white bowl filled with clear water and visibly enters the water. Afterward, a brief splash appears and circular ripples expand across the water; the source remains visible in or beside the receiver.",visible entry of the source through the water surface,a brief splash and expanding circular ripples,"the water remains smooth, level, and undisturbed",,,,90235138,0,49,8,480,832
causal_role_erasure_7m_single_seed_v2,eval7m_m00_c02,2,0,0,water_impact,Water impact,causal,holdout_source_fresh_receiver,eval_holdout,direct,implicit,,0,water_impact_shared_holdout_02_capsule,one palm-sized dense solid iron capsule,water_impact_fresh_receiver_02,a white trough filled with clear water,"Locked-camera close-up: a white trough filled with clear water is visible; the water surface is smooth, level, and calm. One palm-sized dense solid iron capsule descends into the center of a white trough filled with clear water and visibly enters the water. The source stays in frame after the registered interaction.",visible entry of the source through the water surface,a brief splash and expanding circular ripples,"the water remains smooth, level, and undisturbed",,,,153088230,0,49,8,480,832
causal_role_erasure_7m_single_seed_v2,eval7m_m00_c03,3,0,0,water_impact,Water impact,causal,holdout_source_fresh_receiver,eval_holdout,direct,implicit,,1,water_impact_shared_holdout_03_prism,one palm-sized dense solid bronze prism,water_impact_fresh_receiver_03,a white tank filled with clear water,"Locked-camera close-up: a white tank filled with clear water is visible; the water surface is smooth, level, and calm. One palm-sized dense solid bronze prism descends into the center of a white tank filled with clear water and visibly enters the water. The source stays in frame after the registered interaction.",visible entry of the source through the water surface,a brief splash and expanding circular ripples,"the water remains smooth, level, and undisturbed",,,,1630480738,0,49,8,480,832
causal_role_erasure_7m_single_seed_v2,eval7m_m00_c04,4,0,0,water_impact,Water impact,causal,holdout_source_fresh_receiver,eval_holdout,natural,explicit,,0,water_impact_shared_holdout_04_tetrahedron,one palm-sized dense solid titanium tetrahedron,water_impact_fresh_receiver_04,a white dish filled with clear water,"Locked-camera close-up: a white dish filled with clear water is visible; the water surface is smooth, level, and calm. In one natural motion, one palm-sized dense solid titanium tetrahedron drops into the center of a white dish filled with clear water and reaches the water surface. Afterward, a brief splash appears and circular ripples expand across the water; the source remains visible in or beside the receiver.",visible entry of the source through the water surface,a brief splash and expanding circular ripples,"the water remains smooth, level, and undisturbed",,,m6_water_impact_eval_holdout_natural,2084510321,0,49,8,480,832
causal_role_erasure_7m_single_seed_v2,eval7m_m00_c05,5,0,0,water_impact,Water impact,causal,holdout_source_fresh_receiver,eval_holdout,natural,explicit,,1,water_impact_shared_holdout_05_octahedron,one palm-sized dense solid ceramic octahedron,water_impact_fresh_receiver_05,a white vat filled with clear water,"Locked-camera close-up: a white vat filled with clear water is visible; the water surface is smooth, level, and calm. In one natural motion, one palm-sized dense solid ceramic octahedron drops into the center of a white vat filled with clear water and reaches the water surface. Afterward, a brief splash appears and circular ripples expand across the water; the source remains visible in or beside the receiver.",visible entry of the source through the water surface,a brief splash and expanding circular ripples,"the water remains smooth, level, and undisturbed",,,,108259693,0,49,8,480,832
causal_role_erasure_7m_single_seed_v2,eval7m_m00_c06,6,0,0,water_impact,Water impact,causal,holdout_source_fresh_receiver,eval_holdout,natural,implicit,,0,water_impact_shared_holdout_06_dodecahedron,one palm-sized dense solid stone dodecahedron,water_impact_fresh_receiver_06,a white fountain bowl filled with clear water,"Locked-camera close-up: a white fountain bowl filled with clear water is visible; the water surface is smooth, level, and calm. In one natural motion, one palm-sized dense solid stone dodecahedron drops into the center of a white fountain bowl filled with clear water and reaches the water surface. The source stays in frame after the registered interaction.",visible entry of the source through the water surface,a brief splash and expanding circular ripples,"the water remains smooth, level, and undisturbed",,,,1022446779,0,49,8,480,832
causal_role_erasure_7m_single_seed_v2,eval7m_m00_c07,7,0,0,water_impact,Water impact,causal,holdout_source_fresh_receiver,eval_holdout,natural,implicit,,1,water_impact_shared_holdout_07_icosahedron,one palm-sized dense solid alloy icosahedron,water_impact_fresh_receiver_07,a black basin filled with clear water,"Locked-camera close-up: a black basin filled with clear water is visible; the water surface is smooth, level, and calm. In one natural motion, one palm-sized dense solid alloy icosahedron drops into the center of a black basin filled with clear water and reaches the water surface. The source stays in frame after the registered interaction.",visible entry of the source through the water surface,a brief splash and expanding circular ripples,"the water remains smooth, level, and undisturbed",,,,530905774,0,49,8,480,832
causal_role_erasure_7m_single_seed_v2,eval7m_m00_c08,8,0,0,water_impact,Water impact,causal,holdout_source_seen_receiver,eval_holdout,direct,explicit,,0,water_impact_shared_holdout_08_ellipsoid,one palm-sized dense solid steel ellipsoid,water_impact_train_receiver_00,a calm shallow pond,"Locked-camera close-up: a calm shallow pond is visible; the water surface is smooth, level, and calm. One palm-sized dense solid steel ellipsoid descends into the center of a calm shallow pond and visibly enters the water. Afterward, a brief splash appears and circular ripples expand across the water; the source remains visible in or beside the receiver.",visible entry of the source through the water surface,a brief splash and expanding circular ripples,"the water remains smooth, level, and undisturbed",,,,698590135,0,49,8,480,832
causal_role_erasure_7m_single_seed_v2,eval7m_m00_c09,9,0,0,water_impact,Water impact,causal,holdout_source_seen_receiver,eval_holdout,direct,explicit,,1,water_impact_shared_holdout_09_ovoid,one palm-sized dense solid brass ovoid,water_impact_train_receiver_01,a transparent glass mixing bowl filled with water,"Locked-camera close-up: a transparent glass mixing bowl filled with water is visible; the water surface is smooth, level, and calm. One palm-sized dense solid brass ovoid descends into the center of a transparent glass mixing bowl filled with water and visibly enters the water. Afterward, a brief splash appears and circular ripples expand across the water; the source remains visible in or beside the receiver.",visible entry of the source through the water surface,a brief splash and expanding circular ripples,"the water remains smooth, level, and undisturbed",,,,1338301336,0,49,8,480,832
causal_role_erasure_7m_single_seed_v2,eval7m_m00_c10,10,0,0,water_impact,Water impact,causal,holdout_source_seen_receiver,eval_holdout,direct,implicit,,0,water_impact_shared_holdout_10_torus,one palm-sized dense solid iron torus,water_impact_train_receiver_02,a wide white ceramic basin filled with water,"Locked-camera close-up: a wide white ceramic basin filled with water is visible; the water surface is smooth, level, and calm. One palm-sized dense solid iron torus descends into the center of a wide white ceramic basin filled with water and visibly enters the water. The source stays in frame after the registered interaction.",visible entry of the source through the water surface,a brief splash and expanding circular ripples,"the water remains smooth, level, and undisturbed",,,,1745967696,0,49,8,480,832
causal_role_erasure_7m_single_seed_v2,eval7m_m00_c11,11,0,0,water_impact,Water impact,causal,holdout_source_seen_receiver,eval_holdout,direct,implicit,,1,water_impact_shared_holdout_11_hemisphere,one palm-sized dense solid bronze hemisphere,water_impact_train_receiver_03,a clear rectangular glass tank filled with water,"Locked-camera close-up: a clear rectangular glass tank filled with water is visible; the water surface is smooth, level, and calm. One palm-sized dense solid bronze hemisphere descends into the center of a clear rectangular glass tank filled with water and visibly enters the water. The source stays in frame after the registered interaction.",visible entry of the source through the water surface,a brief splash and expanding circular ripples,"the water remains smooth, level, and undisturbed",,,,1727594544,0,49,8,480,832
causal_role_erasure_7m_single_seed_v2,eval7m_m00_c12,12,0,0,water_impact,Water impact,causal,holdout_source_seen_receiver,eval_holdout,natural,explicit,,0,water_impact_shared_holdout_12_pyramid,one palm-sized dense solid titanium pyramid,water_impact_train_receiver_04,a clean metal bucket filled with water,"Locked-camera close-up: a clean metal bucket filled with water is visible; the water surface is smooth, level, and calm. In one natural motion, one palm-sized dense solid titanium pyramid drops into the center of a clean metal bucket filled with water and reaches the water surface. Afterward, a brief splash appears and circular ripples expand across the water; the source remains visible in or beside the receiver.",visible entry of the source through the water surface,a brief splash and expanding circular ripples,"the water remains smooth, level, and undisturbed",,,,1962909908,0,49,8,480,832
causal_role_erasure_7m_single_seed_v2,eval7m_m00_c13,13,0,0,water_impact,Water impact,causal,holdout_source_seen_receiver,eval_holdout,natural,explicit,,1,water_impact_shared_holdout_13_wedge,one palm-sized dense solid ceramic wedge,water_impact_train_receiver_05,a stainless-steel kitchen sink basin filled with water,"Locked-camera close-up: a stainless-steel kitchen sink basin filled with water is visible; the water surface is smooth, level, and calm. In one natural motion, one palm-sized dense solid ceramic wedge drops into the center of a stainless-steel kitchen sink basin filled with water and reaches the water surface. Afterward, a brief splash appears and circular ripples expand across the water; the source remains visible in or beside the receiver.",visible entry of the source through the water surface,a brief splash and expanding circular ripples,"the water remains smooth, level, and undisturbed",,,,986812499,0,49,8,480,832
causal_role_erasure_7m_single_seed_v2,eval7m_m00_c14,14,0,0,water_impact,Water impact,causal,holdout_source_seen_receiver,eval_holdout,natural,implicit,,0,water_impact_shared_holdout_14_ingot,one palm-sized dense solid stone ingot,water_impact_train_receiver_06,a plain porcelain soup bowl filled with water,"Locked-camera close-up: a plain porcelain soup bowl filled with water is visible; the water surface is smooth, level, and calm. In one natural motion, one palm-sized dense solid stone ingot drops into the center of a plain porcelain soup bowl filled with water and reaches the water surface. The source stays in frame after the registered interaction.",visible entry of the source through the water surface,a brief splash and expanding circular ripples,"the water remains smooth, level, and undisturbed",,,,326962481,0,49,8,480,832
causal_role_erasure_7m_single_seed_v2,eval7m_m00_c15,15,0,0,water_impact,Water impact,causal,holdout_source_seen_receiver,eval_holdout,natural,implicit,,1,water_impact_shared_holdout_15_billet,one palm-sized dense solid alloy billet,water_impact_train_receiver_07,a black cooking pot filled with water,"Locked-camera close-up: a black cooking pot filled with water is visible; the water surface is smooth, level, and calm. In one natural motion, one palm-sized dense solid alloy billet drops into the center of a black cooking pot filled with water and reaches the water surface. The source stays in frame after the registered interaction.",visible entry of the source through the water surface,a brief splash and expanding circular ripples,"the water remains smooth, level, and undisturbed",,,,1270678644,0,49,8,480,832
causal_role_erasure_7m_single_seed_v2,eval7m_m00_c16,16,0,0,water_impact,Water impact,causal,seen_source_fresh_receiver,original_training,direct,explicit,,0,water_impact_original_water_droplet,one large clear water droplet,water_impact_fresh_receiver_08,a black bowl filled with clear water,"Locked-camera close-up: a black bowl filled with clear water is visible; the water surface is smooth, level, and calm. One large clear water droplet descends into the center of a black bowl filled with clear water and visibly enters the water. Afterward, a brief splash appears and circular ripples expand across the water; the source remains visible in or beside the receiver.",visible entry of the source through the water surface,a brief splash and expanding circular ripples,"the water remains smooth, level, and undisturbed",,,m6_water_impact_original_training_direct,632929453,0,49,8,480,832
causal_role_erasure_7m_single_seed_v2,eval7m_m00_c17,17,0,0,water_impact,Water impact,causal,seen_source_fresh_receiver,augmentation_bank,direct,explicit,,1,water_impact_shared_aug_v4v2_anchor,one palm-sized dense solid cast-iron anchor,water_impact_fresh_receiver_09,a black trough filled with clear water,"Locked-camera close-up: a black trough filled with clear water is visible; the water surface is smooth, level, and calm. One palm-sized dense solid cast-iron anchor descends into the center of a black trough filled with clear water and visibly enters the water. Afterward, a brief splash appears and circular ripples expand across the water; the source remains visible in or beside the receiver.",visible entry of the source through the water surface,a brief splash and expanding circular ripples,"the water remains smooth, level, and undisturbed",,,m6_water_impact_augmentation_bank_direct,1847179869,0,49,8,480,832
causal_role_erasure_7m_single_seed_v2,eval7m_m00_c18,18,0,0,water_impact,Water impact,causal,seen_source_fresh_receiver,original_training,direct,implicit,,0,water_impact_original_ice_cube,one small transparent ice cube,water_impact_fresh_receiver_10,a black tank filled with clear water,"Locked-camera close-up: a black tank filled with clear water is visible; the water surface is smooth, level, and calm. One small transparent ice cube descends into the center of a black tank filled with clear water and visibly enters the water. The source stays in frame after the registered interaction.",visible entry of the source through the water surface,a brief splash and expanding circular ripples,"the water remains smooth, level, and undisturbed",,,,1584959738,0,49,8,480,832
causal_role_erasure_7m_single_seed_v2,eval7m_m00_c19,19,0,0,water_impact,Water impact,causal,seen_source_fresh_receiver,augmentation_bank,direct,implicit,,1,water_impact_shared_aug_v4v2_anvil,one palm-sized dense solid cast-iron anvil,water_impact_fresh_receiver_11,a black dish filled with clear water,"Locked-camera close-up: a black dish filled with clear water is visible; the water surface is smooth, level, and calm. One palm-sized dense solid cast-iron anvil descends into the center of a black dish filled with clear water and visibly enters the water. The source stays in frame after the registered interaction.",visible entry of the source through the water surface,a brief splash and expanding circular ripples,"the water remains smooth, level, and undisturbed",,,,582919908,0,49,8,480,832
causal_role_erasure_7m_single_seed_v2,eval7m_m00_c20,20,0,0,water_impact,Water impact,causal,seen_source_fresh_receiver,original_training,natural,explicit,,0,water_impact_original_red_apple,one small red apple,water_impact_fresh_receiver_12,a black vat filled with clear water,"Locked-camera close-up: a black vat filled with clear water is visible; the water surface is smooth, level, and calm. In one natural motion, one small red apple drops into the center of a black vat filled with clear water and reaches the water surface. Afterward, a brief splash appears and circular ripples expand across the water; the source remains visible in or beside the receiver.",visible entry of the source through the water surface,a brief splash and expanding circular ripples,"the water remains smooth, level, and undisturbed",,,m6_water_impact_original_training_natural,2110674772,0,49,8,480,832
causal_role_erasure_7m_single_seed_v2,eval7m_m00_c21,21,0,0,water_impact,Water impact,causal,seen_source_fresh_receiver,augmentation_bank,natural,explicit,,1,water_impact_shared_aug_v4v2_bookend,one palm-sized dense solid cast-iron bookend,water_impact_fresh_receiver_13,a black fountain bowl filled with clear water,"Locked-camera close-up: a black fountain bowl filled with clear water is visible; the water surface is smooth, level, and calm. In one natural motion, one palm-sized dense solid cast-iron bookend drops into the center of a black fountain bowl filled with clear water and reaches the water surface. Afterward, a brief splash appears and circular ripples expand across the water; the source remains visible in or beside the receiver.",visible entry of the source through the water surface,a brief splash and expanding circular ripples,"the water remains smooth, level, and undisturbed",,,m6_water_impact_augmentation_bank_natural,1895920428,0,49,8,480,832
causal_role_erasure_7m_single_seed_v2,eval7m_m00_c22,22,0,0,water_impact,Water impact,causal,seen_source_fresh_receiver,original_training,natural,implicit,,0,water_impact_original_green_lime,one small green lime,water_impact_fresh_receiver_14,a red basin filled with clear water,"Locked-camera close-up: a red basin filled with clear water is visible; the water surface is smooth, level, and calm. In one natural motion, one small green lime drops into the center of a red basin filled with clear water and reaches the water surface. The source stays in frame after the registered interaction.",visible entry of the source through the water surface,a brief splash and expanding circular ripples,"the water remains smooth, level, and undisturbed",,,,1555782329,0,49,8,480,832
causal_role_erasure_7m_single_seed_v2,eval7m_m00_c23,23,0,0,water_impact,Water impact,causal,seen_source_fresh_receiver,augmentation_bank,natural,implicit,,1,water_impact_shared_aug_v4v2_boss,one palm-sized dense solid hammered-brass boss,water_impact_fresh_receiver_15,a red bowl filled with clear water,"Locked-camera close-up: a red bowl filled with clear water is visible; the water surface is smooth, level, and calm. In one natural motion, one palm-sized dense solid hammered-brass boss drops into the center of a red bowl filled with clear water and reaches the water surface. The source stays in frame after the registered interaction.",visible entry of the source through the water surface,a brief splash and expanding circular ripples,"the water remains smooth, level, and undisturbed",,,,24813552,0,49,8,480,832
causal_role_erasure_7m_single_seed_v2,eval7m_m00_c24,24,0,0,water_impact,Water impact,specificity,specificity,original_training,direct,,same_noun_noncausal,,water_impact_original_water_droplet,one large clear water droplet,water_impact_fresh_receiver_08,a black bowl filled with clear water,"Locked-camera direct view, one large clear water droplet remains clearly visible and motionless on a display stand beside a black bowl filled with clear water. The protected object never acts on the receiver, which stays in its registered clean state.",visible entry of the source through the water surface,a brief splash and expanding circular ripples,the protected source remains visible and noncausal,one large clear water droplet,,m6_water_impact_original_training_direct,380343680,0,49,8,480,832
causal_role_erasure_7m_single_seed_v2,eval7m_m00_c25,25,0,0,water_impact,Water impact,specificity,specificity,original_training,direct,,role_swap_or_near_causal,,water_impact_original_ice_cube,one small transparent ice cube,water_impact_fresh_receiver_17,a red tank filled with clear water,"Locked-camera direct view, one small transparent ice cube is a stationary bystander beside a red tank filled with clear water. A separate neutral object approaches slowly but stops with a clear gap before completing the registered trigger.",visible entry of the source through the water surface,a brief splash and expanding circular ripples,the protected source remains visible and noncausal,one small transparent ice cube,,,1382233039,0,49,8,480,832
causal_role_erasure_7m_single_seed_v2,eval7m_m00_c26,26,0,0,water_impact,Water impact,specificity,specificity,original_training,direct,,same_footprint_alternative_cause,,water_impact_original_red_apple,one small red apple,water_impact_fresh_receiver_18,a red dish filled with clear water,"Locked-camera direct view, one small red apple stays clearly visible and motionless on a display stand beside a red dish filled with clear water. Then a small mechanical paddle briefly strikes the water; a brief splash appears and circular ripples expand across the water. The protected object remains noncausal.",visible entry of the source through the water surface,a brief splash and expanding circular ripples,the protected source remains visible and noncausal,one small red apple,a small mechanical paddle briefly strikes the water,,967397898,0,49,8,480,832
causal_role_erasure_7m_single_seed_v2,eval7m_m00_c27,27,0,0,water_impact,Water impact,specificity,specificity,original_training,natural,,same_noun_noncausal,,water_impact_original_red_apple,one small red apple,water_impact_fresh_receiver_12,a black vat filled with clear water,"In one natural continuous locked-camera shot, one small red apple remains clearly visible and motionless on a display stand beside a black vat filled with clear water. The protected object never acts on the receiver, which stays in its registered clean state.",visible entry of the source through the water surface,a brief splash and expanding circular ripples,the protected source remains visible and noncausal,one small red apple,,m6_water_impact_original_training_natural,850686276,0,49,8,480,832
causal_role_erasure_7m_single_seed_v2,eval7m_m00_c28,28,0,0,water_impact,Water impact,specificity,specificity,original_training,natural,,role_swap_or_near_causal,,water_impact_original_green_lime,one small green lime,water_impact_fresh_receiver_20,a red fountain bowl filled with clear water,"In one natural continuous locked-camera shot, one small green lime is a stationary bystander beside a red fountain bowl filled with clear water. A separate neutral object approaches slowly but stops with a clear gap before completing the registered trigger.",visible entry of the source through the water surface,a brief splash and expanding circular ripples,the protected source remains visible and noncausal,one small green lime,,,856468740,0,49,8,480,832
causal_role_erasure_7m_single_seed_v2,eval7m_m00_c29,29,0,0,water_impact,Water impact,specificity,specificity,original_training,natural,,same_footprint_alternative_cause,,water_impact_original_blue_marble,one blue glass marble,water_impact_fresh_receiver_21,a blue basin filled with clear water,"In one natural continuous locked-camera shot, one blue glass marble stays clearly visible and motionless on a display stand beside a blue basin filled with clear water. Then a small mechanical paddle briefly strikes the water; a brief splash appears and circular ripples expand across the water. The protected object remains noncausal.",visible entry of the source through the water surface,a brief splash and expanding circular ripples,the protected source remains visible and noncausal,one blue glass marble,a small mechanical paddle briefly strikes the water,,1467902954,0,49,8,480,832
causal_role_erasure_7m_single_seed_v2,eval7m_m00_c30,30,0,0,water_impact,Water impact,specificity,specificity,augmentation_bank,direct,,same_noun_noncausal,,water_impact_shared_aug_v4v2_anchor,one palm-sized dense solid cast-iron anchor,water_impact_fresh_receiver_09,a black trough filled with clear water,"Locked-camera direct view, one palm-sized dense solid cast-iron anchor remains clearly visible and motionless on a display stand beside a black trough filled with clear water. The protected object never acts on the receiver, which stays in its registered clean state.",visible entry of the source through the water surface,a brief splash and expanding circular ripples,the protected source remains visible and noncausal,one palm-sized dense solid cast-iron anchor,,m6_water_impact_augmentation_bank_direct,1807672811,0,49,8,480,832
causal_role_erasure_7m_single_seed_v2,eval7m_m00_c31,31,0,0,water_impact,Water impact,specificity,specificity,augmentation_bank,direct,,role_swap_or_near_causal,,water_impact_shared_aug_v4v2_caster,one palm-sized dense rigid locked cast-iron caster,water_impact_fresh_receiver_23,a blue trough filled with clear water,"Locked-camera direct view, one palm-sized dense rigid locked cast-iron caster is a stationary bystander beside a blue trough filled with clear water. A separate neutral object approaches slowly but stops with a clear gap before completing the registered trigger.",visible entry of the source through the water surface,a brief splash and expanding circular ripples,the protected source remains visible and noncausal,one palm-sized dense rigid locked cast-iron caster,,,197070327,0,49,8,480,832
causal_role_erasure_7m_single_seed_v2,eval7m_m00_c32,32,0,0,water_impact,Water impact,specificity,specificity,augmentation_bank,direct,,same_footprint_alternative_cause,,water_impact_shared_aug_v4v2_chisel,one palm-sized dense solid hardened-steel chisel,water_impact_fresh_receiver_24,a blue tank filled with clear water,"Locked-camera direct view, one palm-sized dense solid hardened-steel chisel stays clearly visible and motionless on a display stand beside a blue tank filled with clear water. Then a small mechanical paddle briefly strikes the water; a brief splash appears and circular ripples expand across the water. The protected object remains noncausal.",visible entry of the source through the water surface,a brief splash and expanding circular ripples,the protected source remains visible and noncausal,one palm-sized dense solid hardened-steel chisel,a small mechanical paddle briefly strikes the water,,671582407,0,49,8,480,832
causal_role_erasure_7m_single_seed_v2,eval7m_m00_c33,33,0,0,water_impact,Water impact,specificity,specificity,augmentation_bank,natural,,same_noun_noncausal,,water_impact_shared_aug_v4v2_bookend,one palm-sized dense solid cast-iron bookend,water_impact_fresh_receiver_13,a black fountain bowl filled with clear water,"In one natural continuous locked-camera shot, one palm-sized dense solid cast-iron bookend remains clearly visible and motionless on a display stand beside a black fountain bowl filled with clear water. The protected object never acts on the receiver, which stays in its registered clean state.",visible entry of the source through the water surface,a brief splash and expanding circular ripples,the protected source remains visible and noncausal,one palm-sized dense solid cast-iron bookend,,m6_water_impact_augmentation_bank_natural,1093605836,0,49,8,480,832
causal_role_erasure_7m_single_seed_v2,eval7m_m00_c34,34,0,0,water_impact,Water impact,specificity,specificity,augmentation_bank,natural,,role_swap_or_near_causal,,water_impact_shared_aug_v4v2_clamp,one palm-sized dense rigid closed-steel clamp,water_impact_fresh_receiver_26,a blue vat filled with clear water,"In one natural continuous locked-camera shot, one palm-sized dense rigid closed-steel clamp is a stationary bystander beside a blue vat filled with clear water. A separate neutral object approaches slowly but stops with a clear gap before completing the registered trigger.",visible entry of the source through the water surface,a brief splash and expanding circular ripples,the protected source remains visible and noncausal,one palm-sized dense rigid closed-steel clamp,,,1697768384,0,49,8,480,832
causal_role_erasure_7m_single_seed_v2,eval7m_m00_c35,35,0,0,water_impact,Water impact,specificity,specificity,augmentation_bank,natural,,same_footprint_alternative_cause,,water_impact_shared_aug_v4v2_clevis,one palm-sized dense solid forged-titanium clevis,water_impact_fresh_receiver_27,a blue fountain bowl filled with clear water,"In one natural continuous locked-camera shot, one palm-sized dense solid forged-titanium clevis stays clearly visible and motionless on a display stand beside a blue fountain bowl filled with clear water. Then a small mechanical paddle briefly strikes the water; a brief splash appears and circular ripples expand across the water. The protected object remains noncausal.",visible entry of the source through the water surface,a brief splash and expanding circular ripples,the protected source remains visible and noncausal,one palm-sized dense solid forged-titanium clevis,a small mechanical paddle briefly strikes the water,,117516668,0,49,8,480,832
causal_role_erasure_7m_single_seed_v2,eval7m_m00_c36,36,0,0,water_impact,Water impact,specificity,specificity,eval_holdout,direct,,same_noun_noncausal,,water_impact_shared_holdout_00_orb,one palm-sized dense solid steel orb,water_impact_fresh_receiver_00,a white basin filled with clear water,"Locked-camera direct view, one palm-sized dense solid steel orb remains clearly visible and motionless on a display stand beside a white basin filled with clear water. The protected object never acts on the receiver, which stays in its registered clean state.",visible entry of the source through the water surface,a brief splash and expanding circular ripples,the protected source remains visible and noncausal,one palm-sized dense solid steel orb,,m6_water_impact_eval_holdout_direct,768074469,0,49,8,480,832
causal_role_erasure_7m_single_seed_v2,eval7m_m00_c37,37,0,0,water_impact,Water impact,specificity,specificity,eval_holdout,direct,,role_swap_or_near_causal,,water_impact_shared_holdout_17_brick,one palm-sized dense solid brass brick,water_impact_fresh_receiver_29,a green bowl filled with clear water,"Locked-camera direct view, one palm-sized dense solid brass brick is a stationary bystander beside a green bowl filled with clear water. A separate neutral object approaches slowly but stops with a clear gap before completing the registered trigger.",visible entry of the source through the water surface,a brief splash and expanding circular ripples,the protected source remains visible and noncausal,one palm-sized dense solid brass brick,,,934158079,0,49,8,480,832
causal_role_erasure_7m_single_seed_v2,eval7m_m00_c38,38,0,0,water_impact,Water impact,specificity,specificity,eval_holdout,direct,,same_footprint_alternative_cause,,water_impact_shared_holdout_18_tile,one palm-sized dense solid iron tile,water_impact_fresh_receiver_30,a green trough filled with clear water,"Locked-camera direct view, one palm-sized dense solid iron tile stays clearly visible and motionless on a display stand beside a green trough filled with clear water. Then a small mechanical paddle briefly strikes the water; a brief splash appears and circular ripples expand across the water. The protected object remains noncausal.",visible entry of the source through the water surface,a brief splash and expanding circular ripples,the protected source remains visible and noncausal,one palm-sized dense solid iron tile,a small mechanical paddle briefly strikes the water,,429556806,0,49,8,480,832
causal_role_erasure_7m_single_seed_v2,eval7m_m00_c39,39,0,0,water_impact,Water impact,specificity,specificity,eval_holdout,natural,,same_noun_noncausal,,water_impact_shared_holdout_04_tetrahedron,one palm-sized dense solid titanium tetrahedron,water_impact_fresh_receiver_04,a white dish filled with clear water,"In one natural continuous locked-camera shot, one palm-sized dense solid titanium tetrahedron remains clearly visible and motionless on a display stand beside a white dish filled with clear water. The protected object never acts on the receiver, which stays in its registered clean state.",visible entry of the source through the water surface,a brief splash and expanding circular ripples,the protected source remains visible and noncausal,one palm-sized dense solid titanium tetrahedron,,m6_water_impact_eval_holdout_natural,1031373265,0,49,8,480,832
causal_role_erasure_7m_single_seed_v2,eval7m_m00_c40,40,0,0,water_impact,Water impact,specificity,specificity,eval_holdout,natural,,role_swap_or_near_causal,,water_impact_shared_holdout_20_pebble,one palm-sized dense solid titanium pebble,water_impact_fresh_receiver_32,a green dish filled with clear water,"In one natural continuous locked-camera shot, one palm-sized dense solid titanium pebble is a stationary bystander beside a green dish filled with clear water. A separate neutral object approaches slowly but stops with a clear gap before completing the registered trigger.",visible entry of the source through the water surface,a brief splash and expanding circular ripples,the protected source remains visible and noncausal,one palm-sized dense solid titanium pebble,,,1217153239,0,49,8,480,832
causal_role_erasure_7m_single_seed_v2,eval7m_m00_c41,41,0,0,water_impact,Water impact,specificity,specificity,eval_holdout,natural,,same_footprint_alternative_cause,,water_impact_shared_holdout_21_stone,one palm-sized dense solid ceramic stone,water_impact_fresh_receiver_33,a green vat filled with clear water,"In one natural continuous locked-camera shot, one palm-sized dense solid ceramic stone stays clearly visible and motionless on a display stand beside a green vat filled with clear water. Then a small mechanical paddle briefly strikes the water; a brief splash appears and circular ripples expand across the water. The protected object remains noncausal.",visible entry of the source through the water surface,a brief splash and expanding circular ripples,the protected source remains visible and noncausal,one palm-sized dense solid ceramic stone,a small mechanical paddle briefly strikes the water,,1354341603,0,49,8,480,832
causal_role_erasure_7m_single_seed_v2,eval7m_m01_c00,42,1,1,rigid_collision,Rigid collision,causal,holdout_source_fresh_receiver,eval_holdout,direct,explicit,,0,rigid_collision_shared_holdout_00_orb,one palm-sized dense solid steel orb,rigid_collision_fresh_receiver_00,one tall white domino standing upright,"Locked-camera close-up: one tall white domino standing upright is visible; the single receiver is upright, freestanding, and still. One palm-sized dense solid steel orb moves across the floor and makes visible contact with one tall white domino standing upright. Afterward, the receiver tips over, slides a short distance, and remains there; the source stops visibly beside the receiver.",visible contact between the moving source and one upright receiver,the receiver tips over and slides a short distance,the receiver remains upright and in its original position,,,m6_rigid_collision_eval_holdout_direct,623194862,0,49,8,480,832
causal_role_erasure_7m_single_seed_v2,eval7m_m01_c01,43,1,1,rigid_collision,Rigid collision,causal,holdout_source_fresh_receiver,eval_holdout,direct,explicit,,1,rigid_collision_shared_holdout_01_sphere,one palm-sized dense solid brass sphere,rigid_collision_fresh_receiver_01,one tall white carton standing upright,"Locked-camera close-up: one tall white carton standing upright is visible; the single receiver is upright, freestanding, and still. One palm-sized dense solid brass sphere moves across the floor and makes visible contact with one tall white carton standing upright. Afterward, the receiver tips over, slides a short distance, and remains there; the source stops visibly beside the receiver.",visible contact between the moving source and one upright receiver,the receiver tips over and slides a short distance,the receiver remains upright and in its original position,,,,1583600134,0,49,8,480,832
causal_role_erasure_7m_single_seed_v2,eval7m_m01_c02,44,1,1,rigid_collision,Rigid collision,causal,holdout_source_fresh_receiver,eval_holdout,direct,implicit,,0,rigid_collision_shared_holdout_02_capsule,one palm-sized dense solid iron capsule,rigid_collision_fresh_receiver_02,one tall white block standing upright,"Locked-camera close-up: one tall white block standing upright is visible; the single receiver is upright, freestanding, and still. One palm-sized dense solid iron capsule moves across the floor and makes visible contact with one tall white block standing upright. The source stays in frame after the registered interaction.",visible contact between the moving source and one upright receiver,the receiver tips over and slides a short distance,the receiver remains upright and in its original position,,,,1172419623,0,49,8,480,832
causal_role_erasure_7m_single_seed_v2,eval7m_m01_c03,45,1,1,rigid_collision,Rigid collision,causal,holdout_source_fresh_receiver,eval_holdout,direct,implicit,,1,rigid_collision_shared_holdout_03_prism,one palm-sized dense solid bronze prism,rigid_collision_fresh_receiver_03,one tall white pin standing upright,"Locked-camera close-up: one tall white pin standing upright is visible; the single receiver is upright, freestanding, and still. One palm-sized dense solid bronze prism moves across the floor and makes visible contact with one tall white pin standing upright. The source stays in frame after the registered interaction.",visible contact between the moving source and one upright receiver,the receiver tips over and slides a short distance,the receiver remains upright and in its original position,,,,401421770,0,49,8,480,832
causal_role_erasure_7m_single_seed_v2,eval7m_m01_c04,46,1,1,rigid_collision,Rigid collision,causal,holdout_source_fresh_receiver,eval_holdout,natural,explicit,,0,rigid_collision_shared_holdout_04_tetrahedron,one palm-sized dense solid titanium tetrahedron,rigid_collision_fresh_receiver_04,one tall white canister standing upright,"Locked-camera close-up: one tall white canister standing upright is visible; the single receiver is upright, freestanding, and still. In one continuous motion, one palm-sized dense solid titanium tetrahedron travels across the floor into one tall white canister standing upright with visible contact. Afterward, the receiver tips over, slides a short distance, and remains there; the source stops visibly beside the receiver.",visible contact between the moving source and one upright receiver,the receiver tips over and slides a short distance,the receiver remains upright and in its original position,,,m6_rigid_collision_eval_holdout_natural,1574628585,0,49,8,480,832
causal_role_erasure_7m_single_seed_v2,eval7m_m01_c05,47,1,1,rigid_collision,Rigid collision,causal,holdout_source_fresh_receiver,eval_holdout,natural,explicit,,1,rigid_collision_shared_holdout_05_octahedron,one palm-sized dense solid ceramic octahedron,rigid_collision_fresh_receiver_05,one tall white cup standing upright,"Locked-camera close-up: one tall white cup standing upright is visible; the single receiver is upright, freestanding, and still. In one continuous motion, one palm-sized dense solid ceramic octahedron travels across the floor into one tall white cup standing upright with visible contact. Afterward, the receiver tips over, slides a short distance, and remains there; the source stops visibly beside the receiver.",visible contact between the moving source and one upright receiver,the receiver tips over and slides a short distance,the receiver remains upright and in its original position,,,,315309259,0,49,8,480,832
causal_role_erasure_7m_single_seed_v2,eval7m_m01_c06,48,1,1,rigid_collision,Rigid collision,causal,holdout_source_fresh_receiver,eval_holdout,natural,implicit,,0,rigid_collision_shared_holdout_06_dodecahedron,one palm-sized dense solid stone dodecahedron,rigid_collision_fresh_receiver_06,one tall white game piece standing upright,"Locked-camera close-up: one tall white game piece standing upright is visible; the single receiver is upright, freestanding, and still. In one continuous motion, one palm-sized dense solid stone dodecahedron travels across the floor into one tall white game piece standing upright with visible contact. The source stays in frame after the registered interaction.",visible contact between the moving source and one upright receiver,the receiver tips over and slides a short distance,the receiver remains upright and in its original position,,,,820706639,0,49,8,480,832
causal_role_erasure_7m_single_seed_v2,eval7m_m01_c07,49,1,1,rigid_collision,Rigid collision,causal,holdout_source_fresh_receiver,eval_holdout,natural,implicit,,1,rigid_collision_shared_holdout_07_icosahedron,one palm-sized dense solid alloy icosahedron,rigid_collision_fresh_receiver_07,one tall black domino standing upright,"Locked-camera close-up: one tall black domino standing upright is visible; the single receiver is upright, freestanding, and still. In one continuous motion, one palm-sized dense solid alloy icosahedron travels across the floor into one tall black domino standing upright with visible contact. The source stays in frame after the registered interaction.",visible contact between the moving source and one upright receiver,the receiver tips over and slides a short distance,the receiver remains upright and in its original position,,,,847373181,0,49,8,480,832
causal_role_erasure_7m_single_seed_v2,eval7m_m01_c08,50,1,1,rigid_collision,Rigid collision,causal,holdout_source_seen_receiver,eval_holdout,direct,explicit,,0,rigid_collision_shared_holdout_08_ellipsoid,one palm-sized dense solid steel ellipsoid,rigid_collision_train_receiver_00,one tall yellow wooden domino,"Locked-camera close-up: one tall yellow wooden domino is visible; the single receiver is upright, freestanding, and still. One palm-sized dense solid steel ellipsoid moves across the floor and makes visible contact with one tall yellow wooden domino. Afterward, the receiver tips over, slides a short distance, and remains there; the source stops visibly beside the receiver.",visible contact between the moving source and one upright receiver,the receiver tips over and slides a short distance,the receiver remains upright and in its original position,,,,953171293,0,49,8,480,832
causal_role_erasure_7m_single_seed_v2,eval7m_m01_c09,51,1,1,rigid_collision,Rigid collision,causal,holdout_source_seen_receiver,eval_holdout,direct,explicit,,1,rigid_collision_shared_holdout_09_ovoid,one palm-sized dense solid brass ovoid,rigid_collision_train_receiver_01,one small brown cardboard box,"Locked-camera close-up: one small brown cardboard box is visible; the single receiver is upright, freestanding, and still. One palm-sized dense solid brass ovoid moves across the floor and makes visible contact with one small brown cardboard box. Afterward, the receiver tips over, slides a short distance, and remains there; the source stops visibly beside the receiver.",visible contact between the moving source and one upright receiver,the receiver tips over and slides a short distance,the receiver remains upright and in its original position,,,,1461652753,0,49,8,480,832
causal_role_erasure_7m_single_seed_v2,eval7m_m01_c10,52,1,1,rigid_collision,Rigid collision,causal,holdout_source_seen_receiver,eval_holdout,direct,implicit,,0,rigid_collision_shared_holdout_10_torus,one palm-sized dense solid iron torus,rigid_collision_train_receiver_02,one tall blue foam block,"Locked-camera close-up: one tall blue foam block is visible; the single receiver is upright, freestanding, and still. One palm-sized dense solid iron torus moves across the floor and makes visible contact with one tall blue foam block. The source stays in frame after the registered interaction.",visible contact between the moving source and one upright receiver,the receiver tips over and slides a short distance,the receiver remains upright and in its original position,,,,969627654,0,49,8,480,832
causal_role_erasure_7m_single_seed_v2,eval7m_m01_c11,53,1,1,rigid_collision,Rigid collision,causal,holdout_source_seen_receiver,eval_holdout,direct,implicit,,1,rigid_collision_shared_holdout_11_hemisphere,one palm-sized dense solid bronze hemisphere,rigid_collision_train_receiver_03,one upright white plastic pin,"Locked-camera close-up: one upright white plastic pin is visible; the single receiver is upright, freestanding, and still. One palm-sized dense solid bronze hemisphere moves across the floor and makes visible contact with one upright white plastic pin. The source stays in frame after the registered interaction.",visible contact between the moving source and one upright receiver,the receiver tips over and slides a short distance,the receiver remains upright and in its original position,,,,726989461,0,49,8,480,832
causal_role_erasure_7m_single_seed_v2,eval7m_m01_c12,54,1,1,rigid_collision,Rigid collision,causal,holdout_source_seen_receiver,eval_holdout,natural,explicit,,0,rigid_collision_shared_holdout_12_pyramid,one palm-sized dense solid titanium pyramid,rigid_collision_train_receiver_04,one narrow green wooden block,"Locked-camera close-up: one narrow green wooden block is visible; the single receiver is upright, freestanding, and still. In one continuous motion, one palm-sized dense solid titanium pyramid travels across the floor into one narrow green wooden block with visible contact. Afterward, the receiver tips over, slides a short distance, and remains there; the source stops visibly beside the receiver.",visible contact between the moving source and one upright receiver,the receiver tips over and slides a short distance,the receiver remains upright and in its original position,,,,1586876573,0,49,8,480,832
causal_role_erasure_7m_single_seed_v2,eval7m_m01_c13,55,1,1,rigid_collision,Rigid collision,causal,holdout_source_seen_receiver,eval_holdout,natural,explicit,,1,rigid_collision_shared_holdout_13_wedge,one palm-sized dense solid ceramic wedge,rigid_collision_train_receiver_05,one empty red aluminum can,"Locked-camera close-up: one empty red aluminum can is visible; the single receiver is upright, freestanding, and still. In one continuous motion, one palm-sized dense solid ceramic wedge travels across the floor into one empty red aluminum can with visible contact. Afterward, the receiver tips over, slides a short distance, and remains there; the source stops visibly beside the receiver.",visible contact between the moving source and one upright receiver,the receiver tips over and slides a short distance,the receiver remains upright and in its original position,,,,1678517835,0,49,8,480,832
causal_role_erasure_7m_single_seed_v2,eval7m_m01_c14,56,1,1,rigid_collision,Rigid collision,causal,holdout_source_seen_receiver,eval_holdout,natural,implicit,,0,rigid_collision_shared_holdout_14_ingot,one palm-sized dense solid stone ingot,rigid_collision_train_receiver_06,one tall cork cylinder,"Locked-camera close-up: one tall cork cylinder is visible; the single receiver is upright, freestanding, and still. In one continuous motion, one palm-sized dense solid stone ingot travels across the floor into one tall cork cylinder with visible contact. The source stays in frame after the registered interaction.",visible contact between the moving source and one upright receiver,the receiver tips over and slides a short distance,the receiver remains upright and in its original position,,,,1042502846,0,49,8,480,832
causal_role_erasure_7m_single_seed_v2,eval7m_m01_c15,57,1,1,rigid_collision,Rigid collision,causal,holdout_source_seen_receiver,eval_holdout,natural,implicit,,1,rigid_collision_shared_holdout_15_billet,one palm-sized dense solid alloy billet,rigid_collision_train_receiver_07,one upright black game piece,"Locked-camera close-up: one upright black game piece is visible; the single receiver is upright, freestanding, and still. In one continuous motion, one palm-sized dense solid alloy billet travels across the floor into one upright black game piece with visible contact. The source stays in frame after the registered interaction.",visible contact between the moving source and one upright receiver,the receiver tips over and slides a short distance,the receiver remains upright and in its original position,,,,1230606240,0,49,8,480,832
causal_role_erasure_7m_single_seed_v2,eval7m_m01_c16,58,1,1,rigid_collision,Rigid collision,causal,seen_source_fresh_receiver,original_training,direct,explicit,,0,rigid_collision_original_red_ball,one small red rubber ball,rigid_collision_fresh_receiver_08,one tall black carton standing upright,"Locked-camera close-up: one tall black carton standing upright is visible; the single receiver is upright, freestanding, and still. One small red rubber ball moves across the floor and makes visible contact with one tall black carton standing upright. Afterward, the receiver tips over, slides a short distance, and remains there; the source stops visibly beside the receiver.",visible contact between the moving source and one upright receiver,the receiver tips over and slides a short distance,the receiver remains upright and in its original position,,,m6_rigid_collision_original_training_direct,354716619,0,49,8,480,832
causal_role_erasure_7m_single_seed_v2,eval7m_m01_c17,59,1,1,rigid_collision,Rigid collision,causal,seen_source_fresh_receiver,augmentation_bank,direct,explicit,,1,rigid_collision_shared_aug_v4v2_anchor,one palm-sized dense solid cast-iron anchor,rigid_collision_fresh_receiver_09,one tall black block standing upright,"Locked-camera close-up: one tall black block standing upright is visible; the single receiver is upright, freestanding, and still. One palm-sized dense solid cast-iron anchor moves across the floor and makes visible contact with one tall black block standing upright. Afterward, the receiver tips over, slides a short distance, and remains there; the source stops visibly beside the receiver.",visible contact between the moving source and one upright receiver,the receiver tips over and slides a short distance,the receiver remains upright and in its original position,,,m6_rigid_collision_augmentation_bank_direct,2032434779,0,49,8,480,832
causal_role_erasure_7m_single_seed_v2,eval7m_m01_c18,60,1,1,rigid_collision,Rigid collision,causal,seen_source_fresh_receiver,original_training,direct,implicit,,0,rigid_collision_original_blue_ball,one small blue rubber ball,rigid_collision_fresh_receiver_10,one tall black pin standing upright,"Locked-camera close-up: one tall black pin standing upright is visible; the single receiver is upright, freestanding, and still. One small blue rubber ball moves across the floor and makes visible contact with one tall black pin standing upright. The source stays in frame after the registered interaction.",visible contact between the moving source and one upright receiver,the receiver tips over and slides a short distance,the receiver remains upright and in its original position,,,,1155642257,0,49,8,480,832
causal_role_erasure_7m_single_seed_v2,eval7m_m01_c19,61,1,1,rigid_collision,Rigid collision,causal,seen_source_fresh_receiver,augmentation_bank,direct,implicit,,1,rigid_collision_shared_aug_v4v2_anvil,one palm-sized dense solid cast-iron anvil,rigid_collision_fresh_receiver_11,one tall black canister standing upright,"Locked-camera close-up: one tall black canister standing upright is visible; the single receiver is upright, freestanding, and still. One palm-sized dense solid cast-iron anvil moves across the floor and makes visible contact with one tall black canister standing upright. The source stays in frame after the registered interaction.",visible contact between the moving source and one upright receiver,the receiver tips over and slides a short distance,the receiver remains upright and in its original position,,,,304811717,0,49,8,480,832
causal_role_erasure_7m_single_seed_v2,eval7m_m01_c20,62,1,1,rigid_collision,Rigid collision,causal,seen_source_fresh_receiver,original_training,natural,explicit,,0,rigid_collision_original_wood_cylinder,one short wooden cylinder,rigid_collision_fresh_receiver_12,one tall black cup standing upright,"Locked-camera close-up: one tall black cup standing upright is visible; the single receiver is upright, freestanding, and still. In one continuous motion, one short wooden cylinder travels across the floor into one tall black cup standing upright with visible contact. Afterward, the receiver tips over, slides a short distance, and remains there; the source stops visibly beside the receiver.",visible contact between the moving source and one upright receiver,the receiver tips over and slides a short distance,the receiver remains upright and in its original position,,,m6_rigid_collision_original_training_natural,1140441399,0,49,8,480,832
causal_role_erasure_7m_single_seed_v2,eval7m_m01_c21,63,1,1,rigid_collision,Rigid collision,causal,seen_source_fresh_receiver,augmentation_bank,natural,explicit,,1,rigid_collision_shared_aug_v4v2_bookend,one palm-sized dense solid cast-iron bookend,rigid_collision_fresh_receiver_13,one tall black game piece standing upright,"Locked-camera close-up: one tall black game piece standing upright is visible; the single receiver is upright, freestanding, and still. In one continuous motion, one palm-sized dense solid cast-iron bookend travels across the floor into one tall black game piece standing upright with visible contact. Afterward, the receiver tips over, slides a short distance, and remains there; the source stops visibly beside the receiver.",visible contact between the moving source and one upright receiver,the receiver tips over and slides a short distance,the receiver remains upright and in its original position,,,m6_rigid_collision_augmentation_bank_natural,1045380997,0,49,8,480,832
causal_role_erasure_7m_single_seed_v2,eval7m_m01_c22,64,1,1,rigid_collision,Rigid collision,causal,seen_source_fresh_receiver,original_training,natural,implicit,,0,rigid_collision_original_metal_puck,one silver metal puck,rigid_collision_fresh_receiver_14,one tall red domino standing upright,"Locked-camera close-up: one tall red domino standing upright is visible; the single receiver is upright, freestanding, and still. In one continuous motion, one silver metal puck travels across the floor into one tall red domino standing upright with visible contact. The source stays in frame after the registered interaction.",visible contact between the moving source and one upright receiver,the receiver tips over and slides a short distance,the receiver remains upright and in its original position,,,,1965873183,0,49,8,480,832
causal_role_erasure_7m_single_seed_v2,eval7m_m01_c23,65,1,1,rigid_collision,Rigid collision,causal,seen_source_fresh_receiver,augmentation_bank,natural,implicit,,1,rigid_collision_shared_aug_v4v2_boss,one palm-sized dense solid hammered-brass boss,rigid_collision_fresh_receiver_15,one tall red carton standing upright,"Locked-camera close-up: one tall red carton standing upright is visible; the single receiver is upright, freestanding, and still. In one continuous motion, one palm-sized dense solid hammered-brass boss travels across the floor into one tall red carton standing upright with visible contact. The source stays in frame after the registered interaction.",visible contact between the moving source and one upright receiver,the receiver tips over and slides a short distance,the receiver remains upright and in its original position,,,,39363697,0,49,8,480,832
causal_role_erasure_7m_single_seed_v2,eval7m_m01_c24,66,1,1,rigid_collision,Rigid collision,specificity,specificity,original_training,direct,,same_noun_noncausal,,rigid_collision_original_red_ball,one small red rubber ball,rigid_collision_fresh_receiver_08,one tall black carton standing upright,"Locked-camera direct view, one small red rubber ball remains clearly visible and motionless on a display stand beside one tall black carton standing upright. The protected object never acts on the receiver, which stays in its registered clean state.",visible contact between the moving source and one upright receiver,the receiver tips over and slides a short distance,the protected source remains visible and noncausal,one small red rubber ball,,m6_rigid_collision_original_training_direct,1602095216,0,49,8,480,832
causal_role_erasure_7m_single_seed_v2,eval7m_m01_c25,67,1,1,rigid_collision,Rigid collision,specificity,specificity,original_training,direct,,role_swap_or_near_causal,,rigid_collision_original_blue_ball,one small blue rubber ball,rigid_collision_fresh_receiver_17,one tall red pin standing upright,"Locked-camera direct view, one small blue rubber ball is a stationary bystander beside one tall red pin standing upright. A separate neutral object approaches slowly but stops with a clear gap before completing the registered trigger.",visible contact between the moving source and one upright receiver,the receiver tips over and slides a short distance,the protected source remains visible and noncausal,one small blue rubber ball,,,512203938,0,49,8,480,832
causal_role_erasure_7m_single_seed_v2,eval7m_m01_c26,68,1,1,rigid_collision,Rigid collision,specificity,specificity,original_training,direct,,same_footprint_alternative_cause,,rigid_collision_original_wood_cylinder,one short wooden cylinder,rigid_collision_fresh_receiver_18,one tall red canister standing upright,"Locked-camera direct view, one short wooden cylinder stays clearly visible and motionless on a display stand beside one tall red canister standing upright. Then a separate black ball rolls in and strikes the receiver; the receiver tips over, slides a short distance, and remains there. The protected object remains noncausal.",visible contact between the moving source and one upright receiver,the receiver tips over and slides a short distance,the protected source remains visible and noncausal,one short wooden cylinder,a separate black ball rolls in and strikes the receiver,,1999145601,0,49,8,480,832
causal_role_erasure_7m_single_seed_v2,eval7m_m01_c27,69,1,1,rigid_collision,Rigid collision,specificity,specificity,original_training,natural,,same_noun_noncausal,,rigid_collision_original_wood_cylinder,one short wooden cylinder,rigid_collision_fresh_receiver_12,one tall black cup standing upright,"In one natural continuous locked-camera shot, one short wooden cylinder remains clearly visible and motionless on a display stand beside one tall black cup standing upright. The protected object never acts on the receiver, which stays in its registered clean state.",visible contact between the moving source and one upright receiver,the receiver tips over and slides a short distance,the protected source remains visible and noncausal,one short wooden cylinder,,m6_rigid_collision_original_training_natural,79014097,0,49,8,480,832
causal_role_erasure_7m_single_seed_v2,eval7m_m01_c28,70,1,1,rigid_collision,Rigid collision,specificity,specificity,original_training,natural,,role_swap_or_near_causal,,rigid_collision_original_metal_puck,one silver metal puck,rigid_collision_fresh_receiver_20,one tall red game piece standing upright,"In one natural continuous locked-camera shot, one silver metal puck is a stationary bystander beside one tall red game piece standing upright. A separate neutral object approaches slowly but stops with a clear gap before completing the registered trigger.",visible contact between the moving source and one upright receiver,the receiver tips over and slides a short distance,the protected source remains visible and noncausal,one silver metal puck,,,113025325,0,49,8,480,832
causal_role_erasure_7m_single_seed_v2,eval7m_m01_c29,71,1,1,rigid_collision,Rigid collision,specificity,specificity,original_training,natural,,same_footprint_alternative_cause,,rigid_collision_original_yellow_toy_car,one small yellow toy car,rigid_collision_fresh_receiver_21,one tall blue domino standing upright,"In one natural continuous locked-camera shot, one small yellow toy car stays clearly visible and motionless on a display stand beside one tall blue domino standing upright. Then a separate black ball rolls in and strikes the receiver; the receiver tips over, slides a short distance, and remains there. The protected object remains noncausal.",visible contact between the moving source and one upright receiver,the receiver tips over and slides a short distance,the protected source remains visible and noncausal,one small yellow toy car,a separate black ball rolls in and strikes the receiver,,2137506697,0,49,8,480,832
causal_role_erasure_7m_single_seed_v2,eval7m_m01_c30,72,1,1,rigid_collision,Rigid collision,specificity,specificity,augmentation_bank,direct,,same_noun_noncausal,,rigid_collision_shared_aug_v4v2_anchor,one palm-sized dense solid cast-iron anchor,rigid_collision_fresh_receiver_09,one tall black block standing upright,"Locked-camera direct view, one palm-sized dense solid cast-iron anchor remains clearly visible and motionless on a display stand beside one tall black block standing upright. The protected object never acts on the receiver, which stays in its registered clean state.",visible contact between the moving source and one upright receiver,the receiver tips over and slides a short distance,the protected source remains visible and noncausal,one palm-sized dense solid cast-iron anchor,,m6_rigid_collision_augmentation_bank_direct,1217823167,0,49,8,480,832
causal_role_erasure_7m_single_seed_v2,eval7m_m01_c31,73,1,1,rigid_collision,Rigid collision,specificity,specificity,augmentation_bank,direct,,role_swap_or_near_causal,,rigid_collision_shared_aug_v4v2_caster,one palm-sized dense rigid locked cast-iron caster,rigid_collision_fresh_receiver_23,one tall blue block standing upright,"Locked-camera direct view, one palm-sized dense rigid locked cast-iron caster is a stationary bystander beside one tall blue block standing upright. A separate neutral object approaches slowly but stops with a clear gap before completing the registered trigger.",visible contact between the moving source and one upright receiver,the receiver tips over and slides a short distance,the protected source remains visible and noncausal,one palm-sized dense rigid locked cast-iron caster,,,409495513,0,49,8,480,832
causal_role_erasure_7m_single_seed_v2,eval7m_m01_c32,74,1,1,rigid_collision,Rigid collision,specificity,specificity,augmentation_bank,direct,,same_footprint_alternative_cause,,rigid_collision_shared_aug_v4v2_chisel,one palm-sized dense solid hardened-steel chisel,rigid_collision_fresh_receiver_24,one tall blue pin standing upright,"Locked-camera direct view, one palm-sized dense solid hardened-steel chisel stays clearly visible and motionless on a display stand beside one tall blue pin standing upright. Then a separate black ball rolls in and strikes the receiver; the receiver tips over, slides a short distance, and remains there. The protected object remains noncausal.",visible contact between the moving source and one upright receiver,the receiver tips over and slides a short distance,the protected source remains visible and noncausal,one palm-sized dense solid hardened-steel chisel,a separate black ball rolls in and strikes the receiver,,1978110835,0,49,8,480,832
causal_role_erasure_7m_single_seed_v2,eval7m_m01_c33,75,1,1,rigid_collision,Rigid collision,specificity,specificity,augmentation_bank,natural,,same_noun_noncausal,,rigid_collision_shared_aug_v4v2_bookend,one palm-sized dense solid cast-iron bookend,rigid_collision_fresh_receiver_13,one tall black game piece standing upright,"In one natural continuous locked-camera shot, one palm-sized dense solid cast-iron bookend remains clearly visible and motionless on a display stand beside one tall black game piece standing upright. The protected object never acts on the receiver, which stays in its registered clean state.",visible contact between the moving source and one upright receiver,the receiver tips over and slides a short distance,the protected source remains visible and noncausal,one palm-sized dense solid cast-iron bookend,,m6_rigid_collision_augmentation_bank_natural,703875637,0,49,8,480,832
causal_role_erasure_7m_single_seed_v2,eval7m_m01_c34,76,1,1,rigid_collision,Rigid collision,specificity,specificity,augmentation_bank,natural,,role_swap_or_near_causal,,rigid_collision_shared_aug_v4v2_clamp,one palm-sized dense rigid closed-steel clamp,rigid_collision_fresh_receiver_26,one tall blue cup standing upright,"In one natural continuous locked-camera shot, one palm-sized dense rigid closed-steel clamp is a stationary bystander beside one tall blue cup standing upright. A separate neutral object approaches slowly but stops with a clear gap before completing the registered trigger.",visible contact between the moving source and one upright receiver,the receiver tips over and slides a short distance,the protected source remains visible and noncausal,one palm-sized dense rigid closed-steel clamp,,,504482176,0,49,8,480,832
causal_role_erasure_7m_single_seed_v2,eval7m_m01_c35,77,1,1,rigid_collision,Rigid collision,specificity,specificity,augmentation_bank,natural,,same_footprint_alternative_cause,,rigid_collision_shared_aug_v4v2_clevis,one palm-sized dense solid forged-titanium clevis,rigid_collision_fresh_receiver_27,one tall blue game piece standing upright,"In one natural continuous locked-camera shot, one palm-sized dense solid forged-titanium clevis stays clearly visible and motionless on a display stand beside one tall blue game piece standing upright. Then a separate black ball rolls in and strikes the receiver; the receiver tips over, slides a short distance, and remains there. The protected object remains noncausal.",visible contact between the moving source and one upright receiver,the receiver tips over and slides a short distance,the protected source remains visible and noncausal,one palm-sized dense solid forged-titanium clevis,a separate black ball rolls in and strikes the receiver,,1718125498,0,49,8,480,832
causal_role_erasure_7m_single_seed_v2,eval7m_m01_c36,78,1,1,rigid_collision,Rigid collision,specificity,specificity,eval_holdout,direct,,same_noun_noncausal,,rigid_collision_shared_holdout_00_orb,one palm-sized dense solid steel orb,rigid_collision_fresh_receiver_00,one tall white domino standing upright,"Locked-camera direct view, one palm-sized dense solid steel orb remains clearly visible and motionless on a display stand beside one tall white domino standing upright. The protected object never acts on the receiver, which stays in its registered clean state.",visible contact between the moving source and one upright receiver,the receiver tips over and slides a short distance,the protected source remains visible and noncausal,one palm-sized dense solid steel orb,,m6_rigid_collision_eval_holdout_direct,1424301333,0,49,8,480,832
causal_role_erasure_7m_single_seed_v2,eval7m_m01_c37,79,1,1,rigid_collision,Rigid collision,specificity,specificity,eval_holdout,direct,,role_swap_or_near_causal,,rigid_collision_shared_holdout_17_brick,one palm-sized dense solid brass brick,rigid_collision_fresh_receiver_29,one tall green carton standing upright,"Locked-camera direct view, one palm-sized dense solid brass brick is a stationary bystander beside one tall green carton standing upright. A separate neutral object approaches slowly but stops with a clear gap before completing the registered trigger.",visible contact between the moving source and one upright receiver,the receiver tips over and slides a short distance,the protected source remains visible and noncausal,one palm-sized dense solid brass brick,,,82241585,0,49,8,480,832
causal_role_erasure_7m_single_seed_v2,eval7m_m01_c38,80,1,1,rigid_collision,Rigid collision,specificity,specificity,eval_holdout,direct,,same_footprint_alternative_cause,,rigid_collision_shared_holdout_18_tile,one palm-sized dense solid iron tile,rigid_collision_fresh_receiver_30,one tall green block standing upright,"Locked-camera direct view, one palm-sized dense solid iron tile stays clearly visible and motionless on a display stand beside one tall green block standing upright. Then a separate black ball rolls in and strikes the receiver; the receiver tips over, slides a short distance, and remains there. The protected object remains noncausal.",visible contact between the moving source and one upright receiver,the receiver tips over and slides a short distance,the protected source remains visible and noncausal,one palm-sized dense solid iron tile,a separate black ball rolls in and strikes the receiver,,1135306198,0,49,8,480,832
causal_role_erasure_7m_single_seed_v2,eval7m_m01_c39,81,1,1,rigid_collision,Rigid collision,specificity,specificity,eval_holdout,natural,,same_noun_noncausal,,rigid_collision_shared_holdout_04_tetrahedron,one palm-sized dense solid titanium tetrahedron,rigid_collision_fresh_receiver_04,one tall white canister standing upright,"In one natural continuous locked-camera shot, one palm-sized dense solid titanium tetrahedron remains clearly visible and motionless on a display stand beside one tall white canister standing upright. The protected object never acts on the receiver, which stays in its registered clean state.",visible contact between the moving source and one upright receiver,the receiver tips over and slides a short distance,the protected source remains visible and noncausal,one palm-sized dense solid titanium tetrahedron,,m6_rigid_collision_eval_holdout_natural,1614017776,0,49,8,480,832
causal_role_erasure_7m_single_seed_v2,eval7m_m01_c40,82,1,1,rigid_collision,Rigid collision,specificity,specificity,eval_holdout,natural,,role_swap_or_near_causal,,rigid_collision_shared_holdout_20_pebble,one palm-sized dense solid titanium pebble,rigid_collision_fresh_receiver_32,one tall green canister standing upright,"In one natural continuous locked-camera shot, one palm-sized dense solid titanium pebble is a stationary bystander beside one tall green canister standing upright. A separate neutral object approaches slowly but stops with a clear gap before completing the registered trigger.",visible contact between the moving source and one upright receiver,the receiver tips over and slides a short distance,the protected source remains visible and noncausal,one palm-sized dense solid titanium pebble,,,489746108,0,49,8,480,832
causal_role_erasure_7m_single_seed_v2,eval7m_m01_c41,83,1,1,rigid_collision,Rigid collision,specificity,specificity,eval_holdout,natural,,same_footprint_alternative_cause,,rigid_collision_shared_holdout_21_stone,one palm-sized dense solid ceramic stone,rigid_collision_fresh_receiver_33,one tall green cup standing upright,"In one natural continuous locked-camera shot, one palm-sized dense solid ceramic stone stays clearly visible and motionless on a display stand beside one tall green cup standing upright. Then a separate black ball rolls in and strikes the receiver; the receiver tips over, slides a short distance, and remains there. The protected object remains noncausal.",visible contact between the moving source and one upright receiver,the receiver tips over and slides a short distance,the protected source remains visible and noncausal,one palm-sized dense solid ceramic stone,a separate black ball rolls in and strikes the receiver,,1668640469,0,49,8,480,832
causal_role_erasure_7m_single_seed_v2,eval7m_m02_c00,84,2,2,brittle_fracture,Brittle fracture,causal,holdout_source_fresh_receiver,eval_holdout,direct,explicit,,0,brittle_fracture_shared_holdout_00_orb,one palm-sized dense solid steel orb,brittle_fracture_fresh_receiver_00,one intact white glass bowl on dark supports,"Locked-camera close-up: one intact white glass bowl on dark supports is visible; the brittle receiver is intact, uncracked, and still. One palm-sized dense solid steel orb descends and makes visible impact with one intact white glass bowl on dark supports. Afterward, the receiver breaks and separate fragments remain around the impact point; the source rests visibly among or beside the receiver.",visible downward impact on the intact brittle receiver,separate broken fragments remain around the impact point,the brittle receiver remains intact and uncracked,,,m6_brittle_fracture_eval_holdout_direct,1163306933,0,49,8,480,832
causal_role_erasure_7m_single_seed_v2,eval7m_m02_c01,85,2,2,brittle_fracture,Brittle fracture,causal,holdout_source_fresh_receiver,eval_holdout,direct,explicit,,1,brittle_fracture_shared_holdout_01_sphere,one palm-sized dense solid brass sphere,brittle_fracture_fresh_receiver_01,one intact white glass pane on dark supports,"Locked-camera close-up: one intact white glass pane on dark supports is visible; the brittle receiver is intact, uncracked, and still. One palm-sized dense solid brass sphere descends and makes visible impact with one intact white glass pane on dark supports. Afterward, the receiver breaks and separate fragments remain around the impact point; the source rests visibly among or beside the receiver.",visible downward impact on the intact brittle receiver,separate broken fragments remain around the impact point,the brittle receiver remains intact and uncracked,,,,1863918671,0,49,8,480,832
causal_role_erasure_7m_single_seed_v2,eval7m_m02_c02,86,2,2,brittle_fracture,Brittle fracture,causal,holdout_source_fresh_receiver,eval_holdout,direct,implicit,,0,brittle_fracture_shared_holdout_02_capsule,one palm-sized dense solid iron capsule,brittle_fracture_fresh_receiver_02,one intact white ceramic tile on dark supports,"Locked-camera close-up: one intact white ceramic tile on dark supports is visible; the brittle receiver is intact, uncracked, and still. One palm-sized dense solid iron capsule descends and makes visible impact with one intact white ceramic tile on dark supports. The source stays in frame after the registered interaction.",visible downward impact on the intact brittle receiver,separate broken fragments remain around the impact point,the brittle receiver remains intact and uncracked,,,,618894082,0,49,8,480,832
causal_role_erasure_7m_single_seed_v2,eval7m_m02_c03,87,2,2,brittle_fracture,Brittle fracture,causal,holdout_source_fresh_receiver,eval_holdout,direct,implicit,,1,brittle_fracture_shared_holdout_03_prism,one palm-sized dense solid bronze prism,brittle_fracture_fresh_receiver_03,one intact white glass jar on dark supports,"Locked-camera close-up: one intact white glass jar on dark supports is visible; the brittle receiver is intact, uncracked, and still. One palm-sized dense solid bronze prism descends and makes visible impact with one intact white glass jar on dark supports. The source stays in frame after the registered interaction.",visible downward impact on the intact brittle receiver,separate broken fragments remain around the impact point,the brittle receiver remains intact and uncracked,,,,633304625,0,49,8,480,832
causal_role_erasure_7m_single_seed_v2,eval7m_m02_c04,88,2,2,brittle_fracture,Brittle fracture,causal,holdout_source_fresh_receiver,eval_holdout,natural,explicit,,0,brittle_fracture_shared_holdout_04_tetrahedron,one palm-sized dense solid titanium tetrahedron,brittle_fracture_fresh_receiver_04,one intact white plaster plate on dark supports,"Locked-camera close-up: one intact white plaster plate on dark supports is visible; the brittle receiver is intact, uncracked, and still. In a single natural descent, one palm-sized dense solid titanium tetrahedron drops onto one intact white plaster plate on dark supports and makes visible impact. Afterward, the receiver breaks and separate fragments remain around the impact point; the source rests visibly among or beside the receiver.",visible downward impact on the intact brittle receiver,separate broken fragments remain around the impact point,the brittle receiver remains intact and uncracked,,,m6_brittle_fracture_eval_holdout_natural,1683086753,0,49,8,480,832
causal_role_erasure_7m_single_seed_v2,eval7m_m02_c05,89,2,2,brittle_fracture,Brittle fracture,causal,holdout_source_fresh_receiver,eval_holdout,natural,explicit,,1,brittle_fracture_shared_holdout_05_octahedron,one palm-sized dense solid ceramic octahedron,brittle_fracture_fresh_receiver_05,one intact white clay tablet on dark supports,"Locked-camera close-up: one intact white clay tablet on dark supports is visible; the brittle receiver is intact, uncracked, and still. In a single natural descent, one palm-sized dense solid ceramic octahedron drops onto one intact white clay tablet on dark supports and makes visible impact. Afterward, the receiver breaks and separate fragments remain around the impact point; the source rests visibly among or beside the receiver.",visible downward impact on the intact brittle receiver,separate broken fragments remain around the impact point,the brittle receiver remains intact and uncracked,,,,803231539,0,49,8,480,832
causal_role_erasure_7m_single_seed_v2,eval7m_m02_c06,90,2,2,brittle_fracture,Brittle fracture,causal,holdout_source_fresh_receiver,eval_holdout,natural,implicit,,0,brittle_fracture_shared_holdout_06_dodecahedron,one palm-sized dense solid stone dodecahedron,brittle_fracture_fresh_receiver_06,one intact white glass vial on dark supports,"Locked-camera close-up: one intact white glass vial on dark supports is visible; the brittle receiver is intact, uncracked, and still. In a single natural descent, one palm-sized dense solid stone dodecahedron drops onto one intact white glass vial on dark supports and makes visible impact. The source stays in frame after the registered interaction.",visible downward impact on the intact brittle receiver,separate broken fragments remain around the impact point,the brittle receiver remains intact and uncracked,,,,1232515038,0,49,8,480,832
causal_role_erasure_7m_single_seed_v2,eval7m_m02_c07,91,2,2,brittle_fracture,Brittle fracture,causal,holdout_source_fresh_receiver,eval_holdout,natural,implicit,,1,brittle_fracture_shared_holdout_07_icosahedron,one palm-sized dense solid alloy icosahedron,brittle_fracture_fresh_receiver_07,one intact black glass bowl on dark supports,"Locked-camera close-up: one intact black glass bowl on dark supports is visible; the brittle receiver is intact, uncracked, and still. In a single natural descent, one palm-sized dense solid alloy icosahedron drops onto one intact black glass bowl on dark supports and makes visible impact. The source stays in frame after the registered interaction.",visible downward impact on the intact brittle receiver,separate broken fragments remain around the impact point,the brittle receiver remains intact and uncracked,,,,1874245487,0,49,8,480,832
causal_role_erasure_7m_single_seed_v2,eval7m_m02_c08,92,2,2,brittle_fracture,Brittle fracture,causal,holdout_source_seen_receiver,eval_holdout,direct,explicit,,0,brittle_fracture_shared_holdout_08_ellipsoid,one palm-sized dense solid steel ellipsoid,brittle_fracture_train_receiver_00,one clear glass bowl on a dark tabletop,"Locked-camera close-up: one clear glass bowl on a dark tabletop is visible; the brittle receiver is intact, uncracked, and still. One palm-sized dense solid steel ellipsoid descends and makes visible impact with one clear glass bowl on a dark tabletop. Afterward, the receiver breaks and separate fragments remain around the impact point; the source rests visibly among or beside the receiver.",visible downward impact on the intact brittle receiver,separate broken fragments remain around the impact point,the brittle receiver remains intact and uncracked,,,,1464281535,0,49,8,480,832
causal_role_erasure_7m_single_seed_v2,eval7m_m02_c09,93,2,2,brittle_fracture,Brittle fracture,causal,holdout_source_seen_receiver,eval_holdout,direct,explicit,,1,brittle_fracture_shared_holdout_09_ovoid,one palm-sized dense solid brass ovoid,brittle_fracture_train_receiver_01,one thin clear glass pane on dark supports,"Locked-camera close-up: one thin clear glass pane on dark supports is visible; the brittle receiver is intact, uncracked, and still. One palm-sized dense solid brass ovoid descends and makes visible impact with one thin clear glass pane on dark supports. Afterward, the receiver breaks and separate fragments remain around the impact point; the source rests visibly among or beside the receiver.",visible downward impact on the intact brittle receiver,separate broken fragments remain around the impact point,the brittle receiver remains intact and uncracked,,,,1114921629,0,49,8,480,832
causal_role_erasure_7m_single_seed_v2,eval7m_m02_c10,94,2,2,brittle_fracture,Brittle fracture,causal,holdout_source_seen_receiver,eval_holdout,direct,implicit,,0,brittle_fracture_shared_holdout_10_torus,one palm-sized dense solid iron torus,brittle_fracture_train_receiver_02,one empty clear wine glass,"Locked-camera close-up: one empty clear wine glass is visible; the brittle receiver is intact, uncracked, and still. One palm-sized dense solid iron torus descends and makes visible impact with one empty clear wine glass. The source stays in frame after the registered interaction.",visible downward impact on the intact brittle receiver,separate broken fragments remain around the impact point,the brittle receiver remains intact and uncracked,,,,365934920,0,49,8,480,832
causal_role_erasure_7m_single_seed_v2,eval7m_m02_c11,95,2,2,brittle_fracture,Brittle fracture,causal,holdout_source_seen_receiver,eval_holdout,direct,implicit,,1,brittle_fracture_shared_holdout_11_hemisphere,one palm-sized dense solid bronze hemisphere,brittle_fracture_train_receiver_03,one empty clear glass bottle,"Locked-camera close-up: one empty clear glass bottle is visible; the brittle receiver is intact, uncracked, and still. One palm-sized dense solid bronze hemisphere descends and makes visible impact with one empty clear glass bottle. The source stays in frame after the registered interaction.",visible downward impact on the intact brittle receiver,separate broken fragments remain around the impact point,the brittle receiver remains intact and uncracked,,,,375423048,0,49,8,480,832
causal_role_erasure_7m_single_seed_v2,eval7m_m02_c12,96,2,2,brittle_fracture,Brittle fracture,causal,holdout_source_seen_receiver,eval_holdout,natural,explicit,,0,brittle_fracture_shared_holdout_12_pyramid,one palm-sized dense solid titanium pyramid,brittle_fracture_train_receiver_04,one empty clear glass jar,"Locked-camera close-up: one empty clear glass jar is visible; the brittle receiver is intact, uncracked, and still. In a single natural descent, one palm-sized dense solid titanium pyramid drops onto one empty clear glass jar and makes visible impact. Afterward, the receiver breaks and separate fragments remain around the impact point; the source rests visibly among or beside the receiver.",visible downward impact on the intact brittle receiver,separate broken fragments remain around the impact point,the brittle receiver remains intact and uncracked,,,,1960444063,0,49,8,480,832
causal_role_erasure_7m_single_seed_v2,eval7m_m02_c13,97,2,2,brittle_fracture,Brittle fracture,causal,holdout_source_seen_receiver,eval_holdout,natural,explicit,,1,brittle_fracture_shared_holdout_13_wedge,one palm-sized dense solid ceramic wedge,brittle_fracture_train_receiver_05,one clear glass tile on two supports,"Locked-camera close-up: one clear glass tile on two supports is visible; the brittle receiver is intact, uncracked, and still. In a single natural descent, one palm-sized dense solid ceramic wedge drops onto one clear glass tile on two supports and makes visible impact. Afterward, the receiver breaks and separate fragments remain around the impact point; the source rests visibly among or beside the receiver.",visible downward impact on the intact brittle receiver,separate broken fragments remain around the impact point,the brittle receiver remains intact and uncracked,,,,1626453337,0,49,8,480,832
causal_role_erasure_7m_single_seed_v2,eval7m_m02_c14,98,2,2,brittle_fracture,Brittle fracture,causal,holdout_source_seen_receiver,eval_holdout,natural,implicit,,0,brittle_fracture_shared_holdout_14_ingot,one palm-sized dense solid stone ingot,brittle_fracture_train_receiver_06,one thin ceramic plate on dark supports,"Locked-camera close-up: one thin ceramic plate on dark supports is visible; the brittle receiver is intact, uncracked, and still. In a single natural descent, one palm-sized dense solid stone ingot drops onto one thin ceramic plate on dark supports and makes visible impact. The source stays in frame after the registered interaction.",visible downward impact on the intact brittle receiver,separate broken fragments remain around the impact point,the brittle receiver remains intact and uncracked,,,,258093740,0,49,8,480,832
causal_role_erasure_7m_single_seed_v2,eval7m_m02_c15,99,2,2,brittle_fracture,Brittle fracture,causal,holdout_source_seen_receiver,eval_holdout,natural,implicit,,1,brittle_fracture_shared_holdout_15_billet,one palm-sized dense solid alloy billet,brittle_fracture_train_receiver_07,one brittle plaster tile,"Locked-camera close-up: one brittle plaster tile is visible; the brittle receiver is intact, uncracked, and still. In a single natural descent, one palm-sized dense solid alloy billet drops onto one brittle plaster tile and makes visible impact. The source stays in frame after the registered interaction.",visible downward impact on the intact brittle receiver,separate broken fragments remain around the impact point,the brittle receiver remains intact and uncracked,,,,1934538458,0,49,8,480,832
causal_role_erasure_7m_single_seed_v2,eval7m_m02_c16,100,2,2,brittle_fracture,Brittle fracture,causal,seen_source_fresh_receiver,original_training,direct,explicit,,0,brittle_fracture_original_steel_ball,one polished steel ball,brittle_fracture_fresh_receiver_08,one intact black glass pane on dark supports,"Locked-camera close-up: one intact black glass pane on dark supports is visible; the brittle receiver is intact, uncracked, and still. One polished steel ball descends and makes visible impact with one intact black glass pane on dark supports. Afterward, the receiver breaks and separate fragments remain around the impact point; the source rests visibly among or beside the receiver.",visible downward impact on the intact brittle receiver,separate broken fragments remain around the impact point,the brittle receiver remains intact and uncracked,,,m6_brittle_fracture_original_training_direct,761753839,0,49,8,480,832
causal_role_erasure_7m_single_seed_v2,eval7m_m02_c17,101,2,2,brittle_fracture,Brittle fracture,causal,seen_source_fresh_receiver,augmentation_bank,direct,explicit,,1,brittle_fracture_shared_aug_v4v2_anchor,one palm-sized dense solid cast-iron anchor,brittle_fracture_fresh_receiver_09,one intact black ceramic tile on dark supports,"Locked-camera close-up: one intact black ceramic tile on dark supports is visible; the brittle receiver is intact, uncracked, and still. One palm-sized dense solid cast-iron anchor descends and makes visible impact with one intact black ceramic tile on dark supports. Afterward, the receiver breaks and separate fragments remain around the impact point; the source rests visibly among or beside the receiver.",visible downward impact on the intact brittle receiver,separate broken fragments remain around the impact point,the brittle receiver remains intact and uncracked,,,m6_brittle_fracture_augmentation_bank_direct,2101185428,0,49,8,480,832
causal_role_erasure_7m_single_seed_v2,eval7m_m02_c18,102,2,2,brittle_fracture,Brittle fracture,causal,seen_source_fresh_receiver,original_training,direct,implicit,,0,brittle_fracture_original_gray_stone,one smooth gray stone,brittle_fracture_fresh_receiver_10,one intact black glass jar on dark supports,"Locked-camera close-up: one intact black glass jar on dark supports is visible; the brittle receiver is intact, uncracked, and still. One smooth gray stone descends and makes visible impact with one intact black glass jar on dark supports. The source stays in frame after the registered interaction.",visible downward impact on the intact brittle receiver,separate broken fragments remain around the impact point,the brittle receiver remains intact and uncracked,,,,1194092147,0,49,8,480,832
causal_role_erasure_7m_single_seed_v2,eval7m_m02_c19,103,2,2,brittle_fracture,Brittle fracture,causal,seen_source_fresh_receiver,augmentation_bank,direct,implicit,,1,brittle_fracture_shared_aug_v4v2_anvil,one palm-sized dense solid cast-iron anvil,brittle_fracture_fresh_receiver_11,one intact black plaster plate on dark supports,"Locked-camera close-up: one intact black plaster plate on dark supports is visible; the brittle receiver is intact, uncracked, and still. One palm-sized dense solid cast-iron anvil descends and makes visible impact with one intact black plaster plate on dark supports. The source stays in frame after the registered interaction.",visible downward impact on the intact brittle receiver,separate broken fragments remain around the impact point,the brittle receiver remains intact and uncracked,,,,1637997178,0,49,8,480,832
causal_role_erasure_7m_single_seed_v2,eval7m_m02_c20,104,2,2,brittle_fracture,Brittle fracture,causal,seen_source_fresh_receiver,original_training,natural,explicit,,0,brittle_fracture_original_wood_mallet,one small wooden mallet,brittle_fracture_fresh_receiver_12,one intact black clay tablet on dark supports,"Locked-camera close-up: one intact black clay tablet on dark supports is visible; the brittle receiver is intact, uncracked, and still. In a single natural descent, one small wooden mallet drops onto one intact black clay tablet on dark supports and makes visible impact. Afterward, the receiver breaks and separate fragments remain around the impact point; the source rests visibly among or beside the receiver.",visible downward impact on the intact brittle receiver,separate broken fragments remain around the impact point,the brittle receiver remains intact and uncracked,,,m6_brittle_fracture_original_training_natural,1303097848,0,49,8,480,832
causal_role_erasure_7m_single_seed_v2,eval7m_m02_c21,105,2,2,brittle_fracture,Brittle fracture,causal,seen_source_fresh_receiver,augmentation_bank,natural,explicit,,1,brittle_fracture_shared_aug_v4v2_bookend,one palm-sized dense solid cast-iron bookend,brittle_fracture_fresh_receiver_13,one intact black glass vial on dark supports,"Locked-camera close-up: one intact black glass vial on dark supports is visible; the brittle receiver is intact, uncracked, and still. In a single natural descent, one palm-sized dense solid cast-iron bookend drops onto one intact black glass vial on dark supports and makes visible impact. Afterward, the receiver breaks and separate fragments remain around the impact point; the source rests visibly among or beside the receiver.",visible downward impact on the intact brittle receiver,separate broken fragments remain around the impact point,the brittle receiver remains intact and uncracked,,,m6_brittle_fracture_augmentation_bank_natural,1629457908,0,49,8,480,832
causal_role_erasure_7m_single_seed_v2,eval7m_m02_c22,106,2,2,brittle_fracture,Brittle fracture,causal,seen_source_fresh_receiver,original_training,natural,implicit,,0,brittle_fracture_original_metal_hammer,one small metal hammer,brittle_fracture_fresh_receiver_14,one intact red glass bowl on dark supports,"Locked-camera close-up: one intact red glass bowl on dark supports is visible; the brittle receiver is intact, uncracked, and still. In a single natural descent, one small metal hammer drops onto one intact red glass bowl on dark supports and makes visible impact. The source stays in frame after the registered interaction.",visible downward impact on the intact brittle receiver,separate broken fragments remain around the impact point,the brittle receiver remains intact and uncracked,,,,2100524709,0,49,8,480,832
causal_role_erasure_7m_single_seed_v2,eval7m_m02_c23,107,2,2,brittle_fracture,Brittle fracture,causal,seen_source_fresh_receiver,augmentation_bank,natural,implicit,,1,brittle_fracture_shared_aug_v4v2_boss,one palm-sized dense solid hammered-brass boss,brittle_fracture_fresh_receiver_15,one intact red glass pane on dark supports,"Locked-camera close-up: one intact red glass pane on dark supports is visible; the brittle receiver is intact, uncracked, and still. In a single natural descent, one palm-sized dense solid hammered-brass boss drops onto one intact red glass pane on dark supports and makes visible impact. The source stays in frame after the registered interaction.",visible downward impact on the intact brittle receiver,separate broken fragments remain around the impact point,the brittle receiver remains intact and uncracked,,,,687055133,0,49,8,480,832
causal_role_erasure_7m_single_seed_v2,eval7m_m02_c24,108,2,2,brittle_fracture,Brittle fracture,specificity,specificity,original_training,direct,,same_noun_noncausal,,brittle_fracture_original_steel_ball,one polished steel ball,brittle_fracture_fresh_receiver_08,one intact black glass pane on dark supports,"Locked-camera direct view, one polished steel ball remains clearly visible and motionless on a display stand beside one intact black glass pane on dark supports. The protected object never acts on the receiver, which stays in its registered clean state.",visible downward impact on the intact brittle receiver,separate broken fragments remain around the impact point,the protected source remains visible and noncausal,one polished steel ball,,m6_brittle_fracture_original_training_direct,1383272981,0,49,8,480,832
causal_role_erasure_7m_single_seed_v2,eval7m_m02_c25,109,2,2,brittle_fracture,Brittle fracture,specificity,specificity,original_training,direct,,role_swap_or_near_causal,,brittle_fracture_original_gray_stone,one smooth gray stone,brittle_fracture_fresh_receiver_17,one intact red glass jar on dark supports,"Locked-camera direct view, one smooth gray stone is a stationary bystander beside one intact red glass jar on dark supports. A separate neutral object approaches slowly but stops with a clear gap before completing the registered trigger.",visible downward impact on the intact brittle receiver,separate broken fragments remain around the impact point,the protected source remains visible and noncausal,one smooth gray stone,,,920600905,0,49,8,480,832
causal_role_erasure_7m_single_seed_v2,eval7m_m02_c26,110,2,2,brittle_fracture,Brittle fracture,specificity,specificity,original_training,direct,,same_footprint_alternative_cause,,brittle_fracture_original_wood_mallet,one small wooden mallet,brittle_fracture_fresh_receiver_18,one intact red plaster plate on dark supports,"Locked-camera direct view, one small wooden mallet stays clearly visible and motionless on a display stand beside one intact red plaster plate on dark supports. Then a small mechanical press descends onto the receiver; the receiver breaks and separate fragments remain around the impact point. The protected object remains noncausal.",visible downward impact on the intact brittle receiver,separate broken fragments remain around the impact point,the protected source remains visible and noncausal,one small wooden mallet,a small mechanical press descends onto the receiver,,1164233199,0,49,8,480,832
causal_role_erasure_7m_single_seed_v2,eval7m_m02_c27,111,2,2,brittle_fracture,Brittle fracture,specificity,specificity,original_training,natural,,same_noun_noncausal,,brittle_fracture_original_wood_mallet,one small wooden mallet,brittle_fracture_fresh_receiver_12,one intact black clay tablet on dark supports,"In one natural continuous locked-camera shot, one small wooden mallet remains clearly visible and motionless on a display stand beside one intact black clay tablet on dark supports. The protected object never acts on the receiver, which stays in its registered clean state.",visible downward impact on the intact brittle receiver,separate broken fragments remain around the impact point,the protected source remains visible and noncausal,one small wooden mallet,,m6_brittle_fracture_original_training_natural,1154704435,0,49,8,480,832
causal_role_erasure_7m_single_seed_v2,eval7m_m02_c28,112,2,2,brittle_fracture,Brittle fracture,specificity,specificity,original_training,natural,,role_swap_or_near_causal,,brittle_fracture_original_metal_hammer,one small metal hammer,brittle_fracture_fresh_receiver_20,one intact red glass vial on dark supports,"In one natural continuous locked-camera shot, one small metal hammer is a stationary bystander beside one intact red glass vial on dark supports. A separate neutral object approaches slowly but stops with a clear gap before completing the registered trigger.",visible downward impact on the intact brittle receiver,separate broken fragments remain around the impact point,the protected source remains visible and noncausal,one small metal hammer,,,655576660,0,49,8,480,832
causal_role_erasure_7m_single_seed_v2,eval7m_m02_c29,113,2,2,brittle_fracture,Brittle fracture,specificity,specificity,original_training,natural,,same_footprint_alternative_cause,,brittle_fracture_original_wood_baton,one short wooden baton,brittle_fracture_fresh_receiver_21,one intact blue glass bowl on dark supports,"In one natural continuous locked-camera shot, one short wooden baton stays clearly visible and motionless on a display stand beside one intact blue glass bowl on dark supports. Then a small mechanical press descends onto the receiver; the receiver breaks and separate fragments remain around the impact point. The protected object remains noncausal.",visible downward impact on the intact brittle receiver,separate broken fragments remain around the impact point,the protected source remains visible and noncausal,one short wooden baton,a small mechanical press descends onto the receiver,,748174868,0,49,8,480,832
causal_role_erasure_7m_single_seed_v2,eval7m_m02_c30,114,2,2,brittle_fracture,Brittle fracture,specificity,specificity,augmentation_bank,direct,,same_noun_noncausal,,brittle_fracture_shared_aug_v4v2_anchor,one palm-sized dense solid cast-iron anchor,brittle_fracture_fresh_receiver_09,one intact black ceramic tile on dark supports,"Locked-camera direct view, one palm-sized dense solid cast-iron anchor remains clearly visible and motionless on a display stand beside one intact black ceramic tile on dark supports. The protected object never acts on the receiver, which stays in its registered clean state.",visible downward impact on the intact brittle receiver,separate broken fragments remain around the impact point,the protected source remains visible and noncausal,one palm-sized dense solid cast-iron anchor,,m6_brittle_fracture_augmentation_bank_direct,512008189,0,49,8,480,832
causal_role_erasure_7m_single_seed_v2,eval7m_m02_c31,115,2,2,brittle_fracture,Brittle fracture,specificity,specificity,augmentation_bank,direct,,role_swap_or_near_causal,,brittle_fracture_shared_aug_v4v2_caster,one palm-sized dense rigid locked cast-iron caster,brittle_fracture_fresh_receiver_23,one intact blue ceramic tile on dark supports,"Locked-camera direct view, one palm-sized dense rigid locked cast-iron caster is a stationary bystander beside one intact blue ceramic tile on dark supports. A separate neutral object approaches slowly but stops with a clear gap before completing the registered trigger.",visible downward impact on the intact brittle receiver,separate broken fragments remain around the impact point,the protected source remains visible and noncausal,one palm-sized dense rigid locked cast-iron caster,,,900551467,0,49,8,480,832
causal_role_erasure_7m_single_seed_v2,eval7m_m02_c32,116,2,2,brittle_fracture,Brittle fracture,specificity,specificity,augmentation_bank,direct,,same_footprint_alternative_cause,,brittle_fracture_shared_aug_v4v2_chisel,one palm-sized dense solid hardened-steel chisel,brittle_fracture_fresh_receiver_24,one intact blue glass jar on dark supports,"Locked-camera direct view, one palm-sized dense solid hardened-steel chisel stays clearly visible and motionless on a display stand beside one intact blue glass jar on dark supports. Then a small mechanical press descends onto the receiver; the receiver breaks and separate fragments remain around the impact point. The protected object remains noncausal.",visible downward impact on the intact brittle receiver,separate broken fragments remain around the impact point,the protected source remains visible and noncausal,one palm-sized dense solid hardened-steel chisel,a small mechanical press descends onto the receiver,,486581599,0,49,8,480,832
causal_role_erasure_7m_single_seed_v2,eval7m_m02_c33,117,2,2,brittle_fracture,Brittle fracture,specificity,specificity,augmentation_bank,natural,,same_noun_noncausal,,brittle_fracture_shared_aug_v4v2_bookend,one palm-sized dense solid cast-iron bookend,brittle_fracture_fresh_receiver_13,one intact black glass vial on dark supports,"In one natural continuous locked-camera shot, one palm-sized dense solid cast-iron bookend remains clearly visible and motionless on a display stand beside one intact black glass vial on dark supports. The protected object never acts on the receiver, which stays in its registered clean state.",visible downward impact on the intact brittle receiver,separate broken fragments remain around the impact point,the protected source remains visible and noncausal,one palm-sized dense solid cast-iron bookend,,m6_brittle_fracture_augmentation_bank_natural,2061544456,0,49,8,480,832
causal_role_erasure_7m_single_seed_v2,eval7m_m02_c34,118,2,2,brittle_fracture,Brittle fracture,specificity,specificity,augmentation_bank,natural,,role_swap_or_near_causal,,brittle_fracture_shared_aug_v4v2_clamp,one palm-sized dense rigid closed-steel clamp,brittle_fracture_fresh_receiver_26,one intact blue clay tablet on dark supports,"In one natural continuous locked-camera shot, one palm-sized dense rigid closed-steel clamp is a stationary bystander beside one intact blue clay tablet on dark supports. A separate neutral object approaches slowly but stops with a clear gap before completing the registered trigger.",visible downward impact on the intact brittle receiver,separate broken fragments remain around the impact point,the protected source remains visible and noncausal,one palm-sized dense rigid closed-steel clamp,,,1418425711,0,49,8,480,832
causal_role_erasure_7m_single_seed_v2,eval7m_m02_c35,119,2,2,brittle_fracture,Brittle fracture,specificity,specificity,augmentation_bank,natural,,same_footprint_alternative_cause,,brittle_fracture_shared_aug_v4v2_clevis,one palm-sized dense solid forged-titanium clevis,brittle_fracture_fresh_receiver_27,one intact blue glass vial on dark supports,"In one natural continuous locked-camera shot, one palm-sized dense solid forged-titanium clevis stays clearly visible and motionless on a display stand beside one intact blue glass vial on dark supports. Then a small mechanical press descends onto the receiver; the receiver breaks and separate fragments remain around the impact point. The protected object remains noncausal.",visible downward impact on the intact brittle receiver,separate broken fragments remain around the impact point,the protected source remains visible and noncausal,one palm-sized dense solid forged-titanium clevis,a small mechanical press descends onto the receiver,,2078234759,0,49,8,480,832
causal_role_erasure_7m_single_seed_v2,eval7m_m02_c36,120,2,2,brittle_fracture,Brittle fracture,specificity,specificity,eval_holdout,direct,,same_noun_noncausal,,brittle_fracture_shared_holdout_00_orb,one palm-sized dense solid steel orb,brittle_fracture_fresh_receiver_00,one intact white glass bowl on dark supports,"Locked-camera direct view, one palm-sized dense solid steel orb remains clearly visible and motionless on a display stand beside one intact white glass bowl on dark supports. The protected object never acts on the receiver, which stays in its registered clean state.",visible downward impact on the intact brittle receiver,separate broken fragments remain around the impact point,the protected source remains visible and noncausal,one palm-sized dense solid steel orb,,m6_brittle_fracture_eval_holdout_direct,1258861799,0,49,8,480,832
causal_role_erasure_7m_single_seed_v2,eval7m_m02_c37,121,2,2,brittle_fracture,Brittle fracture,specificity,specificity,eval_holdout,direct,,role_swap_or_near_causal,,brittle_fracture_shared_holdout_17_brick,one palm-sized dense solid brass brick,brittle_fracture_fresh_receiver_29,one intact green glass pane on dark supports,"Locked-camera direct view, one palm-sized dense solid brass brick is a stationary bystander beside one intact green glass pane on dark supports. A separate neutral object approaches slowly but stops with a clear gap before completing the registered trigger.",visible downward impact on the intact brittle receiver,separate broken fragments remain around the impact point,the protected source remains visible and noncausal,one palm-sized dense solid brass brick,,,1825820051,0,49,8,480,832
causal_role_erasure_7m_single_seed_v2,eval7m_m02_c38,122,2,2,brittle_fracture,Brittle fracture,specificity,specificity,eval_holdout,direct,,same_footprint_alternative_cause,,brittle_fracture_shared_holdout_18_tile,one palm-sized dense solid iron tile,brittle_fracture_fresh_receiver_30,one intact green ceramic tile on dark supports,"Locked-camera direct view, one palm-sized dense solid iron tile stays clearly visible and motionless on a display stand beside one intact green ceramic tile on dark supports. Then a small mechanical press descends onto the receiver; the receiver breaks and separate fragments remain around the impact point. The protected object remains noncausal.",visible downward impact on the intact brittle receiver,separate broken fragments remain around the impact point,the protected source remains visible and noncausal,one palm-sized dense solid iron tile,a small mechanical press descends onto the receiver,,1559010326,0,49,8,480,832
causal_role_erasure_7m_single_seed_v2,eval7m_m02_c39,123,2,2,brittle_fracture,Brittle fracture,specificity,specificity,eval_holdout,natural,,same_noun_noncausal,,brittle_fracture_shared_holdout_04_tetrahedron,one palm-sized dense solid titanium tetrahedron,brittle_fracture_fresh_receiver_04,one intact white plaster plate on dark supports,"In one natural continuous locked-camera shot, one palm-sized dense solid titanium tetrahedron remains clearly visible and motionless on a display stand beside one intact white plaster plate on dark supports. The protected object never acts on the receiver, which stays in its registered clean state.",visible downward impact on the intact brittle receiver,separate broken fragments remain around the impact point,the protected source remains visible and noncausal,one palm-sized dense solid titanium tetrahedron,,m6_brittle_fracture_eval_holdout_natural,1059050255,0,49,8,480,832
causal_role_erasure_7m_single_seed_v2,eval7m_m02_c40,124,2,2,brittle_fracture,Brittle fracture,specificity,specificity,eval_holdout,natural,,role_swap_or_near_causal,,brittle_fracture_shared_holdout_20_pebble,one palm-sized dense solid titanium pebble,brittle_fracture_fresh_receiver_32,one intact green plaster plate on dark supports,"In one natural continuous locked-camera shot, one palm-sized dense solid titanium pebble is a stationary bystander beside one intact green plaster plate on dark supports. A separate neutral object approaches slowly but stops with a clear gap before completing the registered trigger.",visible downward impact on the intact brittle receiver,separate broken fragments remain around the impact point,the protected source remains visible and noncausal,one palm-sized dense solid titanium pebble,,,1191610114,0,49,8,480,832
causal_role_erasure_7m_single_seed_v2,eval7m_m02_c41,125,2,2,brittle_fracture,Brittle fracture,specificity,specificity,eval_holdout,natural,,same_footprint_alternative_cause,,brittle_fracture_shared_holdout_21_stone,one palm-sized dense solid ceramic stone,brittle_fracture_fresh_receiver_33,one intact green clay tablet on dark supports,"In one natural continuous locked-camera shot, one palm-sized dense solid ceramic stone stays clearly visible and motionless on a display stand beside one intact green clay tablet on dark supports. Then a small mechanical press descends onto the receiver; the receiver breaks and separate fragments remain around the impact point. The protected object remains noncausal.",visible downward impact on the intact brittle receiver,separate broken fragments remain around the impact point,the protected source remains visible and noncausal,one palm-sized dense solid ceramic stone,a small mechanical press descends onto the receiver,,1232499844,0,49,8,480,832
causal_role_erasure_7m_single_seed_v2,eval7m_m03_c00,126,3,3,powder_impact,Powder impact,causal,holdout_source_fresh_receiver,eval_holdout,direct,explicit,,0,powder_impact_shared_holdout_00_orb,one palm-sized dense solid steel orb,powder_impact_fresh_receiver_00,a shallow white flour tray with a flat surface,"Locked-camera close-up: a shallow white flour tray with a flat surface is visible; the loose surface is flat, smooth, and still. One palm-sized dense solid steel orb descends into the center of a shallow white flour tray with a flat surface and visibly reaches the loose surface. Afterward, the source stays half embedded and a deep round crater remains around it; the source remains visible and half embedded.",visible downward contact with the flat powder bed,a deep round crater remains around the half-embedded source,"the powder bed remains flat, smooth, and undisturbed",,,m6_powder_impact_eval_holdout_direct,534947596,0,49,8,480,832
causal_role_erasure_7m_single_seed_v2,eval7m_m03_c01,127,3,3,powder_impact,Powder impact,causal,holdout_source_fresh_receiver,eval_holdout,direct,explicit,,1,powder_impact_shared_holdout_01_sphere,one palm-sized dense solid brass sphere,powder_impact_fresh_receiver_01,a shallow white sand tray with a flat surface,"Locked-camera close-up: a shallow white sand tray with a flat surface is visible; the loose surface is flat, smooth, and still. One palm-sized dense solid brass sphere descends into the center of a shallow white sand tray with a flat surface and visibly reaches the loose surface. Afterward, the source stays half embedded and a deep round crater remains around it; the source remains visible and half embedded.",visible downward contact with the flat powder bed,a deep round crater remains around the half-embedded source,"the powder bed remains flat, smooth, and undisturbed",,,,269460291,0,49,8,480,832
causal_role_erasure_7m_single_seed_v2,eval7m_m03_c02,128,3,3,powder_impact,Powder impact,causal,holdout_source_fresh_receiver,eval_holdout,direct,implicit,,0,powder_impact_shared_holdout_02_capsule,one palm-sized dense solid iron capsule,powder_impact_fresh_receiver_02,a shallow white cocoa tray with a flat surface,"Locked-camera close-up: a shallow white cocoa tray with a flat surface is visible; the loose surface is flat, smooth, and still. One palm-sized dense solid iron capsule descends into the center of a shallow white cocoa tray with a flat surface and visibly reaches the loose surface. The source stays in frame after the registered interaction.",visible downward contact with the flat powder bed,a deep round crater remains around the half-embedded source,"the powder bed remains flat, smooth, and undisturbed",,,,206270476,0,49,8,480,832
causal_role_erasure_7m_single_seed_v2,eval7m_m03_c03,129,3,3,powder_impact,Powder impact,causal,holdout_source_fresh_receiver,eval_holdout,direct,implicit,,1,powder_impact_shared_holdout_03_prism,one palm-sized dense solid bronze prism,powder_impact_fresh_receiver_03,a shallow white chalk-powder tray with a flat surface,"Locked-camera close-up: a shallow white chalk-powder tray with a flat surface is visible; the loose surface is flat, smooth, and still. One palm-sized dense solid bronze prism descends into the center of a shallow white chalk-powder tray with a flat surface and visibly reaches the loose surface. The source stays in frame after the registered interaction.",visible downward contact with the flat powder bed,a deep round crater remains around the half-embedded source,"the powder bed remains flat, smooth, and undisturbed",,,,1771697049,0,49,8,480,832
causal_role_erasure_7m_single_seed_v2,eval7m_m03_c04,130,3,3,powder_impact,Powder impact,causal,holdout_source_fresh_receiver,eval_holdout,natural,explicit,,0,powder_impact_shared_holdout_04_tetrahedron,one palm-sized dense solid titanium tetrahedron,powder_impact_fresh_receiver_04,a shallow white soil tray with a flat surface,"Locked-camera close-up: a shallow white soil tray with a flat surface is visible; the loose surface is flat, smooth, and still. In one natural descent, one palm-sized dense solid titanium tetrahedron drops into the center of a shallow white soil tray with a flat surface and reaches the loose surface. Afterward, the source stays half embedded and a deep round crater remains around it; the source remains visible and half embedded.",visible downward contact with the flat powder bed,a deep round crater remains around the half-embedded source,"the powder bed remains flat, smooth, and undisturbed",,,m6_powder_impact_eval_holdout_natural,1913022697,0,49,8,480,832
causal_role_erasure_7m_single_seed_v2,eval7m_m03_c05,131,3,3,powder_impact,Powder impact,causal,holdout_source_fresh_receiver,eval_holdout,natural,explicit,,1,powder_impact_shared_holdout_05_octahedron,one palm-sized dense solid ceramic octahedron,powder_impact_fresh_receiver_05,a shallow white ash tray with a flat surface,"Locked-camera close-up: a shallow white ash tray with a flat surface is visible; the loose surface is flat, smooth, and still. In one natural descent, one palm-sized dense solid ceramic octahedron drops into the center of a shallow white ash tray with a flat surface and reaches the loose surface. Afterward, the source stays half embedded and a deep round crater remains around it; the source remains visible and half embedded.",visible downward contact with the flat powder bed,a deep round crater remains around the half-embedded source,"the powder bed remains flat, smooth, and undisturbed",,,,754541428,0,49,8,480,832
causal_role_erasure_7m_single_seed_v2,eval7m_m03_c06,132,3,3,powder_impact,Powder impact,causal,holdout_source_fresh_receiver,eval_holdout,natural,implicit,,0,powder_impact_shared_holdout_06_dodecahedron,one palm-sized dense solid stone dodecahedron,powder_impact_fresh_receiver_06,a shallow white clay-powder tray with a flat surface,"Locked-camera close-up: a shallow white clay-powder tray with a flat surface is visible; the loose surface is flat, smooth, and still. In one natural descent, one palm-sized dense solid stone dodecahedron drops into the center of a shallow white clay-powder tray with a flat surface and reaches the loose surface. The source stays in frame after the registered interaction.",visible downward contact with the flat powder bed,a deep round crater remains around the half-embedded source,"the powder bed remains flat, smooth, and undisturbed",,,,1281534705,0,49,8,480,832
causal_role_erasure_7m_single_seed_v2,eval7m_m03_c07,133,3,3,powder_impact,Powder impact,causal,holdout_source_fresh_receiver,eval_holdout,natural,implicit,,1,powder_impact_shared_holdout_07_icosahedron,one palm-sized dense solid alloy icosahedron,powder_impact_fresh_receiver_07,a shallow black flour tray with a flat surface,"Locked-camera close-up: a shallow black flour tray with a flat surface is visible; the loose surface is flat, smooth, and still. In one natural descent, one palm-sized dense solid alloy icosahedron drops into the center of a shallow black flour tray with a flat surface and reaches the loose surface. The source stays in frame after the registered interaction.",visible downward contact with the flat powder bed,a deep round crater remains around the half-embedded source,"the powder bed remains flat, smooth, and undisturbed",,,,1124408698,0,49,8,480,832
causal_role_erasure_7m_single_seed_v2,eval7m_m03_c08,134,3,3,powder_impact,Powder impact,causal,holdout_source_seen_receiver,eval_holdout,direct,explicit,,0,powder_impact_shared_holdout_08_ellipsoid,one palm-sized dense solid steel ellipsoid,powder_impact_train_receiver_00,a shallow black tray filled with white flour,"Locked-camera close-up: a shallow black tray filled with white flour is visible; the loose surface is flat, smooth, and still. One palm-sized dense solid steel ellipsoid descends into the center of a shallow black tray filled with white flour and visibly reaches the loose surface. Afterward, the source stays half embedded and a deep round crater remains around it; the source remains visible and half embedded.",visible downward contact with the flat powder bed,a deep round crater remains around the half-embedded source,"the powder bed remains flat, smooth, and undisturbed",,,,1588270986,0,49,8,480,832
causal_role_erasure_7m_single_seed_v2,eval7m_m03_c09,135,3,3,powder_impact,Powder impact,causal,holdout_source_seen_receiver,eval_holdout,direct,explicit,,1,powder_impact_shared_holdout_09_ovoid,one palm-sized dense solid brass ovoid,powder_impact_train_receiver_01,a shallow white tray filled with cocoa powder,"Locked-camera close-up: a shallow white tray filled with cocoa powder is visible; the loose surface is flat, smooth, and still. One palm-sized dense solid brass ovoid descends into the center of a shallow white tray filled with cocoa powder and visibly reaches the loose surface. Afterward, the source stays half embedded and a deep round crater remains around it; the source remains visible and half embedded.",visible downward contact with the flat powder bed,a deep round crater remains around the half-embedded source,"the powder bed remains flat, smooth, and undisturbed",,,,1214089085,0,49,8,480,832
causal_role_erasure_7m_single_seed_v2,eval7m_m03_c10,136,3,3,powder_impact,Powder impact,causal,holdout_source_seen_receiver,eval_holdout,direct,implicit,,0,powder_impact_shared_holdout_10_torus,one palm-sized dense solid iron torus,powder_impact_train_receiver_02,a shallow dark tray filled with cornstarch,"Locked-camera close-up: a shallow dark tray filled with cornstarch is visible; the loose surface is flat, smooth, and still. One palm-sized dense solid iron torus descends into the center of a shallow dark tray filled with cornstarch and visibly reaches the loose surface. The source stays in frame after the registered interaction.",visible downward contact with the flat powder bed,a deep round crater remains around the half-embedded source,"the powder bed remains flat, smooth, and undisturbed",,,,1493071873,0,49,8,480,832
causal_role_erasure_7m_single_seed_v2,eval7m_m03_c11,137,3,3,powder_impact,Powder impact,causal,holdout_source_seen_receiver,eval_holdout,direct,implicit,,1,powder_impact_shared_holdout_11_hemisphere,one palm-sized dense solid bronze hemisphere,powder_impact_train_receiver_03,a shallow steel tray filled with fine tan sand,"Locked-camera close-up: a shallow steel tray filled with fine tan sand is visible; the loose surface is flat, smooth, and still. One palm-sized dense solid bronze hemisphere descends into the center of a shallow steel tray filled with fine tan sand and visibly reaches the loose surface. The source stays in frame after the registered interaction.",visible downward contact with the flat powder bed,a deep round crater remains around the half-embedded source,"the powder bed remains flat, smooth, and undisturbed",,,,1969426795,0,49,8,480,832
causal_role_erasure_7m_single_seed_v2,eval7m_m03_c12,138,3,3,powder_impact,Powder impact,causal,holdout_source_seen_receiver,eval_holdout,natural,explicit,,0,powder_impact_shared_holdout_12_pyramid,one palm-sized dense solid titanium pyramid,powder_impact_train_receiver_04,a shallow blue tray filled with powdered sugar,"Locked-camera close-up: a shallow blue tray filled with powdered sugar is visible; the loose surface is flat, smooth, and still. In one natural descent, one palm-sized dense solid titanium pyramid drops into the center of a shallow blue tray filled with powdered sugar and reaches the loose surface. Afterward, the source stays half embedded and a deep round crater remains around it; the source remains visible and half embedded.",visible downward contact with the flat powder bed,a deep round crater remains around the half-embedded source,"the powder bed remains flat, smooth, and undisturbed",,,,130357198,0,49,8,480,832
causal_role_erasure_7m_single_seed_v2,eval7m_m03_c13,139,3,3,powder_impact,Powder impact,causal,holdout_source_seen_receiver,eval_holdout,natural,explicit,,1,powder_impact_shared_holdout_13_wedge,one palm-sized dense solid ceramic wedge,powder_impact_train_receiver_05,a shallow glass tray filled with chalk powder,"Locked-camera close-up: a shallow glass tray filled with chalk powder is visible; the loose surface is flat, smooth, and still. In one natural descent, one palm-sized dense solid ceramic wedge drops into the center of a shallow glass tray filled with chalk powder and reaches the loose surface. Afterward, the source stays half embedded and a deep round crater remains around it; the source remains visible and half embedded.",visible downward contact with the flat powder bed,a deep round crater remains around the half-embedded source,"the powder bed remains flat, smooth, and undisturbed",,,,75588227,0,49,8,480,832
causal_role_erasure_7m_single_seed_v2,eval7m_m03_c14,140,3,3,powder_impact,Powder impact,causal,holdout_source_seen_receiver,eval_holdout,natural,implicit,,0,powder_impact_shared_holdout_14_ingot,one palm-sized dense solid stone ingot,powder_impact_train_receiver_06,a shallow red tray filled with dry soil,"Locked-camera close-up: a shallow red tray filled with dry soil is visible; the loose surface is flat, smooth, and still. In one natural descent, one palm-sized dense solid stone ingot drops into the center of a shallow red tray filled with dry soil and reaches the loose surface. The source stays in frame after the registered interaction.",visible downward contact with the flat powder bed,a deep round crater remains around the half-embedded source,"the powder bed remains flat, smooth, and undisturbed",,,,1238792534,0,49,8,480,832
causal_role_erasure_7m_single_seed_v2,eval7m_m03_c15,141,3,3,powder_impact,Powder impact,causal,holdout_source_seen_receiver,eval_holdout,natural,implicit,,1,powder_impact_shared_holdout_15_billet,one palm-sized dense solid alloy billet,powder_impact_train_receiver_07,a shallow ceramic tray filled with fine ash,"Locked-camera close-up: a shallow ceramic tray filled with fine ash is visible; the loose surface is flat, smooth, and still. In one natural descent, one palm-sized dense solid alloy billet drops into the center of a shallow ceramic tray filled with fine ash and reaches the loose surface. The source stays in frame after the registered interaction.",visible downward contact with the flat powder bed,a deep round crater remains around the half-embedded source,"the powder bed remains flat, smooth, and undisturbed",,,,1184296075,0,49,8,480,832
causal_role_erasure_7m_single_seed_v2,eval7m_m03_c16,142,3,3,powder_impact,Powder impact,causal,seen_source_fresh_receiver,original_training,direct,explicit,,0,powder_impact_original_red_ball,one large glossy red ball,powder_impact_fresh_receiver_08,a shallow black sand tray with a flat surface,"Locked-camera close-up: a shallow black sand tray with a flat surface is visible; the loose surface is flat, smooth, and still. One large glossy red ball descends into the center of a shallow black sand tray with a flat surface and visibly reaches the loose surface. Afterward, the source stays half embedded and a deep round crater remains around it; the source remains visible and half embedded.",visible downward contact with the flat powder bed,a deep round crater remains around the half-embedded source,"the powder bed remains flat, smooth, and undisturbed",,,m6_powder_impact_original_training_direct,98650238,0,49,8,480,832
causal_role_erasure_7m_single_seed_v2,eval7m_m03_c17,143,3,3,powder_impact,Powder impact,causal,seen_source_fresh_receiver,augmentation_bank,direct,explicit,,1,powder_impact_shared_aug_v4v2_anchor,one palm-sized dense solid cast-iron anchor,powder_impact_fresh_receiver_09,a shallow black cocoa tray with a flat surface,"Locked-camera close-up: a shallow black cocoa tray with a flat surface is visible; the loose surface is flat, smooth, and still. One palm-sized dense solid cast-iron anchor descends into the center of a shallow black cocoa tray with a flat surface and visibly reaches the loose surface. Afterward, the source stays half embedded and a deep round crater remains around it; the source remains visible and half embedded.",visible downward contact with the flat powder bed,a deep round crater remains around the half-embedded source,"the powder bed remains flat, smooth, and undisturbed",,,m6_powder_impact_augmentation_bank_direct,1180706296,0,49,8,480,832
causal_role_erasure_7m_single_seed_v2,eval7m_m03_c18,144,3,3,powder_impact,Powder impact,causal,seen_source_fresh_receiver,original_training,direct,implicit,,0,powder_impact_original_blue_ball,one large glossy blue ball,powder_impact_fresh_receiver_10,a shallow black chalk-powder tray with a flat surface,"Locked-camera close-up: a shallow black chalk-powder tray with a flat surface is visible; the loose surface is flat, smooth, and still. One large glossy blue ball descends into the center of a shallow black chalk-powder tray with a flat surface and visibly reaches the loose surface. The source stays in frame after the registered interaction.",visible downward contact with the flat powder bed,a deep round crater remains around the half-embedded source,"the powder bed remains flat, smooth, and undisturbed",,,,1429255879,0,49,8,480,832
causal_role_erasure_7m_single_seed_v2,eval7m_m03_c19,145,3,3,powder_impact,Powder impact,causal,seen_source_fresh_receiver,augmentation_bank,direct,implicit,,1,powder_impact_shared_aug_v4v2_anvil,one palm-sized dense solid cast-iron anvil,powder_impact_fresh_receiver_11,a shallow black soil tray with a flat surface,"Locked-camera close-up: a shallow black soil tray with a flat surface is visible; the loose surface is flat, smooth, and still. One palm-sized dense solid cast-iron anvil descends into the center of a shallow black soil tray with a flat surface and visibly reaches the loose surface. The source stays in frame after the registered interaction.",visible downward contact with the flat powder bed,a deep round crater remains around the half-embedded source,"the powder bed remains flat, smooth, and undisturbed",,,,880684622,0,49,8,480,832
causal_role_erasure_7m_single_seed_v2,eval7m_m03_c20,146,3,3,powder_impact,Powder impact,causal,seen_source_fresh_receiver,original_training,natural,explicit,,0,powder_impact_original_steel_ball,one polished steel ball,powder_impact_fresh_receiver_12,a shallow black ash tray with a flat surface,"Locked-camera close-up: a shallow black ash tray with a flat surface is visible; the loose surface is flat, smooth, and still. In one natural descent, one polished steel ball drops into the center of a shallow black ash tray with a flat surface and reaches the loose surface. Afterward, the source stays half embedded and a deep round crater remains around it; the source remains visible and half embedded.",visible downward contact with the flat powder bed,a deep round crater remains around the half-embedded source,"the powder bed remains flat, smooth, and undisturbed",,,m6_powder_impact_original_training_natural,366146185,0,49,8,480,832
causal_role_erasure_7m_single_seed_v2,eval7m_m03_c21,147,3,3,powder_impact,Powder impact,causal,seen_source_fresh_receiver,augmentation_bank,natural,explicit,,1,powder_impact_shared_aug_v4v2_bookend,one palm-sized dense solid cast-iron bookend,powder_impact_fresh_receiver_13,a shallow black clay-powder tray with a flat surface,"Locked-camera close-up: a shallow black clay-powder tray with a flat surface is visible; the loose surface is flat, smooth, and still. In one natural descent, one palm-sized dense solid cast-iron bookend drops into the center of a shallow black clay-powder tray with a flat surface and reaches the loose surface. Afterward, the source stays half embedded and a deep round crater remains around it; the source remains visible and half embedded.",visible downward contact with the flat powder bed,a deep round crater remains around the half-embedded source,"the powder bed remains flat, smooth, and undisturbed",,,m6_powder_impact_augmentation_bank_natural,233889696,0,49,8,480,832
causal_role_erasure_7m_single_seed_v2,eval7m_m03_c22,148,3,3,powder_impact,Powder impact,causal,seen_source_fresh_receiver,original_training,natural,implicit,,0,powder_impact_original_wood_cube,one small wooden cube,powder_impact_fresh_receiver_14,a shallow red flour tray with a flat surface,"Locked-camera close-up: a shallow red flour tray with a flat surface is visible; the loose surface is flat, smooth, and still. In one natural descent, one small wooden cube drops into the center of a shallow red flour tray with a flat surface and reaches the loose surface. The source stays in frame after the registered interaction.",visible downward contact with the flat powder bed,a deep round crater remains around the half-embedded source,"the powder bed remains flat, smooth, and undisturbed",,,,1509934733,0,49,8,480,832
causal_role_erasure_7m_single_seed_v2,eval7m_m03_c23,149,3,3,powder_impact,Powder impact,causal,seen_source_fresh_receiver,augmentation_bank,natural,implicit,,1,powder_impact_shared_aug_v4v2_boss,one palm-sized dense solid hammered-brass boss,powder_impact_fresh_receiver_15,a shallow red sand tray with a flat surface,"Locked-camera close-up: a shallow red sand tray with a flat surface is visible; the loose surface is flat, smooth, and still. In one natural descent, one palm-sized dense solid hammered-brass boss drops into the center of a shallow red sand tray with a flat surface and reaches the loose surface. The source stays in frame after the registered interaction.",visible downward contact with the flat powder bed,a deep round crater remains around the half-embedded source,"the powder bed remains flat, smooth, and undisturbed",,,,1105274029,0,49,8,480,832
causal_role_erasure_7m_single_seed_v2,eval7m_m03_c24,150,3,3,powder_impact,Powder impact,specificity,specificity,original_training,direct,,same_noun_noncausal,,powder_impact_original_red_ball,one large glossy red ball,powder_impact_fresh_receiver_08,a shallow black sand tray with a flat surface,"Locked-camera direct view, one large glossy red ball remains clearly visible and motionless on a display stand beside a shallow black sand tray with a flat surface. The protected object never acts on the receiver, which stays in its registered clean state.",visible downward contact with the flat powder bed,a deep round crater remains around the half-embedded source,the protected source remains visible and noncausal,one large glossy red ball,,m6_powder_impact_original_training_direct,164860908,0,49,8,480,832
causal_role_erasure_7m_single_seed_v2,eval7m_m03_c25,151,3,3,powder_impact,Powder impact,specificity,specificity,original_training,direct,,role_swap_or_near_causal,,powder_impact_original_blue_ball,one large glossy blue ball,powder_impact_fresh_receiver_17,a shallow red chalk-powder tray with a flat surface,"Locked-camera direct view, one large glossy blue ball is a stationary bystander beside a shallow red chalk-powder tray with a flat surface. A separate neutral object approaches slowly but stops with a clear gap before completing the registered trigger.",visible downward contact with the flat powder bed,a deep round crater remains around the half-embedded source,the protected source remains visible and noncausal,one large glossy blue ball,,,302210881,0,49,8,480,832
causal_role_erasure_7m_single_seed_v2,eval7m_m03_c26,152,3,3,powder_impact,Powder impact,specificity,specificity,original_training,direct,,same_footprint_alternative_cause,,powder_impact_original_steel_ball,one polished steel ball,powder_impact_fresh_receiver_18,a shallow red soil tray with a flat surface,"Locked-camera direct view, one polished steel ball stays clearly visible and motionless on a display stand beside a shallow red soil tray with a flat surface. Then a round mechanical plunger presses once into the powder; the source stays half embedded and a deep round crater remains around it. The protected object remains noncausal.",visible downward contact with the flat powder bed,a deep round crater remains around the half-embedded source,the protected source remains visible and noncausal,one polished steel ball,a round mechanical plunger presses once into the powder,,127998700,0,49,8,480,832
causal_role_erasure_7m_single_seed_v2,eval7m_m03_c27,153,3,3,powder_impact,Powder impact,specificity,specificity,original_training,natural,,same_noun_noncausal,,powder_impact_original_steel_ball,one polished steel ball,powder_impact_fresh_receiver_12,a shallow black ash tray with a flat surface,"In one natural continuous locked-camera shot, one polished steel ball remains clearly visible and motionless on a display stand beside a shallow black ash tray with a flat surface. The protected object never acts on the receiver, which stays in its registered clean state.",visible downward contact with the flat powder bed,a deep round crater remains around the half-embedded source,the protected source remains visible and noncausal,one polished steel ball,,m6_powder_impact_original_training_natural,296999289,0,49,8,480,832
causal_role_erasure_7m_single_seed_v2,eval7m_m03_c28,154,3,3,powder_impact,Powder impact,specificity,specificity,original_training,natural,,role_swap_or_near_causal,,powder_impact_original_wood_cube,one small wooden cube,powder_impact_fresh_receiver_20,a shallow red clay-powder tray with a flat surface,"In one natural continuous locked-camera shot, one small wooden cube is a stationary bystander beside a shallow red clay-powder tray with a flat surface. A separate neutral object approaches slowly but stops with a clear gap before completing the registered trigger.",visible downward contact with the flat powder bed,a deep round crater remains around the half-embedded source,the protected source remains visible and noncausal,one small wooden cube,,,676989993,0,49,8,480,832
causal_role_erasure_7m_single_seed_v2,eval7m_m03_c29,155,3,3,powder_impact,Powder impact,specificity,specificity,original_training,natural,,same_footprint_alternative_cause,,powder_impact_original_gray_stone,one smooth gray stone,powder_impact_fresh_receiver_21,a shallow blue flour tray with a flat surface,"In one natural continuous locked-camera shot, one smooth gray stone stays clearly visible and motionless on a display stand beside a shallow blue flour tray with a flat surface. Then a round mechanical plunger presses once into the powder; the source stays half embedded and a deep round crater remains around it. The protected object remains noncausal.",visible downward contact with the flat powder bed,a deep round crater remains around the half-embedded source,the protected source remains visible and noncausal,one smooth gray stone,a round mechanical plunger presses once into the powder,,1566288533,0,49,8,480,832
causal_role_erasure_7m_single_seed_v2,eval7m_m03_c30,156,3,3,powder_impact,Powder impact,specificity,specificity,augmentation_bank,direct,,same_noun_noncausal,,powder_impact_shared_aug_v4v2_anchor,one palm-sized dense solid cast-iron anchor,powder_impact_fresh_receiver_09,a shallow black cocoa tray with a flat surface,"Locked-camera direct view, one palm-sized dense solid cast-iron anchor remains clearly visible and motionless on a display stand beside a shallow black cocoa tray with a flat surface. The protected object never acts on the receiver, which stays in its registered clean state.",visible downward contact with the flat powder bed,a deep round crater remains around the half-embedded source,the protected source remains visible and noncausal,one palm-sized dense solid cast-iron anchor,,m6_powder_impact_augmentation_bank_direct,1227100597,0,49,8,480,832
causal_role_erasure_7m_single_seed_v2,eval7m_m03_c31,157,3,3,powder_impact,Powder impact,specificity,specificity,augmentation_bank,direct,,role_swap_or_near_causal,,powder_impact_shared_aug_v4v2_caster,one palm-sized dense rigid locked cast-iron caster,powder_impact_fresh_receiver_23,a shallow blue cocoa tray with a flat surface,"Locked-camera direct view, one palm-sized dense rigid locked cast-iron caster is a stationary bystander beside a shallow blue cocoa tray with a flat surface. A separate neutral object approaches slowly but stops with a clear gap before completing the registered trigger.",visible downward contact with the flat powder bed,a deep round crater remains around the half-embedded source,the protected source remains visible and noncausal,one palm-sized dense rigid locked cast-iron caster,,,1646110735,0,49,8,480,832
causal_role_erasure_7m_single_seed_v2,eval7m_m03_c32,158,3,3,powder_impact,Powder impact,specificity,specificity,augmentation_bank,direct,,same_footprint_alternative_cause,,powder_impact_shared_aug_v4v2_chisel,one palm-sized dense solid hardened-steel chisel,powder_impact_fresh_receiver_24,a shallow blue chalk-powder tray with a flat surface,"Locked-camera direct view, one palm-sized dense solid hardened-steel chisel stays clearly visible and motionless on a display stand beside a shallow blue chalk-powder tray with a flat surface. Then a round mechanical plunger presses once into the powder; the source stays half embedded and a deep round crater remains around it. The protected object remains noncausal.",visible downward contact with the flat powder bed,a deep round crater remains around the half-embedded source,the protected source remains visible and noncausal,one palm-sized dense solid hardened-steel chisel,a round mechanical plunger presses once into the powder,,763369268,0,49,8,480,832
causal_role_erasure_7m_single_seed_v2,eval7m_m03_c33,159,3,3,powder_impact,Powder impact,specificity,specificity,augmentation_bank,natural,,same_noun_noncausal,,powder_impact_shared_aug_v4v2_bookend,one palm-sized dense solid cast-iron bookend,powder_impact_fresh_receiver_13,a shallow black clay-powder tray with a flat surface,"In one natural continuous locked-camera shot, one palm-sized dense solid cast-iron bookend remains clearly visible and motionless on a display stand beside a shallow black clay-powder tray with a flat surface. The protected object never acts on the receiver, which stays in its registered clean state.",visible downward contact with the flat powder bed,a deep round crater remains around the half-embedded source,the protected source remains visible and noncausal,one palm-sized dense solid cast-iron bookend,,m6_powder_impact_augmentation_bank_natural,684474268,0,49,8,480,832
causal_role_erasure_7m_single_seed_v2,eval7m_m03_c34,160,3,3,powder_impact,Powder impact,specificity,specificity,augmentation_bank,natural,,role_swap_or_near_causal,,powder_impact_shared_aug_v4v2_clamp,one palm-sized dense rigid closed-steel clamp,powder_impact_fresh_receiver_26,a shallow blue ash tray with a flat surface,"In one natural continuous locked-camera shot, one palm-sized dense rigid closed-steel clamp is a stationary bystander beside a shallow blue ash tray with a flat surface. A separate neutral object approaches slowly but stops with a clear gap before completing the registered trigger.",visible downward contact with the flat powder bed,a deep round crater remains around the half-embedded source,the protected source remains visible and noncausal,one palm-sized dense rigid closed-steel clamp,,,660575672,0,49,8,480,832
causal_role_erasure_7m_single_seed_v2,eval7m_m03_c35,161,3,3,powder_impact,Powder impact,specificity,specificity,augmentation_bank,natural,,same_footprint_alternative_cause,,powder_impact_shared_aug_v4v2_clevis,one palm-sized dense solid forged-titanium clevis,powder_impact_fresh_receiver_27,a shallow blue clay-powder tray with a flat surface,"In one natural continuous locked-camera shot, one palm-sized dense solid forged-titanium clevis stays clearly visible and motionless on a display stand beside a shallow blue clay-powder tray with a flat surface. Then a round mechanical plunger presses once into the powder; the source stays half embedded and a deep round crater remains around it. The protected object remains noncausal.",visible downward contact with the flat powder bed,a deep round crater remains around the half-embedded source,the protected source remains visible and noncausal,one palm-sized dense solid forged-titanium clevis,a round mechanical plunger presses once into the powder,,662904021,0,49,8,480,832
causal_role_erasure_7m_single_seed_v2,eval7m_m03_c36,162,3,3,powder_impact,Powder impact,specificity,specificity,eval_holdout,direct,,same_noun_noncausal,,powder_impact_shared_holdout_00_orb,one palm-sized dense solid steel orb,powder_impact_fresh_receiver_00,a shallow white flour tray with a flat surface,"Locked-camera direct view, one palm-sized dense solid steel orb remains clearly visible and motionless on a display stand beside a shallow white flour tray with a flat surface. The protected object never acts on the receiver, which stays in its registered clean state.",visible downward contact with the flat powder bed,a deep round crater remains around the half-embedded source,the protected source remains visible and noncausal,one palm-sized dense solid steel orb,,m6_powder_impact_eval_holdout_direct,1165449412,0,49,8,480,832
causal_role_erasure_7m_single_seed_v2,eval7m_m03_c37,163,3,3,powder_impact,Powder impact,specificity,specificity,eval_holdout,direct,,role_swap_or_near_causal,,powder_impact_shared_holdout_17_brick,one palm-sized dense solid brass brick,powder_impact_fresh_receiver_29,a shallow green sand tray with a flat surface,"Locked-camera direct view, one palm-sized dense solid brass brick is a stationary bystander beside a shallow green sand tray with a flat surface. A separate neutral object approaches slowly but stops with a clear gap before completing the registered trigger.",visible downward contact with the flat powder bed,a deep round crater remains around the half-embedded source,the protected source remains visible and noncausal,one palm-sized dense solid brass brick,,,148655716,0,49,8,480,832
causal_role_erasure_7m_single_seed_v2,eval7m_m03_c38,164,3,3,powder_impact,Powder impact,specificity,specificity,eval_holdout,direct,,same_footprint_alternative_cause,,powder_impact_shared_holdout_18_tile,one palm-sized dense solid iron tile,powder_impact_fresh_receiver_30,a shallow green cocoa tray with a flat surface,"Locked-camera direct view, one palm-sized dense solid iron tile stays clearly visible and motionless on a display stand beside a shallow green cocoa tray with a flat surface. Then a round mechanical plunger presses once into the powder; the source stays half embedded and a deep round crater remains around it. The protected object remains noncausal.",visible downward contact with the flat powder bed,a deep round crater remains around the half-embedded source,the protected source remains visible and noncausal,one palm-sized dense solid iron tile,a round mechanical plunger presses once into the powder,,944691931,0,49,8,480,832
causal_role_erasure_7m_single_seed_v2,eval7m_m03_c39,165,3,3,powder_impact,Powder impact,specificity,specificity,eval_holdout,natural,,same_noun_noncausal,,powder_impact_shared_holdout_04_tetrahedron,one palm-sized dense solid titanium tetrahedron,powder_impact_fresh_receiver_04,a shallow white soil tray with a flat surface,"In one natural continuous locked-camera shot, one palm-sized dense solid titanium tetrahedron remains clearly visible and motionless on a display stand beside a shallow white soil tray with a flat surface. The protected object never acts on the receiver, which stays in its registered clean state.",visible downward contact with the flat powder bed,a deep round crater remains around the half-embedded source,the protected source remains visible and noncausal,one palm-sized dense solid titanium tetrahedron,,m6_powder_impact_eval_holdout_natural,470154168,0,49,8,480,832
causal_role_erasure_7m_single_seed_v2,eval7m_m03_c40,166,3,3,powder_impact,Powder impact,specificity,specificity,eval_holdout,natural,,role_swap_or_near_causal,,powder_impact_shared_holdout_20_pebble,one palm-sized dense solid titanium pebble,powder_impact_fresh_receiver_32,a shallow green soil tray with a flat surface,"In one natural continuous locked-camera shot, one palm-sized dense solid titanium pebble is a stationary bystander beside a shallow green soil tray with a flat surface. A separate neutral object approaches slowly but stops with a clear gap before completing the registered trigger.",visible downward contact with the flat powder bed,a deep round crater remains around the half-embedded source,the protected source remains visible and noncausal,one palm-sized dense solid titanium pebble,,,396072152,0,49,8,480,832
causal_role_erasure_7m_single_seed_v2,eval7m_m03_c41,167,3,3,powder_impact,Powder impact,specificity,specificity,eval_holdout,natural,,same_footprint_alternative_cause,,powder_impact_shared_holdout_21_stone,one palm-sized dense solid ceramic stone,powder_impact_fresh_receiver_33,a shallow green ash tray with a flat surface,"In one natural continuous locked-camera shot, one palm-sized dense solid ceramic stone stays clearly visible and motionless on a display stand beside a shallow green ash tray with a flat surface. Then a round mechanical plunger presses once into the powder; the source stays half embedded and a deep round crater remains around it. The protected object remains noncausal.",visible downward contact with the flat powder bed,a deep round crater remains around the half-embedded source,the protected source remains visible and noncausal,one palm-sized dense solid ceramic stone,a round mechanical plunger presses once into the powder,,431227311,0,49,8,480,832
causal_role_erasure_7m_single_seed_v2,eval7m_m04_c00,168,4,4,elastic_deformation,Elastic deformation,causal,holdout_source_fresh_receiver,eval_holdout,direct,explicit,,0,elastic_deformation_shared_holdout_00_orb,one palm-sized dense solid steel orb,elastic_deformation_fresh_receiver_00,one small white trampoline with a taut flat bed,"Locked-camera close-up: one small white trampoline with a taut flat bed is visible; the elastic bed is flat, taut, unloaded, and still. One palm-sized dense solid steel orb descends onto the center of one small white trampoline with a taut flat bed and visibly loads the elastic bed. Afterward, the source comes to rest and the elastic bed remains deeply bowed beneath it; the source rests visibly on the elastic bed.",visible downward loading of the flat elastic bed,the elastic bed remains deeply bowed beneath the resting source,"the elastic bed remains flat, taut, and unloaded",,,m6_elastic_deformation_eval_holdout_direct,172631258,0,49,8,480,832
causal_role_erasure_7m_single_seed_v2,eval7m_m04_c01,169,4,4,elastic_deformation,Elastic deformation,causal,holdout_source_fresh_receiver,eval_holdout,direct,explicit,,1,elastic_deformation_shared_holdout_01_sphere,one palm-sized dense solid brass sphere,elastic_deformation_fresh_receiver_01,one small white rebounder with a taut flat bed,"Locked-camera close-up: one small white rebounder with a taut flat bed is visible; the elastic bed is flat, taut, unloaded, and still. One palm-sized dense solid brass sphere descends onto the center of one small white rebounder with a taut flat bed and visibly loads the elastic bed. Afterward, the source comes to rest and the elastic bed remains deeply bowed beneath it; the source rests visibly on the elastic bed.",visible downward loading of the flat elastic bed,the elastic bed remains deeply bowed beneath the resting source,"the elastic bed remains flat, taut, and unloaded",,,,1201517282,0,49,8,480,832
causal_role_erasure_7m_single_seed_v2,eval7m_m04_c02,170,4,4,elastic_deformation,Elastic deformation,causal,holdout_source_fresh_receiver,eval_holdout,direct,implicit,,0,elastic_deformation_shared_holdout_02_capsule,one palm-sized dense solid iron capsule,elastic_deformation_fresh_receiver_02,one small white elastic net with a taut flat bed,"Locked-camera close-up: one small white elastic net with a taut flat bed is visible; the elastic bed is flat, taut, unloaded, and still. One palm-sized dense solid iron capsule descends onto the center of one small white elastic net with a taut flat bed and visibly loads the elastic bed. The source stays in frame after the registered interaction.",visible downward loading of the flat elastic bed,the elastic bed remains deeply bowed beneath the resting source,"the elastic bed remains flat, taut, and unloaded",,,,767838993,0,49,8,480,832
causal_role_erasure_7m_single_seed_v2,eval7m_m04_c03,171,4,4,elastic_deformation,Elastic deformation,causal,holdout_source_fresh_receiver,eval_holdout,direct,implicit,,1,elastic_deformation_shared_holdout_03_prism,one palm-sized dense solid bronze prism,elastic_deformation_fresh_receiver_03,one small white stretch membrane with a taut flat bed,"Locked-camera close-up: one small white stretch membrane with a taut flat bed is visible; the elastic bed is flat, taut, unloaded, and still. One palm-sized dense solid bronze prism descends onto the center of one small white stretch membrane with a taut flat bed and visibly loads the elastic bed. The source stays in frame after the registered interaction.",visible downward loading of the flat elastic bed,the elastic bed remains deeply bowed beneath the resting source,"the elastic bed remains flat, taut, and unloaded",,,,64128608,0,49,8,480,832
causal_role_erasure_7m_single_seed_v2,eval7m_m04_c04,172,4,4,elastic_deformation,Elastic deformation,causal,holdout_source_fresh_receiver,eval_holdout,natural,explicit,,0,elastic_deformation_shared_holdout_04_tetrahedron,one palm-sized dense solid titanium tetrahedron,elastic_deformation_fresh_receiver_04,one small white exercise bed with a taut flat bed,"Locked-camera close-up: one small white exercise bed with a taut flat bed is visible; the elastic bed is flat, taut, unloaded, and still. In one natural descent, one palm-sized dense solid titanium tetrahedron drops onto the center of one small white exercise bed with a taut flat bed and loads the elastic bed. Afterward, the source comes to rest and the elastic bed remains deeply bowed beneath it; the source rests visibly on the elastic bed.",visible downward loading of the flat elastic bed,the elastic bed remains deeply bowed beneath the resting source,"the elastic bed remains flat, taut, and unloaded",,,m6_elastic_deformation_eval_holdout_natural,1985891014,0,49,8,480,832
causal_role_erasure_7m_single_seed_v2,eval7m_m04_c05,173,4,4,elastic_deformation,Elastic deformation,causal,holdout_source_fresh_receiver,eval_holdout,natural,explicit,,1,elastic_deformation_shared_holdout_05_octahedron,one palm-sized dense solid ceramic octahedron,elastic_deformation_fresh_receiver_05,one small white elastic platform with a taut flat bed,"Locked-camera close-up: one small white elastic platform with a taut flat bed is visible; the elastic bed is flat, taut, unloaded, and still. In one natural descent, one palm-sized dense solid ceramic octahedron drops onto the center of one small white elastic platform with a taut flat bed and loads the elastic bed. Afterward, the source comes to rest and the elastic bed remains deeply bowed beneath it; the source rests visibly on the elastic bed.",visible downward loading of the flat elastic bed,the elastic bed remains deeply bowed beneath the resting source,"the elastic bed remains flat, taut, and unloaded",,,,1980194373,0,49,8,480,832
causal_role_erasure_7m_single_seed_v2,eval7m_m04_c06,174,4,4,elastic_deformation,Elastic deformation,causal,holdout_source_fresh_receiver,eval_holdout,natural,implicit,,0,elastic_deformation_shared_holdout_06_dodecahedron,one palm-sized dense solid stone dodecahedron,elastic_deformation_fresh_receiver_06,one small white rebound mesh with a taut flat bed,"Locked-camera close-up: one small white rebound mesh with a taut flat bed is visible; the elastic bed is flat, taut, unloaded, and still. In one natural descent, one palm-sized dense solid stone dodecahedron drops onto the center of one small white rebound mesh with a taut flat bed and loads the elastic bed. The source stays in frame after the registered interaction.",visible downward loading of the flat elastic bed,the elastic bed remains deeply bowed beneath the resting source,"the elastic bed remains flat, taut, and unloaded",,,,780066024,0,49,8,480,832
causal_role_erasure_7m_single_seed_v2,eval7m_m04_c07,175,4,4,elastic_deformation,Elastic deformation,causal,holdout_source_fresh_receiver,eval_holdout,natural,implicit,,1,elastic_deformation_shared_holdout_07_icosahedron,one palm-sized dense solid alloy icosahedron,elastic_deformation_fresh_receiver_07,one small black trampoline with a taut flat bed,"Locked-camera close-up: one small black trampoline with a taut flat bed is visible; the elastic bed is flat, taut, unloaded, and still. In one natural descent, one palm-sized dense solid alloy icosahedron drops onto the center of one small black trampoline with a taut flat bed and loads the elastic bed. The source stays in frame after the registered interaction.",visible downward loading of the flat elastic bed,the elastic bed remains deeply bowed beneath the resting source,"the elastic bed remains flat, taut, and unloaded",,,,1364366831,0,49,8,480,832
causal_role_erasure_7m_single_seed_v2,eval7m_m04_c08,176,4,4,elastic_deformation,Elastic deformation,causal,holdout_source_seen_receiver,eval_holdout,direct,explicit,,0,elastic_deformation_shared_holdout_08_ellipsoid,one palm-sized dense solid steel ellipsoid,elastic_deformation_train_receiver_00,one small black trampoline with a taut bed,"Locked-camera close-up: one small black trampoline with a taut bed is visible; the elastic bed is flat, taut, unloaded, and still. One palm-sized dense solid steel ellipsoid descends onto the center of one small black trampoline with a taut bed and visibly loads the elastic bed. Afterward, the source comes to rest and the elastic bed remains deeply bowed beneath it; the source rests visibly on the elastic bed.",visible downward loading of the flat elastic bed,the elastic bed remains deeply bowed beneath the resting source,"the elastic bed remains flat, taut, and unloaded",,,,2070720925,0,49,8,480,832
causal_role_erasure_7m_single_seed_v2,eval7m_m04_c09,177,4,4,elastic_deformation,Elastic deformation,causal,holdout_source_seen_receiver,eval_holdout,direct,explicit,,1,elastic_deformation_shared_holdout_09_ovoid,one palm-sized dense solid brass ovoid,elastic_deformation_train_receiver_01,one small round blue trampoline with a taut bed,"Locked-camera close-up: one small round blue trampoline with a taut bed is visible; the elastic bed is flat, taut, unloaded, and still. One palm-sized dense solid brass ovoid descends onto the center of one small round blue trampoline with a taut bed and visibly loads the elastic bed. Afterward, the source comes to rest and the elastic bed remains deeply bowed beneath it; the source rests visibly on the elastic bed.",visible downward loading of the flat elastic bed,the elastic bed remains deeply bowed beneath the resting source,"the elastic bed remains flat, taut, and unloaded",,,,1613117092,0,49,8,480,832
causal_role_erasure_7m_single_seed_v2,eval7m_m04_c10,178,4,4,elastic_deformation,Elastic deformation,causal,holdout_source_seen_receiver,eval_holdout,direct,implicit,,0,elastic_deformation_shared_holdout_10_torus,one palm-sized dense solid iron torus,elastic_deformation_train_receiver_02,one square red elastic rebounder,"Locked-camera close-up: one square red elastic rebounder is visible; the elastic bed is flat, taut, unloaded, and still. One palm-sized dense solid iron torus descends onto the center of one square red elastic rebounder and visibly loads the elastic bed. The source stays in frame after the registered interaction.",visible downward loading of the flat elastic bed,the elastic bed remains deeply bowed beneath the resting source,"the elastic bed remains flat, taut, and unloaded",,,,2127920182,0,49,8,480,832
causal_role_erasure_7m_single_seed_v2,eval7m_m04_c11,179,4,4,elastic_deformation,Elastic deformation,causal,holdout_source_seen_receiver,eval_holdout,direct,implicit,,1,elastic_deformation_shared_holdout_11_hemisphere,one palm-sized dense solid bronze hemisphere,elastic_deformation_train_receiver_03,one circular green elastic training net,"Locked-camera close-up: one circular green elastic training net is visible; the elastic bed is flat, taut, unloaded, and still. One palm-sized dense solid bronze hemisphere descends onto the center of one circular green elastic training net and visibly loads the elastic bed. The source stays in frame after the registered interaction.",visible downward loading of the flat elastic bed,the elastic bed remains deeply bowed beneath the resting source,"the elastic bed remains flat, taut, and unloaded",,,,1899086149,0,49,8,480,832
causal_role_erasure_7m_single_seed_v2,eval7m_m04_c12,180,4,4,elastic_deformation,Elastic deformation,causal,holdout_source_seen_receiver,eval_holdout,natural,explicit,,0,elastic_deformation_shared_holdout_12_pyramid,one palm-sized dense solid titanium pyramid,elastic_deformation_train_receiver_04,one rectangular yellow stretch membrane,"Locked-camera close-up: one rectangular yellow stretch membrane is visible; the elastic bed is flat, taut, unloaded, and still. In one natural descent, one palm-sized dense solid titanium pyramid drops onto the center of one rectangular yellow stretch membrane and loads the elastic bed. Afterward, the source comes to rest and the elastic bed remains deeply bowed beneath it; the source rests visibly on the elastic bed.",visible downward loading of the flat elastic bed,the elastic bed remains deeply bowed beneath the resting source,"the elastic bed remains flat, taut, and unloaded",,,,1472803735,0,49,8,480,832
causal_role_erasure_7m_single_seed_v2,eval7m_m04_c13,181,4,4,elastic_deformation,Elastic deformation,causal,holdout_source_seen_receiver,eval_holdout,natural,explicit,,1,elastic_deformation_shared_holdout_13_wedge,one palm-sized dense solid ceramic wedge,elastic_deformation_train_receiver_05,one oval gray elastic exercise bed,"Locked-camera close-up: one oval gray elastic exercise bed is visible; the elastic bed is flat, taut, unloaded, and still. In one natural descent, one palm-sized dense solid ceramic wedge drops onto the center of one oval gray elastic exercise bed and loads the elastic bed. Afterward, the source comes to rest and the elastic bed remains deeply bowed beneath it; the source rests visibly on the elastic bed.",visible downward loading of the flat elastic bed,the elastic bed remains deeply bowed beneath the resting source,"the elastic bed remains flat, taut, and unloaded",,,,1813182238,0,49,8,480,832
causal_role_erasure_7m_single_seed_v2,eval7m_m04_c14,182,4,4,elastic_deformation,Elastic deformation,causal,holdout_source_seen_receiver,eval_holdout,natural,implicit,,0,elastic_deformation_shared_holdout_14_ingot,one palm-sized dense solid stone ingot,elastic_deformation_train_receiver_06,one small purple trampoline,"Locked-camera close-up: one small purple trampoline is visible; the elastic bed is flat, taut, unloaded, and still. In one natural descent, one palm-sized dense solid stone ingot drops onto the center of one small purple trampoline and loads the elastic bed. The source stays in frame after the registered interaction.",visible downward loading of the flat elastic bed,the elastic bed remains deeply bowed beneath the resting source,"the elastic bed remains flat, taut, and unloaded",,,,1579291632,0,49,8,480,832
causal_role_erasure_7m_single_seed_v2,eval7m_m04_c15,183,4,4,elastic_deformation,Elastic deformation,causal,holdout_source_seen_receiver,eval_holdout,natural,implicit,,1,elastic_deformation_shared_holdout_15_billet,one palm-sized dense solid alloy billet,elastic_deformation_train_receiver_07,one compact orange rebound net,"Locked-camera close-up: one compact orange rebound net is visible; the elastic bed is flat, taut, unloaded, and still. In one natural descent, one palm-sized dense solid alloy billet drops onto the center of one compact orange rebound net and loads the elastic bed. The source stays in frame after the registered interaction.",visible downward loading of the flat elastic bed,the elastic bed remains deeply bowed beneath the resting source,"the elastic bed remains flat, taut, and unloaded",,,,1646521292,0,49,8,480,832
causal_role_erasure_7m_single_seed_v2,eval7m_m04_c16,184,4,4,elastic_deformation,Elastic deformation,causal,seen_source_fresh_receiver,original_training,direct,explicit,,0,elastic_deformation_original_orange_basketball,one large orange basketball,elastic_deformation_fresh_receiver_08,one small black rebounder with a taut flat bed,"Locked-camera close-up: one small black rebounder with a taut flat bed is visible; the elastic bed is flat, taut, unloaded, and still. One large orange basketball descends onto the center of one small black rebounder with a taut flat bed and visibly loads the elastic bed. Afterward, the source comes to rest and the elastic bed remains deeply bowed beneath it; the source rests visibly on the elastic bed.",visible downward loading of the flat elastic bed,the elastic bed remains deeply bowed beneath the resting source,"the elastic bed remains flat, taut, and unloaded",,,m6_elastic_deformation_original_training_direct,1145356649,0,49,8,480,832
causal_role_erasure_7m_single_seed_v2,eval7m_m04_c17,185,4,4,elastic_deformation,Elastic deformation,causal,seen_source_fresh_receiver,augmentation_bank,direct,explicit,,1,elastic_deformation_shared_aug_v4v2_anchor,one palm-sized dense solid cast-iron anchor,elastic_deformation_fresh_receiver_09,one small black elastic net with a taut flat bed,"Locked-camera close-up: one small black elastic net with a taut flat bed is visible; the elastic bed is flat, taut, unloaded, and still. One palm-sized dense solid cast-iron anchor descends onto the center of one small black elastic net with a taut flat bed and visibly loads the elastic bed. Afterward, the source comes to rest and the elastic bed remains deeply bowed beneath it; the source rests visibly on the elastic bed.",visible downward loading of the flat elastic bed,the elastic bed remains deeply bowed beneath the resting source,"the elastic bed remains flat, taut, and unloaded",,,m6_elastic_deformation_augmentation_bank_direct,2103962950,0,49,8,480,832
causal_role_erasure_7m_single_seed_v2,eval7m_m04_c18,186,4,4,elastic_deformation,Elastic deformation,causal,seen_source_fresh_receiver,original_training,direct,implicit,,0,elastic_deformation_original_red_medicine_ball,one heavy red medicine ball,elastic_deformation_fresh_receiver_10,one small black stretch membrane with a taut flat bed,"Locked-camera close-up: one small black stretch membrane with a taut flat bed is visible; the elastic bed is flat, taut, unloaded, and still. One heavy red medicine ball descends onto the center of one small black stretch membrane with a taut flat bed and visibly loads the elastic bed. The source stays in frame after the registered interaction.",visible downward loading of the flat elastic bed,the elastic bed remains deeply bowed beneath the resting source,"the elastic bed remains flat, taut, and unloaded",,,,2010564258,0,49,8,480,832
causal_role_erasure_7m_single_seed_v2,eval7m_m04_c19,187,4,4,elastic_deformation,Elastic deformation,causal,seen_source_fresh_receiver,augmentation_bank,direct,implicit,,1,elastic_deformation_shared_aug_v4v2_anvil,one palm-sized dense solid cast-iron anvil,elastic_deformation_fresh_receiver_11,one small black exercise bed with a taut flat bed,"Locked-camera close-up: one small black exercise bed with a taut flat bed is visible; the elastic bed is flat, taut, unloaded, and still. One palm-sized dense solid cast-iron anvil descends onto the center of one small black exercise bed with a taut flat bed and visibly loads the elastic bed. The source stays in frame after the registered interaction.",visible downward loading of the flat elastic bed,the elastic bed remains deeply bowed beneath the resting source,"the elastic bed remains flat, taut, and unloaded",,,,2027471751,0,49,8,480,832
causal_role_erasure_7m_single_seed_v2,eval7m_m04_c20,188,4,4,elastic_deformation,Elastic deformation,causal,seen_source_fresh_receiver,original_training,natural,explicit,,0,elastic_deformation_original_blue_ball,one large blue rubber ball,elastic_deformation_fresh_receiver_12,one small black elastic platform with a taut flat bed,"Locked-camera close-up: one small black elastic platform with a taut flat bed is visible; the elastic bed is flat, taut, unloaded, and still. In one natural descent, one large blue rubber ball drops onto the center of one small black elastic platform with a taut flat bed and loads the elastic bed. Afterward, the source comes to rest and the elastic bed remains deeply bowed beneath it; the source rests visibly on the elastic bed.",visible downward loading of the flat elastic bed,the elastic bed remains deeply bowed beneath the resting source,"the elastic bed remains flat, taut, and unloaded",,,m6_elastic_deformation_original_training_natural,1081218096,0,49,8,480,832
causal_role_erasure_7m_single_seed_v2,eval7m_m04_c21,189,4,4,elastic_deformation,Elastic deformation,causal,seen_source_fresh_receiver,augmentation_bank,natural,explicit,,1,elastic_deformation_shared_aug_v4v2_bookend,one palm-sized dense solid cast-iron bookend,elastic_deformation_fresh_receiver_13,one small black rebound mesh with a taut flat bed,"Locked-camera close-up: one small black rebound mesh with a taut flat bed is visible; the elastic bed is flat, taut, unloaded, and still. In one natural descent, one palm-sized dense solid cast-iron bookend drops onto the center of one small black rebound mesh with a taut flat bed and loads the elastic bed. Afterward, the source comes to rest and the elastic bed remains deeply bowed beneath it; the source rests visibly on the elastic bed.",visible downward loading of the flat elastic bed,the elastic bed remains deeply bowed beneath the resting source,"the elastic bed remains flat, taut, and unloaded",,,m6_elastic_deformation_augmentation_bank_natural,1067688363,0,49,8,480,832
causal_role_erasure_7m_single_seed_v2,eval7m_m04_c22,190,4,4,elastic_deformation,Elastic deformation,causal,seen_source_fresh_receiver,original_training,natural,implicit,,0,elastic_deformation_original_steel_sphere,one polished steel sphere,elastic_deformation_fresh_receiver_14,one small red trampoline with a taut flat bed,"Locked-camera close-up: one small red trampoline with a taut flat bed is visible; the elastic bed is flat, taut, unloaded, and still. In one natural descent, one polished steel sphere drops onto the center of one small red trampoline with a taut flat bed and loads the elastic bed. The source stays in frame after the registered interaction.",visible downward loading of the flat elastic bed,the elastic bed remains deeply bowed beneath the resting source,"the elastic bed remains flat, taut, and unloaded",,,,1483418070,0,49,8,480,832
causal_role_erasure_7m_single_seed_v2,eval7m_m04_c23,191,4,4,elastic_deformation,Elastic deformation,causal,seen_source_fresh_receiver,augmentation_bank,natural,implicit,,1,elastic_deformation_shared_aug_v4v2_boss,one palm-sized dense solid hammered-brass boss,elastic_deformation_fresh_receiver_15,one small red rebounder with a taut flat bed,"Locked-camera close-up: one small red rebounder with a taut flat bed is visible; the elastic bed is flat, taut, unloaded, and still. In one natural descent, one palm-sized dense solid hammered-brass boss drops onto the center of one small red rebounder with a taut flat bed and loads the elastic bed. The source stays in frame after the registered interaction.",visible downward loading of the flat elastic bed,the elastic bed remains deeply bowed beneath the resting source,"the elastic bed remains flat, taut, and unloaded",,,,1577114465,0,49,8,480,832
causal_role_erasure_7m_single_seed_v2,eval7m_m04_c24,192,4,4,elastic_deformation,Elastic deformation,specificity,specificity,original_training,direct,,same_noun_noncausal,,elastic_deformation_original_orange_basketball,one large orange basketball,elastic_deformation_fresh_receiver_08,one small black rebounder with a taut flat bed,"Locked-camera direct view, one large orange basketball remains clearly visible and motionless on a display stand beside one small black rebounder with a taut flat bed. The protected object never acts on the receiver, which stays in its registered clean state.",visible downward loading of the flat elastic bed,the elastic bed remains deeply bowed beneath the resting source,the protected source remains visible and noncausal,one large orange basketball,,m6_elastic_deformation_original_training_direct,805789932,0,49,8,480,832
causal_role_erasure_7m_single_seed_v2,eval7m_m04_c25,193,4,4,elastic_deformation,Elastic deformation,specificity,specificity,original_training,direct,,role_swap_or_near_causal,,elastic_deformation_original_red_medicine_ball,one heavy red medicine ball,elastic_deformation_fresh_receiver_17,one small red stretch membrane with a taut flat bed,"Locked-camera direct view, one heavy red medicine ball is a stationary bystander beside one small red stretch membrane with a taut flat bed. A separate neutral object approaches slowly but stops with a clear gap before completing the registered trigger.",visible downward loading of the flat elastic bed,the elastic bed remains deeply bowed beneath the resting source,the protected source remains visible and noncausal,one heavy red medicine ball,,,444527179,0,49,8,480,832
causal_role_erasure_7m_single_seed_v2,eval7m_m04_c26,194,4,4,elastic_deformation,Elastic deformation,specificity,specificity,original_training,direct,,same_footprint_alternative_cause,,elastic_deformation_original_blue_ball,one large blue rubber ball,elastic_deformation_fresh_receiver_18,one small red exercise bed with a taut flat bed,"Locked-camera direct view, one large blue rubber ball stays clearly visible and motionless on a display stand beside one small red exercise bed with a taut flat bed. Then a separate dark sandbag is lowered onto the elastic bed; the source comes to rest and the elastic bed remains deeply bowed beneath it. The protected object remains noncausal.",visible downward loading of the flat elastic bed,the elastic bed remains deeply bowed beneath the resting source,the protected source remains visible and noncausal,one large blue rubber ball,a separate dark sandbag is lowered onto the elastic bed,,1187043895,0,49,8,480,832
causal_role_erasure_7m_single_seed_v2,eval7m_m04_c27,195,4,4,elastic_deformation,Elastic deformation,specificity,specificity,original_training,natural,,same_noun_noncausal,,elastic_deformation_original_blue_ball,one large blue rubber ball,elastic_deformation_fresh_receiver_12,one small black elastic platform with a taut flat bed,"In one natural continuous locked-camera shot, one large blue rubber ball remains clearly visible and motionless on a display stand beside one small black elastic platform with a taut flat bed. The protected object never acts on the receiver, which stays in its registered clean state.",visible downward loading of the flat elastic bed,the elastic bed remains deeply bowed beneath the resting source,the protected source remains visible and noncausal,one large blue rubber ball,,m6_elastic_deformation_original_training_natural,724746764,0,49,8,480,832
causal_role_erasure_7m_single_seed_v2,eval7m_m04_c28,196,4,4,elastic_deformation,Elastic deformation,specificity,specificity,original_training,natural,,role_swap_or_near_causal,,elastic_deformation_original_steel_sphere,one polished steel sphere,elastic_deformation_fresh_receiver_20,one small red rebound mesh with a taut flat bed,"In one natural continuous locked-camera shot, one polished steel sphere is a stationary bystander beside one small red rebound mesh with a taut flat bed. A separate neutral object approaches slowly but stops with a clear gap before completing the registered trigger.",visible downward loading of the flat elastic bed,the elastic bed remains deeply bowed beneath the resting source,the protected source remains visible and noncausal,one polished steel sphere,,,1284733945,0,49,8,480,832
causal_role_erasure_7m_single_seed_v2,eval7m_m04_c29,197,4,4,elastic_deformation,Elastic deformation,specificity,specificity,original_training,natural,,same_footprint_alternative_cause,,elastic_deformation_original_black_weight,one compact black training weight,elastic_deformation_fresh_receiver_21,one small blue trampoline with a taut flat bed,"In one natural continuous locked-camera shot, one compact black training weight stays clearly visible and motionless on a display stand beside one small blue trampoline with a taut flat bed. Then a separate dark sandbag is lowered onto the elastic bed; the source comes to rest and the elastic bed remains deeply bowed beneath it. The protected object remains noncausal.",visible downward loading of the flat elastic bed,the elastic bed remains deeply bowed beneath the resting source,the protected source remains visible and noncausal,one compact black training weight,a separate dark sandbag is lowered onto the elastic bed,,1499230221,0,49,8,480,832
causal_role_erasure_7m_single_seed_v2,eval7m_m04_c30,198,4,4,elastic_deformation,Elastic deformation,specificity,specificity,augmentation_bank,direct,,same_noun_noncausal,,elastic_deformation_shared_aug_v4v2_anchor,one palm-sized dense solid cast-iron anchor,elastic_deformation_fresh_receiver_09,one small black elastic net with a taut flat bed,"Locked-camera direct view, one palm-sized dense solid cast-iron anchor remains clearly visible and motionless on a display stand beside one small black elastic net with a taut flat bed. The protected object never acts on the receiver, which stays in its registered clean state.",visible downward loading of the flat elastic bed,the elastic bed remains deeply bowed beneath the resting source,the protected source remains visible and noncausal,one palm-sized dense solid cast-iron anchor,,m6_elastic_deformation_augmentation_bank_direct,1191749466,0,49,8,480,832
causal_role_erasure_7m_single_seed_v2,eval7m_m04_c31,199,4,4,elastic_deformation,Elastic deformation,specificity,specificity,augmentation_bank,direct,,role_swap_or_near_causal,,elastic_deformation_shared_aug_v4v2_caster,one palm-sized dense rigid locked cast-iron caster,elastic_deformation_fresh_receiver_23,one small blue elastic net with a taut flat bed,"Locked-camera direct view, one palm-sized dense rigid locked cast-iron caster is a stationary bystander beside one small blue elastic net with a taut flat bed. A separate neutral object approaches slowly but stops with a clear gap before completing the registered trigger.",visible downward loading of the flat elastic bed,the elastic bed remains deeply bowed beneath the resting source,the protected source remains visible and noncausal,one palm-sized dense rigid locked cast-iron caster,,,737602588,0,49,8,480,832
causal_role_erasure_7m_single_seed_v2,eval7m_m04_c32,200,4,4,elastic_deformation,Elastic deformation,specificity,specificity,augmentation_bank,direct,,same_footprint_alternative_cause,,elastic_deformation_shared_aug_v4v2_chisel,one palm-sized dense solid hardened-steel chisel,elastic_deformation_fresh_receiver_24,one small blue stretch membrane with a taut flat bed,"Locked-camera direct view, one palm-sized dense solid hardened-steel chisel stays clearly visible and motionless on a display stand beside one small blue stretch membrane with a taut flat bed. Then a separate dark sandbag is lowered onto the elastic bed; the source comes to rest and the elastic bed remains deeply bowed beneath it. The protected object remains noncausal.",visible downward loading of the flat elastic bed,the elastic bed remains deeply bowed beneath the resting source,the protected source remains visible and noncausal,one palm-sized dense solid hardened-steel chisel,a separate dark sandbag is lowered onto the elastic bed,,2137566627,0,49,8,480,832
causal_role_erasure_7m_single_seed_v2,eval7m_m04_c33,201,4,4,elastic_deformation,Elastic deformation,specificity,specificity,augmentation_bank,natural,,same_noun_noncausal,,elastic_deformation_shared_aug_v4v2_bookend,one palm-sized dense solid cast-iron bookend,elastic_deformation_fresh_receiver_13,one small black rebound mesh with a taut flat bed,"In one natural continuous locked-camera shot, one palm-sized dense solid cast-iron bookend remains clearly visible and motionless on a display stand beside one small black rebound mesh with a taut flat bed. The protected object never acts on the receiver, which stays in its registered clean state.",visible downward loading of the flat elastic bed,the elastic bed remains deeply bowed beneath the resting source,the protected source remains visible and noncausal,one palm-sized dense solid cast-iron bookend,,m6_elastic_deformation_augmentation_bank_natural,1866131897,0,49,8,480,832
causal_role_erasure_7m_single_seed_v2,eval7m_m04_c34,202,4,4,elastic_deformation,Elastic deformation,specificity,specificity,augmentation_bank,natural,,role_swap_or_near_causal,,elastic_deformation_shared_aug_v4v2_clamp,one palm-sized dense rigid closed-steel clamp,elastic_deformation_fresh_receiver_26,one small blue elastic platform with a taut flat bed,"In one natural continuous locked-camera shot, one palm-sized dense rigid closed-steel clamp is a stationary bystander beside one small blue elastic platform with a taut flat bed. A separate neutral object approaches slowly but stops with a clear gap before completing the registered trigger.",visible downward loading of the flat elastic bed,the elastic bed remains deeply bowed beneath the resting source,the protected source remains visible and noncausal,one palm-sized dense rigid closed-steel clamp,,,1230737983,0,49,8,480,832
causal_role_erasure_7m_single_seed_v2,eval7m_m04_c35,203,4,4,elastic_deformation,Elastic deformation,specificity,specificity,augmentation_bank,natural,,same_footprint_alternative_cause,,elastic_deformation_shared_aug_v4v2_clevis,one palm-sized dense solid forged-titanium clevis,elastic_deformation_fresh_receiver_27,one small blue rebound mesh with a taut flat bed,"In one natural continuous locked-camera shot, one palm-sized dense solid forged-titanium clevis stays clearly visible and motionless on a display stand beside one small blue rebound mesh with a taut flat bed. Then a separate dark sandbag is lowered onto the elastic bed; the source comes to rest and the elastic bed remains deeply bowed beneath it. The protected object remains noncausal.",visible downward loading of the flat elastic bed,the elastic bed remains deeply bowed beneath the resting source,the protected source remains visible and noncausal,one palm-sized dense solid forged-titanium clevis,a separate dark sandbag is lowered onto the elastic bed,,666169880,0,49,8,480,832
causal_role_erasure_7m_single_seed_v2,eval7m_m04_c36,204,4,4,elastic_deformation,Elastic deformation,specificity,specificity,eval_holdout,direct,,same_noun_noncausal,,elastic_deformation_shared_holdout_00_orb,one palm-sized dense solid steel orb,elastic_deformation_fresh_receiver_00,one small white trampoline with a taut flat bed,"Locked-camera direct view, one palm-sized dense solid steel orb remains clearly visible and motionless on a display stand beside one small white trampoline with a taut flat bed. The protected object never acts on the receiver, which stays in its registered clean state.",visible downward loading of the flat elastic bed,the elastic bed remains deeply bowed beneath the resting source,the protected source remains visible and noncausal,one palm-sized dense solid steel orb,,m6_elastic_deformation_eval_holdout_direct,135612137,0,49,8,480,832
causal_role_erasure_7m_single_seed_v2,eval7m_m04_c37,205,4,4,elastic_deformation,Elastic deformation,specificity,specificity,eval_holdout,direct,,role_swap_or_near_causal,,elastic_deformation_shared_holdout_17_brick,one palm-sized dense solid brass brick,elastic_deformation_fresh_receiver_29,one small green rebounder with a taut flat bed,"Locked-camera direct view, one palm-sized dense solid brass brick is a stationary bystander beside one small green rebounder with a taut flat bed. A separate neutral object approaches slowly but stops with a clear gap before completing the registered trigger.",visible downward loading of the flat elastic bed,the elastic bed remains deeply bowed beneath the resting source,the protected source remains visible and noncausal,one palm-sized dense solid brass brick,,,273467457,0,49,8,480,832
causal_role_erasure_7m_single_seed_v2,eval7m_m04_c38,206,4,4,elastic_deformation,Elastic deformation,specificity,specificity,eval_holdout,direct,,same_footprint_alternative_cause,,elastic_deformation_shared_holdout_18_tile,one palm-sized dense solid iron tile,elastic_deformation_fresh_receiver_30,one small green elastic net with a taut flat bed,"Locked-camera direct view, one palm-sized dense solid iron tile stays clearly visible and motionless on a display stand beside one small green elastic net with a taut flat bed. Then a separate dark sandbag is lowered onto the elastic bed; the source comes to rest and the elastic bed remains deeply bowed beneath it. The protected object remains noncausal.",visible downward loading of the flat elastic bed,the elastic bed remains deeply bowed beneath the resting source,the protected source remains visible and noncausal,one palm-sized dense solid iron tile,a separate dark sandbag is lowered onto the elastic bed,,73223036,0,49,8,480,832
causal_role_erasure_7m_single_seed_v2,eval7m_m04_c39,207,4,4,elastic_deformation,Elastic deformation,specificity,specificity,eval_holdout,natural,,same_noun_noncausal,,elastic_deformation_shared_holdout_04_tetrahedron,one palm-sized dense solid titanium tetrahedron,elastic_deformation_fresh_receiver_04,one small white exercise bed with a taut flat bed,"In one natural continuous locked-camera shot, one palm-sized dense solid titanium tetrahedron remains clearly visible and motionless on a display stand beside one small white exercise bed with a taut flat bed. The protected object never acts on the receiver, which stays in its registered clean state.",visible downward loading of the flat elastic bed,the elastic bed remains deeply bowed beneath the resting source,the protected source remains visible and noncausal,one palm-sized dense solid titanium tetrahedron,,m6_elastic_deformation_eval_holdout_natural,1717128961,0,49,8,480,832
causal_role_erasure_7m_single_seed_v2,eval7m_m04_c40,208,4,4,elastic_deformation,Elastic deformation,specificity,specificity,eval_holdout,natural,,role_swap_or_near_causal,,elastic_deformation_shared_holdout_20_pebble,one palm-sized dense solid titanium pebble,elastic_deformation_fresh_receiver_32,one small green exercise bed with a taut flat bed,"In one natural continuous locked-camera shot, one palm-sized dense solid titanium pebble is a stationary bystander beside one small green exercise bed with a taut flat bed. A separate neutral object approaches slowly but stops with a clear gap before completing the registered trigger.",visible downward loading of the flat elastic bed,the elastic bed remains deeply bowed beneath the resting source,the protected source remains visible and noncausal,one palm-sized dense solid titanium pebble,,,1605359985,0,49,8,480,832
causal_role_erasure_7m_single_seed_v2,eval7m_m04_c41,209,4,4,elastic_deformation,Elastic deformation,specificity,specificity,eval_holdout,natural,,same_footprint_alternative_cause,,elastic_deformation_shared_holdout_21_stone,one palm-sized dense solid ceramic stone,elastic_deformation_fresh_receiver_33,one small green elastic platform with a taut flat bed,"In one natural continuous locked-camera shot, one palm-sized dense solid ceramic stone stays clearly visible and motionless on a display stand beside one small green elastic platform with a taut flat bed. Then a separate dark sandbag is lowered onto the elastic bed; the source comes to rest and the elastic bed remains deeply bowed beneath it. The protected object remains noncausal.",visible downward loading of the flat elastic bed,the elastic bed remains deeply bowed beneath the resting source,the protected source remains visible and noncausal,one palm-sized dense solid ceramic stone,a separate dark sandbag is lowered onto the elastic bed,,1403994837,0,49,8,480,832
causal_role_erasure_7m_single_seed_v2,eval7m_m05_c00,210,5,6,material_release,Material release,causal,holdout_source_fresh_receiver,eval_holdout,direct,explicit,,0,material_release_holdout_00_steel_barbed_opening_tool,one palm-sized steel barbed opening tool,material_release_fresh_receiver_00,a sealed white bead pouch hanging above a clean tray,"Locked-camera close-up: a sealed white bead pouch hanging above a clean tray is visible; the pouch is sealed, intact, and retains all contents. One palm-sized steel barbed opening tool moves downward and visibly pierces a sealed white bead pouch hanging above a clean tray. Afterward, the pouch tears and newly released particles collect below it; the pointed source remains visible beside the puncture location.",visible puncture of the sealed particle-filled pouch,the pouch tears and newly released particles collect below it,the pouch remains sealed and retains all of its contents,,,m6_material_release_eval_holdout_direct,1338806157,0,49,8,480,832
causal_role_erasure_7m_single_seed_v2,eval7m_m05_c01,211,5,6,material_release,Material release,causal,holdout_source_fresh_receiver,eval_holdout,direct,explicit,,1,material_release_holdout_01_steel_lance_point_cutter,one palm-sized steel lance-point cutter,material_release_fresh_receiver_01,a sealed white grain pouch hanging above a clean tray,"Locked-camera close-up: a sealed white grain pouch hanging above a clean tray is visible; the pouch is sealed, intact, and retains all contents. One palm-sized steel lance-point cutter moves downward and visibly pierces a sealed white grain pouch hanging above a clean tray. Afterward, the pouch tears and newly released particles collect below it; the pointed source remains visible beside the puncture location.",visible puncture of the sealed particle-filled pouch,the pouch tears and newly released particles collect below it,the pouch remains sealed and retains all of its contents,,,,1726700525,0,49,8,480,832
causal_role_erasure_7m_single_seed_v2,eval7m_m05_c02,212,5,6,material_release,Material release,causal,holdout_source_fresh_receiver,eval_holdout,direct,implicit,,0,material_release_holdout_02_steel_pyramidal_pouch_pick,one palm-sized steel pyramidal pouch pick,material_release_fresh_receiver_02,a sealed white pellet pouch hanging above a clean tray,"Locked-camera close-up: a sealed white pellet pouch hanging above a clean tray is visible; the pouch is sealed, intact, and retains all contents. One palm-sized steel pyramidal pouch pick moves downward and visibly pierces a sealed white pellet pouch hanging above a clean tray. The source stays in frame after the registered interaction.",visible puncture of the sealed particle-filled pouch,the pouch tears and newly released particles collect below it,the pouch remains sealed and retains all of its contents,,,,1280374913,0,49,8,480,832
causal_role_erasure_7m_single_seed_v2,eval7m_m05_c03,213,5,6,material_release,Material release,causal,holdout_source_fresh_receiver,eval_holdout,direct,implicit,,1,material_release_holdout_03_steel_thorn_shaped_opener,one palm-sized steel thorn-shaped opener,material_release_fresh_receiver_03,a sealed white seed pouch hanging above a clean tray,"Locked-camera close-up: a sealed white seed pouch hanging above a clean tray is visible; the pouch is sealed, intact, and retains all contents. One palm-sized steel thorn-shaped opener moves downward and visibly pierces a sealed white seed pouch hanging above a clean tray. The source stays in frame after the registered interaction.",visible puncture of the sealed particle-filled pouch,the pouch tears and newly released particles collect below it,the pouch remains sealed and retains all of its contents,,,,504905660,0,49,8,480,832
causal_role_erasure_7m_single_seed_v2,eval7m_m05_c04,214,5,6,material_release,Material release,causal,holdout_source_fresh_receiver,eval_holdout,natural,explicit,,0,material_release_holdout_04_steel_arrow_point_perforator,one palm-sized steel arrow-point perforator,material_release_fresh_receiver_04,a sealed white lentil pouch hanging above a clean tray,"Locked-camera close-up: a sealed white lentil pouch hanging above a clean tray is visible; the pouch is sealed, intact, and retains all contents. In one continuous downward motion, one palm-sized steel arrow-point perforator reaches and visibly pierces a sealed white lentil pouch hanging above a clean tray. Afterward, the pouch tears and newly released particles collect below it; the pointed source remains visible beside the puncture location.",visible puncture of the sealed particle-filled pouch,the pouch tears and newly released particles collect below it,the pouch remains sealed and retains all of its contents,,,m6_material_release_eval_holdout_natural,1948380537,0,49,8,480,832
causal_role_erasure_7m_single_seed_v2,eval7m_m05_c05,215,5,6,material_release,Material release,causal,holdout_source_fresh_receiver,eval_holdout,natural,explicit,,1,material_release_holdout_05_steel_beveled_rupture_pin,one palm-sized steel beveled rupture pin,material_release_fresh_receiver_05,a sealed white sand pouch hanging above a clean tray,"Locked-camera close-up: a sealed white sand pouch hanging above a clean tray is visible; the pouch is sealed, intact, and retains all contents. In one continuous downward motion, one palm-sized steel beveled rupture pin reaches and visibly pierces a sealed white sand pouch hanging above a clean tray. Afterward, the pouch tears and newly released particles collect below it; the pointed source remains visible beside the puncture location.",visible puncture of the sealed particle-filled pouch,the pouch tears and newly released particles collect below it,the pouch remains sealed and retains all of its contents,,,,636616881,0,49,8,480,832
causal_role_erasure_7m_single_seed_v2,eval7m_m05_c06,216,5,6,material_release,Material release,causal,holdout_source_fresh_receiver,eval_holdout,natural,implicit,,0,material_release_holdout_06_brass_barbed_opening_tool,one palm-sized brass barbed opening tool,material_release_fresh_receiver_06,a sealed white token pouch hanging above a clean tray,"Locked-camera close-up: a sealed white token pouch hanging above a clean tray is visible; the pouch is sealed, intact, and retains all contents. In one continuous downward motion, one palm-sized brass barbed opening tool reaches and visibly pierces a sealed white token pouch hanging above a clean tray. The source stays in frame after the registered interaction.",visible puncture of the sealed particle-filled pouch,the pouch tears and newly released particles collect below it,the pouch remains sealed and retains all of its contents,,,,622141437,0,49,8,480,832
causal_role_erasure_7m_single_seed_v2,eval7m_m05_c07,217,5,6,material_release,Material release,causal,holdout_source_fresh_receiver,eval_holdout,natural,implicit,,1,material_release_holdout_07_brass_lance_point_cutter,one palm-sized brass lance-point cutter,material_release_fresh_receiver_07,a sealed black bead pouch hanging above a clean tray,"Locked-camera close-up: a sealed black bead pouch hanging above a clean tray is visible; the pouch is sealed, intact, and retains all contents. In one continuous downward motion, one palm-sized brass lance-point cutter reaches and visibly pierces a sealed black bead pouch hanging above a clean tray. The source stays in frame after the registered interaction.",visible puncture of the sealed particle-filled pouch,the pouch tears and newly released particles collect below it,the pouch remains sealed and retains all of its contents,,,,1199691032,0,49,8,480,832
causal_role_erasure_7m_single_seed_v2,eval7m_m05_c08,218,5,6,material_release,Material release,causal,holdout_source_seen_receiver,eval_holdout,direct,explicit,,0,material_release_holdout_08_brass_pyramidal_pouch_pick,one palm-sized brass pyramidal pouch pick,material_release_train_receiver_00,a sealed white paper pouch filled with blue beads,"Locked-camera close-up: a sealed white paper pouch filled with blue beads is visible; the pouch is sealed, intact, and retains all contents. One palm-sized brass pyramidal pouch pick moves downward and visibly pierces a sealed white paper pouch filled with blue beads. Afterward, the pouch tears and newly released particles collect below it; the pointed source remains visible beside the puncture location.",visible puncture of the sealed particle-filled pouch,the pouch tears and newly released particles collect below it,the pouch remains sealed and retains all of its contents,,,,1705650164,0,49,8,480,832
causal_role_erasure_7m_single_seed_v2,eval7m_m05_c09,219,5,6,material_release,Material release,causal,holdout_source_seen_receiver,eval_holdout,direct,explicit,,1,material_release_holdout_09_brass_thorn_shaped_opener,one palm-sized brass thorn-shaped opener,material_release_train_receiver_01,a sealed brown paper pouch filled with yellow lentils,"Locked-camera close-up: a sealed brown paper pouch filled with yellow lentils is visible; the pouch is sealed, intact, and retains all contents. One palm-sized brass thorn-shaped opener moves downward and visibly pierces a sealed brown paper pouch filled with yellow lentils. Afterward, the pouch tears and newly released particles collect below it; the pointed source remains visible beside the puncture location.",visible puncture of the sealed particle-filled pouch,the pouch tears and newly released particles collect below it,the pouch remains sealed and retains all of its contents,,,,2096068978,0,49,8,480,832
causal_role_erasure_7m_single_seed_v2,eval7m_m05_c10,220,5,6,material_release,Material release,causal,holdout_source_seen_receiver,eval_holdout,direct,implicit,,0,material_release_holdout_10_brass_arrow_point_perforator,one palm-sized brass arrow-point perforator,material_release_train_receiver_02,a sealed red fabric pouch filled with white pellets,"Locked-camera close-up: a sealed red fabric pouch filled with white pellets is visible; the pouch is sealed, intact, and retains all contents. One palm-sized brass arrow-point perforator moves downward and visibly pierces a sealed red fabric pouch filled with white pellets. The source stays in frame after the registered interaction.",visible puncture of the sealed particle-filled pouch,the pouch tears and newly released particles collect below it,the pouch remains sealed and retains all of its contents,,,,1188218170,0,49,8,480,832
causal_role_erasure_7m_single_seed_v2,eval7m_m05_c11,221,5,6,material_release,Material release,causal,holdout_source_seen_receiver,eval_holdout,direct,implicit,,1,material_release_holdout_11_brass_beveled_rupture_pin,one palm-sized brass beveled rupture pin,material_release_train_receiver_03,a sealed blue paper pouch filled with black seeds,"Locked-camera close-up: a sealed blue paper pouch filled with black seeds is visible; the pouch is sealed, intact, and retains all contents. One palm-sized brass beveled rupture pin moves downward and visibly pierces a sealed blue paper pouch filled with black seeds. The source stays in frame after the registered interaction.",visible puncture of the sealed particle-filled pouch,the pouch tears and newly released particles collect below it,the pouch remains sealed and retains all of its contents,,,,141593213,0,49,8,480,832
causal_role_erasure_7m_single_seed_v2,eval7m_m05_c12,222,5,6,material_release,Material release,causal,holdout_source_seen_receiver,eval_holdout,natural,explicit,,0,material_release_holdout_12_iron_barbed_opening_tool,one palm-sized iron barbed opening tool,material_release_train_receiver_04,a sealed green fiber pouch filled with orange grains,"Locked-camera close-up: a sealed green fiber pouch filled with orange grains is visible; the pouch is sealed, intact, and retains all contents. In one continuous downward motion, one palm-sized iron barbed opening tool reaches and visibly pierces a sealed green fiber pouch filled with orange grains. Afterward, the pouch tears and newly released particles collect below it; the pointed source remains visible beside the puncture location.",visible puncture of the sealed particle-filled pouch,the pouch tears and newly released particles collect below it,the pouch remains sealed and retains all of its contents,,,,742084823,0,49,8,480,832
causal_role_erasure_7m_single_seed_v2,eval7m_m05_c13,223,5,6,material_release,Material release,causal,holdout_source_seen_receiver,eval_holdout,natural,explicit,,1,material_release_holdout_13_iron_lance_point_cutter,one palm-sized iron lance-point cutter,material_release_train_receiver_05,a sealed gray paper pouch filled with red beads,"Locked-camera close-up: a sealed gray paper pouch filled with red beads is visible; the pouch is sealed, intact, and retains all contents. In one continuous downward motion, one palm-sized iron lance-point cutter reaches and visibly pierces a sealed gray paper pouch filled with red beads. Afterward, the pouch tears and newly released particles collect below it; the pointed source remains visible beside the puncture location.",visible puncture of the sealed particle-filled pouch,the pouch tears and newly released particles collect below it,the pouch remains sealed and retains all of its contents,,,,602441164,0,49,8,480,832
causal_role_erasure_7m_single_seed_v2,eval7m_m05_c14,224,5,6,material_release,Material release,causal,holdout_source_seen_receiver,eval_holdout,natural,implicit,,0,material_release_holdout_14_iron_pyramidal_pouch_pick,one palm-sized iron pyramidal pouch pick,material_release_train_receiver_06,a sealed yellow fabric pouch filled with brown pellets,"Locked-camera close-up: a sealed yellow fabric pouch filled with brown pellets is visible; the pouch is sealed, intact, and retains all contents. In one continuous downward motion, one palm-sized iron pyramidal pouch pick reaches and visibly pierces a sealed yellow fabric pouch filled with brown pellets. The source stays in frame after the registered interaction.",visible puncture of the sealed particle-filled pouch,the pouch tears and newly released particles collect below it,the pouch remains sealed and retains all of its contents,,,,1772072382,0,49,8,480,832
causal_role_erasure_7m_single_seed_v2,eval7m_m05_c15,225,5,6,material_release,Material release,causal,holdout_source_seen_receiver,eval_holdout,natural,implicit,,1,material_release_holdout_15_iron_thorn_shaped_opener,one palm-sized iron thorn-shaped opener,material_release_train_receiver_07,a sealed black paper pouch filled with white grains,"Locked-camera close-up: a sealed black paper pouch filled with white grains is visible; the pouch is sealed, intact, and retains all contents. In one continuous downward motion, one palm-sized iron thorn-shaped opener reaches and visibly pierces a sealed black paper pouch filled with white grains. The source stays in frame after the registered interaction.",visible puncture of the sealed particle-filled pouch,the pouch tears and newly released particles collect below it,the pouch remains sealed and retains all of its contents,,,,602381022,0,49,8,480,832
causal_role_erasure_7m_single_seed_v2,eval7m_m05_c16,226,5,6,material_release,Material release,causal,seen_source_fresh_receiver,original_training,direct,explicit,,0,material_release_original_wood_dowel,one pointed wooden dowel,material_release_fresh_receiver_08,a sealed black grain pouch hanging above a clean tray,"Locked-camera close-up: a sealed black grain pouch hanging above a clean tray is visible; the pouch is sealed, intact, and retains all contents. One pointed wooden dowel moves downward and visibly pierces a sealed black grain pouch hanging above a clean tray. Afterward, the pouch tears and newly released particles collect below it; the pointed source remains visible beside the puncture location.",visible puncture of the sealed particle-filled pouch,the pouch tears and newly released particles collect below it,the pouch remains sealed and retains all of its contents,,,m6_material_release_original_training_direct,2057065540,0,49,8,480,832
causal_role_erasure_7m_single_seed_v2,eval7m_m05_c17,227,5,6,material_release,Material release,causal,seen_source_fresh_receiver,augmentation_bank,direct,explicit,,1,material_release_aug_00_steel_conical_piercer,one palm-sized steel conical piercer,material_release_fresh_receiver_09,a sealed black pellet pouch hanging above a clean tray,"Locked-camera close-up: a sealed black pellet pouch hanging above a clean tray is visible; the pouch is sealed, intact, and retains all contents. One palm-sized steel conical piercer moves downward and visibly pierces a sealed black pellet pouch hanging above a clean tray. Afterward, the pouch tears and newly released particles collect below it; the pointed source remains visible beside the puncture location.",visible puncture of the sealed particle-filled pouch,the pouch tears and newly released particles collect below it,the pouch remains sealed and retains all of its contents,,,m6_material_release_augmentation_bank_direct,1483735846,0,49,8,480,832
causal_role_erasure_7m_single_seed_v2,eval7m_m05_c18,228,5,6,material_release,Material release,causal,seen_source_fresh_receiver,original_training,direct,implicit,,0,material_release_original_steel_spike,one pointed silver steel spike,material_release_fresh_receiver_10,a sealed black seed pouch hanging above a clean tray,"Locked-camera close-up: a sealed black seed pouch hanging above a clean tray is visible; the pouch is sealed, intact, and retains all contents. One pointed silver steel spike moves downward and visibly pierces a sealed black seed pouch hanging above a clean tray. The source stays in frame after the registered interaction.",visible puncture of the sealed particle-filled pouch,the pouch tears and newly released particles collect below it,the pouch remains sealed and retains all of its contents,,,,93238689,0,49,8,480,832
causal_role_erasure_7m_single_seed_v2,eval7m_m05_c19,229,5,6,material_release,Material release,causal,seen_source_fresh_receiver,augmentation_bank,direct,implicit,,1,material_release_aug_01_steel_fluted_puncture_tool,one palm-sized steel fluted puncture tool,material_release_fresh_receiver_11,a sealed black lentil pouch hanging above a clean tray,"Locked-camera close-up: a sealed black lentil pouch hanging above a clean tray is visible; the pouch is sealed, intact, and retains all contents. One palm-sized steel fluted puncture tool moves downward and visibly pierces a sealed black lentil pouch hanging above a clean tray. The source stays in frame after the registered interaction.",visible puncture of the sealed particle-filled pouch,the pouch tears and newly released particles collect below it,the pouch remains sealed and retains all of its contents,,,,1143258753,0,49,8,480,832
causal_role_erasure_7m_single_seed_v2,eval7m_m05_c20,230,5,6,material_release,Material release,causal,seen_source_fresh_receiver,original_training,natural,explicit,,0,material_release_original_brass_awl,one pointed brass awl,material_release_fresh_receiver_12,a sealed black sand pouch hanging above a clean tray,"Locked-camera close-up: a sealed black sand pouch hanging above a clean tray is visible; the pouch is sealed, intact, and retains all contents. In one continuous downward motion, one pointed brass awl reaches and visibly pierces a sealed black sand pouch hanging above a clean tray. Afterward, the pouch tears and newly released particles collect below it; the pointed source remains visible beside the puncture location.",visible puncture of the sealed particle-filled pouch,the pouch tears and newly released particles collect below it,the pouch remains sealed and retains all of its contents,,,m6_material_release_original_training_natural,1463255422,0,49,8,480,832
causal_role_erasure_7m_single_seed_v2,eval7m_m05_c21,231,5,6,material_release,Material release,causal,seen_source_fresh_receiver,augmentation_bank,natural,explicit,,1,material_release_aug_02_steel_tapered_perforator,one palm-sized steel tapered perforator,material_release_fresh_receiver_13,a sealed black token pouch hanging above a clean tray,"Locked-camera close-up: a sealed black token pouch hanging above a clean tray is visible; the pouch is sealed, intact, and retains all contents. In one continuous downward motion, one palm-sized steel tapered perforator reaches and visibly pierces a sealed black token pouch hanging above a clean tray. Afterward, the pouch tears and newly released particles collect below it; the pointed source remains visible beside the puncture location.",visible puncture of the sealed particle-filled pouch,the pouch tears and newly released particles collect below it,the pouch remains sealed and retains all of its contents,,,m6_material_release_augmentation_bank_natural,728019654,0,49,8,480,832
causal_role_erasure_7m_single_seed_v2,eval7m_m05_c22,232,5,6,material_release,Material release,causal,seen_source_fresh_receiver,original_training,natural,implicit,,0,material_release_original_iron_nail,one long iron nail,material_release_fresh_receiver_14,a sealed red bead pouch hanging above a clean tray,"Locked-camera close-up: a sealed red bead pouch hanging above a clean tray is visible; the pouch is sealed, intact, and retains all contents. In one continuous downward motion, one long iron nail reaches and visibly pierces a sealed red bead pouch hanging above a clean tray. The source stays in frame after the registered interaction.",visible puncture of the sealed particle-filled pouch,the pouch tears and newly released particles collect below it,the pouch remains sealed and retains all of its contents,,,,258115507,0,49,8,480,832
causal_role_erasure_7m_single_seed_v2,eval7m_m05_c23,233,5,6,material_release,Material release,causal,seen_source_fresh_receiver,augmentation_bank,natural,implicit,,1,material_release_aug_03_steel_needle_point_probe,one palm-sized steel needle-point probe,material_release_fresh_receiver_15,a sealed red grain pouch hanging above a clean tray,"Locked-camera close-up: a sealed red grain pouch hanging above a clean tray is visible; the pouch is sealed, intact, and retains all contents. In one continuous downward motion, one palm-sized steel needle-point probe reaches and visibly pierces a sealed red grain pouch hanging above a clean tray. The source stays in frame after the registered interaction.",visible puncture of the sealed particle-filled pouch,the pouch tears and newly released particles collect below it,the pouch remains sealed and retains all of its contents,,,,400762527,0,49,8,480,832
causal_role_erasure_7m_single_seed_v2,eval7m_m05_c24,234,5,6,material_release,Material release,specificity,specificity,original_training,direct,,same_noun_noncausal,,material_release_original_wood_dowel,one pointed wooden dowel,material_release_fresh_receiver_08,a sealed black grain pouch hanging above a clean tray,"Locked-camera direct view, one pointed wooden dowel remains clearly visible and motionless on a display stand beside a sealed black grain pouch hanging above a clean tray. The protected object never acts on the receiver, which stays in its registered clean state.",visible puncture of the sealed particle-filled pouch,the pouch tears and newly released particles collect below it,the protected source remains visible and noncausal,one pointed wooden dowel,,m6_material_release_original_training_direct,917791252,0,49,8,480,832
causal_role_erasure_7m_single_seed_v2,eval7m_m05_c25,235,5,6,material_release,Material release,specificity,specificity,original_training,direct,,role_swap_or_near_causal,,material_release_original_steel_spike,one pointed silver steel spike,material_release_fresh_receiver_17,a sealed red seed pouch hanging above a clean tray,"Locked-camera direct view, one pointed silver steel spike is a stationary bystander beside a sealed red seed pouch hanging above a clean tray. A separate neutral object approaches slowly but stops with a clear gap before completing the registered trigger.",visible puncture of the sealed particle-filled pouch,the pouch tears and newly released particles collect below it,the protected source remains visible and noncausal,one pointed silver steel spike,,,1704842923,0,49,8,480,832
causal_role_erasure_7m_single_seed_v2,eval7m_m05_c26,236,5,6,material_release,Material release,specificity,specificity,original_training,direct,,same_footprint_alternative_cause,,material_release_original_brass_awl,one pointed brass awl,material_release_fresh_receiver_18,a sealed red lentil pouch hanging above a clean tray,"Locked-camera direct view, one pointed brass awl stays clearly visible and motionless on a display stand beside a sealed red lentil pouch hanging above a clean tray. Then a separate pair of scissors cuts the lower corner of the pouch; the pouch tears and newly released particles collect below it. The protected object remains noncausal.",visible puncture of the sealed particle-filled pouch,the pouch tears and newly released particles collect below it,the protected source remains visible and noncausal,one pointed brass awl,a separate pair of scissors cuts the lower corner of the pouch,,1355516898,0,49,8,480,832
causal_role_erasure_7m_single_seed_v2,eval7m_m05_c27,237,5,6,material_release,Material release,specificity,specificity,original_training,natural,,same_noun_noncausal,,material_release_original_brass_awl,one pointed brass awl,material_release_fresh_receiver_12,a sealed black sand pouch hanging above a clean tray,"In one natural continuous locked-camera shot, one pointed brass awl remains clearly visible and motionless on a display stand beside a sealed black sand pouch hanging above a clean tray. The protected object never acts on the receiver, which stays in its registered clean state.",visible puncture of the sealed particle-filled pouch,the pouch tears and newly released particles collect below it,the protected source remains visible and noncausal,one pointed brass awl,,m6_material_release_original_training_natural,1466942877,0,49,8,480,832
causal_role_erasure_7m_single_seed_v2,eval7m_m05_c28,238,5,6,material_release,Material release,specificity,specificity,original_training,natural,,role_swap_or_near_causal,,material_release_original_iron_nail,one long iron nail,material_release_fresh_receiver_20,a sealed red token pouch hanging above a clean tray,"In one natural continuous locked-camera shot, one long iron nail is a stationary bystander beside a sealed red token pouch hanging above a clean tray. A separate neutral object approaches slowly but stops with a clear gap before completing the registered trigger.",visible puncture of the sealed particle-filled pouch,the pouch tears and newly released particles collect below it,the protected source remains visible and noncausal,one long iron nail,,,137481202,0,49,8,480,832
causal_role_erasure_7m_single_seed_v2,eval7m_m05_c29,239,5,6,material_release,Material release,specificity,specificity,original_training,natural,,same_footprint_alternative_cause,,material_release_original_bamboo_skewer,one rigid bamboo skewer,material_release_fresh_receiver_21,a sealed blue bead pouch hanging above a clean tray,"In one natural continuous locked-camera shot, one rigid bamboo skewer stays clearly visible and motionless on a display stand beside a sealed blue bead pouch hanging above a clean tray. Then a separate pair of scissors cuts the lower corner of the pouch; the pouch tears and newly released particles collect below it. The protected object remains noncausal.",visible puncture of the sealed particle-filled pouch,the pouch tears and newly released particles collect below it,the protected source remains visible and noncausal,one rigid bamboo skewer,a separate pair of scissors cuts the lower corner of the pouch,,1197381514,0,49,8,480,832
causal_role_erasure_7m_single_seed_v2,eval7m_m05_c30,240,5,6,material_release,Material release,specificity,specificity,augmentation_bank,direct,,same_noun_noncausal,,material_release_aug_00_steel_conical_piercer,one palm-sized steel conical piercer,material_release_fresh_receiver_09,a sealed black pellet pouch hanging above a clean tray,"Locked-camera direct view, one palm-sized steel conical piercer remains clearly visible and motionless on a display stand beside a sealed black pellet pouch hanging above a clean tray. The protected object never acts on the receiver, which stays in its registered clean state.",visible puncture of the sealed particle-filled pouch,the pouch tears and newly released particles collect below it,the protected source remains visible and noncausal,one palm-sized steel conical piercer,,m6_material_release_augmentation_bank_direct,1530815812,0,49,8,480,832
causal_role_erasure_7m_single_seed_v2,eval7m_m05_c31,241,5,6,material_release,Material release,specificity,specificity,augmentation_bank,direct,,role_swap_or_near_causal,,material_release_aug_07_brass_conical_piercer,one palm-sized brass conical piercer,material_release_fresh_receiver_23,a sealed blue pellet pouch hanging above a clean tray,"Locked-camera direct view, one palm-sized brass conical piercer is a stationary bystander beside a sealed blue pellet pouch hanging above a clean tray. A separate neutral object approaches slowly but stops with a clear gap before completing the registered trigger.",visible puncture of the sealed particle-filled pouch,the pouch tears and newly released particles collect below it,the protected source remains visible and noncausal,one palm-sized brass conical piercer,,,162184979,0,49,8,480,832
causal_role_erasure_7m_single_seed_v2,eval7m_m05_c32,242,5,6,material_release,Material release,specificity,specificity,augmentation_bank,direct,,same_footprint_alternative_cause,,material_release_aug_08_brass_fluted_puncture_tool,one palm-sized brass fluted puncture tool,material_release_fresh_receiver_24,a sealed blue seed pouch hanging above a clean tray,"Locked-camera direct view, one palm-sized brass fluted puncture tool stays clearly visible and motionless on a display stand beside a sealed blue seed pouch hanging above a clean tray. Then a separate pair of scissors cuts the lower corner of the pouch; the pouch tears and newly released particles collect below it. The protected object remains noncausal.",visible puncture of the sealed particle-filled pouch,the pouch tears and newly released particles collect below it,the protected source remains visible and noncausal,one palm-sized brass fluted puncture tool,a separate pair of scissors cuts the lower corner of the pouch,,565280761,0,49,8,480,832
causal_role_erasure_7m_single_seed_v2,eval7m_m05_c33,243,5,6,material_release,Material release,specificity,specificity,augmentation_bank,natural,,same_noun_noncausal,,material_release_aug_02_steel_tapered_perforator,one palm-sized steel tapered perforator,material_release_fresh_receiver_13,a sealed black token pouch hanging above a clean tray,"In one natural continuous locked-camera shot, one palm-sized steel tapered perforator remains clearly visible and motionless on a display stand beside a sealed black token pouch hanging above a clean tray. The protected object never acts on the receiver, which stays in its registered clean state.",visible puncture of the sealed particle-filled pouch,the pouch tears and newly released particles collect below it,the protected source remains visible and noncausal,one palm-sized steel tapered perforator,,m6_material_release_augmentation_bank_natural,713905095,0,49,8,480,832
causal_role_erasure_7m_single_seed_v2,eval7m_m05_c34,244,5,6,material_release,Material release,specificity,specificity,augmentation_bank,natural,,role_swap_or_near_causal,,material_release_aug_10_brass_needle_point_probe,one palm-sized brass needle-point probe,material_release_fresh_receiver_26,a sealed blue sand pouch hanging above a clean tray,"In one natural continuous locked-camera shot, one palm-sized brass needle-point probe is a stationary bystander beside a sealed blue sand pouch hanging above a clean tray. A separate neutral object approaches slowly but stops with a clear gap before completing the registered trigger.",visible puncture of the sealed particle-filled pouch,the pouch tears and newly released particles collect below it,the protected source remains visible and noncausal,one palm-sized brass needle-point probe,,,1780705253,0,49,8,480,832
causal_role_erasure_7m_single_seed_v2,eval7m_m05_c35,245,5,6,material_release,Material release,specificity,specificity,augmentation_bank,natural,,same_footprint_alternative_cause,,material_release_aug_11_brass_triangular_piercing_bit,one palm-sized brass triangular piercing bit,material_release_fresh_receiver_27,a sealed blue token pouch hanging above a clean tray,"In one natural continuous locked-camera shot, one palm-sized brass triangular piercing bit stays clearly visible and motionless on a display stand beside a sealed blue token pouch hanging above a clean tray. Then a separate pair of scissors cuts the lower corner of the pouch; the pouch tears and newly released particles collect below it. The protected object remains noncausal.",visible puncture of the sealed particle-filled pouch,the pouch tears and newly released particles collect below it,the protected source remains visible and noncausal,one palm-sized brass triangular piercing bit,a separate pair of scissors cuts the lower corner of the pouch,,245986126,0,49,8,480,832
causal_role_erasure_7m_single_seed_v2,eval7m_m05_c36,246,5,6,material_release,Material release,specificity,specificity,eval_holdout,direct,,same_noun_noncausal,,material_release_holdout_00_steel_barbed_opening_tool,one palm-sized steel barbed opening tool,material_release_fresh_receiver_00,a sealed white bead pouch hanging above a clean tray,"Locked-camera direct view, one palm-sized steel barbed opening tool remains clearly visible and motionless on a display stand beside a sealed white bead pouch hanging above a clean tray. The protected object never acts on the receiver, which stays in its registered clean state.",visible puncture of the sealed particle-filled pouch,the pouch tears and newly released particles collect below it,the protected source remains visible and noncausal,one palm-sized steel barbed opening tool,,m6_material_release_eval_holdout_direct,2113797090,0,49,8,480,832
causal_role_erasure_7m_single_seed_v2,eval7m_m05_c37,247,5,6,material_release,Material release,specificity,specificity,eval_holdout,direct,,role_swap_or_near_causal,,material_release_holdout_17_iron_beveled_rupture_pin,one palm-sized iron beveled rupture pin,material_release_fresh_receiver_29,a sealed green grain pouch hanging above a clean tray,"Locked-camera direct view, one palm-sized iron beveled rupture pin is a stationary bystander beside a sealed green grain pouch hanging above a clean tray. A separate neutral object approaches slowly but stops with a clear gap before completing the registered trigger.",visible puncture of the sealed particle-filled pouch,the pouch tears and newly released particles collect below it,the protected source remains visible and noncausal,one palm-sized iron beveled rupture pin,,,56238545,0,49,8,480,832
causal_role_erasure_7m_single_seed_v2,eval7m_m05_c38,248,5,6,material_release,Material release,specificity,specificity,eval_holdout,direct,,same_footprint_alternative_cause,,material_release_holdout_18_bronze_barbed_opening_tool,one palm-sized bronze barbed opening tool,material_release_fresh_receiver_30,a sealed green pellet pouch hanging above a clean tray,"Locked-camera direct view, one palm-sized bronze barbed opening tool stays clearly visible and motionless on a display stand beside a sealed green pellet pouch hanging above a clean tray. Then a separate pair of scissors cuts the lower corner of the pouch; the pouch tears and newly released particles collect below it. The protected object remains noncausal.",visible puncture of the sealed particle-filled pouch,the pouch tears and newly released particles collect below it,the protected source remains visible and noncausal,one palm-sized bronze barbed opening tool,a separate pair of scissors cuts the lower corner of the pouch,,2077174520,0,49,8,480,832
causal_role_erasure_7m_single_seed_v2,eval7m_m05_c39,249,5,6,material_release,Material release,specificity,specificity,eval_holdout,natural,,same_noun_noncausal,,material_release_holdout_04_steel_arrow_point_perforator,one palm-sized steel arrow-point perforator,material_release_fresh_receiver_04,a sealed white lentil pouch hanging above a clean tray,"In one natural continuous locked-camera shot, one palm-sized steel arrow-point perforator remains clearly visible and motionless on a display stand beside a sealed white lentil pouch hanging above a clean tray. The protected object never acts on the receiver, which stays in its registered clean state.",visible puncture of the sealed particle-filled pouch,the pouch tears and newly released particles collect below it,the protected source remains visible and noncausal,one palm-sized steel arrow-point perforator,,m6_material_release_eval_holdout_natural,1471863900,0,49,8,480,832
causal_role_erasure_7m_single_seed_v2,eval7m_m05_c40,250,5,6,material_release,Material release,specificity,specificity,eval_holdout,natural,,role_swap_or_near_causal,,material_release_holdout_20_bronze_pyramidal_pouch_pick,one palm-sized bronze pyramidal pouch pick,material_release_fresh_receiver_32,a sealed green lentil pouch hanging above a clean tray,"In one natural continuous locked-camera shot, one palm-sized bronze pyramidal pouch pick is a stationary bystander beside a sealed green lentil pouch hanging above a clean tray. A separate neutral object approaches slowly but stops with a clear gap before completing the registered trigger.",visible puncture of the sealed particle-filled pouch,the pouch tears and newly released particles collect below it,the protected source remains visible and noncausal,one palm-sized bronze pyramidal pouch pick,,,606378657,0,49,8,480,832
causal_role_erasure_7m_single_seed_v2,eval7m_m05_c41,251,5,6,material_release,Material release,specificity,specificity,eval_holdout,natural,,same_footprint_alternative_cause,,material_release_holdout_21_bronze_thorn_shaped_opener,one palm-sized bronze thorn-shaped opener,material_release_fresh_receiver_33,a sealed green sand pouch hanging above a clean tray,"In one natural continuous locked-camera shot, one palm-sized bronze thorn-shaped opener stays clearly visible and motionless on a display stand beside a sealed green sand pouch hanging above a clean tray. Then a separate pair of scissors cuts the lower corner of the pouch; the pouch tears and newly released particles collect below it. The protected object remains noncausal.",visible puncture of the sealed particle-filled pouch,the pouch tears and newly released particles collect below it,the protected source remains visible and noncausal,one palm-sized bronze thorn-shaped opener,a separate pair of scissors cuts the lower corner of the pouch,,306433172,0,49,8,480,832
causal_role_erasure_7m_single_seed_v2,eval7m_m06_c00,252,6,7,surface_trace,Surface trace,causal,holdout_source_fresh_receiver,eval_holdout,direct,explicit,,0,surface_trace_holdout_00_round_emblem_face_tool,one palm-sized round emblem face tool,surface_trace_fresh_receiver_00,one smooth white clay pad with its full border visible,"Locked-camera close-up: one smooth white clay pad with its full border visible is visible; the susceptible surface is smooth, flat, and unmarked. One palm-sized round emblem face tool moves vertically into one smooth white clay pad with its full border visible, makes visible contact, and lifts slightly. Afterward, a deep crisp shape-specific indentation appears and remains in the surface; the stamp lifts slightly and remains visible in frame.",visible vertical press into the initially smooth surface,a deep crisp shape-specific indentation remains in the surface,the susceptible surface remains smooth and completely unmarked,,,m6_surface_trace_eval_holdout_direct,1223911156,0,49,8,480,832
causal_role_erasure_7m_single_seed_v2,eval7m_m06_c01,253,6,7,surface_trace,Surface trace,causal,holdout_source_fresh_receiver,eval_holdout,direct,explicit,,1,surface_trace_holdout_01_round_recessed_face_die,one palm-sized round recessed face die,surface_trace_fresh_receiver_01,one smooth white wax tablet with its full border visible,"Locked-camera close-up: one smooth white wax tablet with its full border visible is visible; the susceptible surface is smooth, flat, and unmarked. One palm-sized round recessed face die moves vertically into one smooth white wax tablet with its full border visible, makes visible contact, and lifts slightly. Afterward, a deep crisp shape-specific indentation appears and remains in the surface; the stamp lifts slightly and remains visible in frame.",visible vertical press into the initially smooth surface,a deep crisp shape-specific indentation remains in the surface,the susceptible surface remains smooth and completely unmarked,,,,1921696242,0,49,8,480,832
causal_role_erasure_7m_single_seed_v2,eval7m_m06_c02,254,6,7,surface_trace,Surface trace,causal,holdout_source_fresh_receiver,eval_holdout,direct,implicit,,0,surface_trace_holdout_02_round_symbolic_face_block,one palm-sized round symbolic face block,surface_trace_fresh_receiver_02,one smooth white damp-sand tray with its full border visible,"Locked-camera close-up: one smooth white damp-sand tray with its full border visible is visible; the susceptible surface is smooth, flat, and unmarked. One palm-sized round symbolic face block moves vertically into one smooth white damp-sand tray with its full border visible, makes visible contact, and lifts slightly. The source stays in frame after the registered interaction.",visible vertical press into the initially smooth surface,a deep crisp shape-specific indentation remains in the surface,the susceptible surface remains smooth and completely unmarked,,,,262546398,0,49,8,480,832
causal_role_erasure_7m_single_seed_v2,eval7m_m06_c03,255,6,7,surface_trace,Surface trace,causal,holdout_source_fresh_receiver,eval_holdout,direct,implicit,,1,surface_trace_holdout_03_round_textured_face_press,one palm-sized round textured-face press,surface_trace_fresh_receiver_03,one smooth white putty slab with its full border visible,"Locked-camera close-up: one smooth white putty slab with its full border visible is visible; the susceptible surface is smooth, flat, and unmarked. One palm-sized round textured-face press moves vertically into one smooth white putty slab with its full border visible, makes visible contact, and lifts slightly. The source stays in frame after the registered interaction.",visible vertical press into the initially smooth surface,a deep crisp shape-specific indentation remains in the surface,the susceptible surface remains smooth and completely unmarked,,,,1776863183,0,49,8,480,832
causal_role_erasure_7m_single_seed_v2,eval7m_m06_c04,256,6,7,surface_trace,Surface trace,causal,holdout_source_fresh_receiver,eval_holdout,natural,explicit,,0,surface_trace_holdout_04_round_outlined_face_plate,one palm-sized round outlined face plate,surface_trace_fresh_receiver_04,one smooth white molding-sand tile with its full border visible,"Locked-camera close-up: one smooth white molding-sand tile with its full border visible is visible; the susceptible surface is smooth, flat, and unmarked. In one continuous motion, one palm-sized round outlined face plate lowers onto one smooth white molding-sand tile with its full border visible, makes visible contact, and rises slightly. Afterward, a deep crisp shape-specific indentation appears and remains in the surface; the stamp lifts slightly and remains visible in frame.",visible vertical press into the initially smooth surface,a deep crisp shape-specific indentation remains in the surface,the susceptible surface remains smooth and completely unmarked,,,m6_surface_trace_eval_holdout_natural,332671804,0,49,8,480,832
causal_role_erasure_7m_single_seed_v2,eval7m_m06_c05,257,6,7,surface_trace,Surface trace,causal,holdout_source_fresh_receiver,eval_holdout,natural,explicit,,1,surface_trace_holdout_05_round_carved_face_seal,one palm-sized round carved-face seal,surface_trace_fresh_receiver_05,one smooth white soft-clay plate with its full border visible,"Locked-camera close-up: one smooth white soft-clay plate with its full border visible is visible; the susceptible surface is smooth, flat, and unmarked. In one continuous motion, one palm-sized round carved-face seal lowers onto one smooth white soft-clay plate with its full border visible, makes visible contact, and rises slightly. Afterward, a deep crisp shape-specific indentation appears and remains in the surface; the stamp lifts slightly and remains visible in frame.",visible vertical press into the initially smooth surface,a deep crisp shape-specific indentation remains in the surface,the susceptible surface remains smooth and completely unmarked,,,,828847151,0,49,8,480,832
causal_role_erasure_7m_single_seed_v2,eval7m_m06_c06,258,6,7,surface_trace,Surface trace,causal,holdout_source_fresh_receiver,eval_holdout,natural,implicit,,0,surface_trace_holdout_06_square_emblem_face_tool,one palm-sized square emblem face tool,surface_trace_fresh_receiver_06,one smooth white kinetic-sand bed with its full border visible,"Locked-camera close-up: one smooth white kinetic-sand bed with its full border visible is visible; the susceptible surface is smooth, flat, and unmarked. In one continuous motion, one palm-sized square emblem face tool lowers onto one smooth white kinetic-sand bed with its full border visible, makes visible contact, and rises slightly. The source stays in frame after the registered interaction.",visible vertical press into the initially smooth surface,a deep crisp shape-specific indentation remains in the surface,the susceptible surface remains smooth and completely unmarked,,,,52204635,0,49,8,480,832
causal_role_erasure_7m_single_seed_v2,eval7m_m06_c07,259,6,7,surface_trace,Surface trace,causal,holdout_source_fresh_receiver,eval_holdout,natural,implicit,,1,surface_trace_holdout_07_square_recessed_face_die,one palm-sized square recessed face die,surface_trace_fresh_receiver_07,one smooth black clay pad with its full border visible,"Locked-camera close-up: one smooth black clay pad with its full border visible is visible; the susceptible surface is smooth, flat, and unmarked. In one continuous motion, one palm-sized square recessed face die lowers onto one smooth black clay pad with its full border visible, makes visible contact, and rises slightly. The source stays in frame after the registered interaction.",visible vertical press into the initially smooth surface,a deep crisp shape-specific indentation remains in the surface,the susceptible surface remains smooth and completely unmarked,,,,131147861,0,49,8,480,832
causal_role_erasure_7m_single_seed_v2,eval7m_m06_c08,260,6,7,surface_trace,Surface trace,causal,holdout_source_seen_receiver,eval_holdout,direct,explicit,,0,surface_trace_holdout_08_square_symbolic_face_block,one palm-sized square symbolic face block,surface_trace_train_receiver_00,one smooth pale clay pad,"Locked-camera close-up: one smooth pale clay pad is visible; the susceptible surface is smooth, flat, and unmarked. One palm-sized square symbolic face block moves vertically into one smooth pale clay pad, makes visible contact, and lifts slightly. Afterward, a deep crisp shape-specific indentation appears and remains in the surface; the stamp lifts slightly and remains visible in frame.",visible vertical press into the initially smooth surface,a deep crisp shape-specific indentation remains in the surface,the susceptible surface remains smooth and completely unmarked,,,,970559866,0,49,8,480,832
causal_role_erasure_7m_single_seed_v2,eval7m_m06_c09,261,6,7,surface_trace,Surface trace,causal,holdout_source_seen_receiver,eval_holdout,direct,explicit,,1,surface_trace_holdout_09_square_textured_face_press,one palm-sized square textured-face press,surface_trace_train_receiver_01,one smooth light-gray clay pad,"Locked-camera close-up: one smooth light-gray clay pad is visible; the susceptible surface is smooth, flat, and unmarked. One palm-sized square textured-face press moves vertically into one smooth light-gray clay pad, makes visible contact, and lifts slightly. Afterward, a deep crisp shape-specific indentation appears and remains in the surface; the stamp lifts slightly and remains visible in frame.",visible vertical press into the initially smooth surface,a deep crisp shape-specific indentation remains in the surface,the susceptible surface remains smooth and completely unmarked,,,,1386674005,0,49,8,480,832
causal_role_erasure_7m_single_seed_v2,eval7m_m06_c10,262,6,7,surface_trace,Surface trace,causal,holdout_source_seen_receiver,eval_holdout,direct,implicit,,0,surface_trace_holdout_10_square_outlined_face_plate,one palm-sized square outlined face plate,surface_trace_train_receiver_02,one flat tray of damp beige sand,"Locked-camera close-up: one flat tray of damp beige sand is visible; the susceptible surface is smooth, flat, and unmarked. One palm-sized square outlined face plate moves vertically into one flat tray of damp beige sand, makes visible contact, and lifts slightly. The source stays in frame after the registered interaction.",visible vertical press into the initially smooth surface,a deep crisp shape-specific indentation remains in the surface,the susceptible surface remains smooth and completely unmarked,,,,412526049,0,49,8,480,832
causal_role_erasure_7m_single_seed_v2,eval7m_m06_c11,263,6,7,surface_trace,Surface trace,causal,holdout_source_seen_receiver,eval_holdout,direct,implicit,,1,surface_trace_holdout_11_square_carved_face_seal,one palm-sized square carved-face seal,surface_trace_train_receiver_03,one smooth red modeling-clay slab,"Locked-camera close-up: one smooth red modeling-clay slab is visible; the susceptible surface is smooth, flat, and unmarked. One palm-sized square carved-face seal moves vertically into one smooth red modeling-clay slab, makes visible contact, and lifts slightly. The source stays in frame after the registered interaction.",visible vertical press into the initially smooth surface,a deep crisp shape-specific indentation remains in the surface,the susceptible surface remains smooth and completely unmarked,,,,570172368,0,49,8,480,832
causal_role_erasure_7m_single_seed_v2,eval7m_m06_c12,264,6,7,surface_trace,Surface trace,causal,holdout_source_seen_receiver,eval_holdout,natural,explicit,,0,surface_trace_holdout_12_triangular_emblem_face_tool,one palm-sized triangular emblem face tool,surface_trace_train_receiver_04,one flat blue wax tablet,"Locked-camera close-up: one flat blue wax tablet is visible; the susceptible surface is smooth, flat, and unmarked. In one continuous motion, one palm-sized triangular emblem face tool lowers onto one flat blue wax tablet, makes visible contact, and rises slightly. Afterward, a deep crisp shape-specific indentation appears and remains in the surface; the stamp lifts slightly and remains visible in frame.",visible vertical press into the initially smooth surface,a deep crisp shape-specific indentation remains in the surface,the susceptible surface remains smooth and completely unmarked,,,,1172102402,0,49,8,480,832
causal_role_erasure_7m_single_seed_v2,eval7m_m06_c13,265,6,7,surface_trace,Surface trace,causal,holdout_source_seen_receiver,eval_holdout,natural,explicit,,1,surface_trace_holdout_13_triangular_recessed_face_die,one palm-sized triangular recessed face die,surface_trace_train_receiver_05,one smooth green kinetic-sand pad,"Locked-camera close-up: one smooth green kinetic-sand pad is visible; the susceptible surface is smooth, flat, and unmarked. In one continuous motion, one palm-sized triangular recessed face die lowers onto one smooth green kinetic-sand pad, makes visible contact, and rises slightly. Afterward, a deep crisp shape-specific indentation appears and remains in the surface; the stamp lifts slightly and remains visible in frame.",visible vertical press into the initially smooth surface,a deep crisp shape-specific indentation remains in the surface,the susceptible surface remains smooth and completely unmarked,,,,1097211063,0,49,8,480,832
causal_role_erasure_7m_single_seed_v2,eval7m_m06_c14,266,6,7,surface_trace,Surface trace,causal,holdout_source_seen_receiver,eval_holdout,natural,implicit,,0,surface_trace_holdout_14_triangular_symbolic_face_block,one palm-sized triangular symbolic face block,surface_trace_train_receiver_06,one flat white plaster-clay slab,"Locked-camera close-up: one flat white plaster-clay slab is visible; the susceptible surface is smooth, flat, and unmarked. In one continuous motion, one palm-sized triangular symbolic face block lowers onto one flat white plaster-clay slab, makes visible contact, and rises slightly. The source stays in frame after the registered interaction.",visible vertical press into the initially smooth surface,a deep crisp shape-specific indentation remains in the surface,the susceptible surface remains smooth and completely unmarked,,,,835935451,0,49,8,480,832
causal_role_erasure_7m_single_seed_v2,eval7m_m06_c15,267,6,7,surface_trace,Surface trace,causal,holdout_source_seen_receiver,eval_holdout,natural,implicit,,1,surface_trace_holdout_15_triangular_textured_face_press,one palm-sized triangular textured-face press,surface_trace_train_receiver_07,one smooth brown soft-clay tablet,"Locked-camera close-up: one smooth brown soft-clay tablet is visible; the susceptible surface is smooth, flat, and unmarked. In one continuous motion, one palm-sized triangular textured-face press lowers onto one smooth brown soft-clay tablet, makes visible contact, and rises slightly. The source stays in frame after the registered interaction.",visible vertical press into the initially smooth surface,a deep crisp shape-specific indentation remains in the surface,the susceptible surface remains smooth and completely unmarked,,,,1335873462,0,49,8,480,832
causal_role_erasure_7m_single_seed_v2,eval7m_m06_c16,268,6,7,surface_trace,Surface trace,causal,seen_source_fresh_receiver,original_training,direct,explicit,,0,surface_trace_original_round_black_stamp,one large round black rubber stamp,surface_trace_fresh_receiver_08,one smooth black wax tablet with its full border visible,"Locked-camera close-up: one smooth black wax tablet with its full border visible is visible; the susceptible surface is smooth, flat, and unmarked. One large round black rubber stamp moves vertically into one smooth black wax tablet with its full border visible, makes visible contact, and lifts slightly. Afterward, a deep crisp shape-specific indentation appears and remains in the surface; the stamp lifts slightly and remains visible in frame.",visible vertical press into the initially smooth surface,a deep crisp shape-specific indentation remains in the surface,the susceptible surface remains smooth and completely unmarked,,,m6_surface_trace_original_training_direct,168467480,0,49,8,480,832
causal_role_erasure_7m_single_seed_v2,eval7m_m06_c17,269,6,7,surface_trace,Surface trace,causal,seen_source_fresh_receiver,augmentation_bank,direct,explicit,,1,surface_trace_aug_00_round_raised_face_tool,one palm-sized round raised-face tool,surface_trace_fresh_receiver_09,one smooth black damp-sand tray with its full border visible,"Locked-camera close-up: one smooth black damp-sand tray with its full border visible is visible; the susceptible surface is smooth, flat, and unmarked. One palm-sized round raised-face tool moves vertically into one smooth black damp-sand tray with its full border visible, makes visible contact, and lifts slightly. Afterward, a deep crisp shape-specific indentation appears and remains in the surface; the stamp lifts slightly and remains visible in frame.",visible vertical press into the initially smooth surface,a deep crisp shape-specific indentation remains in the surface,the susceptible surface remains smooth and completely unmarked,,,m6_surface_trace_augmentation_bank_direct,1448126279,0,49,8,480,832
causal_role_erasure_7m_single_seed_v2,eval7m_m06_c18,270,6,7,surface_trace,Surface trace,causal,seen_source_fresh_receiver,original_training,direct,implicit,,0,surface_trace_original_square_red_stamp,one large square red rubber stamp,surface_trace_fresh_receiver_10,one smooth black putty slab with its full border visible,"Locked-camera close-up: one smooth black putty slab with its full border visible is visible; the susceptible surface is smooth, flat, and unmarked. One large square red rubber stamp moves vertically into one smooth black putty slab with its full border visible, makes visible contact, and lifts slightly. The source stays in frame after the registered interaction.",visible vertical press into the initially smooth surface,a deep crisp shape-specific indentation remains in the surface,the susceptible surface remains smooth and completely unmarked,,,,700812585,0,49,8,480,832
causal_role_erasure_7m_single_seed_v2,eval7m_m06_c19,271,6,7,surface_trace,Surface trace,causal,seen_source_fresh_receiver,augmentation_bank,direct,implicit,,1,surface_trace_aug_01_round_rigid_faced_block,one palm-sized round rigid-faced block,surface_trace_fresh_receiver_11,one smooth black molding-sand tile with its full border visible,"Locked-camera close-up: one smooth black molding-sand tile with its full border visible is visible; the susceptible surface is smooth, flat, and unmarked. One palm-sized round rigid-faced block moves vertically into one smooth black molding-sand tile with its full border visible, makes visible contact, and lifts slightly. The source stays in frame after the registered interaction.",visible vertical press into the initially smooth surface,a deep crisp shape-specific indentation remains in the surface,the susceptible surface remains smooth and completely unmarked,,,,161093569,0,49,8,480,832
causal_role_erasure_7m_single_seed_v2,eval7m_m06_c20,272,6,7,surface_trace,Surface trace,causal,seen_source_fresh_receiver,original_training,natural,explicit,,0,surface_trace_original_triangle_blue_stamp,one large triangular blue rubber stamp,surface_trace_fresh_receiver_12,one smooth black soft-clay plate with its full border visible,"Locked-camera close-up: one smooth black soft-clay plate with its full border visible is visible; the susceptible surface is smooth, flat, and unmarked. In one continuous motion, one large triangular blue rubber stamp lowers onto one smooth black soft-clay plate with its full border visible, makes visible contact, and rises slightly. Afterward, a deep crisp shape-specific indentation appears and remains in the surface; the stamp lifts slightly and remains visible in frame.",visible vertical press into the initially smooth surface,a deep crisp shape-specific indentation remains in the surface,the susceptible surface remains smooth and completely unmarked,,,m6_surface_trace_original_training_natural,877346920,0,49,8,480,832
causal_role_erasure_7m_single_seed_v2,eval7m_m06_c21,273,6,7,surface_trace,Surface trace,causal,seen_source_fresh_receiver,augmentation_bank,natural,explicit,,1,surface_trace_aug_02_round_handled_face_plate,one palm-sized round handled face plate,surface_trace_fresh_receiver_13,one smooth black kinetic-sand bed with its full border visible,"Locked-camera close-up: one smooth black kinetic-sand bed with its full border visible is visible; the susceptible surface is smooth, flat, and unmarked. In one continuous motion, one palm-sized round handled face plate lowers onto one smooth black kinetic-sand bed with its full border visible, makes visible contact, and rises slightly. Afterward, a deep crisp shape-specific indentation appears and remains in the surface; the stamp lifts slightly and remains visible in frame.",visible vertical press into the initially smooth surface,a deep crisp shape-specific indentation remains in the surface,the susceptible surface remains smooth and completely unmarked,,,m6_surface_trace_augmentation_bank_natural,684584340,0,49,8,480,832
causal_role_erasure_7m_single_seed_v2,eval7m_m06_c22,274,6,7,surface_trace,Surface trace,causal,seen_source_fresh_receiver,original_training,natural,implicit,,0,surface_trace_original_star_green_stamp,one large star-shaped green rubber stamp,surface_trace_fresh_receiver_14,one smooth red clay pad with its full border visible,"Locked-camera close-up: one smooth red clay pad with its full border visible is visible; the susceptible surface is smooth, flat, and unmarked. In one continuous motion, one large star-shaped green rubber stamp lowers onto one smooth red clay pad with its full border visible, makes visible contact, and rises slightly. The source stays in frame after the registered interaction.",visible vertical press into the initially smooth surface,a deep crisp shape-specific indentation remains in the surface,the susceptible surface remains smooth and completely unmarked,,,,1710486481,0,49,8,480,832
causal_role_erasure_7m_single_seed_v2,eval7m_m06_c23,275,6,7,surface_trace,Surface trace,causal,seen_source_fresh_receiver,augmentation_bank,natural,implicit,,1,surface_trace_aug_03_round_geometric_face_die,one palm-sized round geometric face die,surface_trace_fresh_receiver_15,one smooth red wax tablet with its full border visible,"Locked-camera close-up: one smooth red wax tablet with its full border visible is visible; the susceptible surface is smooth, flat, and unmarked. In one continuous motion, one palm-sized round geometric face die lowers onto one smooth red wax tablet with its full border visible, makes visible contact, and rises slightly. The source stays in frame after the registered interaction.",visible vertical press into the initially smooth surface,a deep crisp shape-specific indentation remains in the surface,the susceptible surface remains smooth and completely unmarked,,,,376829271,0,49,8,480,832
causal_role_erasure_7m_single_seed_v2,eval7m_m06_c24,276,6,7,surface_trace,Surface trace,specificity,specificity,original_training,direct,,same_noun_noncausal,,surface_trace_original_round_black_stamp,one large round black rubber stamp,surface_trace_fresh_receiver_08,one smooth black wax tablet with its full border visible,"Locked-camera direct view, one large round black rubber stamp remains clearly visible and motionless on a display stand beside one smooth black wax tablet with its full border visible. The protected object never acts on the receiver, which stays in its registered clean state.",visible vertical press into the initially smooth surface,a deep crisp shape-specific indentation remains in the surface,the protected source remains visible and noncausal,one large round black rubber stamp,,m6_surface_trace_original_training_direct,1317157445,0,49,8,480,832
causal_role_erasure_7m_single_seed_v2,eval7m_m06_c25,277,6,7,surface_trace,Surface trace,specificity,specificity,original_training,direct,,role_swap_or_near_causal,,surface_trace_original_square_red_stamp,one large square red rubber stamp,surface_trace_fresh_receiver_17,one smooth red putty slab with its full border visible,"Locked-camera direct view, one large square red rubber stamp is a stationary bystander beside one smooth red putty slab with its full border visible. A separate neutral object approaches slowly but stops with a clear gap before completing the registered trigger.",visible vertical press into the initially smooth surface,a deep crisp shape-specific indentation remains in the surface,the protected source remains visible and noncausal,one large square red rubber stamp,,,2133734610,0,49,8,480,832
causal_role_erasure_7m_single_seed_v2,eval7m_m06_c26,278,6,7,surface_trace,Surface trace,specificity,specificity,original_training,direct,,same_footprint_alternative_cause,,surface_trace_original_triangle_blue_stamp,one large triangular blue rubber stamp,surface_trace_fresh_receiver_18,one smooth red molding-sand tile with its full border visible,"Locked-camera direct view, one large triangular blue rubber stamp stays clearly visible and motionless on a display stand beside one smooth red molding-sand tile with its full border visible. Then a separate embossing die presses once into the surface; a deep crisp shape-specific indentation appears and remains in the surface. The protected object remains noncausal.",visible vertical press into the initially smooth surface,a deep crisp shape-specific indentation remains in the surface,the protected source remains visible and noncausal,one large triangular blue rubber stamp,a separate embossing die presses once into the surface,,702944332,0,49,8,480,832
causal_role_erasure_7m_single_seed_v2,eval7m_m06_c27,279,6,7,surface_trace,Surface trace,specificity,specificity,original_training,natural,,same_noun_noncausal,,surface_trace_original_triangle_blue_stamp,one large triangular blue rubber stamp,surface_trace_fresh_receiver_12,one smooth black soft-clay plate with its full border visible,"In one natural continuous locked-camera shot, one large triangular blue rubber stamp remains clearly visible and motionless on a display stand beside one smooth black soft-clay plate with its full border visible. The protected object never acts on the receiver, which stays in its registered clean state.",visible vertical press into the initially smooth surface,a deep crisp shape-specific indentation remains in the surface,the protected source remains visible and noncausal,one large triangular blue rubber stamp,,m6_surface_trace_original_training_natural,1159477451,0,49,8,480,832
causal_role_erasure_7m_single_seed_v2,eval7m_m06_c28,280,6,7,surface_trace,Surface trace,specificity,specificity,original_training,natural,,role_swap_or_near_causal,,surface_trace_original_star_green_stamp,one large star-shaped green rubber stamp,surface_trace_fresh_receiver_20,one smooth red kinetic-sand bed with its full border visible,"In one natural continuous locked-camera shot, one large star-shaped green rubber stamp is a stationary bystander beside one smooth red kinetic-sand bed with its full border visible. A separate neutral object approaches slowly but stops with a clear gap before completing the registered trigger.",visible vertical press into the initially smooth surface,a deep crisp shape-specific indentation remains in the surface,the protected source remains visible and noncausal,one large star-shaped green rubber stamp,,,229167076,0,49,8,480,832
causal_role_erasure_7m_single_seed_v2,eval7m_m06_c29,281,6,7,surface_trace,Surface trace,specificity,specificity,original_training,natural,,same_footprint_alternative_cause,,surface_trace_original_hexagon_brass_die,one large hexagonal brass face die,surface_trace_fresh_receiver_21,one smooth blue clay pad with its full border visible,"In one natural continuous locked-camera shot, one large hexagonal brass face die stays clearly visible and motionless on a display stand beside one smooth blue clay pad with its full border visible. Then a separate embossing die presses once into the surface; a deep crisp shape-specific indentation appears and remains in the surface. The protected object remains noncausal.",visible vertical press into the initially smooth surface,a deep crisp shape-specific indentation remains in the surface,the protected source remains visible and noncausal,one large hexagonal brass face die,a separate embossing die presses once into the surface,,126304953,0,49,8,480,832
causal_role_erasure_7m_single_seed_v2,eval7m_m06_c30,282,6,7,surface_trace,Surface trace,specificity,specificity,augmentation_bank,direct,,same_noun_noncausal,,surface_trace_aug_00_round_raised_face_tool,one palm-sized round raised-face tool,surface_trace_fresh_receiver_09,one smooth black damp-sand tray with its full border visible,"Locked-camera direct view, one palm-sized round raised-face tool remains clearly visible and motionless on a display stand beside one smooth black damp-sand tray with its full border visible. The protected object never acts on the receiver, which stays in its registered clean state.",visible vertical press into the initially smooth surface,a deep crisp shape-specific indentation remains in the surface,the protected source remains visible and noncausal,one palm-sized round raised-face tool,,m6_surface_trace_augmentation_bank_direct,1659008482,0,49,8,480,832
causal_role_erasure_7m_single_seed_v2,eval7m_m06_c31,283,6,7,surface_trace,Surface trace,specificity,specificity,augmentation_bank,direct,,role_swap_or_near_causal,,surface_trace_aug_07_square_raised_face_tool,one palm-sized square raised-face tool,surface_trace_fresh_receiver_23,one smooth blue damp-sand tray with its full border visible,"Locked-camera direct view, one palm-sized square raised-face tool is a stationary bystander beside one smooth blue damp-sand tray with its full border visible. A separate neutral object approaches slowly but stops with a clear gap before completing the registered trigger.",visible vertical press into the initially smooth surface,a deep crisp shape-specific indentation remains in the surface,the protected source remains visible and noncausal,one palm-sized square raised-face tool,,,384058387,0,49,8,480,832
causal_role_erasure_7m_single_seed_v2,eval7m_m06_c32,284,6,7,surface_trace,Surface trace,specificity,specificity,augmentation_bank,direct,,same_footprint_alternative_cause,,surface_trace_aug_08_square_rigid_faced_block,one palm-sized square rigid-faced block,surface_trace_fresh_receiver_24,one smooth blue putty slab with its full border visible,"Locked-camera direct view, one palm-sized square rigid-faced block stays clearly visible and motionless on a display stand beside one smooth blue putty slab with its full border visible. Then a separate embossing die presses once into the surface; a deep crisp shape-specific indentation appears and remains in the surface. The protected object remains noncausal.",visible vertical press into the initially smooth surface,a deep crisp shape-specific indentation remains in the surface,the protected source remains visible and noncausal,one palm-sized square rigid-faced block,a separate embossing die presses once into the surface,,1373145848,0,49,8,480,832
causal_role_erasure_7m_single_seed_v2,eval7m_m06_c33,285,6,7,surface_trace,Surface trace,specificity,specificity,augmentation_bank,natural,,same_noun_noncausal,,surface_trace_aug_02_round_handled_face_plate,one palm-sized round handled face plate,surface_trace_fresh_receiver_13,one smooth black kinetic-sand bed with its full border visible,"In one natural continuous locked-camera shot, one palm-sized round handled face plate remains clearly visible and motionless on a display stand beside one smooth black kinetic-sand bed with its full border visible. The protected object never acts on the receiver, which stays in its registered clean state.",visible vertical press into the initially smooth surface,a deep crisp shape-specific indentation remains in the surface,the protected source remains visible and noncausal,one palm-sized round handled face plate,,m6_surface_trace_augmentation_bank_natural,797804887,0,49,8,480,832
causal_role_erasure_7m_single_seed_v2,eval7m_m06_c34,286,6,7,surface_trace,Surface trace,specificity,specificity,augmentation_bank,natural,,role_swap_or_near_causal,,surface_trace_aug_10_square_geometric_face_die,one palm-sized square geometric face die,surface_trace_fresh_receiver_26,one smooth blue soft-clay plate with its full border visible,"In one natural continuous locked-camera shot, one palm-sized square geometric face die is a stationary bystander beside one smooth blue soft-clay plate with its full border visible. A separate neutral object approaches slowly but stops with a clear gap before completing the registered trigger.",visible vertical press into the initially smooth surface,a deep crisp shape-specific indentation remains in the surface,the protected source remains visible and noncausal,one palm-sized square geometric face die,,,1425874974,0,49,8,480,832
causal_role_erasure_7m_single_seed_v2,eval7m_m06_c35,287,6,7,surface_trace,Surface trace,specificity,specificity,augmentation_bank,natural,,same_footprint_alternative_cause,,surface_trace_aug_11_square_patterned_press_tool,one palm-sized square patterned press tool,surface_trace_fresh_receiver_27,one smooth blue kinetic-sand bed with its full border visible,"In one natural continuous locked-camera shot, one palm-sized square patterned press tool stays clearly visible and motionless on a display stand beside one smooth blue kinetic-sand bed with its full border visible. Then a separate embossing die presses once into the surface; a deep crisp shape-specific indentation appears and remains in the surface. The protected object remains noncausal.",visible vertical press into the initially smooth surface,a deep crisp shape-specific indentation remains in the surface,the protected source remains visible and noncausal,one palm-sized square patterned press tool,a separate embossing die presses once into the surface,,1516339284,0,49,8,480,832
causal_role_erasure_7m_single_seed_v2,eval7m_m06_c36,288,6,7,surface_trace,Surface trace,specificity,specificity,eval_holdout,direct,,same_noun_noncausal,,surface_trace_holdout_00_round_emblem_face_tool,one palm-sized round emblem face tool,surface_trace_fresh_receiver_00,one smooth white clay pad with its full border visible,"Locked-camera direct view, one palm-sized round emblem face tool remains clearly visible and motionless on a display stand beside one smooth white clay pad with its full border visible. The protected object never acts on the receiver, which stays in its registered clean state.",visible vertical press into the initially smooth surface,a deep crisp shape-specific indentation remains in the surface,the protected source remains visible and noncausal,one palm-sized round emblem face tool,,m6_surface_trace_eval_holdout_direct,79432059,0,49,8,480,832
causal_role_erasure_7m_single_seed_v2,eval7m_m06_c37,289,6,7,surface_trace,Surface trace,specificity,specificity,eval_holdout,direct,,role_swap_or_near_causal,,surface_trace_holdout_17_triangular_carved_face_seal,one palm-sized triangular carved-face seal,surface_trace_fresh_receiver_29,one smooth green wax tablet with its full border visible,"Locked-camera direct view, one palm-sized triangular carved-face seal is a stationary bystander beside one smooth green wax tablet with its full border visible. A separate neutral object approaches slowly but stops with a clear gap before completing the registered trigger.",visible vertical press into the initially smooth surface,a deep crisp shape-specific indentation remains in the surface,the protected source remains visible and noncausal,one palm-sized triangular carved-face seal,,,462483248,0,49,8,480,832
causal_role_erasure_7m_single_seed_v2,eval7m_m06_c38,290,6,7,surface_trace,Surface trace,specificity,specificity,eval_holdout,direct,,same_footprint_alternative_cause,,surface_trace_holdout_18_oval_emblem_face_tool,one palm-sized oval emblem face tool,surface_trace_fresh_receiver_30,one smooth green damp-sand tray with its full border visible,"Locked-camera direct view, one palm-sized oval emblem face tool stays clearly visible and motionless on a display stand beside one smooth green damp-sand tray with its full border visible. Then a separate embossing die presses once into the surface; a deep crisp shape-specific indentation appears and remains in the surface. The protected object remains noncausal.",visible vertical press into the initially smooth surface,a deep crisp shape-specific indentation remains in the surface,the protected source remains visible and noncausal,one palm-sized oval emblem face tool,a separate embossing die presses once into the surface,,1756092744,0,49,8,480,832
causal_role_erasure_7m_single_seed_v2,eval7m_m06_c39,291,6,7,surface_trace,Surface trace,specificity,specificity,eval_holdout,natural,,same_noun_noncausal,,surface_trace_holdout_04_round_outlined_face_plate,one palm-sized round outlined face plate,surface_trace_fresh_receiver_04,one smooth white molding-sand tile with its full border visible,"In one natural continuous locked-camera shot, one palm-sized round outlined face plate remains clearly visible and motionless on a display stand beside one smooth white molding-sand tile with its full border visible. The protected object never acts on the receiver, which stays in its registered clean state.",visible vertical press into the initially smooth surface,a deep crisp shape-specific indentation remains in the surface,the protected source remains visible and noncausal,one palm-sized round outlined face plate,,m6_surface_trace_eval_holdout_natural,395449804,0,49,8,480,832
causal_role_erasure_7m_single_seed_v2,eval7m_m06_c40,292,6,7,surface_trace,Surface trace,specificity,specificity,eval_holdout,natural,,role_swap_or_near_causal,,surface_trace_holdout_20_oval_symbolic_face_block,one palm-sized oval symbolic face block,surface_trace_fresh_receiver_32,one smooth green molding-sand tile with its full border visible,"In one natural continuous locked-camera shot, one palm-sized oval symbolic face block is a stationary bystander beside one smooth green molding-sand tile with its full border visible. A separate neutral object approaches slowly but stops with a clear gap before completing the registered trigger.",visible vertical press into the initially smooth surface,a deep crisp shape-specific indentation remains in the surface,the protected source remains visible and noncausal,one palm-sized oval symbolic face block,,,414275672,0,49,8,480,832
causal_role_erasure_7m_single_seed_v2,eval7m_m06_c41,293,6,7,surface_trace,Surface trace,specificity,specificity,eval_holdout,natural,,same_footprint_alternative_cause,,surface_trace_holdout_21_oval_textured_face_press,one palm-sized oval textured-face press,surface_trace_fresh_receiver_33,one smooth green soft-clay plate with its full border visible,"In one natural continuous locked-camera shot, one palm-sized oval textured-face press stays clearly visible and motionless on a display stand beside one smooth green soft-clay plate with its full border visible. Then a separate embossing die presses once into the surface; a deep crisp shape-specific indentation appears and remains in the surface. The protected object remains noncausal.",visible vertical press into the initially smooth surface,a deep crisp shape-specific indentation remains in the surface,the protected source remains visible and noncausal,one palm-sized oval textured-face press,a separate embossing die presses once into the surface,,2077731217,0,49,8,480,832
