protocol_version,pair_id,split,generalization_group,mechanism,source_id,source_object,source_seen,receiver_id,receiver,receiver_seen,prompt_variant,training_prompt,target_generation_prompt,expected_factual_event,expected_counterfactual_state,seed,num_frames,fps,factual_video,desired_target_video
water_impact_dynamic_v1,widyn_train_0000_water_droplet_shallow_pond_direct,train,seen_source_seen_receiver,object_enters_water,water_droplet,one large clear water droplet,yes,shallow_pond,a calm shallow pond,yes,direct,"A simple realistic locked-camera video in one continuous shot. One large clear water droplet falls naturally from above, enters the center of the water in a calm shallow pond, and makes contact. The contact produces a visible brief splash followed by circular ripples spreading across the water. The receiver, camera, lighting, and background remain consistent.","A simple realistic locked-camera video in one continuous shot showing a calm shallow pond. The water moves gently throughout the shot with subtle natural surface undulations and slowly changing reflections. Nothing falls into or strikes the water. No impact splash, impact cavity, or impact-generated circular wave appears. The receiver, camera, lighting, and background remain consistent.","source enters water, then splash and expanding ripples",same receiver with natural water motion but no source or impact footprint,26000,49,8,,
water_impact_dynamic_v1,widyn_train_0001_water_droplet_shallow_pond_natural,train,seen_source_seen_receiver,object_enters_water,water_droplet,one large clear water droplet,yes,shallow_pond,a calm shallow pond,yes,natural,"A simple realistic locked-camera video in one continuous shot. In a single natural motion, one large clear water droplet drops into the center of the water in a calm shallow pond. After it touches the water, a short splash rises and expanding ripples travel outward. The receiver, camera, lighting, and background remain consistent.","A simple realistic locked-camera video in one continuous shot showing a calm shallow pond. Soft ambient air creates mild continuous movement on the water surface, while reflected light shifts naturally over time. Nothing falls into or strikes the water. No impact splash, impact cavity, or impact-generated circular wave appears. The receiver, camera, lighting, and background remain consistent.","source enters water, then splash and expanding ripples",same receiver with natural water motion but no source or impact footprint,26001,49,8,,
water_impact_dynamic_v1,widyn_train_0002_water_droplet_glass_bowl_direct,train,seen_source_seen_receiver,object_enters_water,water_droplet,one large clear water droplet,yes,glass_bowl,a transparent glass mixing bowl filled with water,yes,direct,"A simple realistic locked-camera video in one continuous shot. One large clear water droplet falls naturally from above, enters the center of the water in a transparent glass mixing bowl filled with water, and makes contact. The contact produces a visible brief splash followed by circular ripples spreading across the water. The receiver, camera, lighting, and background remain consistent.","A simple realistic locked-camera video in one continuous shot showing a transparent glass mixing bowl filled with water. The water moves gently throughout the shot with subtle natural surface undulations and slowly changing reflections. Nothing falls into or strikes the water. No impact splash, impact cavity, or impact-generated circular wave appears. The receiver, camera, lighting, and background remain consistent.","source enters water, then splash and expanding ripples",same receiver with natural water motion but no source or impact footprint,26002,49,8,,
water_impact_dynamic_v1,widyn_train_0003_water_droplet_glass_bowl_natural,train,seen_source_seen_receiver,object_enters_water,water_droplet,one large clear water droplet,yes,glass_bowl,a transparent glass mixing bowl filled with water,yes,natural,"A simple realistic locked-camera video in one continuous shot. In a single natural motion, one large clear water droplet drops into the center of the water in a transparent glass mixing bowl filled with water. After it touches the water, a short splash rises and expanding ripples travel outward. The receiver, camera, lighting, and background remain consistent.","A simple realistic locked-camera video in one continuous shot showing a transparent glass mixing bowl filled with water. Soft ambient air creates mild continuous movement on the water surface, while reflected light shifts naturally over time. Nothing falls into or strikes the water. No impact splash, impact cavity, or impact-generated circular wave appears. The receiver, camera, lighting, and background remain consistent.","source enters water, then splash and expanding ripples",same receiver with natural water motion but no source or impact footprint,26003,49,8,,
water_impact_dynamic_v1,widyn_train_0004_water_droplet_white_basin_direct,train,seen_source_seen_receiver,object_enters_water,water_droplet,one large clear water droplet,yes,white_basin,a wide white ceramic basin filled with water,yes,direct,"A simple realistic locked-camera video in one continuous shot. One large clear water droplet falls naturally from above, enters the center of the water in a wide white ceramic basin filled with water, and makes contact. The contact produces a visible brief splash followed by circular ripples spreading across the water. The receiver, camera, lighting, and background remain consistent.","A simple realistic locked-camera video in one continuous shot showing a wide white ceramic basin filled with water. The water moves gently throughout the shot with subtle natural surface undulations and slowly changing reflections. Nothing falls into or strikes the water. No impact splash, impact cavity, or impact-generated circular wave appears. The receiver, camera, lighting, and background remain consistent.","source enters water, then splash and expanding ripples",same receiver with natural water motion but no source or impact footprint,26004,49,8,,
water_impact_dynamic_v1,widyn_train_0005_water_droplet_white_basin_natural,train,seen_source_seen_receiver,object_enters_water,water_droplet,one large clear water droplet,yes,white_basin,a wide white ceramic basin filled with water,yes,natural,"A simple realistic locked-camera video in one continuous shot. In a single natural motion, one large clear water droplet drops into the center of the water in a wide white ceramic basin filled with water. After it touches the water, a short splash rises and expanding ripples travel outward. The receiver, camera, lighting, and background remain consistent.","A simple realistic locked-camera video in one continuous shot showing a wide white ceramic basin filled with water. Soft ambient air creates mild continuous movement on the water surface, while reflected light shifts naturally over time. Nothing falls into or strikes the water. No impact splash, impact cavity, or impact-generated circular wave appears. The receiver, camera, lighting, and background remain consistent.","source enters water, then splash and expanding ripples",same receiver with natural water motion but no source or impact footprint,26005,49,8,,
water_impact_dynamic_v1,widyn_train_0006_water_droplet_glass_tank_direct,train,seen_source_seen_receiver,object_enters_water,water_droplet,one large clear water droplet,yes,glass_tank,a clear rectangular glass tank filled with water,yes,direct,"A simple realistic locked-camera video in one continuous shot. One large clear water droplet falls naturally from above, enters the center of the water in a clear rectangular glass tank filled with water, and makes contact. The contact produces a visible brief splash followed by circular ripples spreading across the water. The receiver, camera, lighting, and background remain consistent.","A simple realistic locked-camera video in one continuous shot showing a clear rectangular glass tank filled with water. The water moves gently throughout the shot with subtle natural surface undulations and slowly changing reflections. Nothing falls into or strikes the water. No impact splash, impact cavity, or impact-generated circular wave appears. The receiver, camera, lighting, and background remain consistent.","source enters water, then splash and expanding ripples",same receiver with natural water motion but no source or impact footprint,26006,49,8,,
water_impact_dynamic_v1,widyn_train_0007_water_droplet_glass_tank_natural,train,seen_source_seen_receiver,object_enters_water,water_droplet,one large clear water droplet,yes,glass_tank,a clear rectangular glass tank filled with water,yes,natural,"A simple realistic locked-camera video in one continuous shot. In a single natural motion, one large clear water droplet drops into the center of the water in a clear rectangular glass tank filled with water. After it touches the water, a short splash rises and expanding ripples travel outward. The receiver, camera, lighting, and background remain consistent.","A simple realistic locked-camera video in one continuous shot showing a clear rectangular glass tank filled with water. Soft ambient air creates mild continuous movement on the water surface, while reflected light shifts naturally over time. Nothing falls into or strikes the water. No impact splash, impact cavity, or impact-generated circular wave appears. The receiver, camera, lighting, and background remain consistent.","source enters water, then splash and expanding ripples",same receiver with natural water motion but no source or impact footprint,26007,49,8,,
water_impact_dynamic_v1,widyn_train_0008_water_droplet_metal_bucket_direct,train,seen_source_seen_receiver,object_enters_water,water_droplet,one large clear water droplet,yes,metal_bucket,a clean metal bucket filled with water,yes,direct,"A simple realistic locked-camera video in one continuous shot. One large clear water droplet falls naturally from above, enters the center of the water in a clean metal bucket filled with water, and makes contact. The contact produces a visible brief splash followed by circular ripples spreading across the water. The receiver, camera, lighting, and background remain consistent.","A simple realistic locked-camera video in one continuous shot showing a clean metal bucket filled with water. The water moves gently throughout the shot with subtle natural surface undulations and slowly changing reflections. Nothing falls into or strikes the water. No impact splash, impact cavity, or impact-generated circular wave appears. The receiver, camera, lighting, and background remain consistent.","source enters water, then splash and expanding ripples",same receiver with natural water motion but no source or impact footprint,26008,49,8,,
water_impact_dynamic_v1,widyn_train_0009_water_droplet_metal_bucket_natural,train,seen_source_seen_receiver,object_enters_water,water_droplet,one large clear water droplet,yes,metal_bucket,a clean metal bucket filled with water,yes,natural,"A simple realistic locked-camera video in one continuous shot. In a single natural motion, one large clear water droplet drops into the center of the water in a clean metal bucket filled with water. After it touches the water, a short splash rises and expanding ripples travel outward. The receiver, camera, lighting, and background remain consistent.","A simple realistic locked-camera video in one continuous shot showing a clean metal bucket filled with water. Soft ambient air creates mild continuous movement on the water surface, while reflected light shifts naturally over time. Nothing falls into or strikes the water. No impact splash, impact cavity, or impact-generated circular wave appears. The receiver, camera, lighting, and background remain consistent.","source enters water, then splash and expanding ripples",same receiver with natural water motion but no source or impact footprint,26009,49,8,,
water_impact_dynamic_v1,widyn_train_0010_water_droplet_kitchen_sink_direct,train,seen_source_seen_receiver,object_enters_water,water_droplet,one large clear water droplet,yes,kitchen_sink,a stainless-steel kitchen sink basin filled with water,yes,direct,"A simple realistic locked-camera video in one continuous shot. One large clear water droplet falls naturally from above, enters the center of the water in a stainless-steel kitchen sink basin filled with water, and makes contact. The contact produces a visible brief splash followed by circular ripples spreading across the water. The receiver, camera, lighting, and background remain consistent.","A simple realistic locked-camera video in one continuous shot showing a stainless-steel kitchen sink basin filled with water. The water moves gently throughout the shot with subtle natural surface undulations and slowly changing reflections. Nothing falls into or strikes the water. No impact splash, impact cavity, or impact-generated circular wave appears. The receiver, camera, lighting, and background remain consistent.","source enters water, then splash and expanding ripples",same receiver with natural water motion but no source or impact footprint,26010,49,8,,
water_impact_dynamic_v1,widyn_train_0011_water_droplet_kitchen_sink_natural,train,seen_source_seen_receiver,object_enters_water,water_droplet,one large clear water droplet,yes,kitchen_sink,a stainless-steel kitchen sink basin filled with water,yes,natural,"A simple realistic locked-camera video in one continuous shot. In a single natural motion, one large clear water droplet drops into the center of the water in a stainless-steel kitchen sink basin filled with water. After it touches the water, a short splash rises and expanding ripples travel outward. The receiver, camera, lighting, and background remain consistent.","A simple realistic locked-camera video in one continuous shot showing a stainless-steel kitchen sink basin filled with water. Soft ambient air creates mild continuous movement on the water surface, while reflected light shifts naturally over time. Nothing falls into or strikes the water. No impact splash, impact cavity, or impact-generated circular wave appears. The receiver, camera, lighting, and background remain consistent.","source enters water, then splash and expanding ripples",same receiver with natural water motion but no source or impact footprint,26011,49,8,,
water_impact_dynamic_v1,widyn_train_0012_water_droplet_porcelain_bowl_direct,train,seen_source_seen_receiver,object_enters_water,water_droplet,one large clear water droplet,yes,porcelain_bowl,a plain porcelain soup bowl filled with water,yes,direct,"A simple realistic locked-camera video in one continuous shot. One large clear water droplet falls naturally from above, enters the center of the water in a plain porcelain soup bowl filled with water, and makes contact. The contact produces a visible brief splash followed by circular ripples spreading across the water. The receiver, camera, lighting, and background remain consistent.","A simple realistic locked-camera video in one continuous shot showing a plain porcelain soup bowl filled with water. The water moves gently throughout the shot with subtle natural surface undulations and slowly changing reflections. Nothing falls into or strikes the water. No impact splash, impact cavity, or impact-generated circular wave appears. The receiver, camera, lighting, and background remain consistent.","source enters water, then splash and expanding ripples",same receiver with natural water motion but no source or impact footprint,26012,49,8,,
water_impact_dynamic_v1,widyn_train_0013_water_droplet_porcelain_bowl_natural,train,seen_source_seen_receiver,object_enters_water,water_droplet,one large clear water droplet,yes,porcelain_bowl,a plain porcelain soup bowl filled with water,yes,natural,"A simple realistic locked-camera video in one continuous shot. In a single natural motion, one large clear water droplet drops into the center of the water in a plain porcelain soup bowl filled with water. After it touches the water, a short splash rises and expanding ripples travel outward. The receiver, camera, lighting, and background remain consistent.","A simple realistic locked-camera video in one continuous shot showing a plain porcelain soup bowl filled with water. Soft ambient air creates mild continuous movement on the water surface, while reflected light shifts naturally over time. Nothing falls into or strikes the water. No impact splash, impact cavity, or impact-generated circular wave appears. The receiver, camera, lighting, and background remain consistent.","source enters water, then splash and expanding ripples",same receiver with natural water motion but no source or impact footprint,26013,49,8,,
water_impact_dynamic_v1,widyn_train_0014_water_droplet_cooking_pot_direct,train,seen_source_seen_receiver,object_enters_water,water_droplet,one large clear water droplet,yes,cooking_pot,a black cooking pot filled with water,yes,direct,"A simple realistic locked-camera video in one continuous shot. One large clear water droplet falls naturally from above, enters the center of the water in a black cooking pot filled with water, and makes contact. The contact produces a visible brief splash followed by circular ripples spreading across the water. The receiver, camera, lighting, and background remain consistent.","A simple realistic locked-camera video in one continuous shot showing a black cooking pot filled with water. The water moves gently throughout the shot with subtle natural surface undulations and slowly changing reflections. Nothing falls into or strikes the water. No impact splash, impact cavity, or impact-generated circular wave appears. The receiver, camera, lighting, and background remain consistent.","source enters water, then splash and expanding ripples",same receiver with natural water motion but no source or impact footprint,26014,49,8,,
water_impact_dynamic_v1,widyn_train_0015_water_droplet_cooking_pot_natural,train,seen_source_seen_receiver,object_enters_water,water_droplet,one large clear water droplet,yes,cooking_pot,a black cooking pot filled with water,yes,natural,"A simple realistic locked-camera video in one continuous shot. In a single natural motion, one large clear water droplet drops into the center of the water in a black cooking pot filled with water. After it touches the water, a short splash rises and expanding ripples travel outward. The receiver, camera, lighting, and background remain consistent.","A simple realistic locked-camera video in one continuous shot showing a black cooking pot filled with water. Soft ambient air creates mild continuous movement on the water surface, while reflected light shifts naturally over time. Nothing falls into or strikes the water. No impact splash, impact cavity, or impact-generated circular wave appears. The receiver, camera, lighting, and background remain consistent.","source enters water, then splash and expanding ripples",same receiver with natural water motion but no source or impact footprint,26015,49,8,,
water_impact_dynamic_v1,widyn_train_0016_water_droplet_garden_birdbath_direct,train,seen_source_seen_receiver,object_enters_water,water_droplet,one large clear water droplet,yes,garden_birdbath,a round stone birdbath filled with water,yes,direct,"A simple realistic locked-camera video in one continuous shot. One large clear water droplet falls naturally from above, enters the center of the water in a round stone birdbath filled with water, and makes contact. The contact produces a visible brief splash followed by circular ripples spreading across the water. The receiver, camera, lighting, and background remain consistent.","A simple realistic locked-camera video in one continuous shot showing a round stone birdbath filled with water. The water moves gently throughout the shot with subtle natural surface undulations and slowly changing reflections. Nothing falls into or strikes the water. No impact splash, impact cavity, or impact-generated circular wave appears. The receiver, camera, lighting, and background remain consistent.","source enters water, then splash and expanding ripples",same receiver with natural water motion but no source or impact footprint,26016,49,8,,
water_impact_dynamic_v1,widyn_train_0017_water_droplet_garden_birdbath_natural,train,seen_source_seen_receiver,object_enters_water,water_droplet,one large clear water droplet,yes,garden_birdbath,a round stone birdbath filled with water,yes,natural,"A simple realistic locked-camera video in one continuous shot. In a single natural motion, one large clear water droplet drops into the center of the water in a round stone birdbath filled with water. After it touches the water, a short splash rises and expanding ripples travel outward. The receiver, camera, lighting, and background remain consistent.","A simple realistic locked-camera video in one continuous shot showing a round stone birdbath filled with water. Soft ambient air creates mild continuous movement on the water surface, while reflected light shifts naturally over time. Nothing falls into or strikes the water. No impact splash, impact cavity, or impact-generated circular wave appears. The receiver, camera, lighting, and background remain consistent.","source enters water, then splash and expanding ripples",same receiver with natural water motion but no source or impact footprint,26017,49,8,,
water_impact_dynamic_v1,widyn_train_0018_water_droplet_glass_dish_direct,train,seen_source_seen_receiver,object_enters_water,water_droplet,one large clear water droplet,yes,glass_dish,a rectangular glass baking dish filled with water,yes,direct,"A simple realistic locked-camera video in one continuous shot. One large clear water droplet falls naturally from above, enters the center of the water in a rectangular glass baking dish filled with water, and makes contact. The contact produces a visible brief splash followed by circular ripples spreading across the water. The receiver, camera, lighting, and background remain consistent.","A simple realistic locked-camera video in one continuous shot showing a rectangular glass baking dish filled with water. The water moves gently throughout the shot with subtle natural surface undulations and slowly changing reflections. Nothing falls into or strikes the water. No impact splash, impact cavity, or impact-generated circular wave appears. The receiver, camera, lighting, and background remain consistent.","source enters water, then splash and expanding ripples",same receiver with natural water motion but no source or impact footprint,26018,49,8,,
water_impact_dynamic_v1,widyn_train_0019_water_droplet_glass_dish_natural,train,seen_source_seen_receiver,object_enters_water,water_droplet,one large clear water droplet,yes,glass_dish,a rectangular glass baking dish filled with water,yes,natural,"A simple realistic locked-camera video in one continuous shot. In a single natural motion, one large clear water droplet drops into the center of the water in a rectangular glass baking dish filled with water. After it touches the water, a short splash rises and expanding ripples travel outward. The receiver, camera, lighting, and background remain consistent.","A simple realistic locked-camera video in one continuous shot showing a rectangular glass baking dish filled with water. Soft ambient air creates mild continuous movement on the water surface, while reflected light shifts naturally over time. Nothing falls into or strikes the water. No impact splash, impact cavity, or impact-generated circular wave appears. The receiver, camera, lighting, and background remain consistent.","source enters water, then splash and expanding ripples",same receiver with natural water motion but no source or impact footprint,26019,49,8,,
water_impact_dynamic_v1,widyn_train_0020_water_droplet_plastic_tub_direct,train,seen_source_seen_receiver,object_enters_water,water_droplet,one large clear water droplet,yes,plastic_tub,a blue plastic storage tub filled with water,yes,direct,"A simple realistic locked-camera video in one continuous shot. One large clear water droplet falls naturally from above, enters the center of the water in a blue plastic storage tub filled with water, and makes contact. The contact produces a visible brief splash followed by circular ripples spreading across the water. The receiver, camera, lighting, and background remain consistent.","A simple realistic locked-camera video in one continuous shot showing a blue plastic storage tub filled with water. The water moves gently throughout the shot with subtle natural surface undulations and slowly changing reflections. Nothing falls into or strikes the water. No impact splash, impact cavity, or impact-generated circular wave appears. The receiver, camera, lighting, and background remain consistent.","source enters water, then splash and expanding ripples",same receiver with natural water motion but no source or impact footprint,26020,49,8,,
water_impact_dynamic_v1,widyn_train_0021_water_droplet_plastic_tub_natural,train,seen_source_seen_receiver,object_enters_water,water_droplet,one large clear water droplet,yes,plastic_tub,a blue plastic storage tub filled with water,yes,natural,"A simple realistic locked-camera video in one continuous shot. In a single natural motion, one large clear water droplet drops into the center of the water in a blue plastic storage tub filled with water. After it touches the water, a short splash rises and expanding ripples travel outward. The receiver, camera, lighting, and background remain consistent.","A simple realistic locked-camera video in one continuous shot showing a blue plastic storage tub filled with water. Soft ambient air creates mild continuous movement on the water surface, while reflected light shifts naturally over time. Nothing falls into or strikes the water. No impact splash, impact cavity, or impact-generated circular wave appears. The receiver, camera, lighting, and background remain consistent.","source enters water, then splash and expanding ripples",same receiver with natural water motion but no source or impact footprint,26021,49,8,,
water_impact_dynamic_v1,widyn_train_0022_water_droplet_laboratory_beaker_direct,train,seen_source_seen_receiver,object_enters_water,water_droplet,one large clear water droplet,yes,laboratory_beaker,a laboratory beaker filled with clear water,yes,direct,"A simple realistic locked-camera video in one continuous shot. One large clear water droplet falls naturally from above, enters the center of the water in a laboratory beaker filled with clear water, and makes contact. The contact produces a visible brief splash followed by circular ripples spreading across the water. The receiver, camera, lighting, and background remain consistent.","A simple realistic locked-camera video in one continuous shot showing a laboratory beaker filled with clear water. The water moves gently throughout the shot with subtle natural surface undulations and slowly changing reflections. Nothing falls into or strikes the water. No impact splash, impact cavity, or impact-generated circular wave appears. The receiver, camera, lighting, and background remain consistent.","source enters water, then splash and expanding ripples",same receiver with natural water motion but no source or impact footprint,26022,49,8,,
water_impact_dynamic_v1,widyn_train_0023_water_droplet_laboratory_beaker_natural,train,seen_source_seen_receiver,object_enters_water,water_droplet,one large clear water droplet,yes,laboratory_beaker,a laboratory beaker filled with clear water,yes,natural,"A simple realistic locked-camera video in one continuous shot. In a single natural motion, one large clear water droplet drops into the center of the water in a laboratory beaker filled with clear water. After it touches the water, a short splash rises and expanding ripples travel outward. The receiver, camera, lighting, and background remain consistent.","A simple realistic locked-camera video in one continuous shot showing a laboratory beaker filled with clear water. Soft ambient air creates mild continuous movement on the water surface, while reflected light shifts naturally over time. Nothing falls into or strikes the water. No impact splash, impact cavity, or impact-generated circular wave appears. The receiver, camera, lighting, and background remain consistent.","source enters water, then splash and expanding ripples",same receiver with natural water motion but no source or impact footprint,26023,49,8,,
water_impact_dynamic_v1,widyn_train_0024_ice_cube_shallow_pond_direct,train,seen_source_seen_receiver,object_enters_water,ice_cube,one small transparent ice cube,yes,shallow_pond,a calm shallow pond,yes,direct,"A simple realistic locked-camera video in one continuous shot. One small transparent ice cube falls naturally from above, enters the center of the water in a calm shallow pond, and makes contact. The contact produces a visible brief splash followed by circular ripples spreading across the water. The receiver, camera, lighting, and background remain consistent.","A simple realistic locked-camera video in one continuous shot showing a calm shallow pond. The water moves gently throughout the shot with subtle natural surface undulations and slowly changing reflections. Nothing falls into or strikes the water. No impact splash, impact cavity, or impact-generated circular wave appears. The receiver, camera, lighting, and background remain consistent.","source enters water, then splash and expanding ripples",same receiver with natural water motion but no source or impact footprint,26024,49,8,,
water_impact_dynamic_v1,widyn_train_0025_ice_cube_shallow_pond_natural,train,seen_source_seen_receiver,object_enters_water,ice_cube,one small transparent ice cube,yes,shallow_pond,a calm shallow pond,yes,natural,"A simple realistic locked-camera video in one continuous shot. In a single natural motion, one small transparent ice cube drops into the center of the water in a calm shallow pond. After it touches the water, a short splash rises and expanding ripples travel outward. The receiver, camera, lighting, and background remain consistent.","A simple realistic locked-camera video in one continuous shot showing a calm shallow pond. Soft ambient air creates mild continuous movement on the water surface, while reflected light shifts naturally over time. Nothing falls into or strikes the water. No impact splash, impact cavity, or impact-generated circular wave appears. The receiver, camera, lighting, and background remain consistent.","source enters water, then splash and expanding ripples",same receiver with natural water motion but no source or impact footprint,26025,49,8,,
water_impact_dynamic_v1,widyn_train_0026_ice_cube_glass_bowl_direct,train,seen_source_seen_receiver,object_enters_water,ice_cube,one small transparent ice cube,yes,glass_bowl,a transparent glass mixing bowl filled with water,yes,direct,"A simple realistic locked-camera video in one continuous shot. One small transparent ice cube falls naturally from above, enters the center of the water in a transparent glass mixing bowl filled with water, and makes contact. The contact produces a visible brief splash followed by circular ripples spreading across the water. The receiver, camera, lighting, and background remain consistent.","A simple realistic locked-camera video in one continuous shot showing a transparent glass mixing bowl filled with water. The water moves gently throughout the shot with subtle natural surface undulations and slowly changing reflections. Nothing falls into or strikes the water. No impact splash, impact cavity, or impact-generated circular wave appears. The receiver, camera, lighting, and background remain consistent.","source enters water, then splash and expanding ripples",same receiver with natural water motion but no source or impact footprint,26026,49,8,,
water_impact_dynamic_v1,widyn_train_0027_ice_cube_glass_bowl_natural,train,seen_source_seen_receiver,object_enters_water,ice_cube,one small transparent ice cube,yes,glass_bowl,a transparent glass mixing bowl filled with water,yes,natural,"A simple realistic locked-camera video in one continuous shot. In a single natural motion, one small transparent ice cube drops into the center of the water in a transparent glass mixing bowl filled with water. After it touches the water, a short splash rises and expanding ripples travel outward. The receiver, camera, lighting, and background remain consistent.","A simple realistic locked-camera video in one continuous shot showing a transparent glass mixing bowl filled with water. Soft ambient air creates mild continuous movement on the water surface, while reflected light shifts naturally over time. Nothing falls into or strikes the water. No impact splash, impact cavity, or impact-generated circular wave appears. The receiver, camera, lighting, and background remain consistent.","source enters water, then splash and expanding ripples",same receiver with natural water motion but no source or impact footprint,26027,49,8,,
water_impact_dynamic_v1,widyn_train_0028_ice_cube_white_basin_direct,train,seen_source_seen_receiver,object_enters_water,ice_cube,one small transparent ice cube,yes,white_basin,a wide white ceramic basin filled with water,yes,direct,"A simple realistic locked-camera video in one continuous shot. One small transparent ice cube falls naturally from above, enters the center of the water in a wide white ceramic basin filled with water, and makes contact. The contact produces a visible brief splash followed by circular ripples spreading across the water. The receiver, camera, lighting, and background remain consistent.","A simple realistic locked-camera video in one continuous shot showing a wide white ceramic basin filled with water. The water moves gently throughout the shot with subtle natural surface undulations and slowly changing reflections. Nothing falls into or strikes the water. No impact splash, impact cavity, or impact-generated circular wave appears. The receiver, camera, lighting, and background remain consistent.","source enters water, then splash and expanding ripples",same receiver with natural water motion but no source or impact footprint,26028,49,8,,
water_impact_dynamic_v1,widyn_train_0029_ice_cube_white_basin_natural,train,seen_source_seen_receiver,object_enters_water,ice_cube,one small transparent ice cube,yes,white_basin,a wide white ceramic basin filled with water,yes,natural,"A simple realistic locked-camera video in one continuous shot. In a single natural motion, one small transparent ice cube drops into the center of the water in a wide white ceramic basin filled with water. After it touches the water, a short splash rises and expanding ripples travel outward. The receiver, camera, lighting, and background remain consistent.","A simple realistic locked-camera video in one continuous shot showing a wide white ceramic basin filled with water. Soft ambient air creates mild continuous movement on the water surface, while reflected light shifts naturally over time. Nothing falls into or strikes the water. No impact splash, impact cavity, or impact-generated circular wave appears. The receiver, camera, lighting, and background remain consistent.","source enters water, then splash and expanding ripples",same receiver with natural water motion but no source or impact footprint,26029,49,8,,
water_impact_dynamic_v1,widyn_train_0030_ice_cube_glass_tank_direct,train,seen_source_seen_receiver,object_enters_water,ice_cube,one small transparent ice cube,yes,glass_tank,a clear rectangular glass tank filled with water,yes,direct,"A simple realistic locked-camera video in one continuous shot. One small transparent ice cube falls naturally from above, enters the center of the water in a clear rectangular glass tank filled with water, and makes contact. The contact produces a visible brief splash followed by circular ripples spreading across the water. The receiver, camera, lighting, and background remain consistent.","A simple realistic locked-camera video in one continuous shot showing a clear rectangular glass tank filled with water. The water moves gently throughout the shot with subtle natural surface undulations and slowly changing reflections. Nothing falls into or strikes the water. No impact splash, impact cavity, or impact-generated circular wave appears. The receiver, camera, lighting, and background remain consistent.","source enters water, then splash and expanding ripples",same receiver with natural water motion but no source or impact footprint,26030,49,8,,
water_impact_dynamic_v1,widyn_train_0031_ice_cube_glass_tank_natural,train,seen_source_seen_receiver,object_enters_water,ice_cube,one small transparent ice cube,yes,glass_tank,a clear rectangular glass tank filled with water,yes,natural,"A simple realistic locked-camera video in one continuous shot. In a single natural motion, one small transparent ice cube drops into the center of the water in a clear rectangular glass tank filled with water. After it touches the water, a short splash rises and expanding ripples travel outward. The receiver, camera, lighting, and background remain consistent.","A simple realistic locked-camera video in one continuous shot showing a clear rectangular glass tank filled with water. Soft ambient air creates mild continuous movement on the water surface, while reflected light shifts naturally over time. Nothing falls into or strikes the water. No impact splash, impact cavity, or impact-generated circular wave appears. The receiver, camera, lighting, and background remain consistent.","source enters water, then splash and expanding ripples",same receiver with natural water motion but no source or impact footprint,26031,49,8,,
water_impact_dynamic_v1,widyn_train_0032_ice_cube_metal_bucket_direct,train,seen_source_seen_receiver,object_enters_water,ice_cube,one small transparent ice cube,yes,metal_bucket,a clean metal bucket filled with water,yes,direct,"A simple realistic locked-camera video in one continuous shot. One small transparent ice cube falls naturally from above, enters the center of the water in a clean metal bucket filled with water, and makes contact. The contact produces a visible brief splash followed by circular ripples spreading across the water. The receiver, camera, lighting, and background remain consistent.","A simple realistic locked-camera video in one continuous shot showing a clean metal bucket filled with water. The water moves gently throughout the shot with subtle natural surface undulations and slowly changing reflections. Nothing falls into or strikes the water. No impact splash, impact cavity, or impact-generated circular wave appears. The receiver, camera, lighting, and background remain consistent.","source enters water, then splash and expanding ripples",same receiver with natural water motion but no source or impact footprint,26032,49,8,,
water_impact_dynamic_v1,widyn_train_0033_ice_cube_metal_bucket_natural,train,seen_source_seen_receiver,object_enters_water,ice_cube,one small transparent ice cube,yes,metal_bucket,a clean metal bucket filled with water,yes,natural,"A simple realistic locked-camera video in one continuous shot. In a single natural motion, one small transparent ice cube drops into the center of the water in a clean metal bucket filled with water. After it touches the water, a short splash rises and expanding ripples travel outward. The receiver, camera, lighting, and background remain consistent.","A simple realistic locked-camera video in one continuous shot showing a clean metal bucket filled with water. Soft ambient air creates mild continuous movement on the water surface, while reflected light shifts naturally over time. Nothing falls into or strikes the water. No impact splash, impact cavity, or impact-generated circular wave appears. The receiver, camera, lighting, and background remain consistent.","source enters water, then splash and expanding ripples",same receiver with natural water motion but no source or impact footprint,26033,49,8,,
water_impact_dynamic_v1,widyn_train_0034_ice_cube_kitchen_sink_direct,train,seen_source_seen_receiver,object_enters_water,ice_cube,one small transparent ice cube,yes,kitchen_sink,a stainless-steel kitchen sink basin filled with water,yes,direct,"A simple realistic locked-camera video in one continuous shot. One small transparent ice cube falls naturally from above, enters the center of the water in a stainless-steel kitchen sink basin filled with water, and makes contact. The contact produces a visible brief splash followed by circular ripples spreading across the water. The receiver, camera, lighting, and background remain consistent.","A simple realistic locked-camera video in one continuous shot showing a stainless-steel kitchen sink basin filled with water. The water moves gently throughout the shot with subtle natural surface undulations and slowly changing reflections. Nothing falls into or strikes the water. No impact splash, impact cavity, or impact-generated circular wave appears. The receiver, camera, lighting, and background remain consistent.","source enters water, then splash and expanding ripples",same receiver with natural water motion but no source or impact footprint,26034,49,8,,
water_impact_dynamic_v1,widyn_train_0035_ice_cube_kitchen_sink_natural,train,seen_source_seen_receiver,object_enters_water,ice_cube,one small transparent ice cube,yes,kitchen_sink,a stainless-steel kitchen sink basin filled with water,yes,natural,"A simple realistic locked-camera video in one continuous shot. In a single natural motion, one small transparent ice cube drops into the center of the water in a stainless-steel kitchen sink basin filled with water. After it touches the water, a short splash rises and expanding ripples travel outward. The receiver, camera, lighting, and background remain consistent.","A simple realistic locked-camera video in one continuous shot showing a stainless-steel kitchen sink basin filled with water. Soft ambient air creates mild continuous movement on the water surface, while reflected light shifts naturally over time. Nothing falls into or strikes the water. No impact splash, impact cavity, or impact-generated circular wave appears. The receiver, camera, lighting, and background remain consistent.","source enters water, then splash and expanding ripples",same receiver with natural water motion but no source or impact footprint,26035,49,8,,
water_impact_dynamic_v1,widyn_train_0036_ice_cube_porcelain_bowl_direct,train,seen_source_seen_receiver,object_enters_water,ice_cube,one small transparent ice cube,yes,porcelain_bowl,a plain porcelain soup bowl filled with water,yes,direct,"A simple realistic locked-camera video in one continuous shot. One small transparent ice cube falls naturally from above, enters the center of the water in a plain porcelain soup bowl filled with water, and makes contact. The contact produces a visible brief splash followed by circular ripples spreading across the water. The receiver, camera, lighting, and background remain consistent.","A simple realistic locked-camera video in one continuous shot showing a plain porcelain soup bowl filled with water. The water moves gently throughout the shot with subtle natural surface undulations and slowly changing reflections. Nothing falls into or strikes the water. No impact splash, impact cavity, or impact-generated circular wave appears. The receiver, camera, lighting, and background remain consistent.","source enters water, then splash and expanding ripples",same receiver with natural water motion but no source or impact footprint,26036,49,8,,
water_impact_dynamic_v1,widyn_train_0037_ice_cube_porcelain_bowl_natural,train,seen_source_seen_receiver,object_enters_water,ice_cube,one small transparent ice cube,yes,porcelain_bowl,a plain porcelain soup bowl filled with water,yes,natural,"A simple realistic locked-camera video in one continuous shot. In a single natural motion, one small transparent ice cube drops into the center of the water in a plain porcelain soup bowl filled with water. After it touches the water, a short splash rises and expanding ripples travel outward. The receiver, camera, lighting, and background remain consistent.","A simple realistic locked-camera video in one continuous shot showing a plain porcelain soup bowl filled with water. Soft ambient air creates mild continuous movement on the water surface, while reflected light shifts naturally over time. Nothing falls into or strikes the water. No impact splash, impact cavity, or impact-generated circular wave appears. The receiver, camera, lighting, and background remain consistent.","source enters water, then splash and expanding ripples",same receiver with natural water motion but no source or impact footprint,26037,49,8,,
water_impact_dynamic_v1,widyn_train_0038_ice_cube_cooking_pot_direct,train,seen_source_seen_receiver,object_enters_water,ice_cube,one small transparent ice cube,yes,cooking_pot,a black cooking pot filled with water,yes,direct,"A simple realistic locked-camera video in one continuous shot. One small transparent ice cube falls naturally from above, enters the center of the water in a black cooking pot filled with water, and makes contact. The contact produces a visible brief splash followed by circular ripples spreading across the water. The receiver, camera, lighting, and background remain consistent.","A simple realistic locked-camera video in one continuous shot showing a black cooking pot filled with water. The water moves gently throughout the shot with subtle natural surface undulations and slowly changing reflections. Nothing falls into or strikes the water. No impact splash, impact cavity, or impact-generated circular wave appears. The receiver, camera, lighting, and background remain consistent.","source enters water, then splash and expanding ripples",same receiver with natural water motion but no source or impact footprint,26038,49,8,,
water_impact_dynamic_v1,widyn_train_0039_ice_cube_cooking_pot_natural,train,seen_source_seen_receiver,object_enters_water,ice_cube,one small transparent ice cube,yes,cooking_pot,a black cooking pot filled with water,yes,natural,"A simple realistic locked-camera video in one continuous shot. In a single natural motion, one small transparent ice cube drops into the center of the water in a black cooking pot filled with water. After it touches the water, a short splash rises and expanding ripples travel outward. The receiver, camera, lighting, and background remain consistent.","A simple realistic locked-camera video in one continuous shot showing a black cooking pot filled with water. Soft ambient air creates mild continuous movement on the water surface, while reflected light shifts naturally over time. Nothing falls into or strikes the water. No impact splash, impact cavity, or impact-generated circular wave appears. The receiver, camera, lighting, and background remain consistent.","source enters water, then splash and expanding ripples",same receiver with natural water motion but no source or impact footprint,26039,49,8,,
water_impact_dynamic_v1,widyn_train_0040_ice_cube_garden_birdbath_direct,train,seen_source_seen_receiver,object_enters_water,ice_cube,one small transparent ice cube,yes,garden_birdbath,a round stone birdbath filled with water,yes,direct,"A simple realistic locked-camera video in one continuous shot. One small transparent ice cube falls naturally from above, enters the center of the water in a round stone birdbath filled with water, and makes contact. The contact produces a visible brief splash followed by circular ripples spreading across the water. The receiver, camera, lighting, and background remain consistent.","A simple realistic locked-camera video in one continuous shot showing a round stone birdbath filled with water. The water moves gently throughout the shot with subtle natural surface undulations and slowly changing reflections. Nothing falls into or strikes the water. No impact splash, impact cavity, or impact-generated circular wave appears. The receiver, camera, lighting, and background remain consistent.","source enters water, then splash and expanding ripples",same receiver with natural water motion but no source or impact footprint,26040,49,8,,
water_impact_dynamic_v1,widyn_train_0041_ice_cube_garden_birdbath_natural,train,seen_source_seen_receiver,object_enters_water,ice_cube,one small transparent ice cube,yes,garden_birdbath,a round stone birdbath filled with water,yes,natural,"A simple realistic locked-camera video in one continuous shot. In a single natural motion, one small transparent ice cube drops into the center of the water in a round stone birdbath filled with water. After it touches the water, a short splash rises and expanding ripples travel outward. The receiver, camera, lighting, and background remain consistent.","A simple realistic locked-camera video in one continuous shot showing a round stone birdbath filled with water. Soft ambient air creates mild continuous movement on the water surface, while reflected light shifts naturally over time. Nothing falls into or strikes the water. No impact splash, impact cavity, or impact-generated circular wave appears. The receiver, camera, lighting, and background remain consistent.","source enters water, then splash and expanding ripples",same receiver with natural water motion but no source or impact footprint,26041,49,8,,
water_impact_dynamic_v1,widyn_train_0042_ice_cube_glass_dish_direct,train,seen_source_seen_receiver,object_enters_water,ice_cube,one small transparent ice cube,yes,glass_dish,a rectangular glass baking dish filled with water,yes,direct,"A simple realistic locked-camera video in one continuous shot. One small transparent ice cube falls naturally from above, enters the center of the water in a rectangular glass baking dish filled with water, and makes contact. The contact produces a visible brief splash followed by circular ripples spreading across the water. The receiver, camera, lighting, and background remain consistent.","A simple realistic locked-camera video in one continuous shot showing a rectangular glass baking dish filled with water. The water moves gently throughout the shot with subtle natural surface undulations and slowly changing reflections. Nothing falls into or strikes the water. No impact splash, impact cavity, or impact-generated circular wave appears. The receiver, camera, lighting, and background remain consistent.","source enters water, then splash and expanding ripples",same receiver with natural water motion but no source or impact footprint,26042,49,8,,
water_impact_dynamic_v1,widyn_train_0043_ice_cube_glass_dish_natural,train,seen_source_seen_receiver,object_enters_water,ice_cube,one small transparent ice cube,yes,glass_dish,a rectangular glass baking dish filled with water,yes,natural,"A simple realistic locked-camera video in one continuous shot. In a single natural motion, one small transparent ice cube drops into the center of the water in a rectangular glass baking dish filled with water. After it touches the water, a short splash rises and expanding ripples travel outward. The receiver, camera, lighting, and background remain consistent.","A simple realistic locked-camera video in one continuous shot showing a rectangular glass baking dish filled with water. Soft ambient air creates mild continuous movement on the water surface, while reflected light shifts naturally over time. Nothing falls into or strikes the water. No impact splash, impact cavity, or impact-generated circular wave appears. The receiver, camera, lighting, and background remain consistent.","source enters water, then splash and expanding ripples",same receiver with natural water motion but no source or impact footprint,26043,49,8,,
water_impact_dynamic_v1,widyn_train_0044_ice_cube_plastic_tub_direct,train,seen_source_seen_receiver,object_enters_water,ice_cube,one small transparent ice cube,yes,plastic_tub,a blue plastic storage tub filled with water,yes,direct,"A simple realistic locked-camera video in one continuous shot. One small transparent ice cube falls naturally from above, enters the center of the water in a blue plastic storage tub filled with water, and makes contact. The contact produces a visible brief splash followed by circular ripples spreading across the water. The receiver, camera, lighting, and background remain consistent.","A simple realistic locked-camera video in one continuous shot showing a blue plastic storage tub filled with water. The water moves gently throughout the shot with subtle natural surface undulations and slowly changing reflections. Nothing falls into or strikes the water. No impact splash, impact cavity, or impact-generated circular wave appears. The receiver, camera, lighting, and background remain consistent.","source enters water, then splash and expanding ripples",same receiver with natural water motion but no source or impact footprint,26044,49,8,,
water_impact_dynamic_v1,widyn_train_0045_ice_cube_plastic_tub_natural,train,seen_source_seen_receiver,object_enters_water,ice_cube,one small transparent ice cube,yes,plastic_tub,a blue plastic storage tub filled with water,yes,natural,"A simple realistic locked-camera video in one continuous shot. In a single natural motion, one small transparent ice cube drops into the center of the water in a blue plastic storage tub filled with water. After it touches the water, a short splash rises and expanding ripples travel outward. The receiver, camera, lighting, and background remain consistent.","A simple realistic locked-camera video in one continuous shot showing a blue plastic storage tub filled with water. Soft ambient air creates mild continuous movement on the water surface, while reflected light shifts naturally over time. Nothing falls into or strikes the water. No impact splash, impact cavity, or impact-generated circular wave appears. The receiver, camera, lighting, and background remain consistent.","source enters water, then splash and expanding ripples",same receiver with natural water motion but no source or impact footprint,26045,49,8,,
water_impact_dynamic_v1,widyn_train_0046_ice_cube_laboratory_beaker_direct,train,seen_source_seen_receiver,object_enters_water,ice_cube,one small transparent ice cube,yes,laboratory_beaker,a laboratory beaker filled with clear water,yes,direct,"A simple realistic locked-camera video in one continuous shot. One small transparent ice cube falls naturally from above, enters the center of the water in a laboratory beaker filled with clear water, and makes contact. The contact produces a visible brief splash followed by circular ripples spreading across the water. The receiver, camera, lighting, and background remain consistent.","A simple realistic locked-camera video in one continuous shot showing a laboratory beaker filled with clear water. The water moves gently throughout the shot with subtle natural surface undulations and slowly changing reflections. Nothing falls into or strikes the water. No impact splash, impact cavity, or impact-generated circular wave appears. The receiver, camera, lighting, and background remain consistent.","source enters water, then splash and expanding ripples",same receiver with natural water motion but no source or impact footprint,26046,49,8,,
water_impact_dynamic_v1,widyn_train_0047_ice_cube_laboratory_beaker_natural,train,seen_source_seen_receiver,object_enters_water,ice_cube,one small transparent ice cube,yes,laboratory_beaker,a laboratory beaker filled with clear water,yes,natural,"A simple realistic locked-camera video in one continuous shot. In a single natural motion, one small transparent ice cube drops into the center of the water in a laboratory beaker filled with clear water. After it touches the water, a short splash rises and expanding ripples travel outward. The receiver, camera, lighting, and background remain consistent.","A simple realistic locked-camera video in one continuous shot showing a laboratory beaker filled with clear water. Soft ambient air creates mild continuous movement on the water surface, while reflected light shifts naturally over time. Nothing falls into or strikes the water. No impact splash, impact cavity, or impact-generated circular wave appears. The receiver, camera, lighting, and background remain consistent.","source enters water, then splash and expanding ripples",same receiver with natural water motion but no source or impact footprint,26047,49,8,,
water_impact_dynamic_v1,widyn_train_0048_red_apple_shallow_pond_direct,train,seen_source_seen_receiver,object_enters_water,red_apple,one small red apple,yes,shallow_pond,a calm shallow pond,yes,direct,"A simple realistic locked-camera video in one continuous shot. One small red apple falls naturally from above, enters the center of the water in a calm shallow pond, and makes contact. The contact produces a visible brief splash followed by circular ripples spreading across the water. The receiver, camera, lighting, and background remain consistent.","A simple realistic locked-camera video in one continuous shot showing a calm shallow pond. The water moves gently throughout the shot with subtle natural surface undulations and slowly changing reflections. Nothing falls into or strikes the water. No impact splash, impact cavity, or impact-generated circular wave appears. The receiver, camera, lighting, and background remain consistent.","source enters water, then splash and expanding ripples",same receiver with natural water motion but no source or impact footprint,26048,49,8,,
water_impact_dynamic_v1,widyn_train_0049_red_apple_shallow_pond_natural,train,seen_source_seen_receiver,object_enters_water,red_apple,one small red apple,yes,shallow_pond,a calm shallow pond,yes,natural,"A simple realistic locked-camera video in one continuous shot. In a single natural motion, one small red apple drops into the center of the water in a calm shallow pond. After it touches the water, a short splash rises and expanding ripples travel outward. The receiver, camera, lighting, and background remain consistent.","A simple realistic locked-camera video in one continuous shot showing a calm shallow pond. Soft ambient air creates mild continuous movement on the water surface, while reflected light shifts naturally over time. Nothing falls into or strikes the water. No impact splash, impact cavity, or impact-generated circular wave appears. The receiver, camera, lighting, and background remain consistent.","source enters water, then splash and expanding ripples",same receiver with natural water motion but no source or impact footprint,26049,49,8,,
water_impact_dynamic_v1,widyn_train_0050_red_apple_glass_bowl_direct,train,seen_source_seen_receiver,object_enters_water,red_apple,one small red apple,yes,glass_bowl,a transparent glass mixing bowl filled with water,yes,direct,"A simple realistic locked-camera video in one continuous shot. One small red apple falls naturally from above, enters the center of the water in a transparent glass mixing bowl filled with water, and makes contact. The contact produces a visible brief splash followed by circular ripples spreading across the water. The receiver, camera, lighting, and background remain consistent.","A simple realistic locked-camera video in one continuous shot showing a transparent glass mixing bowl filled with water. The water moves gently throughout the shot with subtle natural surface undulations and slowly changing reflections. Nothing falls into or strikes the water. No impact splash, impact cavity, or impact-generated circular wave appears. The receiver, camera, lighting, and background remain consistent.","source enters water, then splash and expanding ripples",same receiver with natural water motion but no source or impact footprint,26050,49,8,,
water_impact_dynamic_v1,widyn_train_0051_red_apple_glass_bowl_natural,train,seen_source_seen_receiver,object_enters_water,red_apple,one small red apple,yes,glass_bowl,a transparent glass mixing bowl filled with water,yes,natural,"A simple realistic locked-camera video in one continuous shot. In a single natural motion, one small red apple drops into the center of the water in a transparent glass mixing bowl filled with water. After it touches the water, a short splash rises and expanding ripples travel outward. The receiver, camera, lighting, and background remain consistent.","A simple realistic locked-camera video in one continuous shot showing a transparent glass mixing bowl filled with water. Soft ambient air creates mild continuous movement on the water surface, while reflected light shifts naturally over time. Nothing falls into or strikes the water. No impact splash, impact cavity, or impact-generated circular wave appears. The receiver, camera, lighting, and background remain consistent.","source enters water, then splash and expanding ripples",same receiver with natural water motion but no source or impact footprint,26051,49,8,,
water_impact_dynamic_v1,widyn_train_0052_red_apple_white_basin_direct,train,seen_source_seen_receiver,object_enters_water,red_apple,one small red apple,yes,white_basin,a wide white ceramic basin filled with water,yes,direct,"A simple realistic locked-camera video in one continuous shot. One small red apple falls naturally from above, enters the center of the water in a wide white ceramic basin filled with water, and makes contact. The contact produces a visible brief splash followed by circular ripples spreading across the water. The receiver, camera, lighting, and background remain consistent.","A simple realistic locked-camera video in one continuous shot showing a wide white ceramic basin filled with water. The water moves gently throughout the shot with subtle natural surface undulations and slowly changing reflections. Nothing falls into or strikes the water. No impact splash, impact cavity, or impact-generated circular wave appears. The receiver, camera, lighting, and background remain consistent.","source enters water, then splash and expanding ripples",same receiver with natural water motion but no source or impact footprint,26052,49,8,,
water_impact_dynamic_v1,widyn_train_0053_red_apple_white_basin_natural,train,seen_source_seen_receiver,object_enters_water,red_apple,one small red apple,yes,white_basin,a wide white ceramic basin filled with water,yes,natural,"A simple realistic locked-camera video in one continuous shot. In a single natural motion, one small red apple drops into the center of the water in a wide white ceramic basin filled with water. After it touches the water, a short splash rises and expanding ripples travel outward. The receiver, camera, lighting, and background remain consistent.","A simple realistic locked-camera video in one continuous shot showing a wide white ceramic basin filled with water. Soft ambient air creates mild continuous movement on the water surface, while reflected light shifts naturally over time. Nothing falls into or strikes the water. No impact splash, impact cavity, or impact-generated circular wave appears. The receiver, camera, lighting, and background remain consistent.","source enters water, then splash and expanding ripples",same receiver with natural water motion but no source or impact footprint,26053,49,8,,
water_impact_dynamic_v1,widyn_train_0054_red_apple_glass_tank_direct,train,seen_source_seen_receiver,object_enters_water,red_apple,one small red apple,yes,glass_tank,a clear rectangular glass tank filled with water,yes,direct,"A simple realistic locked-camera video in one continuous shot. One small red apple falls naturally from above, enters the center of the water in a clear rectangular glass tank filled with water, and makes contact. The contact produces a visible brief splash followed by circular ripples spreading across the water. The receiver, camera, lighting, and background remain consistent.","A simple realistic locked-camera video in one continuous shot showing a clear rectangular glass tank filled with water. The water moves gently throughout the shot with subtle natural surface undulations and slowly changing reflections. Nothing falls into or strikes the water. No impact splash, impact cavity, or impact-generated circular wave appears. The receiver, camera, lighting, and background remain consistent.","source enters water, then splash and expanding ripples",same receiver with natural water motion but no source or impact footprint,26054,49,8,,
water_impact_dynamic_v1,widyn_train_0055_red_apple_glass_tank_natural,train,seen_source_seen_receiver,object_enters_water,red_apple,one small red apple,yes,glass_tank,a clear rectangular glass tank filled with water,yes,natural,"A simple realistic locked-camera video in one continuous shot. In a single natural motion, one small red apple drops into the center of the water in a clear rectangular glass tank filled with water. After it touches the water, a short splash rises and expanding ripples travel outward. The receiver, camera, lighting, and background remain consistent.","A simple realistic locked-camera video in one continuous shot showing a clear rectangular glass tank filled with water. Soft ambient air creates mild continuous movement on the water surface, while reflected light shifts naturally over time. Nothing falls into or strikes the water. No impact splash, impact cavity, or impact-generated circular wave appears. The receiver, camera, lighting, and background remain consistent.","source enters water, then splash and expanding ripples",same receiver with natural water motion but no source or impact footprint,26055,49,8,,
water_impact_dynamic_v1,widyn_train_0056_red_apple_metal_bucket_direct,train,seen_source_seen_receiver,object_enters_water,red_apple,one small red apple,yes,metal_bucket,a clean metal bucket filled with water,yes,direct,"A simple realistic locked-camera video in one continuous shot. One small red apple falls naturally from above, enters the center of the water in a clean metal bucket filled with water, and makes contact. The contact produces a visible brief splash followed by circular ripples spreading across the water. The receiver, camera, lighting, and background remain consistent.","A simple realistic locked-camera video in one continuous shot showing a clean metal bucket filled with water. The water moves gently throughout the shot with subtle natural surface undulations and slowly changing reflections. Nothing falls into or strikes the water. No impact splash, impact cavity, or impact-generated circular wave appears. The receiver, camera, lighting, and background remain consistent.","source enters water, then splash and expanding ripples",same receiver with natural water motion but no source or impact footprint,26056,49,8,,
water_impact_dynamic_v1,widyn_train_0057_red_apple_metal_bucket_natural,train,seen_source_seen_receiver,object_enters_water,red_apple,one small red apple,yes,metal_bucket,a clean metal bucket filled with water,yes,natural,"A simple realistic locked-camera video in one continuous shot. In a single natural motion, one small red apple drops into the center of the water in a clean metal bucket filled with water. After it touches the water, a short splash rises and expanding ripples travel outward. The receiver, camera, lighting, and background remain consistent.","A simple realistic locked-camera video in one continuous shot showing a clean metal bucket filled with water. Soft ambient air creates mild continuous movement on the water surface, while reflected light shifts naturally over time. Nothing falls into or strikes the water. No impact splash, impact cavity, or impact-generated circular wave appears. The receiver, camera, lighting, and background remain consistent.","source enters water, then splash and expanding ripples",same receiver with natural water motion but no source or impact footprint,26057,49,8,,
water_impact_dynamic_v1,widyn_train_0058_red_apple_kitchen_sink_direct,train,seen_source_seen_receiver,object_enters_water,red_apple,one small red apple,yes,kitchen_sink,a stainless-steel kitchen sink basin filled with water,yes,direct,"A simple realistic locked-camera video in one continuous shot. One small red apple falls naturally from above, enters the center of the water in a stainless-steel kitchen sink basin filled with water, and makes contact. The contact produces a visible brief splash followed by circular ripples spreading across the water. The receiver, camera, lighting, and background remain consistent.","A simple realistic locked-camera video in one continuous shot showing a stainless-steel kitchen sink basin filled with water. The water moves gently throughout the shot with subtle natural surface undulations and slowly changing reflections. Nothing falls into or strikes the water. No impact splash, impact cavity, or impact-generated circular wave appears. The receiver, camera, lighting, and background remain consistent.","source enters water, then splash and expanding ripples",same receiver with natural water motion but no source or impact footprint,26058,49,8,,
water_impact_dynamic_v1,widyn_train_0059_red_apple_kitchen_sink_natural,train,seen_source_seen_receiver,object_enters_water,red_apple,one small red apple,yes,kitchen_sink,a stainless-steel kitchen sink basin filled with water,yes,natural,"A simple realistic locked-camera video in one continuous shot. In a single natural motion, one small red apple drops into the center of the water in a stainless-steel kitchen sink basin filled with water. After it touches the water, a short splash rises and expanding ripples travel outward. The receiver, camera, lighting, and background remain consistent.","A simple realistic locked-camera video in one continuous shot showing a stainless-steel kitchen sink basin filled with water. Soft ambient air creates mild continuous movement on the water surface, while reflected light shifts naturally over time. Nothing falls into or strikes the water. No impact splash, impact cavity, or impact-generated circular wave appears. The receiver, camera, lighting, and background remain consistent.","source enters water, then splash and expanding ripples",same receiver with natural water motion but no source or impact footprint,26059,49,8,,
water_impact_dynamic_v1,widyn_train_0060_red_apple_porcelain_bowl_direct,train,seen_source_seen_receiver,object_enters_water,red_apple,one small red apple,yes,porcelain_bowl,a plain porcelain soup bowl filled with water,yes,direct,"A simple realistic locked-camera video in one continuous shot. One small red apple falls naturally from above, enters the center of the water in a plain porcelain soup bowl filled with water, and makes contact. The contact produces a visible brief splash followed by circular ripples spreading across the water. The receiver, camera, lighting, and background remain consistent.","A simple realistic locked-camera video in one continuous shot showing a plain porcelain soup bowl filled with water. The water moves gently throughout the shot with subtle natural surface undulations and slowly changing reflections. Nothing falls into or strikes the water. No impact splash, impact cavity, or impact-generated circular wave appears. The receiver, camera, lighting, and background remain consistent.","source enters water, then splash and expanding ripples",same receiver with natural water motion but no source or impact footprint,26060,49,8,,
water_impact_dynamic_v1,widyn_train_0061_red_apple_porcelain_bowl_natural,train,seen_source_seen_receiver,object_enters_water,red_apple,one small red apple,yes,porcelain_bowl,a plain porcelain soup bowl filled with water,yes,natural,"A simple realistic locked-camera video in one continuous shot. In a single natural motion, one small red apple drops into the center of the water in a plain porcelain soup bowl filled with water. After it touches the water, a short splash rises and expanding ripples travel outward. The receiver, camera, lighting, and background remain consistent.","A simple realistic locked-camera video in one continuous shot showing a plain porcelain soup bowl filled with water. Soft ambient air creates mild continuous movement on the water surface, while reflected light shifts naturally over time. Nothing falls into or strikes the water. No impact splash, impact cavity, or impact-generated circular wave appears. The receiver, camera, lighting, and background remain consistent.","source enters water, then splash and expanding ripples",same receiver with natural water motion but no source or impact footprint,26061,49,8,,
water_impact_dynamic_v1,widyn_train_0062_red_apple_cooking_pot_direct,train,seen_source_seen_receiver,object_enters_water,red_apple,one small red apple,yes,cooking_pot,a black cooking pot filled with water,yes,direct,"A simple realistic locked-camera video in one continuous shot. One small red apple falls naturally from above, enters the center of the water in a black cooking pot filled with water, and makes contact. The contact produces a visible brief splash followed by circular ripples spreading across the water. The receiver, camera, lighting, and background remain consistent.","A simple realistic locked-camera video in one continuous shot showing a black cooking pot filled with water. The water moves gently throughout the shot with subtle natural surface undulations and slowly changing reflections. Nothing falls into or strikes the water. No impact splash, impact cavity, or impact-generated circular wave appears. The receiver, camera, lighting, and background remain consistent.","source enters water, then splash and expanding ripples",same receiver with natural water motion but no source or impact footprint,26062,49,8,,
water_impact_dynamic_v1,widyn_train_0063_red_apple_cooking_pot_natural,train,seen_source_seen_receiver,object_enters_water,red_apple,one small red apple,yes,cooking_pot,a black cooking pot filled with water,yes,natural,"A simple realistic locked-camera video in one continuous shot. In a single natural motion, one small red apple drops into the center of the water in a black cooking pot filled with water. After it touches the water, a short splash rises and expanding ripples travel outward. The receiver, camera, lighting, and background remain consistent.","A simple realistic locked-camera video in one continuous shot showing a black cooking pot filled with water. Soft ambient air creates mild continuous movement on the water surface, while reflected light shifts naturally over time. Nothing falls into or strikes the water. No impact splash, impact cavity, or impact-generated circular wave appears. The receiver, camera, lighting, and background remain consistent.","source enters water, then splash and expanding ripples",same receiver with natural water motion but no source or impact footprint,26063,49,8,,
water_impact_dynamic_v1,widyn_train_0064_red_apple_garden_birdbath_direct,train,seen_source_seen_receiver,object_enters_water,red_apple,one small red apple,yes,garden_birdbath,a round stone birdbath filled with water,yes,direct,"A simple realistic locked-camera video in one continuous shot. One small red apple falls naturally from above, enters the center of the water in a round stone birdbath filled with water, and makes contact. The contact produces a visible brief splash followed by circular ripples spreading across the water. The receiver, camera, lighting, and background remain consistent.","A simple realistic locked-camera video in one continuous shot showing a round stone birdbath filled with water. The water moves gently throughout the shot with subtle natural surface undulations and slowly changing reflections. Nothing falls into or strikes the water. No impact splash, impact cavity, or impact-generated circular wave appears. The receiver, camera, lighting, and background remain consistent.","source enters water, then splash and expanding ripples",same receiver with natural water motion but no source or impact footprint,26064,49,8,,
water_impact_dynamic_v1,widyn_train_0065_red_apple_garden_birdbath_natural,train,seen_source_seen_receiver,object_enters_water,red_apple,one small red apple,yes,garden_birdbath,a round stone birdbath filled with water,yes,natural,"A simple realistic locked-camera video in one continuous shot. In a single natural motion, one small red apple drops into the center of the water in a round stone birdbath filled with water. After it touches the water, a short splash rises and expanding ripples travel outward. The receiver, camera, lighting, and background remain consistent.","A simple realistic locked-camera video in one continuous shot showing a round stone birdbath filled with water. Soft ambient air creates mild continuous movement on the water surface, while reflected light shifts naturally over time. Nothing falls into or strikes the water. No impact splash, impact cavity, or impact-generated circular wave appears. The receiver, camera, lighting, and background remain consistent.","source enters water, then splash and expanding ripples",same receiver with natural water motion but no source or impact footprint,26065,49,8,,
water_impact_dynamic_v1,widyn_train_0066_red_apple_glass_dish_direct,train,seen_source_seen_receiver,object_enters_water,red_apple,one small red apple,yes,glass_dish,a rectangular glass baking dish filled with water,yes,direct,"A simple realistic locked-camera video in one continuous shot. One small red apple falls naturally from above, enters the center of the water in a rectangular glass baking dish filled with water, and makes contact. The contact produces a visible brief splash followed by circular ripples spreading across the water. The receiver, camera, lighting, and background remain consistent.","A simple realistic locked-camera video in one continuous shot showing a rectangular glass baking dish filled with water. The water moves gently throughout the shot with subtle natural surface undulations and slowly changing reflections. Nothing falls into or strikes the water. No impact splash, impact cavity, or impact-generated circular wave appears. The receiver, camera, lighting, and background remain consistent.","source enters water, then splash and expanding ripples",same receiver with natural water motion but no source or impact footprint,26066,49,8,,
water_impact_dynamic_v1,widyn_train_0067_red_apple_glass_dish_natural,train,seen_source_seen_receiver,object_enters_water,red_apple,one small red apple,yes,glass_dish,a rectangular glass baking dish filled with water,yes,natural,"A simple realistic locked-camera video in one continuous shot. In a single natural motion, one small red apple drops into the center of the water in a rectangular glass baking dish filled with water. After it touches the water, a short splash rises and expanding ripples travel outward. The receiver, camera, lighting, and background remain consistent.","A simple realistic locked-camera video in one continuous shot showing a rectangular glass baking dish filled with water. Soft ambient air creates mild continuous movement on the water surface, while reflected light shifts naturally over time. Nothing falls into or strikes the water. No impact splash, impact cavity, or impact-generated circular wave appears. The receiver, camera, lighting, and background remain consistent.","source enters water, then splash and expanding ripples",same receiver with natural water motion but no source or impact footprint,26067,49,8,,
water_impact_dynamic_v1,widyn_train_0068_red_apple_plastic_tub_direct,train,seen_source_seen_receiver,object_enters_water,red_apple,one small red apple,yes,plastic_tub,a blue plastic storage tub filled with water,yes,direct,"A simple realistic locked-camera video in one continuous shot. One small red apple falls naturally from above, enters the center of the water in a blue plastic storage tub filled with water, and makes contact. The contact produces a visible brief splash followed by circular ripples spreading across the water. The receiver, camera, lighting, and background remain consistent.","A simple realistic locked-camera video in one continuous shot showing a blue plastic storage tub filled with water. The water moves gently throughout the shot with subtle natural surface undulations and slowly changing reflections. Nothing falls into or strikes the water. No impact splash, impact cavity, or impact-generated circular wave appears. The receiver, camera, lighting, and background remain consistent.","source enters water, then splash and expanding ripples",same receiver with natural water motion but no source or impact footprint,26068,49,8,,
water_impact_dynamic_v1,widyn_train_0069_red_apple_plastic_tub_natural,train,seen_source_seen_receiver,object_enters_water,red_apple,one small red apple,yes,plastic_tub,a blue plastic storage tub filled with water,yes,natural,"A simple realistic locked-camera video in one continuous shot. In a single natural motion, one small red apple drops into the center of the water in a blue plastic storage tub filled with water. After it touches the water, a short splash rises and expanding ripples travel outward. The receiver, camera, lighting, and background remain consistent.","A simple realistic locked-camera video in one continuous shot showing a blue plastic storage tub filled with water. Soft ambient air creates mild continuous movement on the water surface, while reflected light shifts naturally over time. Nothing falls into or strikes the water. No impact splash, impact cavity, or impact-generated circular wave appears. The receiver, camera, lighting, and background remain consistent.","source enters water, then splash and expanding ripples",same receiver with natural water motion but no source or impact footprint,26069,49,8,,
water_impact_dynamic_v1,widyn_train_0070_red_apple_laboratory_beaker_direct,train,seen_source_seen_receiver,object_enters_water,red_apple,one small red apple,yes,laboratory_beaker,a laboratory beaker filled with clear water,yes,direct,"A simple realistic locked-camera video in one continuous shot. One small red apple falls naturally from above, enters the center of the water in a laboratory beaker filled with clear water, and makes contact. The contact produces a visible brief splash followed by circular ripples spreading across the water. The receiver, camera, lighting, and background remain consistent.","A simple realistic locked-camera video in one continuous shot showing a laboratory beaker filled with clear water. The water moves gently throughout the shot with subtle natural surface undulations and slowly changing reflections. Nothing falls into or strikes the water. No impact splash, impact cavity, or impact-generated circular wave appears. The receiver, camera, lighting, and background remain consistent.","source enters water, then splash and expanding ripples",same receiver with natural water motion but no source or impact footprint,26070,49,8,,
water_impact_dynamic_v1,widyn_train_0071_red_apple_laboratory_beaker_natural,train,seen_source_seen_receiver,object_enters_water,red_apple,one small red apple,yes,laboratory_beaker,a laboratory beaker filled with clear water,yes,natural,"A simple realistic locked-camera video in one continuous shot. In a single natural motion, one small red apple drops into the center of the water in a laboratory beaker filled with clear water. After it touches the water, a short splash rises and expanding ripples travel outward. The receiver, camera, lighting, and background remain consistent.","A simple realistic locked-camera video in one continuous shot showing a laboratory beaker filled with clear water. Soft ambient air creates mild continuous movement on the water surface, while reflected light shifts naturally over time. Nothing falls into or strikes the water. No impact splash, impact cavity, or impact-generated circular wave appears. The receiver, camera, lighting, and background remain consistent.","source enters water, then splash and expanding ripples",same receiver with natural water motion but no source or impact footprint,26071,49,8,,
water_impact_dynamic_v1,widyn_train_0072_green_lime_shallow_pond_direct,train,seen_source_seen_receiver,object_enters_water,green_lime,one small green lime,yes,shallow_pond,a calm shallow pond,yes,direct,"A simple realistic locked-camera video in one continuous shot. One small green lime falls naturally from above, enters the center of the water in a calm shallow pond, and makes contact. The contact produces a visible brief splash followed by circular ripples spreading across the water. The receiver, camera, lighting, and background remain consistent.","A simple realistic locked-camera video in one continuous shot showing a calm shallow pond. The water moves gently throughout the shot with subtle natural surface undulations and slowly changing reflections. Nothing falls into or strikes the water. No impact splash, impact cavity, or impact-generated circular wave appears. The receiver, camera, lighting, and background remain consistent.","source enters water, then splash and expanding ripples",same receiver with natural water motion but no source or impact footprint,26072,49,8,,
water_impact_dynamic_v1,widyn_train_0073_green_lime_shallow_pond_natural,train,seen_source_seen_receiver,object_enters_water,green_lime,one small green lime,yes,shallow_pond,a calm shallow pond,yes,natural,"A simple realistic locked-camera video in one continuous shot. In a single natural motion, one small green lime drops into the center of the water in a calm shallow pond. After it touches the water, a short splash rises and expanding ripples travel outward. The receiver, camera, lighting, and background remain consistent.","A simple realistic locked-camera video in one continuous shot showing a calm shallow pond. Soft ambient air creates mild continuous movement on the water surface, while reflected light shifts naturally over time. Nothing falls into or strikes the water. No impact splash, impact cavity, or impact-generated circular wave appears. The receiver, camera, lighting, and background remain consistent.","source enters water, then splash and expanding ripples",same receiver with natural water motion but no source or impact footprint,26073,49,8,,
water_impact_dynamic_v1,widyn_train_0074_green_lime_glass_bowl_direct,train,seen_source_seen_receiver,object_enters_water,green_lime,one small green lime,yes,glass_bowl,a transparent glass mixing bowl filled with water,yes,direct,"A simple realistic locked-camera video in one continuous shot. One small green lime falls naturally from above, enters the center of the water in a transparent glass mixing bowl filled with water, and makes contact. The contact produces a visible brief splash followed by circular ripples spreading across the water. The receiver, camera, lighting, and background remain consistent.","A simple realistic locked-camera video in one continuous shot showing a transparent glass mixing bowl filled with water. The water moves gently throughout the shot with subtle natural surface undulations and slowly changing reflections. Nothing falls into or strikes the water. No impact splash, impact cavity, or impact-generated circular wave appears. The receiver, camera, lighting, and background remain consistent.","source enters water, then splash and expanding ripples",same receiver with natural water motion but no source or impact footprint,26074,49,8,,
water_impact_dynamic_v1,widyn_train_0075_green_lime_glass_bowl_natural,train,seen_source_seen_receiver,object_enters_water,green_lime,one small green lime,yes,glass_bowl,a transparent glass mixing bowl filled with water,yes,natural,"A simple realistic locked-camera video in one continuous shot. In a single natural motion, one small green lime drops into the center of the water in a transparent glass mixing bowl filled with water. After it touches the water, a short splash rises and expanding ripples travel outward. The receiver, camera, lighting, and background remain consistent.","A simple realistic locked-camera video in one continuous shot showing a transparent glass mixing bowl filled with water. Soft ambient air creates mild continuous movement on the water surface, while reflected light shifts naturally over time. Nothing falls into or strikes the water. No impact splash, impact cavity, or impact-generated circular wave appears. The receiver, camera, lighting, and background remain consistent.","source enters water, then splash and expanding ripples",same receiver with natural water motion but no source or impact footprint,26075,49,8,,
water_impact_dynamic_v1,widyn_train_0076_green_lime_white_basin_direct,train,seen_source_seen_receiver,object_enters_water,green_lime,one small green lime,yes,white_basin,a wide white ceramic basin filled with water,yes,direct,"A simple realistic locked-camera video in one continuous shot. One small green lime falls naturally from above, enters the center of the water in a wide white ceramic basin filled with water, and makes contact. The contact produces a visible brief splash followed by circular ripples spreading across the water. The receiver, camera, lighting, and background remain consistent.","A simple realistic locked-camera video in one continuous shot showing a wide white ceramic basin filled with water. The water moves gently throughout the shot with subtle natural surface undulations and slowly changing reflections. Nothing falls into or strikes the water. No impact splash, impact cavity, or impact-generated circular wave appears. The receiver, camera, lighting, and background remain consistent.","source enters water, then splash and expanding ripples",same receiver with natural water motion but no source or impact footprint,26076,49,8,,
water_impact_dynamic_v1,widyn_train_0077_green_lime_white_basin_natural,train,seen_source_seen_receiver,object_enters_water,green_lime,one small green lime,yes,white_basin,a wide white ceramic basin filled with water,yes,natural,"A simple realistic locked-camera video in one continuous shot. In a single natural motion, one small green lime drops into the center of the water in a wide white ceramic basin filled with water. After it touches the water, a short splash rises and expanding ripples travel outward. The receiver, camera, lighting, and background remain consistent.","A simple realistic locked-camera video in one continuous shot showing a wide white ceramic basin filled with water. Soft ambient air creates mild continuous movement on the water surface, while reflected light shifts naturally over time. Nothing falls into or strikes the water. No impact splash, impact cavity, or impact-generated circular wave appears. The receiver, camera, lighting, and background remain consistent.","source enters water, then splash and expanding ripples",same receiver with natural water motion but no source or impact footprint,26077,49,8,,
water_impact_dynamic_v1,widyn_train_0078_green_lime_glass_tank_direct,train,seen_source_seen_receiver,object_enters_water,green_lime,one small green lime,yes,glass_tank,a clear rectangular glass tank filled with water,yes,direct,"A simple realistic locked-camera video in one continuous shot. One small green lime falls naturally from above, enters the center of the water in a clear rectangular glass tank filled with water, and makes contact. The contact produces a visible brief splash followed by circular ripples spreading across the water. The receiver, camera, lighting, and background remain consistent.","A simple realistic locked-camera video in one continuous shot showing a clear rectangular glass tank filled with water. The water moves gently throughout the shot with subtle natural surface undulations and slowly changing reflections. Nothing falls into or strikes the water. No impact splash, impact cavity, or impact-generated circular wave appears. The receiver, camera, lighting, and background remain consistent.","source enters water, then splash and expanding ripples",same receiver with natural water motion but no source or impact footprint,26078,49,8,,
water_impact_dynamic_v1,widyn_train_0079_green_lime_glass_tank_natural,train,seen_source_seen_receiver,object_enters_water,green_lime,one small green lime,yes,glass_tank,a clear rectangular glass tank filled with water,yes,natural,"A simple realistic locked-camera video in one continuous shot. In a single natural motion, one small green lime drops into the center of the water in a clear rectangular glass tank filled with water. After it touches the water, a short splash rises and expanding ripples travel outward. The receiver, camera, lighting, and background remain consistent.","A simple realistic locked-camera video in one continuous shot showing a clear rectangular glass tank filled with water. Soft ambient air creates mild continuous movement on the water surface, while reflected light shifts naturally over time. Nothing falls into or strikes the water. No impact splash, impact cavity, or impact-generated circular wave appears. The receiver, camera, lighting, and background remain consistent.","source enters water, then splash and expanding ripples",same receiver with natural water motion but no source or impact footprint,26079,49,8,,
water_impact_dynamic_v1,widyn_train_0080_green_lime_metal_bucket_direct,train,seen_source_seen_receiver,object_enters_water,green_lime,one small green lime,yes,metal_bucket,a clean metal bucket filled with water,yes,direct,"A simple realistic locked-camera video in one continuous shot. One small green lime falls naturally from above, enters the center of the water in a clean metal bucket filled with water, and makes contact. The contact produces a visible brief splash followed by circular ripples spreading across the water. The receiver, camera, lighting, and background remain consistent.","A simple realistic locked-camera video in one continuous shot showing a clean metal bucket filled with water. The water moves gently throughout the shot with subtle natural surface undulations and slowly changing reflections. Nothing falls into or strikes the water. No impact splash, impact cavity, or impact-generated circular wave appears. The receiver, camera, lighting, and background remain consistent.","source enters water, then splash and expanding ripples",same receiver with natural water motion but no source or impact footprint,26080,49,8,,
water_impact_dynamic_v1,widyn_train_0081_green_lime_metal_bucket_natural,train,seen_source_seen_receiver,object_enters_water,green_lime,one small green lime,yes,metal_bucket,a clean metal bucket filled with water,yes,natural,"A simple realistic locked-camera video in one continuous shot. In a single natural motion, one small green lime drops into the center of the water in a clean metal bucket filled with water. After it touches the water, a short splash rises and expanding ripples travel outward. The receiver, camera, lighting, and background remain consistent.","A simple realistic locked-camera video in one continuous shot showing a clean metal bucket filled with water. Soft ambient air creates mild continuous movement on the water surface, while reflected light shifts naturally over time. Nothing falls into or strikes the water. No impact splash, impact cavity, or impact-generated circular wave appears. The receiver, camera, lighting, and background remain consistent.","source enters water, then splash and expanding ripples",same receiver with natural water motion but no source or impact footprint,26081,49,8,,
water_impact_dynamic_v1,widyn_train_0082_green_lime_kitchen_sink_direct,train,seen_source_seen_receiver,object_enters_water,green_lime,one small green lime,yes,kitchen_sink,a stainless-steel kitchen sink basin filled with water,yes,direct,"A simple realistic locked-camera video in one continuous shot. One small green lime falls naturally from above, enters the center of the water in a stainless-steel kitchen sink basin filled with water, and makes contact. The contact produces a visible brief splash followed by circular ripples spreading across the water. The receiver, camera, lighting, and background remain consistent.","A simple realistic locked-camera video in one continuous shot showing a stainless-steel kitchen sink basin filled with water. The water moves gently throughout the shot with subtle natural surface undulations and slowly changing reflections. Nothing falls into or strikes the water. No impact splash, impact cavity, or impact-generated circular wave appears. The receiver, camera, lighting, and background remain consistent.","source enters water, then splash and expanding ripples",same receiver with natural water motion but no source or impact footprint,26082,49,8,,
water_impact_dynamic_v1,widyn_train_0083_green_lime_kitchen_sink_natural,train,seen_source_seen_receiver,object_enters_water,green_lime,one small green lime,yes,kitchen_sink,a stainless-steel kitchen sink basin filled with water,yes,natural,"A simple realistic locked-camera video in one continuous shot. In a single natural motion, one small green lime drops into the center of the water in a stainless-steel kitchen sink basin filled with water. After it touches the water, a short splash rises and expanding ripples travel outward. The receiver, camera, lighting, and background remain consistent.","A simple realistic locked-camera video in one continuous shot showing a stainless-steel kitchen sink basin filled with water. Soft ambient air creates mild continuous movement on the water surface, while reflected light shifts naturally over time. Nothing falls into or strikes the water. No impact splash, impact cavity, or impact-generated circular wave appears. The receiver, camera, lighting, and background remain consistent.","source enters water, then splash and expanding ripples",same receiver with natural water motion but no source or impact footprint,26083,49,8,,
water_impact_dynamic_v1,widyn_train_0084_green_lime_porcelain_bowl_direct,train,seen_source_seen_receiver,object_enters_water,green_lime,one small green lime,yes,porcelain_bowl,a plain porcelain soup bowl filled with water,yes,direct,"A simple realistic locked-camera video in one continuous shot. One small green lime falls naturally from above, enters the center of the water in a plain porcelain soup bowl filled with water, and makes contact. The contact produces a visible brief splash followed by circular ripples spreading across the water. The receiver, camera, lighting, and background remain consistent.","A simple realistic locked-camera video in one continuous shot showing a plain porcelain soup bowl filled with water. The water moves gently throughout the shot with subtle natural surface undulations and slowly changing reflections. Nothing falls into or strikes the water. No impact splash, impact cavity, or impact-generated circular wave appears. The receiver, camera, lighting, and background remain consistent.","source enters water, then splash and expanding ripples",same receiver with natural water motion but no source or impact footprint,26084,49,8,,
water_impact_dynamic_v1,widyn_train_0085_green_lime_porcelain_bowl_natural,train,seen_source_seen_receiver,object_enters_water,green_lime,one small green lime,yes,porcelain_bowl,a plain porcelain soup bowl filled with water,yes,natural,"A simple realistic locked-camera video in one continuous shot. In a single natural motion, one small green lime drops into the center of the water in a plain porcelain soup bowl filled with water. After it touches the water, a short splash rises and expanding ripples travel outward. The receiver, camera, lighting, and background remain consistent.","A simple realistic locked-camera video in one continuous shot showing a plain porcelain soup bowl filled with water. Soft ambient air creates mild continuous movement on the water surface, while reflected light shifts naturally over time. Nothing falls into or strikes the water. No impact splash, impact cavity, or impact-generated circular wave appears. The receiver, camera, lighting, and background remain consistent.","source enters water, then splash and expanding ripples",same receiver with natural water motion but no source or impact footprint,26085,49,8,,
water_impact_dynamic_v1,widyn_train_0086_green_lime_cooking_pot_direct,train,seen_source_seen_receiver,object_enters_water,green_lime,one small green lime,yes,cooking_pot,a black cooking pot filled with water,yes,direct,"A simple realistic locked-camera video in one continuous shot. One small green lime falls naturally from above, enters the center of the water in a black cooking pot filled with water, and makes contact. The contact produces a visible brief splash followed by circular ripples spreading across the water. The receiver, camera, lighting, and background remain consistent.","A simple realistic locked-camera video in one continuous shot showing a black cooking pot filled with water. The water moves gently throughout the shot with subtle natural surface undulations and slowly changing reflections. Nothing falls into or strikes the water. No impact splash, impact cavity, or impact-generated circular wave appears. The receiver, camera, lighting, and background remain consistent.","source enters water, then splash and expanding ripples",same receiver with natural water motion but no source or impact footprint,26086,49,8,,
water_impact_dynamic_v1,widyn_train_0087_green_lime_cooking_pot_natural,train,seen_source_seen_receiver,object_enters_water,green_lime,one small green lime,yes,cooking_pot,a black cooking pot filled with water,yes,natural,"A simple realistic locked-camera video in one continuous shot. In a single natural motion, one small green lime drops into the center of the water in a black cooking pot filled with water. After it touches the water, a short splash rises and expanding ripples travel outward. The receiver, camera, lighting, and background remain consistent.","A simple realistic locked-camera video in one continuous shot showing a black cooking pot filled with water. Soft ambient air creates mild continuous movement on the water surface, while reflected light shifts naturally over time. Nothing falls into or strikes the water. No impact splash, impact cavity, or impact-generated circular wave appears. The receiver, camera, lighting, and background remain consistent.","source enters water, then splash and expanding ripples",same receiver with natural water motion but no source or impact footprint,26087,49,8,,
water_impact_dynamic_v1,widyn_train_0088_green_lime_garden_birdbath_direct,train,seen_source_seen_receiver,object_enters_water,green_lime,one small green lime,yes,garden_birdbath,a round stone birdbath filled with water,yes,direct,"A simple realistic locked-camera video in one continuous shot. One small green lime falls naturally from above, enters the center of the water in a round stone birdbath filled with water, and makes contact. The contact produces a visible brief splash followed by circular ripples spreading across the water. The receiver, camera, lighting, and background remain consistent.","A simple realistic locked-camera video in one continuous shot showing a round stone birdbath filled with water. The water moves gently throughout the shot with subtle natural surface undulations and slowly changing reflections. Nothing falls into or strikes the water. No impact splash, impact cavity, or impact-generated circular wave appears. The receiver, camera, lighting, and background remain consistent.","source enters water, then splash and expanding ripples",same receiver with natural water motion but no source or impact footprint,26088,49,8,,
water_impact_dynamic_v1,widyn_train_0089_green_lime_garden_birdbath_natural,train,seen_source_seen_receiver,object_enters_water,green_lime,one small green lime,yes,garden_birdbath,a round stone birdbath filled with water,yes,natural,"A simple realistic locked-camera video in one continuous shot. In a single natural motion, one small green lime drops into the center of the water in a round stone birdbath filled with water. After it touches the water, a short splash rises and expanding ripples travel outward. The receiver, camera, lighting, and background remain consistent.","A simple realistic locked-camera video in one continuous shot showing a round stone birdbath filled with water. Soft ambient air creates mild continuous movement on the water surface, while reflected light shifts naturally over time. Nothing falls into or strikes the water. No impact splash, impact cavity, or impact-generated circular wave appears. The receiver, camera, lighting, and background remain consistent.","source enters water, then splash and expanding ripples",same receiver with natural water motion but no source or impact footprint,26089,49,8,,
water_impact_dynamic_v1,widyn_train_0090_green_lime_glass_dish_direct,train,seen_source_seen_receiver,object_enters_water,green_lime,one small green lime,yes,glass_dish,a rectangular glass baking dish filled with water,yes,direct,"A simple realistic locked-camera video in one continuous shot. One small green lime falls naturally from above, enters the center of the water in a rectangular glass baking dish filled with water, and makes contact. The contact produces a visible brief splash followed by circular ripples spreading across the water. The receiver, camera, lighting, and background remain consistent.","A simple realistic locked-camera video in one continuous shot showing a rectangular glass baking dish filled with water. The water moves gently throughout the shot with subtle natural surface undulations and slowly changing reflections. Nothing falls into or strikes the water. No impact splash, impact cavity, or impact-generated circular wave appears. The receiver, camera, lighting, and background remain consistent.","source enters water, then splash and expanding ripples",same receiver with natural water motion but no source or impact footprint,26090,49,8,,
water_impact_dynamic_v1,widyn_train_0091_green_lime_glass_dish_natural,train,seen_source_seen_receiver,object_enters_water,green_lime,one small green lime,yes,glass_dish,a rectangular glass baking dish filled with water,yes,natural,"A simple realistic locked-camera video in one continuous shot. In a single natural motion, one small green lime drops into the center of the water in a rectangular glass baking dish filled with water. After it touches the water, a short splash rises and expanding ripples travel outward. The receiver, camera, lighting, and background remain consistent.","A simple realistic locked-camera video in one continuous shot showing a rectangular glass baking dish filled with water. Soft ambient air creates mild continuous movement on the water surface, while reflected light shifts naturally over time. Nothing falls into or strikes the water. No impact splash, impact cavity, or impact-generated circular wave appears. The receiver, camera, lighting, and background remain consistent.","source enters water, then splash and expanding ripples",same receiver with natural water motion but no source or impact footprint,26091,49,8,,
water_impact_dynamic_v1,widyn_train_0092_green_lime_plastic_tub_direct,train,seen_source_seen_receiver,object_enters_water,green_lime,one small green lime,yes,plastic_tub,a blue plastic storage tub filled with water,yes,direct,"A simple realistic locked-camera video in one continuous shot. One small green lime falls naturally from above, enters the center of the water in a blue plastic storage tub filled with water, and makes contact. The contact produces a visible brief splash followed by circular ripples spreading across the water. The receiver, camera, lighting, and background remain consistent.","A simple realistic locked-camera video in one continuous shot showing a blue plastic storage tub filled with water. The water moves gently throughout the shot with subtle natural surface undulations and slowly changing reflections. Nothing falls into or strikes the water. No impact splash, impact cavity, or impact-generated circular wave appears. The receiver, camera, lighting, and background remain consistent.","source enters water, then splash and expanding ripples",same receiver with natural water motion but no source or impact footprint,26092,49,8,,
water_impact_dynamic_v1,widyn_train_0093_green_lime_plastic_tub_natural,train,seen_source_seen_receiver,object_enters_water,green_lime,one small green lime,yes,plastic_tub,a blue plastic storage tub filled with water,yes,natural,"A simple realistic locked-camera video in one continuous shot. In a single natural motion, one small green lime drops into the center of the water in a blue plastic storage tub filled with water. After it touches the water, a short splash rises and expanding ripples travel outward. The receiver, camera, lighting, and background remain consistent.","A simple realistic locked-camera video in one continuous shot showing a blue plastic storage tub filled with water. Soft ambient air creates mild continuous movement on the water surface, while reflected light shifts naturally over time. Nothing falls into or strikes the water. No impact splash, impact cavity, or impact-generated circular wave appears. The receiver, camera, lighting, and background remain consistent.","source enters water, then splash and expanding ripples",same receiver with natural water motion but no source or impact footprint,26093,49,8,,
water_impact_dynamic_v1,widyn_train_0094_green_lime_laboratory_beaker_direct,train,seen_source_seen_receiver,object_enters_water,green_lime,one small green lime,yes,laboratory_beaker,a laboratory beaker filled with clear water,yes,direct,"A simple realistic locked-camera video in one continuous shot. One small green lime falls naturally from above, enters the center of the water in a laboratory beaker filled with clear water, and makes contact. The contact produces a visible brief splash followed by circular ripples spreading across the water. The receiver, camera, lighting, and background remain consistent.","A simple realistic locked-camera video in one continuous shot showing a laboratory beaker filled with clear water. The water moves gently throughout the shot with subtle natural surface undulations and slowly changing reflections. Nothing falls into or strikes the water. No impact splash, impact cavity, or impact-generated circular wave appears. The receiver, camera, lighting, and background remain consistent.","source enters water, then splash and expanding ripples",same receiver with natural water motion but no source or impact footprint,26094,49,8,,
water_impact_dynamic_v1,widyn_train_0095_green_lime_laboratory_beaker_natural,train,seen_source_seen_receiver,object_enters_water,green_lime,one small green lime,yes,laboratory_beaker,a laboratory beaker filled with clear water,yes,natural,"A simple realistic locked-camera video in one continuous shot. In a single natural motion, one small green lime drops into the center of the water in a laboratory beaker filled with clear water. After it touches the water, a short splash rises and expanding ripples travel outward. The receiver, camera, lighting, and background remain consistent.","A simple realistic locked-camera video in one continuous shot showing a laboratory beaker filled with clear water. Soft ambient air creates mild continuous movement on the water surface, while reflected light shifts naturally over time. Nothing falls into or strikes the water. No impact splash, impact cavity, or impact-generated circular wave appears. The receiver, camera, lighting, and background remain consistent.","source enters water, then splash and expanding ripples",same receiver with natural water motion but no source or impact footprint,26095,49,8,,
water_impact_dynamic_v1,widyn_train_0096_blue_marble_shallow_pond_direct,train,seen_source_seen_receiver,object_enters_water,blue_marble,one blue glass marble,yes,shallow_pond,a calm shallow pond,yes,direct,"A simple realistic locked-camera video in one continuous shot. One blue glass marble falls naturally from above, enters the center of the water in a calm shallow pond, and makes contact. The contact produces a visible brief splash followed by circular ripples spreading across the water. The receiver, camera, lighting, and background remain consistent.","A simple realistic locked-camera video in one continuous shot showing a calm shallow pond. The water moves gently throughout the shot with subtle natural surface undulations and slowly changing reflections. Nothing falls into or strikes the water. No impact splash, impact cavity, or impact-generated circular wave appears. The receiver, camera, lighting, and background remain consistent.","source enters water, then splash and expanding ripples",same receiver with natural water motion but no source or impact footprint,26096,49,8,,
water_impact_dynamic_v1,widyn_train_0097_blue_marble_shallow_pond_natural,train,seen_source_seen_receiver,object_enters_water,blue_marble,one blue glass marble,yes,shallow_pond,a calm shallow pond,yes,natural,"A simple realistic locked-camera video in one continuous shot. In a single natural motion, one blue glass marble drops into the center of the water in a calm shallow pond. After it touches the water, a short splash rises and expanding ripples travel outward. The receiver, camera, lighting, and background remain consistent.","A simple realistic locked-camera video in one continuous shot showing a calm shallow pond. Soft ambient air creates mild continuous movement on the water surface, while reflected light shifts naturally over time. Nothing falls into or strikes the water. No impact splash, impact cavity, or impact-generated circular wave appears. The receiver, camera, lighting, and background remain consistent.","source enters water, then splash and expanding ripples",same receiver with natural water motion but no source or impact footprint,26097,49,8,,
water_impact_dynamic_v1,widyn_train_0098_blue_marble_glass_bowl_direct,train,seen_source_seen_receiver,object_enters_water,blue_marble,one blue glass marble,yes,glass_bowl,a transparent glass mixing bowl filled with water,yes,direct,"A simple realistic locked-camera video in one continuous shot. One blue glass marble falls naturally from above, enters the center of the water in a transparent glass mixing bowl filled with water, and makes contact. The contact produces a visible brief splash followed by circular ripples spreading across the water. The receiver, camera, lighting, and background remain consistent.","A simple realistic locked-camera video in one continuous shot showing a transparent glass mixing bowl filled with water. The water moves gently throughout the shot with subtle natural surface undulations and slowly changing reflections. Nothing falls into or strikes the water. No impact splash, impact cavity, or impact-generated circular wave appears. The receiver, camera, lighting, and background remain consistent.","source enters water, then splash and expanding ripples",same receiver with natural water motion but no source or impact footprint,26098,49,8,,
water_impact_dynamic_v1,widyn_train_0099_blue_marble_glass_bowl_natural,train,seen_source_seen_receiver,object_enters_water,blue_marble,one blue glass marble,yes,glass_bowl,a transparent glass mixing bowl filled with water,yes,natural,"A simple realistic locked-camera video in one continuous shot. In a single natural motion, one blue glass marble drops into the center of the water in a transparent glass mixing bowl filled with water. After it touches the water, a short splash rises and expanding ripples travel outward. The receiver, camera, lighting, and background remain consistent.","A simple realistic locked-camera video in one continuous shot showing a transparent glass mixing bowl filled with water. Soft ambient air creates mild continuous movement on the water surface, while reflected light shifts naturally over time. Nothing falls into or strikes the water. No impact splash, impact cavity, or impact-generated circular wave appears. The receiver, camera, lighting, and background remain consistent.","source enters water, then splash and expanding ripples",same receiver with natural water motion but no source or impact footprint,26099,49,8,,
water_impact_dynamic_v1,widyn_train_0100_blue_marble_white_basin_direct,train,seen_source_seen_receiver,object_enters_water,blue_marble,one blue glass marble,yes,white_basin,a wide white ceramic basin filled with water,yes,direct,"A simple realistic locked-camera video in one continuous shot. One blue glass marble falls naturally from above, enters the center of the water in a wide white ceramic basin filled with water, and makes contact. The contact produces a visible brief splash followed by circular ripples spreading across the water. The receiver, camera, lighting, and background remain consistent.","A simple realistic locked-camera video in one continuous shot showing a wide white ceramic basin filled with water. The water moves gently throughout the shot with subtle natural surface undulations and slowly changing reflections. Nothing falls into or strikes the water. No impact splash, impact cavity, or impact-generated circular wave appears. The receiver, camera, lighting, and background remain consistent.","source enters water, then splash and expanding ripples",same receiver with natural water motion but no source or impact footprint,26100,49,8,,
water_impact_dynamic_v1,widyn_train_0101_blue_marble_white_basin_natural,train,seen_source_seen_receiver,object_enters_water,blue_marble,one blue glass marble,yes,white_basin,a wide white ceramic basin filled with water,yes,natural,"A simple realistic locked-camera video in one continuous shot. In a single natural motion, one blue glass marble drops into the center of the water in a wide white ceramic basin filled with water. After it touches the water, a short splash rises and expanding ripples travel outward. The receiver, camera, lighting, and background remain consistent.","A simple realistic locked-camera video in one continuous shot showing a wide white ceramic basin filled with water. Soft ambient air creates mild continuous movement on the water surface, while reflected light shifts naturally over time. Nothing falls into or strikes the water. No impact splash, impact cavity, or impact-generated circular wave appears. The receiver, camera, lighting, and background remain consistent.","source enters water, then splash and expanding ripples",same receiver with natural water motion but no source or impact footprint,26101,49,8,,
water_impact_dynamic_v1,widyn_train_0102_blue_marble_glass_tank_direct,train,seen_source_seen_receiver,object_enters_water,blue_marble,one blue glass marble,yes,glass_tank,a clear rectangular glass tank filled with water,yes,direct,"A simple realistic locked-camera video in one continuous shot. One blue glass marble falls naturally from above, enters the center of the water in a clear rectangular glass tank filled with water, and makes contact. The contact produces a visible brief splash followed by circular ripples spreading across the water. The receiver, camera, lighting, and background remain consistent.","A simple realistic locked-camera video in one continuous shot showing a clear rectangular glass tank filled with water. The water moves gently throughout the shot with subtle natural surface undulations and slowly changing reflections. Nothing falls into or strikes the water. No impact splash, impact cavity, or impact-generated circular wave appears. The receiver, camera, lighting, and background remain consistent.","source enters water, then splash and expanding ripples",same receiver with natural water motion but no source or impact footprint,26102,49,8,,
water_impact_dynamic_v1,widyn_train_0103_blue_marble_glass_tank_natural,train,seen_source_seen_receiver,object_enters_water,blue_marble,one blue glass marble,yes,glass_tank,a clear rectangular glass tank filled with water,yes,natural,"A simple realistic locked-camera video in one continuous shot. In a single natural motion, one blue glass marble drops into the center of the water in a clear rectangular glass tank filled with water. After it touches the water, a short splash rises and expanding ripples travel outward. The receiver, camera, lighting, and background remain consistent.","A simple realistic locked-camera video in one continuous shot showing a clear rectangular glass tank filled with water. Soft ambient air creates mild continuous movement on the water surface, while reflected light shifts naturally over time. Nothing falls into or strikes the water. No impact splash, impact cavity, or impact-generated circular wave appears. The receiver, camera, lighting, and background remain consistent.","source enters water, then splash and expanding ripples",same receiver with natural water motion but no source or impact footprint,26103,49,8,,
water_impact_dynamic_v1,widyn_train_0104_blue_marble_metal_bucket_direct,train,seen_source_seen_receiver,object_enters_water,blue_marble,one blue glass marble,yes,metal_bucket,a clean metal bucket filled with water,yes,direct,"A simple realistic locked-camera video in one continuous shot. One blue glass marble falls naturally from above, enters the center of the water in a clean metal bucket filled with water, and makes contact. The contact produces a visible brief splash followed by circular ripples spreading across the water. The receiver, camera, lighting, and background remain consistent.","A simple realistic locked-camera video in one continuous shot showing a clean metal bucket filled with water. The water moves gently throughout the shot with subtle natural surface undulations and slowly changing reflections. Nothing falls into or strikes the water. No impact splash, impact cavity, or impact-generated circular wave appears. The receiver, camera, lighting, and background remain consistent.","source enters water, then splash and expanding ripples",same receiver with natural water motion but no source or impact footprint,26104,49,8,,
water_impact_dynamic_v1,widyn_train_0105_blue_marble_metal_bucket_natural,train,seen_source_seen_receiver,object_enters_water,blue_marble,one blue glass marble,yes,metal_bucket,a clean metal bucket filled with water,yes,natural,"A simple realistic locked-camera video in one continuous shot. In a single natural motion, one blue glass marble drops into the center of the water in a clean metal bucket filled with water. After it touches the water, a short splash rises and expanding ripples travel outward. The receiver, camera, lighting, and background remain consistent.","A simple realistic locked-camera video in one continuous shot showing a clean metal bucket filled with water. Soft ambient air creates mild continuous movement on the water surface, while reflected light shifts naturally over time. Nothing falls into or strikes the water. No impact splash, impact cavity, or impact-generated circular wave appears. The receiver, camera, lighting, and background remain consistent.","source enters water, then splash and expanding ripples",same receiver with natural water motion but no source or impact footprint,26105,49,8,,
water_impact_dynamic_v1,widyn_train_0106_blue_marble_kitchen_sink_direct,train,seen_source_seen_receiver,object_enters_water,blue_marble,one blue glass marble,yes,kitchen_sink,a stainless-steel kitchen sink basin filled with water,yes,direct,"A simple realistic locked-camera video in one continuous shot. One blue glass marble falls naturally from above, enters the center of the water in a stainless-steel kitchen sink basin filled with water, and makes contact. The contact produces a visible brief splash followed by circular ripples spreading across the water. The receiver, camera, lighting, and background remain consistent.","A simple realistic locked-camera video in one continuous shot showing a stainless-steel kitchen sink basin filled with water. The water moves gently throughout the shot with subtle natural surface undulations and slowly changing reflections. Nothing falls into or strikes the water. No impact splash, impact cavity, or impact-generated circular wave appears. The receiver, camera, lighting, and background remain consistent.","source enters water, then splash and expanding ripples",same receiver with natural water motion but no source or impact footprint,26106,49,8,,
water_impact_dynamic_v1,widyn_train_0107_blue_marble_kitchen_sink_natural,train,seen_source_seen_receiver,object_enters_water,blue_marble,one blue glass marble,yes,kitchen_sink,a stainless-steel kitchen sink basin filled with water,yes,natural,"A simple realistic locked-camera video in one continuous shot. In a single natural motion, one blue glass marble drops into the center of the water in a stainless-steel kitchen sink basin filled with water. After it touches the water, a short splash rises and expanding ripples travel outward. The receiver, camera, lighting, and background remain consistent.","A simple realistic locked-camera video in one continuous shot showing a stainless-steel kitchen sink basin filled with water. Soft ambient air creates mild continuous movement on the water surface, while reflected light shifts naturally over time. Nothing falls into or strikes the water. No impact splash, impact cavity, or impact-generated circular wave appears. The receiver, camera, lighting, and background remain consistent.","source enters water, then splash and expanding ripples",same receiver with natural water motion but no source or impact footprint,26107,49,8,,
water_impact_dynamic_v1,widyn_train_0108_blue_marble_porcelain_bowl_direct,train,seen_source_seen_receiver,object_enters_water,blue_marble,one blue glass marble,yes,porcelain_bowl,a plain porcelain soup bowl filled with water,yes,direct,"A simple realistic locked-camera video in one continuous shot. One blue glass marble falls naturally from above, enters the center of the water in a plain porcelain soup bowl filled with water, and makes contact. The contact produces a visible brief splash followed by circular ripples spreading across the water. The receiver, camera, lighting, and background remain consistent.","A simple realistic locked-camera video in one continuous shot showing a plain porcelain soup bowl filled with water. The water moves gently throughout the shot with subtle natural surface undulations and slowly changing reflections. Nothing falls into or strikes the water. No impact splash, impact cavity, or impact-generated circular wave appears. The receiver, camera, lighting, and background remain consistent.","source enters water, then splash and expanding ripples",same receiver with natural water motion but no source or impact footprint,26108,49,8,,
water_impact_dynamic_v1,widyn_train_0109_blue_marble_porcelain_bowl_natural,train,seen_source_seen_receiver,object_enters_water,blue_marble,one blue glass marble,yes,porcelain_bowl,a plain porcelain soup bowl filled with water,yes,natural,"A simple realistic locked-camera video in one continuous shot. In a single natural motion, one blue glass marble drops into the center of the water in a plain porcelain soup bowl filled with water. After it touches the water, a short splash rises and expanding ripples travel outward. The receiver, camera, lighting, and background remain consistent.","A simple realistic locked-camera video in one continuous shot showing a plain porcelain soup bowl filled with water. Soft ambient air creates mild continuous movement on the water surface, while reflected light shifts naturally over time. Nothing falls into or strikes the water. No impact splash, impact cavity, or impact-generated circular wave appears. The receiver, camera, lighting, and background remain consistent.","source enters water, then splash and expanding ripples",same receiver with natural water motion but no source or impact footprint,26109,49,8,,
water_impact_dynamic_v1,widyn_train_0110_blue_marble_cooking_pot_direct,train,seen_source_seen_receiver,object_enters_water,blue_marble,one blue glass marble,yes,cooking_pot,a black cooking pot filled with water,yes,direct,"A simple realistic locked-camera video in one continuous shot. One blue glass marble falls naturally from above, enters the center of the water in a black cooking pot filled with water, and makes contact. The contact produces a visible brief splash followed by circular ripples spreading across the water. The receiver, camera, lighting, and background remain consistent.","A simple realistic locked-camera video in one continuous shot showing a black cooking pot filled with water. The water moves gently throughout the shot with subtle natural surface undulations and slowly changing reflections. Nothing falls into or strikes the water. No impact splash, impact cavity, or impact-generated circular wave appears. The receiver, camera, lighting, and background remain consistent.","source enters water, then splash and expanding ripples",same receiver with natural water motion but no source or impact footprint,26110,49,8,,
water_impact_dynamic_v1,widyn_train_0111_blue_marble_cooking_pot_natural,train,seen_source_seen_receiver,object_enters_water,blue_marble,one blue glass marble,yes,cooking_pot,a black cooking pot filled with water,yes,natural,"A simple realistic locked-camera video in one continuous shot. In a single natural motion, one blue glass marble drops into the center of the water in a black cooking pot filled with water. After it touches the water, a short splash rises and expanding ripples travel outward. The receiver, camera, lighting, and background remain consistent.","A simple realistic locked-camera video in one continuous shot showing a black cooking pot filled with water. Soft ambient air creates mild continuous movement on the water surface, while reflected light shifts naturally over time. Nothing falls into or strikes the water. No impact splash, impact cavity, or impact-generated circular wave appears. The receiver, camera, lighting, and background remain consistent.","source enters water, then splash and expanding ripples",same receiver with natural water motion but no source or impact footprint,26111,49,8,,
water_impact_dynamic_v1,widyn_train_0112_blue_marble_garden_birdbath_direct,train,seen_source_seen_receiver,object_enters_water,blue_marble,one blue glass marble,yes,garden_birdbath,a round stone birdbath filled with water,yes,direct,"A simple realistic locked-camera video in one continuous shot. One blue glass marble falls naturally from above, enters the center of the water in a round stone birdbath filled with water, and makes contact. The contact produces a visible brief splash followed by circular ripples spreading across the water. The receiver, camera, lighting, and background remain consistent.","A simple realistic locked-camera video in one continuous shot showing a round stone birdbath filled with water. The water moves gently throughout the shot with subtle natural surface undulations and slowly changing reflections. Nothing falls into or strikes the water. No impact splash, impact cavity, or impact-generated circular wave appears. The receiver, camera, lighting, and background remain consistent.","source enters water, then splash and expanding ripples",same receiver with natural water motion but no source or impact footprint,26112,49,8,,
water_impact_dynamic_v1,widyn_train_0113_blue_marble_garden_birdbath_natural,train,seen_source_seen_receiver,object_enters_water,blue_marble,one blue glass marble,yes,garden_birdbath,a round stone birdbath filled with water,yes,natural,"A simple realistic locked-camera video in one continuous shot. In a single natural motion, one blue glass marble drops into the center of the water in a round stone birdbath filled with water. After it touches the water, a short splash rises and expanding ripples travel outward. The receiver, camera, lighting, and background remain consistent.","A simple realistic locked-camera video in one continuous shot showing a round stone birdbath filled with water. Soft ambient air creates mild continuous movement on the water surface, while reflected light shifts naturally over time. Nothing falls into or strikes the water. No impact splash, impact cavity, or impact-generated circular wave appears. The receiver, camera, lighting, and background remain consistent.","source enters water, then splash and expanding ripples",same receiver with natural water motion but no source or impact footprint,26113,49,8,,
water_impact_dynamic_v1,widyn_train_0114_blue_marble_glass_dish_direct,train,seen_source_seen_receiver,object_enters_water,blue_marble,one blue glass marble,yes,glass_dish,a rectangular glass baking dish filled with water,yes,direct,"A simple realistic locked-camera video in one continuous shot. One blue glass marble falls naturally from above, enters the center of the water in a rectangular glass baking dish filled with water, and makes contact. The contact produces a visible brief splash followed by circular ripples spreading across the water. The receiver, camera, lighting, and background remain consistent.","A simple realistic locked-camera video in one continuous shot showing a rectangular glass baking dish filled with water. The water moves gently throughout the shot with subtle natural surface undulations and slowly changing reflections. Nothing falls into or strikes the water. No impact splash, impact cavity, or impact-generated circular wave appears. The receiver, camera, lighting, and background remain consistent.","source enters water, then splash and expanding ripples",same receiver with natural water motion but no source or impact footprint,26114,49,8,,
water_impact_dynamic_v1,widyn_train_0115_blue_marble_glass_dish_natural,train,seen_source_seen_receiver,object_enters_water,blue_marble,one blue glass marble,yes,glass_dish,a rectangular glass baking dish filled with water,yes,natural,"A simple realistic locked-camera video in one continuous shot. In a single natural motion, one blue glass marble drops into the center of the water in a rectangular glass baking dish filled with water. After it touches the water, a short splash rises and expanding ripples travel outward. The receiver, camera, lighting, and background remain consistent.","A simple realistic locked-camera video in one continuous shot showing a rectangular glass baking dish filled with water. Soft ambient air creates mild continuous movement on the water surface, while reflected light shifts naturally over time. Nothing falls into or strikes the water. No impact splash, impact cavity, or impact-generated circular wave appears. The receiver, camera, lighting, and background remain consistent.","source enters water, then splash and expanding ripples",same receiver with natural water motion but no source or impact footprint,26115,49,8,,
water_impact_dynamic_v1,widyn_train_0116_blue_marble_plastic_tub_direct,train,seen_source_seen_receiver,object_enters_water,blue_marble,one blue glass marble,yes,plastic_tub,a blue plastic storage tub filled with water,yes,direct,"A simple realistic locked-camera video in one continuous shot. One blue glass marble falls naturally from above, enters the center of the water in a blue plastic storage tub filled with water, and makes contact. The contact produces a visible brief splash followed by circular ripples spreading across the water. The receiver, camera, lighting, and background remain consistent.","A simple realistic locked-camera video in one continuous shot showing a blue plastic storage tub filled with water. The water moves gently throughout the shot with subtle natural surface undulations and slowly changing reflections. Nothing falls into or strikes the water. No impact splash, impact cavity, or impact-generated circular wave appears. The receiver, camera, lighting, and background remain consistent.","source enters water, then splash and expanding ripples",same receiver with natural water motion but no source or impact footprint,26116,49,8,,
water_impact_dynamic_v1,widyn_train_0117_blue_marble_plastic_tub_natural,train,seen_source_seen_receiver,object_enters_water,blue_marble,one blue glass marble,yes,plastic_tub,a blue plastic storage tub filled with water,yes,natural,"A simple realistic locked-camera video in one continuous shot. In a single natural motion, one blue glass marble drops into the center of the water in a blue plastic storage tub filled with water. After it touches the water, a short splash rises and expanding ripples travel outward. The receiver, camera, lighting, and background remain consistent.","A simple realistic locked-camera video in one continuous shot showing a blue plastic storage tub filled with water. Soft ambient air creates mild continuous movement on the water surface, while reflected light shifts naturally over time. Nothing falls into or strikes the water. No impact splash, impact cavity, or impact-generated circular wave appears. The receiver, camera, lighting, and background remain consistent.","source enters water, then splash and expanding ripples",same receiver with natural water motion but no source or impact footprint,26117,49,8,,
water_impact_dynamic_v1,widyn_train_0118_blue_marble_laboratory_beaker_direct,train,seen_source_seen_receiver,object_enters_water,blue_marble,one blue glass marble,yes,laboratory_beaker,a laboratory beaker filled with clear water,yes,direct,"A simple realistic locked-camera video in one continuous shot. One blue glass marble falls naturally from above, enters the center of the water in a laboratory beaker filled with clear water, and makes contact. The contact produces a visible brief splash followed by circular ripples spreading across the water. The receiver, camera, lighting, and background remain consistent.","A simple realistic locked-camera video in one continuous shot showing a laboratory beaker filled with clear water. The water moves gently throughout the shot with subtle natural surface undulations and slowly changing reflections. Nothing falls into or strikes the water. No impact splash, impact cavity, or impact-generated circular wave appears. The receiver, camera, lighting, and background remain consistent.","source enters water, then splash and expanding ripples",same receiver with natural water motion but no source or impact footprint,26118,49,8,,
water_impact_dynamic_v1,widyn_train_0119_blue_marble_laboratory_beaker_natural,train,seen_source_seen_receiver,object_enters_water,blue_marble,one blue glass marble,yes,laboratory_beaker,a laboratory beaker filled with clear water,yes,natural,"A simple realistic locked-camera video in one continuous shot. In a single natural motion, one blue glass marble drops into the center of the water in a laboratory beaker filled with clear water. After it touches the water, a short splash rises and expanding ripples travel outward. The receiver, camera, lighting, and background remain consistent.","A simple realistic locked-camera video in one continuous shot showing a laboratory beaker filled with clear water. Soft ambient air creates mild continuous movement on the water surface, while reflected light shifts naturally over time. Nothing falls into or strikes the water. No impact splash, impact cavity, or impact-generated circular wave appears. The receiver, camera, lighting, and background remain consistent.","source enters water, then splash and expanding ripples",same receiver with natural water motion but no source or impact footprint,26119,49,8,,
water_impact_dynamic_v1,widyn_train_0120_wooden_cube_shallow_pond_direct,train,seen_source_seen_receiver,object_enters_water,wooden_cube,one small light wooden cube,yes,shallow_pond,a calm shallow pond,yes,direct,"A simple realistic locked-camera video in one continuous shot. One small light wooden cube falls naturally from above, enters the center of the water in a calm shallow pond, and makes contact. The contact produces a visible brief splash followed by circular ripples spreading across the water. The receiver, camera, lighting, and background remain consistent.","A simple realistic locked-camera video in one continuous shot showing a calm shallow pond. The water moves gently throughout the shot with subtle natural surface undulations and slowly changing reflections. Nothing falls into or strikes the water. No impact splash, impact cavity, or impact-generated circular wave appears. The receiver, camera, lighting, and background remain consistent.","source enters water, then splash and expanding ripples",same receiver with natural water motion but no source or impact footprint,26120,49,8,,
water_impact_dynamic_v1,widyn_train_0121_wooden_cube_shallow_pond_natural,train,seen_source_seen_receiver,object_enters_water,wooden_cube,one small light wooden cube,yes,shallow_pond,a calm shallow pond,yes,natural,"A simple realistic locked-camera video in one continuous shot. In a single natural motion, one small light wooden cube drops into the center of the water in a calm shallow pond. After it touches the water, a short splash rises and expanding ripples travel outward. The receiver, camera, lighting, and background remain consistent.","A simple realistic locked-camera video in one continuous shot showing a calm shallow pond. Soft ambient air creates mild continuous movement on the water surface, while reflected light shifts naturally over time. Nothing falls into or strikes the water. No impact splash, impact cavity, or impact-generated circular wave appears. The receiver, camera, lighting, and background remain consistent.","source enters water, then splash and expanding ripples",same receiver with natural water motion but no source or impact footprint,26121,49,8,,
water_impact_dynamic_v1,widyn_train_0122_wooden_cube_glass_bowl_direct,train,seen_source_seen_receiver,object_enters_water,wooden_cube,one small light wooden cube,yes,glass_bowl,a transparent glass mixing bowl filled with water,yes,direct,"A simple realistic locked-camera video in one continuous shot. One small light wooden cube falls naturally from above, enters the center of the water in a transparent glass mixing bowl filled with water, and makes contact. The contact produces a visible brief splash followed by circular ripples spreading across the water. The receiver, camera, lighting, and background remain consistent.","A simple realistic locked-camera video in one continuous shot showing a transparent glass mixing bowl filled with water. The water moves gently throughout the shot with subtle natural surface undulations and slowly changing reflections. Nothing falls into or strikes the water. No impact splash, impact cavity, or impact-generated circular wave appears. The receiver, camera, lighting, and background remain consistent.","source enters water, then splash and expanding ripples",same receiver with natural water motion but no source or impact footprint,26122,49,8,,
water_impact_dynamic_v1,widyn_train_0123_wooden_cube_glass_bowl_natural,train,seen_source_seen_receiver,object_enters_water,wooden_cube,one small light wooden cube,yes,glass_bowl,a transparent glass mixing bowl filled with water,yes,natural,"A simple realistic locked-camera video in one continuous shot. In a single natural motion, one small light wooden cube drops into the center of the water in a transparent glass mixing bowl filled with water. After it touches the water, a short splash rises and expanding ripples travel outward. The receiver, camera, lighting, and background remain consistent.","A simple realistic locked-camera video in one continuous shot showing a transparent glass mixing bowl filled with water. Soft ambient air creates mild continuous movement on the water surface, while reflected light shifts naturally over time. Nothing falls into or strikes the water. No impact splash, impact cavity, or impact-generated circular wave appears. The receiver, camera, lighting, and background remain consistent.","source enters water, then splash and expanding ripples",same receiver with natural water motion but no source or impact footprint,26123,49,8,,
water_impact_dynamic_v1,widyn_train_0124_wooden_cube_white_basin_direct,train,seen_source_seen_receiver,object_enters_water,wooden_cube,one small light wooden cube,yes,white_basin,a wide white ceramic basin filled with water,yes,direct,"A simple realistic locked-camera video in one continuous shot. One small light wooden cube falls naturally from above, enters the center of the water in a wide white ceramic basin filled with water, and makes contact. The contact produces a visible brief splash followed by circular ripples spreading across the water. The receiver, camera, lighting, and background remain consistent.","A simple realistic locked-camera video in one continuous shot showing a wide white ceramic basin filled with water. The water moves gently throughout the shot with subtle natural surface undulations and slowly changing reflections. Nothing falls into or strikes the water. No impact splash, impact cavity, or impact-generated circular wave appears. The receiver, camera, lighting, and background remain consistent.","source enters water, then splash and expanding ripples",same receiver with natural water motion but no source or impact footprint,26124,49,8,,
water_impact_dynamic_v1,widyn_train_0125_wooden_cube_white_basin_natural,train,seen_source_seen_receiver,object_enters_water,wooden_cube,one small light wooden cube,yes,white_basin,a wide white ceramic basin filled with water,yes,natural,"A simple realistic locked-camera video in one continuous shot. In a single natural motion, one small light wooden cube drops into the center of the water in a wide white ceramic basin filled with water. After it touches the water, a short splash rises and expanding ripples travel outward. The receiver, camera, lighting, and background remain consistent.","A simple realistic locked-camera video in one continuous shot showing a wide white ceramic basin filled with water. Soft ambient air creates mild continuous movement on the water surface, while reflected light shifts naturally over time. Nothing falls into or strikes the water. No impact splash, impact cavity, or impact-generated circular wave appears. The receiver, camera, lighting, and background remain consistent.","source enters water, then splash and expanding ripples",same receiver with natural water motion but no source or impact footprint,26125,49,8,,
water_impact_dynamic_v1,widyn_train_0126_wooden_cube_glass_tank_direct,train,seen_source_seen_receiver,object_enters_water,wooden_cube,one small light wooden cube,yes,glass_tank,a clear rectangular glass tank filled with water,yes,direct,"A simple realistic locked-camera video in one continuous shot. One small light wooden cube falls naturally from above, enters the center of the water in a clear rectangular glass tank filled with water, and makes contact. The contact produces a visible brief splash followed by circular ripples spreading across the water. The receiver, camera, lighting, and background remain consistent.","A simple realistic locked-camera video in one continuous shot showing a clear rectangular glass tank filled with water. The water moves gently throughout the shot with subtle natural surface undulations and slowly changing reflections. Nothing falls into or strikes the water. No impact splash, impact cavity, or impact-generated circular wave appears. The receiver, camera, lighting, and background remain consistent.","source enters water, then splash and expanding ripples",same receiver with natural water motion but no source or impact footprint,26126,49,8,,
water_impact_dynamic_v1,widyn_train_0127_wooden_cube_glass_tank_natural,train,seen_source_seen_receiver,object_enters_water,wooden_cube,one small light wooden cube,yes,glass_tank,a clear rectangular glass tank filled with water,yes,natural,"A simple realistic locked-camera video in one continuous shot. In a single natural motion, one small light wooden cube drops into the center of the water in a clear rectangular glass tank filled with water. After it touches the water, a short splash rises and expanding ripples travel outward. The receiver, camera, lighting, and background remain consistent.","A simple realistic locked-camera video in one continuous shot showing a clear rectangular glass tank filled with water. Soft ambient air creates mild continuous movement on the water surface, while reflected light shifts naturally over time. Nothing falls into or strikes the water. No impact splash, impact cavity, or impact-generated circular wave appears. The receiver, camera, lighting, and background remain consistent.","source enters water, then splash and expanding ripples",same receiver with natural water motion but no source or impact footprint,26127,49,8,,
water_impact_dynamic_v1,widyn_train_0128_wooden_cube_metal_bucket_direct,train,seen_source_seen_receiver,object_enters_water,wooden_cube,one small light wooden cube,yes,metal_bucket,a clean metal bucket filled with water,yes,direct,"A simple realistic locked-camera video in one continuous shot. One small light wooden cube falls naturally from above, enters the center of the water in a clean metal bucket filled with water, and makes contact. The contact produces a visible brief splash followed by circular ripples spreading across the water. The receiver, camera, lighting, and background remain consistent.","A simple realistic locked-camera video in one continuous shot showing a clean metal bucket filled with water. The water moves gently throughout the shot with subtle natural surface undulations and slowly changing reflections. Nothing falls into or strikes the water. No impact splash, impact cavity, or impact-generated circular wave appears. The receiver, camera, lighting, and background remain consistent.","source enters water, then splash and expanding ripples",same receiver with natural water motion but no source or impact footprint,26128,49,8,,
water_impact_dynamic_v1,widyn_train_0129_wooden_cube_metal_bucket_natural,train,seen_source_seen_receiver,object_enters_water,wooden_cube,one small light wooden cube,yes,metal_bucket,a clean metal bucket filled with water,yes,natural,"A simple realistic locked-camera video in one continuous shot. In a single natural motion, one small light wooden cube drops into the center of the water in a clean metal bucket filled with water. After it touches the water, a short splash rises and expanding ripples travel outward. The receiver, camera, lighting, and background remain consistent.","A simple realistic locked-camera video in one continuous shot showing a clean metal bucket filled with water. Soft ambient air creates mild continuous movement on the water surface, while reflected light shifts naturally over time. Nothing falls into or strikes the water. No impact splash, impact cavity, or impact-generated circular wave appears. The receiver, camera, lighting, and background remain consistent.","source enters water, then splash and expanding ripples",same receiver with natural water motion but no source or impact footprint,26129,49,8,,
water_impact_dynamic_v1,widyn_train_0130_wooden_cube_kitchen_sink_direct,train,seen_source_seen_receiver,object_enters_water,wooden_cube,one small light wooden cube,yes,kitchen_sink,a stainless-steel kitchen sink basin filled with water,yes,direct,"A simple realistic locked-camera video in one continuous shot. One small light wooden cube falls naturally from above, enters the center of the water in a stainless-steel kitchen sink basin filled with water, and makes contact. The contact produces a visible brief splash followed by circular ripples spreading across the water. The receiver, camera, lighting, and background remain consistent.","A simple realistic locked-camera video in one continuous shot showing a stainless-steel kitchen sink basin filled with water. The water moves gently throughout the shot with subtle natural surface undulations and slowly changing reflections. Nothing falls into or strikes the water. No impact splash, impact cavity, or impact-generated circular wave appears. The receiver, camera, lighting, and background remain consistent.","source enters water, then splash and expanding ripples",same receiver with natural water motion but no source or impact footprint,26130,49,8,,
water_impact_dynamic_v1,widyn_train_0131_wooden_cube_kitchen_sink_natural,train,seen_source_seen_receiver,object_enters_water,wooden_cube,one small light wooden cube,yes,kitchen_sink,a stainless-steel kitchen sink basin filled with water,yes,natural,"A simple realistic locked-camera video in one continuous shot. In a single natural motion, one small light wooden cube drops into the center of the water in a stainless-steel kitchen sink basin filled with water. After it touches the water, a short splash rises and expanding ripples travel outward. The receiver, camera, lighting, and background remain consistent.","A simple realistic locked-camera video in one continuous shot showing a stainless-steel kitchen sink basin filled with water. Soft ambient air creates mild continuous movement on the water surface, while reflected light shifts naturally over time. Nothing falls into or strikes the water. No impact splash, impact cavity, or impact-generated circular wave appears. The receiver, camera, lighting, and background remain consistent.","source enters water, then splash and expanding ripples",same receiver with natural water motion but no source or impact footprint,26131,49,8,,
water_impact_dynamic_v1,widyn_train_0132_wooden_cube_porcelain_bowl_direct,train,seen_source_seen_receiver,object_enters_water,wooden_cube,one small light wooden cube,yes,porcelain_bowl,a plain porcelain soup bowl filled with water,yes,direct,"A simple realistic locked-camera video in one continuous shot. One small light wooden cube falls naturally from above, enters the center of the water in a plain porcelain soup bowl filled with water, and makes contact. The contact produces a visible brief splash followed by circular ripples spreading across the water. The receiver, camera, lighting, and background remain consistent.","A simple realistic locked-camera video in one continuous shot showing a plain porcelain soup bowl filled with water. The water moves gently throughout the shot with subtle natural surface undulations and slowly changing reflections. Nothing falls into or strikes the water. No impact splash, impact cavity, or impact-generated circular wave appears. The receiver, camera, lighting, and background remain consistent.","source enters water, then splash and expanding ripples",same receiver with natural water motion but no source or impact footprint,26132,49,8,,
water_impact_dynamic_v1,widyn_train_0133_wooden_cube_porcelain_bowl_natural,train,seen_source_seen_receiver,object_enters_water,wooden_cube,one small light wooden cube,yes,porcelain_bowl,a plain porcelain soup bowl filled with water,yes,natural,"A simple realistic locked-camera video in one continuous shot. In a single natural motion, one small light wooden cube drops into the center of the water in a plain porcelain soup bowl filled with water. After it touches the water, a short splash rises and expanding ripples travel outward. The receiver, camera, lighting, and background remain consistent.","A simple realistic locked-camera video in one continuous shot showing a plain porcelain soup bowl filled with water. Soft ambient air creates mild continuous movement on the water surface, while reflected light shifts naturally over time. Nothing falls into or strikes the water. No impact splash, impact cavity, or impact-generated circular wave appears. The receiver, camera, lighting, and background remain consistent.","source enters water, then splash and expanding ripples",same receiver with natural water motion but no source or impact footprint,26133,49,8,,
water_impact_dynamic_v1,widyn_train_0134_wooden_cube_cooking_pot_direct,train,seen_source_seen_receiver,object_enters_water,wooden_cube,one small light wooden cube,yes,cooking_pot,a black cooking pot filled with water,yes,direct,"A simple realistic locked-camera video in one continuous shot. One small light wooden cube falls naturally from above, enters the center of the water in a black cooking pot filled with water, and makes contact. The contact produces a visible brief splash followed by circular ripples spreading across the water. The receiver, camera, lighting, and background remain consistent.","A simple realistic locked-camera video in one continuous shot showing a black cooking pot filled with water. The water moves gently throughout the shot with subtle natural surface undulations and slowly changing reflections. Nothing falls into or strikes the water. No impact splash, impact cavity, or impact-generated circular wave appears. The receiver, camera, lighting, and background remain consistent.","source enters water, then splash and expanding ripples",same receiver with natural water motion but no source or impact footprint,26134,49,8,,
water_impact_dynamic_v1,widyn_train_0135_wooden_cube_cooking_pot_natural,train,seen_source_seen_receiver,object_enters_water,wooden_cube,one small light wooden cube,yes,cooking_pot,a black cooking pot filled with water,yes,natural,"A simple realistic locked-camera video in one continuous shot. In a single natural motion, one small light wooden cube drops into the center of the water in a black cooking pot filled with water. After it touches the water, a short splash rises and expanding ripples travel outward. The receiver, camera, lighting, and background remain consistent.","A simple realistic locked-camera video in one continuous shot showing a black cooking pot filled with water. Soft ambient air creates mild continuous movement on the water surface, while reflected light shifts naturally over time. Nothing falls into or strikes the water. No impact splash, impact cavity, or impact-generated circular wave appears. The receiver, camera, lighting, and background remain consistent.","source enters water, then splash and expanding ripples",same receiver with natural water motion but no source or impact footprint,26135,49,8,,
water_impact_dynamic_v1,widyn_train_0136_wooden_cube_garden_birdbath_direct,train,seen_source_seen_receiver,object_enters_water,wooden_cube,one small light wooden cube,yes,garden_birdbath,a round stone birdbath filled with water,yes,direct,"A simple realistic locked-camera video in one continuous shot. One small light wooden cube falls naturally from above, enters the center of the water in a round stone birdbath filled with water, and makes contact. The contact produces a visible brief splash followed by circular ripples spreading across the water. The receiver, camera, lighting, and background remain consistent.","A simple realistic locked-camera video in one continuous shot showing a round stone birdbath filled with water. The water moves gently throughout the shot with subtle natural surface undulations and slowly changing reflections. Nothing falls into or strikes the water. No impact splash, impact cavity, or impact-generated circular wave appears. The receiver, camera, lighting, and background remain consistent.","source enters water, then splash and expanding ripples",same receiver with natural water motion but no source or impact footprint,26136,49,8,,
water_impact_dynamic_v1,widyn_train_0137_wooden_cube_garden_birdbath_natural,train,seen_source_seen_receiver,object_enters_water,wooden_cube,one small light wooden cube,yes,garden_birdbath,a round stone birdbath filled with water,yes,natural,"A simple realistic locked-camera video in one continuous shot. In a single natural motion, one small light wooden cube drops into the center of the water in a round stone birdbath filled with water. After it touches the water, a short splash rises and expanding ripples travel outward. The receiver, camera, lighting, and background remain consistent.","A simple realistic locked-camera video in one continuous shot showing a round stone birdbath filled with water. Soft ambient air creates mild continuous movement on the water surface, while reflected light shifts naturally over time. Nothing falls into or strikes the water. No impact splash, impact cavity, or impact-generated circular wave appears. The receiver, camera, lighting, and background remain consistent.","source enters water, then splash and expanding ripples",same receiver with natural water motion but no source or impact footprint,26137,49,8,,
water_impact_dynamic_v1,widyn_train_0138_wooden_cube_glass_dish_direct,train,seen_source_seen_receiver,object_enters_water,wooden_cube,one small light wooden cube,yes,glass_dish,a rectangular glass baking dish filled with water,yes,direct,"A simple realistic locked-camera video in one continuous shot. One small light wooden cube falls naturally from above, enters the center of the water in a rectangular glass baking dish filled with water, and makes contact. The contact produces a visible brief splash followed by circular ripples spreading across the water. The receiver, camera, lighting, and background remain consistent.","A simple realistic locked-camera video in one continuous shot showing a rectangular glass baking dish filled with water. The water moves gently throughout the shot with subtle natural surface undulations and slowly changing reflections. Nothing falls into or strikes the water. No impact splash, impact cavity, or impact-generated circular wave appears. The receiver, camera, lighting, and background remain consistent.","source enters water, then splash and expanding ripples",same receiver with natural water motion but no source or impact footprint,26138,49,8,,
water_impact_dynamic_v1,widyn_train_0139_wooden_cube_glass_dish_natural,train,seen_source_seen_receiver,object_enters_water,wooden_cube,one small light wooden cube,yes,glass_dish,a rectangular glass baking dish filled with water,yes,natural,"A simple realistic locked-camera video in one continuous shot. In a single natural motion, one small light wooden cube drops into the center of the water in a rectangular glass baking dish filled with water. After it touches the water, a short splash rises and expanding ripples travel outward. The receiver, camera, lighting, and background remain consistent.","A simple realistic locked-camera video in one continuous shot showing a rectangular glass baking dish filled with water. Soft ambient air creates mild continuous movement on the water surface, while reflected light shifts naturally over time. Nothing falls into or strikes the water. No impact splash, impact cavity, or impact-generated circular wave appears. The receiver, camera, lighting, and background remain consistent.","source enters water, then splash and expanding ripples",same receiver with natural water motion but no source or impact footprint,26139,49,8,,
water_impact_dynamic_v1,widyn_train_0140_wooden_cube_plastic_tub_direct,train,seen_source_seen_receiver,object_enters_water,wooden_cube,one small light wooden cube,yes,plastic_tub,a blue plastic storage tub filled with water,yes,direct,"A simple realistic locked-camera video in one continuous shot. One small light wooden cube falls naturally from above, enters the center of the water in a blue plastic storage tub filled with water, and makes contact. The contact produces a visible brief splash followed by circular ripples spreading across the water. The receiver, camera, lighting, and background remain consistent.","A simple realistic locked-camera video in one continuous shot showing a blue plastic storage tub filled with water. The water moves gently throughout the shot with subtle natural surface undulations and slowly changing reflections. Nothing falls into or strikes the water. No impact splash, impact cavity, or impact-generated circular wave appears. The receiver, camera, lighting, and background remain consistent.","source enters water, then splash and expanding ripples",same receiver with natural water motion but no source or impact footprint,26140,49,8,,
water_impact_dynamic_v1,widyn_train_0141_wooden_cube_plastic_tub_natural,train,seen_source_seen_receiver,object_enters_water,wooden_cube,one small light wooden cube,yes,plastic_tub,a blue plastic storage tub filled with water,yes,natural,"A simple realistic locked-camera video in one continuous shot. In a single natural motion, one small light wooden cube drops into the center of the water in a blue plastic storage tub filled with water. After it touches the water, a short splash rises and expanding ripples travel outward. The receiver, camera, lighting, and background remain consistent.","A simple realistic locked-camera video in one continuous shot showing a blue plastic storage tub filled with water. Soft ambient air creates mild continuous movement on the water surface, while reflected light shifts naturally over time. Nothing falls into or strikes the water. No impact splash, impact cavity, or impact-generated circular wave appears. The receiver, camera, lighting, and background remain consistent.","source enters water, then splash and expanding ripples",same receiver with natural water motion but no source or impact footprint,26141,49,8,,
water_impact_dynamic_v1,widyn_train_0142_wooden_cube_laboratory_beaker_direct,train,seen_source_seen_receiver,object_enters_water,wooden_cube,one small light wooden cube,yes,laboratory_beaker,a laboratory beaker filled with clear water,yes,direct,"A simple realistic locked-camera video in one continuous shot. One small light wooden cube falls naturally from above, enters the center of the water in a laboratory beaker filled with clear water, and makes contact. The contact produces a visible brief splash followed by circular ripples spreading across the water. The receiver, camera, lighting, and background remain consistent.","A simple realistic locked-camera video in one continuous shot showing a laboratory beaker filled with clear water. The water moves gently throughout the shot with subtle natural surface undulations and slowly changing reflections. Nothing falls into or strikes the water. No impact splash, impact cavity, or impact-generated circular wave appears. The receiver, camera, lighting, and background remain consistent.","source enters water, then splash and expanding ripples",same receiver with natural water motion but no source or impact footprint,26142,49,8,,
water_impact_dynamic_v1,widyn_train_0143_wooden_cube_laboratory_beaker_natural,train,seen_source_seen_receiver,object_enters_water,wooden_cube,one small light wooden cube,yes,laboratory_beaker,a laboratory beaker filled with clear water,yes,natural,"A simple realistic locked-camera video in one continuous shot. In a single natural motion, one small light wooden cube drops into the center of the water in a laboratory beaker filled with clear water. After it touches the water, a short splash rises and expanding ripples travel outward. The receiver, camera, lighting, and background remain consistent.","A simple realistic locked-camera video in one continuous shot showing a laboratory beaker filled with clear water. Soft ambient air creates mild continuous movement on the water surface, while reflected light shifts naturally over time. Nothing falls into or strikes the water. No impact splash, impact cavity, or impact-generated circular wave appears. The receiver, camera, lighting, and background remain consistent.","source enters water, then splash and expanding ripples",same receiver with natural water motion but no source or impact footprint,26143,49,8,,
water_impact_dynamic_v1,widyn_train_0144_steel_ball_shallow_pond_direct,train,seen_source_seen_receiver,object_enters_water,steel_ball,one polished steel ball bearing,yes,shallow_pond,a calm shallow pond,yes,direct,"A simple realistic locked-camera video in one continuous shot. One polished steel ball bearing falls naturally from above, enters the center of the water in a calm shallow pond, and makes contact. The contact produces a visible brief splash followed by circular ripples spreading across the water. The receiver, camera, lighting, and background remain consistent.","A simple realistic locked-camera video in one continuous shot showing a calm shallow pond. The water moves gently throughout the shot with subtle natural surface undulations and slowly changing reflections. Nothing falls into or strikes the water. No impact splash, impact cavity, or impact-generated circular wave appears. The receiver, camera, lighting, and background remain consistent.","source enters water, then splash and expanding ripples",same receiver with natural water motion but no source or impact footprint,26144,49,8,,
water_impact_dynamic_v1,widyn_train_0145_steel_ball_shallow_pond_natural,train,seen_source_seen_receiver,object_enters_water,steel_ball,one polished steel ball bearing,yes,shallow_pond,a calm shallow pond,yes,natural,"A simple realistic locked-camera video in one continuous shot. In a single natural motion, one polished steel ball bearing drops into the center of the water in a calm shallow pond. After it touches the water, a short splash rises and expanding ripples travel outward. The receiver, camera, lighting, and background remain consistent.","A simple realistic locked-camera video in one continuous shot showing a calm shallow pond. Soft ambient air creates mild continuous movement on the water surface, while reflected light shifts naturally over time. Nothing falls into or strikes the water. No impact splash, impact cavity, or impact-generated circular wave appears. The receiver, camera, lighting, and background remain consistent.","source enters water, then splash and expanding ripples",same receiver with natural water motion but no source or impact footprint,26145,49,8,,
water_impact_dynamic_v1,widyn_train_0146_steel_ball_glass_bowl_direct,train,seen_source_seen_receiver,object_enters_water,steel_ball,one polished steel ball bearing,yes,glass_bowl,a transparent glass mixing bowl filled with water,yes,direct,"A simple realistic locked-camera video in one continuous shot. One polished steel ball bearing falls naturally from above, enters the center of the water in a transparent glass mixing bowl filled with water, and makes contact. The contact produces a visible brief splash followed by circular ripples spreading across the water. The receiver, camera, lighting, and background remain consistent.","A simple realistic locked-camera video in one continuous shot showing a transparent glass mixing bowl filled with water. The water moves gently throughout the shot with subtle natural surface undulations and slowly changing reflections. Nothing falls into or strikes the water. No impact splash, impact cavity, or impact-generated circular wave appears. The receiver, camera, lighting, and background remain consistent.","source enters water, then splash and expanding ripples",same receiver with natural water motion but no source or impact footprint,26146,49,8,,
water_impact_dynamic_v1,widyn_train_0147_steel_ball_glass_bowl_natural,train,seen_source_seen_receiver,object_enters_water,steel_ball,one polished steel ball bearing,yes,glass_bowl,a transparent glass mixing bowl filled with water,yes,natural,"A simple realistic locked-camera video in one continuous shot. In a single natural motion, one polished steel ball bearing drops into the center of the water in a transparent glass mixing bowl filled with water. After it touches the water, a short splash rises and expanding ripples travel outward. The receiver, camera, lighting, and background remain consistent.","A simple realistic locked-camera video in one continuous shot showing a transparent glass mixing bowl filled with water. Soft ambient air creates mild continuous movement on the water surface, while reflected light shifts naturally over time. Nothing falls into or strikes the water. No impact splash, impact cavity, or impact-generated circular wave appears. The receiver, camera, lighting, and background remain consistent.","source enters water, then splash and expanding ripples",same receiver with natural water motion but no source or impact footprint,26147,49,8,,
water_impact_dynamic_v1,widyn_train_0148_steel_ball_white_basin_direct,train,seen_source_seen_receiver,object_enters_water,steel_ball,one polished steel ball bearing,yes,white_basin,a wide white ceramic basin filled with water,yes,direct,"A simple realistic locked-camera video in one continuous shot. One polished steel ball bearing falls naturally from above, enters the center of the water in a wide white ceramic basin filled with water, and makes contact. The contact produces a visible brief splash followed by circular ripples spreading across the water. The receiver, camera, lighting, and background remain consistent.","A simple realistic locked-camera video in one continuous shot showing a wide white ceramic basin filled with water. The water moves gently throughout the shot with subtle natural surface undulations and slowly changing reflections. Nothing falls into or strikes the water. No impact splash, impact cavity, or impact-generated circular wave appears. The receiver, camera, lighting, and background remain consistent.","source enters water, then splash and expanding ripples",same receiver with natural water motion but no source or impact footprint,26148,49,8,,
water_impact_dynamic_v1,widyn_train_0149_steel_ball_white_basin_natural,train,seen_source_seen_receiver,object_enters_water,steel_ball,one polished steel ball bearing,yes,white_basin,a wide white ceramic basin filled with water,yes,natural,"A simple realistic locked-camera video in one continuous shot. In a single natural motion, one polished steel ball bearing drops into the center of the water in a wide white ceramic basin filled with water. After it touches the water, a short splash rises and expanding ripples travel outward. The receiver, camera, lighting, and background remain consistent.","A simple realistic locked-camera video in one continuous shot showing a wide white ceramic basin filled with water. Soft ambient air creates mild continuous movement on the water surface, while reflected light shifts naturally over time. Nothing falls into or strikes the water. No impact splash, impact cavity, or impact-generated circular wave appears. The receiver, camera, lighting, and background remain consistent.","source enters water, then splash and expanding ripples",same receiver with natural water motion but no source or impact footprint,26149,49,8,,
water_impact_dynamic_v1,widyn_train_0150_steel_ball_glass_tank_direct,train,seen_source_seen_receiver,object_enters_water,steel_ball,one polished steel ball bearing,yes,glass_tank,a clear rectangular glass tank filled with water,yes,direct,"A simple realistic locked-camera video in one continuous shot. One polished steel ball bearing falls naturally from above, enters the center of the water in a clear rectangular glass tank filled with water, and makes contact. The contact produces a visible brief splash followed by circular ripples spreading across the water. The receiver, camera, lighting, and background remain consistent.","A simple realistic locked-camera video in one continuous shot showing a clear rectangular glass tank filled with water. The water moves gently throughout the shot with subtle natural surface undulations and slowly changing reflections. Nothing falls into or strikes the water. No impact splash, impact cavity, or impact-generated circular wave appears. The receiver, camera, lighting, and background remain consistent.","source enters water, then splash and expanding ripples",same receiver with natural water motion but no source or impact footprint,26150,49,8,,
water_impact_dynamic_v1,widyn_train_0151_steel_ball_glass_tank_natural,train,seen_source_seen_receiver,object_enters_water,steel_ball,one polished steel ball bearing,yes,glass_tank,a clear rectangular glass tank filled with water,yes,natural,"A simple realistic locked-camera video in one continuous shot. In a single natural motion, one polished steel ball bearing drops into the center of the water in a clear rectangular glass tank filled with water. After it touches the water, a short splash rises and expanding ripples travel outward. The receiver, camera, lighting, and background remain consistent.","A simple realistic locked-camera video in one continuous shot showing a clear rectangular glass tank filled with water. Soft ambient air creates mild continuous movement on the water surface, while reflected light shifts naturally over time. Nothing falls into or strikes the water. No impact splash, impact cavity, or impact-generated circular wave appears. The receiver, camera, lighting, and background remain consistent.","source enters water, then splash and expanding ripples",same receiver with natural water motion but no source or impact footprint,26151,49,8,,
water_impact_dynamic_v1,widyn_train_0152_steel_ball_metal_bucket_direct,train,seen_source_seen_receiver,object_enters_water,steel_ball,one polished steel ball bearing,yes,metal_bucket,a clean metal bucket filled with water,yes,direct,"A simple realistic locked-camera video in one continuous shot. One polished steel ball bearing falls naturally from above, enters the center of the water in a clean metal bucket filled with water, and makes contact. The contact produces a visible brief splash followed by circular ripples spreading across the water. The receiver, camera, lighting, and background remain consistent.","A simple realistic locked-camera video in one continuous shot showing a clean metal bucket filled with water. The water moves gently throughout the shot with subtle natural surface undulations and slowly changing reflections. Nothing falls into or strikes the water. No impact splash, impact cavity, or impact-generated circular wave appears. The receiver, camera, lighting, and background remain consistent.","source enters water, then splash and expanding ripples",same receiver with natural water motion but no source or impact footprint,26152,49,8,,
water_impact_dynamic_v1,widyn_train_0153_steel_ball_metal_bucket_natural,train,seen_source_seen_receiver,object_enters_water,steel_ball,one polished steel ball bearing,yes,metal_bucket,a clean metal bucket filled with water,yes,natural,"A simple realistic locked-camera video in one continuous shot. In a single natural motion, one polished steel ball bearing drops into the center of the water in a clean metal bucket filled with water. After it touches the water, a short splash rises and expanding ripples travel outward. The receiver, camera, lighting, and background remain consistent.","A simple realistic locked-camera video in one continuous shot showing a clean metal bucket filled with water. Soft ambient air creates mild continuous movement on the water surface, while reflected light shifts naturally over time. Nothing falls into or strikes the water. No impact splash, impact cavity, or impact-generated circular wave appears. The receiver, camera, lighting, and background remain consistent.","source enters water, then splash and expanding ripples",same receiver with natural water motion but no source or impact footprint,26153,49,8,,
water_impact_dynamic_v1,widyn_train_0154_steel_ball_kitchen_sink_direct,train,seen_source_seen_receiver,object_enters_water,steel_ball,one polished steel ball bearing,yes,kitchen_sink,a stainless-steel kitchen sink basin filled with water,yes,direct,"A simple realistic locked-camera video in one continuous shot. One polished steel ball bearing falls naturally from above, enters the center of the water in a stainless-steel kitchen sink basin filled with water, and makes contact. The contact produces a visible brief splash followed by circular ripples spreading across the water. The receiver, camera, lighting, and background remain consistent.","A simple realistic locked-camera video in one continuous shot showing a stainless-steel kitchen sink basin filled with water. The water moves gently throughout the shot with subtle natural surface undulations and slowly changing reflections. Nothing falls into or strikes the water. No impact splash, impact cavity, or impact-generated circular wave appears. The receiver, camera, lighting, and background remain consistent.","source enters water, then splash and expanding ripples",same receiver with natural water motion but no source or impact footprint,26154,49,8,,
water_impact_dynamic_v1,widyn_train_0155_steel_ball_kitchen_sink_natural,train,seen_source_seen_receiver,object_enters_water,steel_ball,one polished steel ball bearing,yes,kitchen_sink,a stainless-steel kitchen sink basin filled with water,yes,natural,"A simple realistic locked-camera video in one continuous shot. In a single natural motion, one polished steel ball bearing drops into the center of the water in a stainless-steel kitchen sink basin filled with water. After it touches the water, a short splash rises and expanding ripples travel outward. The receiver, camera, lighting, and background remain consistent.","A simple realistic locked-camera video in one continuous shot showing a stainless-steel kitchen sink basin filled with water. Soft ambient air creates mild continuous movement on the water surface, while reflected light shifts naturally over time. Nothing falls into or strikes the water. No impact splash, impact cavity, or impact-generated circular wave appears. The receiver, camera, lighting, and background remain consistent.","source enters water, then splash and expanding ripples",same receiver with natural water motion but no source or impact footprint,26155,49,8,,
water_impact_dynamic_v1,widyn_train_0156_steel_ball_porcelain_bowl_direct,train,seen_source_seen_receiver,object_enters_water,steel_ball,one polished steel ball bearing,yes,porcelain_bowl,a plain porcelain soup bowl filled with water,yes,direct,"A simple realistic locked-camera video in one continuous shot. One polished steel ball bearing falls naturally from above, enters the center of the water in a plain porcelain soup bowl filled with water, and makes contact. The contact produces a visible brief splash followed by circular ripples spreading across the water. The receiver, camera, lighting, and background remain consistent.","A simple realistic locked-camera video in one continuous shot showing a plain porcelain soup bowl filled with water. The water moves gently throughout the shot with subtle natural surface undulations and slowly changing reflections. Nothing falls into or strikes the water. No impact splash, impact cavity, or impact-generated circular wave appears. The receiver, camera, lighting, and background remain consistent.","source enters water, then splash and expanding ripples",same receiver with natural water motion but no source or impact footprint,26156,49,8,,
water_impact_dynamic_v1,widyn_train_0157_steel_ball_porcelain_bowl_natural,train,seen_source_seen_receiver,object_enters_water,steel_ball,one polished steel ball bearing,yes,porcelain_bowl,a plain porcelain soup bowl filled with water,yes,natural,"A simple realistic locked-camera video in one continuous shot. In a single natural motion, one polished steel ball bearing drops into the center of the water in a plain porcelain soup bowl filled with water. After it touches the water, a short splash rises and expanding ripples travel outward. The receiver, camera, lighting, and background remain consistent.","A simple realistic locked-camera video in one continuous shot showing a plain porcelain soup bowl filled with water. Soft ambient air creates mild continuous movement on the water surface, while reflected light shifts naturally over time. Nothing falls into or strikes the water. No impact splash, impact cavity, or impact-generated circular wave appears. The receiver, camera, lighting, and background remain consistent.","source enters water, then splash and expanding ripples",same receiver with natural water motion but no source or impact footprint,26157,49,8,,
water_impact_dynamic_v1,widyn_train_0158_steel_ball_cooking_pot_direct,train,seen_source_seen_receiver,object_enters_water,steel_ball,one polished steel ball bearing,yes,cooking_pot,a black cooking pot filled with water,yes,direct,"A simple realistic locked-camera video in one continuous shot. One polished steel ball bearing falls naturally from above, enters the center of the water in a black cooking pot filled with water, and makes contact. The contact produces a visible brief splash followed by circular ripples spreading across the water. The receiver, camera, lighting, and background remain consistent.","A simple realistic locked-camera video in one continuous shot showing a black cooking pot filled with water. The water moves gently throughout the shot with subtle natural surface undulations and slowly changing reflections. Nothing falls into or strikes the water. No impact splash, impact cavity, or impact-generated circular wave appears. The receiver, camera, lighting, and background remain consistent.","source enters water, then splash and expanding ripples",same receiver with natural water motion but no source or impact footprint,26158,49,8,,
water_impact_dynamic_v1,widyn_train_0159_steel_ball_cooking_pot_natural,train,seen_source_seen_receiver,object_enters_water,steel_ball,one polished steel ball bearing,yes,cooking_pot,a black cooking pot filled with water,yes,natural,"A simple realistic locked-camera video in one continuous shot. In a single natural motion, one polished steel ball bearing drops into the center of the water in a black cooking pot filled with water. After it touches the water, a short splash rises and expanding ripples travel outward. The receiver, camera, lighting, and background remain consistent.","A simple realistic locked-camera video in one continuous shot showing a black cooking pot filled with water. Soft ambient air creates mild continuous movement on the water surface, while reflected light shifts naturally over time. Nothing falls into or strikes the water. No impact splash, impact cavity, or impact-generated circular wave appears. The receiver, camera, lighting, and background remain consistent.","source enters water, then splash and expanding ripples",same receiver with natural water motion but no source or impact footprint,26159,49,8,,
water_impact_dynamic_v1,widyn_train_0160_steel_ball_garden_birdbath_direct,train,seen_source_seen_receiver,object_enters_water,steel_ball,one polished steel ball bearing,yes,garden_birdbath,a round stone birdbath filled with water,yes,direct,"A simple realistic locked-camera video in one continuous shot. One polished steel ball bearing falls naturally from above, enters the center of the water in a round stone birdbath filled with water, and makes contact. The contact produces a visible brief splash followed by circular ripples spreading across the water. The receiver, camera, lighting, and background remain consistent.","A simple realistic locked-camera video in one continuous shot showing a round stone birdbath filled with water. The water moves gently throughout the shot with subtle natural surface undulations and slowly changing reflections. Nothing falls into or strikes the water. No impact splash, impact cavity, or impact-generated circular wave appears. The receiver, camera, lighting, and background remain consistent.","source enters water, then splash and expanding ripples",same receiver with natural water motion but no source or impact footprint,26160,49,8,,
water_impact_dynamic_v1,widyn_train_0161_steel_ball_garden_birdbath_natural,train,seen_source_seen_receiver,object_enters_water,steel_ball,one polished steel ball bearing,yes,garden_birdbath,a round stone birdbath filled with water,yes,natural,"A simple realistic locked-camera video in one continuous shot. In a single natural motion, one polished steel ball bearing drops into the center of the water in a round stone birdbath filled with water. After it touches the water, a short splash rises and expanding ripples travel outward. The receiver, camera, lighting, and background remain consistent.","A simple realistic locked-camera video in one continuous shot showing a round stone birdbath filled with water. Soft ambient air creates mild continuous movement on the water surface, while reflected light shifts naturally over time. Nothing falls into or strikes the water. No impact splash, impact cavity, or impact-generated circular wave appears. The receiver, camera, lighting, and background remain consistent.","source enters water, then splash and expanding ripples",same receiver with natural water motion but no source or impact footprint,26161,49,8,,
water_impact_dynamic_v1,widyn_train_0162_steel_ball_glass_dish_direct,train,seen_source_seen_receiver,object_enters_water,steel_ball,one polished steel ball bearing,yes,glass_dish,a rectangular glass baking dish filled with water,yes,direct,"A simple realistic locked-camera video in one continuous shot. One polished steel ball bearing falls naturally from above, enters the center of the water in a rectangular glass baking dish filled with water, and makes contact. The contact produces a visible brief splash followed by circular ripples spreading across the water. The receiver, camera, lighting, and background remain consistent.","A simple realistic locked-camera video in one continuous shot showing a rectangular glass baking dish filled with water. The water moves gently throughout the shot with subtle natural surface undulations and slowly changing reflections. Nothing falls into or strikes the water. No impact splash, impact cavity, or impact-generated circular wave appears. The receiver, camera, lighting, and background remain consistent.","source enters water, then splash and expanding ripples",same receiver with natural water motion but no source or impact footprint,26162,49,8,,
water_impact_dynamic_v1,widyn_train_0163_steel_ball_glass_dish_natural,train,seen_source_seen_receiver,object_enters_water,steel_ball,one polished steel ball bearing,yes,glass_dish,a rectangular glass baking dish filled with water,yes,natural,"A simple realistic locked-camera video in one continuous shot. In a single natural motion, one polished steel ball bearing drops into the center of the water in a rectangular glass baking dish filled with water. After it touches the water, a short splash rises and expanding ripples travel outward. The receiver, camera, lighting, and background remain consistent.","A simple realistic locked-camera video in one continuous shot showing a rectangular glass baking dish filled with water. Soft ambient air creates mild continuous movement on the water surface, while reflected light shifts naturally over time. Nothing falls into or strikes the water. No impact splash, impact cavity, or impact-generated circular wave appears. The receiver, camera, lighting, and background remain consistent.","source enters water, then splash and expanding ripples",same receiver with natural water motion but no source or impact footprint,26163,49,8,,
water_impact_dynamic_v1,widyn_train_0164_steel_ball_plastic_tub_direct,train,seen_source_seen_receiver,object_enters_water,steel_ball,one polished steel ball bearing,yes,plastic_tub,a blue plastic storage tub filled with water,yes,direct,"A simple realistic locked-camera video in one continuous shot. One polished steel ball bearing falls naturally from above, enters the center of the water in a blue plastic storage tub filled with water, and makes contact. The contact produces a visible brief splash followed by circular ripples spreading across the water. The receiver, camera, lighting, and background remain consistent.","A simple realistic locked-camera video in one continuous shot showing a blue plastic storage tub filled with water. The water moves gently throughout the shot with subtle natural surface undulations and slowly changing reflections. Nothing falls into or strikes the water. No impact splash, impact cavity, or impact-generated circular wave appears. The receiver, camera, lighting, and background remain consistent.","source enters water, then splash and expanding ripples",same receiver with natural water motion but no source or impact footprint,26164,49,8,,
water_impact_dynamic_v1,widyn_train_0165_steel_ball_plastic_tub_natural,train,seen_source_seen_receiver,object_enters_water,steel_ball,one polished steel ball bearing,yes,plastic_tub,a blue plastic storage tub filled with water,yes,natural,"A simple realistic locked-camera video in one continuous shot. In a single natural motion, one polished steel ball bearing drops into the center of the water in a blue plastic storage tub filled with water. After it touches the water, a short splash rises and expanding ripples travel outward. The receiver, camera, lighting, and background remain consistent.","A simple realistic locked-camera video in one continuous shot showing a blue plastic storage tub filled with water. Soft ambient air creates mild continuous movement on the water surface, while reflected light shifts naturally over time. Nothing falls into or strikes the water. No impact splash, impact cavity, or impact-generated circular wave appears. The receiver, camera, lighting, and background remain consistent.","source enters water, then splash and expanding ripples",same receiver with natural water motion but no source or impact footprint,26165,49,8,,
water_impact_dynamic_v1,widyn_train_0166_steel_ball_laboratory_beaker_direct,train,seen_source_seen_receiver,object_enters_water,steel_ball,one polished steel ball bearing,yes,laboratory_beaker,a laboratory beaker filled with clear water,yes,direct,"A simple realistic locked-camera video in one continuous shot. One polished steel ball bearing falls naturally from above, enters the center of the water in a laboratory beaker filled with clear water, and makes contact. The contact produces a visible brief splash followed by circular ripples spreading across the water. The receiver, camera, lighting, and background remain consistent.","A simple realistic locked-camera video in one continuous shot showing a laboratory beaker filled with clear water. The water moves gently throughout the shot with subtle natural surface undulations and slowly changing reflections. Nothing falls into or strikes the water. No impact splash, impact cavity, or impact-generated circular wave appears. The receiver, camera, lighting, and background remain consistent.","source enters water, then splash and expanding ripples",same receiver with natural water motion but no source or impact footprint,26166,49,8,,
water_impact_dynamic_v1,widyn_train_0167_steel_ball_laboratory_beaker_natural,train,seen_source_seen_receiver,object_enters_water,steel_ball,one polished steel ball bearing,yes,laboratory_beaker,a laboratory beaker filled with clear water,yes,natural,"A simple realistic locked-camera video in one continuous shot. In a single natural motion, one polished steel ball bearing drops into the center of the water in a laboratory beaker filled with clear water. After it touches the water, a short splash rises and expanding ripples travel outward. The receiver, camera, lighting, and background remain consistent.","A simple realistic locked-camera video in one continuous shot showing a laboratory beaker filled with clear water. Soft ambient air creates mild continuous movement on the water surface, while reflected light shifts naturally over time. Nothing falls into or strikes the water. No impact splash, impact cavity, or impact-generated circular wave appears. The receiver, camera, lighting, and background remain consistent.","source enters water, then splash and expanding ripples",same receiver with natural water motion but no source or impact footprint,26167,49,8,,
water_impact_dynamic_v1,widyn_train_0168_plastic_block_shallow_pond_direct,train,seen_source_seen_receiver,object_enters_water,plastic_block,one small red plastic toy block,yes,shallow_pond,a calm shallow pond,yes,direct,"A simple realistic locked-camera video in one continuous shot. One small red plastic toy block falls naturally from above, enters the center of the water in a calm shallow pond, and makes contact. The contact produces a visible brief splash followed by circular ripples spreading across the water. The receiver, camera, lighting, and background remain consistent.","A simple realistic locked-camera video in one continuous shot showing a calm shallow pond. The water moves gently throughout the shot with subtle natural surface undulations and slowly changing reflections. Nothing falls into or strikes the water. No impact splash, impact cavity, or impact-generated circular wave appears. The receiver, camera, lighting, and background remain consistent.","source enters water, then splash and expanding ripples",same receiver with natural water motion but no source or impact footprint,26168,49,8,,
water_impact_dynamic_v1,widyn_train_0169_plastic_block_shallow_pond_natural,train,seen_source_seen_receiver,object_enters_water,plastic_block,one small red plastic toy block,yes,shallow_pond,a calm shallow pond,yes,natural,"A simple realistic locked-camera video in one continuous shot. In a single natural motion, one small red plastic toy block drops into the center of the water in a calm shallow pond. After it touches the water, a short splash rises and expanding ripples travel outward. The receiver, camera, lighting, and background remain consistent.","A simple realistic locked-camera video in one continuous shot showing a calm shallow pond. Soft ambient air creates mild continuous movement on the water surface, while reflected light shifts naturally over time. Nothing falls into or strikes the water. No impact splash, impact cavity, or impact-generated circular wave appears. The receiver, camera, lighting, and background remain consistent.","source enters water, then splash and expanding ripples",same receiver with natural water motion but no source or impact footprint,26169,49,8,,
water_impact_dynamic_v1,widyn_train_0170_plastic_block_glass_bowl_direct,train,seen_source_seen_receiver,object_enters_water,plastic_block,one small red plastic toy block,yes,glass_bowl,a transparent glass mixing bowl filled with water,yes,direct,"A simple realistic locked-camera video in one continuous shot. One small red plastic toy block falls naturally from above, enters the center of the water in a transparent glass mixing bowl filled with water, and makes contact. The contact produces a visible brief splash followed by circular ripples spreading across the water. The receiver, camera, lighting, and background remain consistent.","A simple realistic locked-camera video in one continuous shot showing a transparent glass mixing bowl filled with water. The water moves gently throughout the shot with subtle natural surface undulations and slowly changing reflections. Nothing falls into or strikes the water. No impact splash, impact cavity, or impact-generated circular wave appears. The receiver, camera, lighting, and background remain consistent.","source enters water, then splash and expanding ripples",same receiver with natural water motion but no source or impact footprint,26170,49,8,,
water_impact_dynamic_v1,widyn_train_0171_plastic_block_glass_bowl_natural,train,seen_source_seen_receiver,object_enters_water,plastic_block,one small red plastic toy block,yes,glass_bowl,a transparent glass mixing bowl filled with water,yes,natural,"A simple realistic locked-camera video in one continuous shot. In a single natural motion, one small red plastic toy block drops into the center of the water in a transparent glass mixing bowl filled with water. After it touches the water, a short splash rises and expanding ripples travel outward. The receiver, camera, lighting, and background remain consistent.","A simple realistic locked-camera video in one continuous shot showing a transparent glass mixing bowl filled with water. Soft ambient air creates mild continuous movement on the water surface, while reflected light shifts naturally over time. Nothing falls into or strikes the water. No impact splash, impact cavity, or impact-generated circular wave appears. The receiver, camera, lighting, and background remain consistent.","source enters water, then splash and expanding ripples",same receiver with natural water motion but no source or impact footprint,26171,49,8,,
water_impact_dynamic_v1,widyn_train_0172_plastic_block_white_basin_direct,train,seen_source_seen_receiver,object_enters_water,plastic_block,one small red plastic toy block,yes,white_basin,a wide white ceramic basin filled with water,yes,direct,"A simple realistic locked-camera video in one continuous shot. One small red plastic toy block falls naturally from above, enters the center of the water in a wide white ceramic basin filled with water, and makes contact. The contact produces a visible brief splash followed by circular ripples spreading across the water. The receiver, camera, lighting, and background remain consistent.","A simple realistic locked-camera video in one continuous shot showing a wide white ceramic basin filled with water. The water moves gently throughout the shot with subtle natural surface undulations and slowly changing reflections. Nothing falls into or strikes the water. No impact splash, impact cavity, or impact-generated circular wave appears. The receiver, camera, lighting, and background remain consistent.","source enters water, then splash and expanding ripples",same receiver with natural water motion but no source or impact footprint,26172,49,8,,
water_impact_dynamic_v1,widyn_train_0173_plastic_block_white_basin_natural,train,seen_source_seen_receiver,object_enters_water,plastic_block,one small red plastic toy block,yes,white_basin,a wide white ceramic basin filled with water,yes,natural,"A simple realistic locked-camera video in one continuous shot. In a single natural motion, one small red plastic toy block drops into the center of the water in a wide white ceramic basin filled with water. After it touches the water, a short splash rises and expanding ripples travel outward. The receiver, camera, lighting, and background remain consistent.","A simple realistic locked-camera video in one continuous shot showing a wide white ceramic basin filled with water. Soft ambient air creates mild continuous movement on the water surface, while reflected light shifts naturally over time. Nothing falls into or strikes the water. No impact splash, impact cavity, or impact-generated circular wave appears. The receiver, camera, lighting, and background remain consistent.","source enters water, then splash and expanding ripples",same receiver with natural water motion but no source or impact footprint,26173,49,8,,
water_impact_dynamic_v1,widyn_train_0174_plastic_block_glass_tank_direct,train,seen_source_seen_receiver,object_enters_water,plastic_block,one small red plastic toy block,yes,glass_tank,a clear rectangular glass tank filled with water,yes,direct,"A simple realistic locked-camera video in one continuous shot. One small red plastic toy block falls naturally from above, enters the center of the water in a clear rectangular glass tank filled with water, and makes contact. The contact produces a visible brief splash followed by circular ripples spreading across the water. The receiver, camera, lighting, and background remain consistent.","A simple realistic locked-camera video in one continuous shot showing a clear rectangular glass tank filled with water. The water moves gently throughout the shot with subtle natural surface undulations and slowly changing reflections. Nothing falls into or strikes the water. No impact splash, impact cavity, or impact-generated circular wave appears. The receiver, camera, lighting, and background remain consistent.","source enters water, then splash and expanding ripples",same receiver with natural water motion but no source or impact footprint,26174,49,8,,
water_impact_dynamic_v1,widyn_train_0175_plastic_block_glass_tank_natural,train,seen_source_seen_receiver,object_enters_water,plastic_block,one small red plastic toy block,yes,glass_tank,a clear rectangular glass tank filled with water,yes,natural,"A simple realistic locked-camera video in one continuous shot. In a single natural motion, one small red plastic toy block drops into the center of the water in a clear rectangular glass tank filled with water. After it touches the water, a short splash rises and expanding ripples travel outward. The receiver, camera, lighting, and background remain consistent.","A simple realistic locked-camera video in one continuous shot showing a clear rectangular glass tank filled with water. Soft ambient air creates mild continuous movement on the water surface, while reflected light shifts naturally over time. Nothing falls into or strikes the water. No impact splash, impact cavity, or impact-generated circular wave appears. The receiver, camera, lighting, and background remain consistent.","source enters water, then splash and expanding ripples",same receiver with natural water motion but no source or impact footprint,26175,49,8,,
water_impact_dynamic_v1,widyn_train_0176_plastic_block_metal_bucket_direct,train,seen_source_seen_receiver,object_enters_water,plastic_block,one small red plastic toy block,yes,metal_bucket,a clean metal bucket filled with water,yes,direct,"A simple realistic locked-camera video in one continuous shot. One small red plastic toy block falls naturally from above, enters the center of the water in a clean metal bucket filled with water, and makes contact. The contact produces a visible brief splash followed by circular ripples spreading across the water. The receiver, camera, lighting, and background remain consistent.","A simple realistic locked-camera video in one continuous shot showing a clean metal bucket filled with water. The water moves gently throughout the shot with subtle natural surface undulations and slowly changing reflections. Nothing falls into or strikes the water. No impact splash, impact cavity, or impact-generated circular wave appears. The receiver, camera, lighting, and background remain consistent.","source enters water, then splash and expanding ripples",same receiver with natural water motion but no source or impact footprint,26176,49,8,,
water_impact_dynamic_v1,widyn_train_0177_plastic_block_metal_bucket_natural,train,seen_source_seen_receiver,object_enters_water,plastic_block,one small red plastic toy block,yes,metal_bucket,a clean metal bucket filled with water,yes,natural,"A simple realistic locked-camera video in one continuous shot. In a single natural motion, one small red plastic toy block drops into the center of the water in a clean metal bucket filled with water. After it touches the water, a short splash rises and expanding ripples travel outward. The receiver, camera, lighting, and background remain consistent.","A simple realistic locked-camera video in one continuous shot showing a clean metal bucket filled with water. Soft ambient air creates mild continuous movement on the water surface, while reflected light shifts naturally over time. Nothing falls into or strikes the water. No impact splash, impact cavity, or impact-generated circular wave appears. The receiver, camera, lighting, and background remain consistent.","source enters water, then splash and expanding ripples",same receiver with natural water motion but no source or impact footprint,26177,49,8,,
water_impact_dynamic_v1,widyn_train_0178_plastic_block_kitchen_sink_direct,train,seen_source_seen_receiver,object_enters_water,plastic_block,one small red plastic toy block,yes,kitchen_sink,a stainless-steel kitchen sink basin filled with water,yes,direct,"A simple realistic locked-camera video in one continuous shot. One small red plastic toy block falls naturally from above, enters the center of the water in a stainless-steel kitchen sink basin filled with water, and makes contact. The contact produces a visible brief splash followed by circular ripples spreading across the water. The receiver, camera, lighting, and background remain consistent.","A simple realistic locked-camera video in one continuous shot showing a stainless-steel kitchen sink basin filled with water. The water moves gently throughout the shot with subtle natural surface undulations and slowly changing reflections. Nothing falls into or strikes the water. No impact splash, impact cavity, or impact-generated circular wave appears. The receiver, camera, lighting, and background remain consistent.","source enters water, then splash and expanding ripples",same receiver with natural water motion but no source or impact footprint,26178,49,8,,
water_impact_dynamic_v1,widyn_train_0179_plastic_block_kitchen_sink_natural,train,seen_source_seen_receiver,object_enters_water,plastic_block,one small red plastic toy block,yes,kitchen_sink,a stainless-steel kitchen sink basin filled with water,yes,natural,"A simple realistic locked-camera video in one continuous shot. In a single natural motion, one small red plastic toy block drops into the center of the water in a stainless-steel kitchen sink basin filled with water. After it touches the water, a short splash rises and expanding ripples travel outward. The receiver, camera, lighting, and background remain consistent.","A simple realistic locked-camera video in one continuous shot showing a stainless-steel kitchen sink basin filled with water. Soft ambient air creates mild continuous movement on the water surface, while reflected light shifts naturally over time. Nothing falls into or strikes the water. No impact splash, impact cavity, or impact-generated circular wave appears. The receiver, camera, lighting, and background remain consistent.","source enters water, then splash and expanding ripples",same receiver with natural water motion but no source or impact footprint,26179,49,8,,
water_impact_dynamic_v1,widyn_train_0180_plastic_block_porcelain_bowl_direct,train,seen_source_seen_receiver,object_enters_water,plastic_block,one small red plastic toy block,yes,porcelain_bowl,a plain porcelain soup bowl filled with water,yes,direct,"A simple realistic locked-camera video in one continuous shot. One small red plastic toy block falls naturally from above, enters the center of the water in a plain porcelain soup bowl filled with water, and makes contact. The contact produces a visible brief splash followed by circular ripples spreading across the water. The receiver, camera, lighting, and background remain consistent.","A simple realistic locked-camera video in one continuous shot showing a plain porcelain soup bowl filled with water. The water moves gently throughout the shot with subtle natural surface undulations and slowly changing reflections. Nothing falls into or strikes the water. No impact splash, impact cavity, or impact-generated circular wave appears. The receiver, camera, lighting, and background remain consistent.","source enters water, then splash and expanding ripples",same receiver with natural water motion but no source or impact footprint,26180,49,8,,
water_impact_dynamic_v1,widyn_train_0181_plastic_block_porcelain_bowl_natural,train,seen_source_seen_receiver,object_enters_water,plastic_block,one small red plastic toy block,yes,porcelain_bowl,a plain porcelain soup bowl filled with water,yes,natural,"A simple realistic locked-camera video in one continuous shot. In a single natural motion, one small red plastic toy block drops into the center of the water in a plain porcelain soup bowl filled with water. After it touches the water, a short splash rises and expanding ripples travel outward. The receiver, camera, lighting, and background remain consistent.","A simple realistic locked-camera video in one continuous shot showing a plain porcelain soup bowl filled with water. Soft ambient air creates mild continuous movement on the water surface, while reflected light shifts naturally over time. Nothing falls into or strikes the water. No impact splash, impact cavity, or impact-generated circular wave appears. The receiver, camera, lighting, and background remain consistent.","source enters water, then splash and expanding ripples",same receiver with natural water motion but no source or impact footprint,26181,49,8,,
water_impact_dynamic_v1,widyn_train_0182_plastic_block_cooking_pot_direct,train,seen_source_seen_receiver,object_enters_water,plastic_block,one small red plastic toy block,yes,cooking_pot,a black cooking pot filled with water,yes,direct,"A simple realistic locked-camera video in one continuous shot. One small red plastic toy block falls naturally from above, enters the center of the water in a black cooking pot filled with water, and makes contact. The contact produces a visible brief splash followed by circular ripples spreading across the water. The receiver, camera, lighting, and background remain consistent.","A simple realistic locked-camera video in one continuous shot showing a black cooking pot filled with water. The water moves gently throughout the shot with subtle natural surface undulations and slowly changing reflections. Nothing falls into or strikes the water. No impact splash, impact cavity, or impact-generated circular wave appears. The receiver, camera, lighting, and background remain consistent.","source enters water, then splash and expanding ripples",same receiver with natural water motion but no source or impact footprint,26182,49,8,,
water_impact_dynamic_v1,widyn_train_0183_plastic_block_cooking_pot_natural,train,seen_source_seen_receiver,object_enters_water,plastic_block,one small red plastic toy block,yes,cooking_pot,a black cooking pot filled with water,yes,natural,"A simple realistic locked-camera video in one continuous shot. In a single natural motion, one small red plastic toy block drops into the center of the water in a black cooking pot filled with water. After it touches the water, a short splash rises and expanding ripples travel outward. The receiver, camera, lighting, and background remain consistent.","A simple realistic locked-camera video in one continuous shot showing a black cooking pot filled with water. Soft ambient air creates mild continuous movement on the water surface, while reflected light shifts naturally over time. Nothing falls into or strikes the water. No impact splash, impact cavity, or impact-generated circular wave appears. The receiver, camera, lighting, and background remain consistent.","source enters water, then splash and expanding ripples",same receiver with natural water motion but no source or impact footprint,26183,49,8,,
water_impact_dynamic_v1,widyn_train_0184_plastic_block_garden_birdbath_direct,train,seen_source_seen_receiver,object_enters_water,plastic_block,one small red plastic toy block,yes,garden_birdbath,a round stone birdbath filled with water,yes,direct,"A simple realistic locked-camera video in one continuous shot. One small red plastic toy block falls naturally from above, enters the center of the water in a round stone birdbath filled with water, and makes contact. The contact produces a visible brief splash followed by circular ripples spreading across the water. The receiver, camera, lighting, and background remain consistent.","A simple realistic locked-camera video in one continuous shot showing a round stone birdbath filled with water. The water moves gently throughout the shot with subtle natural surface undulations and slowly changing reflections. Nothing falls into or strikes the water. No impact splash, impact cavity, or impact-generated circular wave appears. The receiver, camera, lighting, and background remain consistent.","source enters water, then splash and expanding ripples",same receiver with natural water motion but no source or impact footprint,26184,49,8,,
water_impact_dynamic_v1,widyn_train_0185_plastic_block_garden_birdbath_natural,train,seen_source_seen_receiver,object_enters_water,plastic_block,one small red plastic toy block,yes,garden_birdbath,a round stone birdbath filled with water,yes,natural,"A simple realistic locked-camera video in one continuous shot. In a single natural motion, one small red plastic toy block drops into the center of the water in a round stone birdbath filled with water. After it touches the water, a short splash rises and expanding ripples travel outward. The receiver, camera, lighting, and background remain consistent.","A simple realistic locked-camera video in one continuous shot showing a round stone birdbath filled with water. Soft ambient air creates mild continuous movement on the water surface, while reflected light shifts naturally over time. Nothing falls into or strikes the water. No impact splash, impact cavity, or impact-generated circular wave appears. The receiver, camera, lighting, and background remain consistent.","source enters water, then splash and expanding ripples",same receiver with natural water motion but no source or impact footprint,26185,49,8,,
water_impact_dynamic_v1,widyn_train_0186_plastic_block_glass_dish_direct,train,seen_source_seen_receiver,object_enters_water,plastic_block,one small red plastic toy block,yes,glass_dish,a rectangular glass baking dish filled with water,yes,direct,"A simple realistic locked-camera video in one continuous shot. One small red plastic toy block falls naturally from above, enters the center of the water in a rectangular glass baking dish filled with water, and makes contact. The contact produces a visible brief splash followed by circular ripples spreading across the water. The receiver, camera, lighting, and background remain consistent.","A simple realistic locked-camera video in one continuous shot showing a rectangular glass baking dish filled with water. The water moves gently throughout the shot with subtle natural surface undulations and slowly changing reflections. Nothing falls into or strikes the water. No impact splash, impact cavity, or impact-generated circular wave appears. The receiver, camera, lighting, and background remain consistent.","source enters water, then splash and expanding ripples",same receiver with natural water motion but no source or impact footprint,26186,49,8,,
water_impact_dynamic_v1,widyn_train_0187_plastic_block_glass_dish_natural,train,seen_source_seen_receiver,object_enters_water,plastic_block,one small red plastic toy block,yes,glass_dish,a rectangular glass baking dish filled with water,yes,natural,"A simple realistic locked-camera video in one continuous shot. In a single natural motion, one small red plastic toy block drops into the center of the water in a rectangular glass baking dish filled with water. After it touches the water, a short splash rises and expanding ripples travel outward. The receiver, camera, lighting, and background remain consistent.","A simple realistic locked-camera video in one continuous shot showing a rectangular glass baking dish filled with water. Soft ambient air creates mild continuous movement on the water surface, while reflected light shifts naturally over time. Nothing falls into or strikes the water. No impact splash, impact cavity, or impact-generated circular wave appears. The receiver, camera, lighting, and background remain consistent.","source enters water, then splash and expanding ripples",same receiver with natural water motion but no source or impact footprint,26187,49,8,,
water_impact_dynamic_v1,widyn_train_0188_plastic_block_plastic_tub_direct,train,seen_source_seen_receiver,object_enters_water,plastic_block,one small red plastic toy block,yes,plastic_tub,a blue plastic storage tub filled with water,yes,direct,"A simple realistic locked-camera video in one continuous shot. One small red plastic toy block falls naturally from above, enters the center of the water in a blue plastic storage tub filled with water, and makes contact. The contact produces a visible brief splash followed by circular ripples spreading across the water. The receiver, camera, lighting, and background remain consistent.","A simple realistic locked-camera video in one continuous shot showing a blue plastic storage tub filled with water. The water moves gently throughout the shot with subtle natural surface undulations and slowly changing reflections. Nothing falls into or strikes the water. No impact splash, impact cavity, or impact-generated circular wave appears. The receiver, camera, lighting, and background remain consistent.","source enters water, then splash and expanding ripples",same receiver with natural water motion but no source or impact footprint,26188,49,8,,
water_impact_dynamic_v1,widyn_train_0189_plastic_block_plastic_tub_natural,train,seen_source_seen_receiver,object_enters_water,plastic_block,one small red plastic toy block,yes,plastic_tub,a blue plastic storage tub filled with water,yes,natural,"A simple realistic locked-camera video in one continuous shot. In a single natural motion, one small red plastic toy block drops into the center of the water in a blue plastic storage tub filled with water. After it touches the water, a short splash rises and expanding ripples travel outward. The receiver, camera, lighting, and background remain consistent.","A simple realistic locked-camera video in one continuous shot showing a blue plastic storage tub filled with water. Soft ambient air creates mild continuous movement on the water surface, while reflected light shifts naturally over time. Nothing falls into or strikes the water. No impact splash, impact cavity, or impact-generated circular wave appears. The receiver, camera, lighting, and background remain consistent.","source enters water, then splash and expanding ripples",same receiver with natural water motion but no source or impact footprint,26189,49,8,,
water_impact_dynamic_v1,widyn_train_0190_plastic_block_laboratory_beaker_direct,train,seen_source_seen_receiver,object_enters_water,plastic_block,one small red plastic toy block,yes,laboratory_beaker,a laboratory beaker filled with clear water,yes,direct,"A simple realistic locked-camera video in one continuous shot. One small red plastic toy block falls naturally from above, enters the center of the water in a laboratory beaker filled with clear water, and makes contact. The contact produces a visible brief splash followed by circular ripples spreading across the water. The receiver, camera, lighting, and background remain consistent.","A simple realistic locked-camera video in one continuous shot showing a laboratory beaker filled with clear water. The water moves gently throughout the shot with subtle natural surface undulations and slowly changing reflections. Nothing falls into or strikes the water. No impact splash, impact cavity, or impact-generated circular wave appears. The receiver, camera, lighting, and background remain consistent.","source enters water, then splash and expanding ripples",same receiver with natural water motion but no source or impact footprint,26190,49,8,,
water_impact_dynamic_v1,widyn_train_0191_plastic_block_laboratory_beaker_natural,train,seen_source_seen_receiver,object_enters_water,plastic_block,one small red plastic toy block,yes,laboratory_beaker,a laboratory beaker filled with clear water,yes,natural,"A simple realistic locked-camera video in one continuous shot. In a single natural motion, one small red plastic toy block drops into the center of the water in a laboratory beaker filled with clear water. After it touches the water, a short splash rises and expanding ripples travel outward. The receiver, camera, lighting, and background remain consistent.","A simple realistic locked-camera video in one continuous shot showing a laboratory beaker filled with clear water. Soft ambient air creates mild continuous movement on the water surface, while reflected light shifts naturally over time. Nothing falls into or strikes the water. No impact splash, impact cavity, or impact-generated circular wave appears. The receiver, camera, lighting, and background remain consistent.","source enters water, then splash and expanding ripples",same receiver with natural water motion but no source or impact footprint,26191,49,8,,
