protocol_version,generation_id,case_id,mechanism_index,combination_index,repetition_index,mechanism,mechanism_name,ontology_status,ontology_provenance,intended_use,method_arm,treatment_status,prompt_style,source_id,source_object,source_family,source_motion,receiver_id,receiver,receiver_family,receiver_clean_state,compatibility_rule,prompt,target_concept,expected_footprint,expected_counterfactual_state,seed,seed_formula,num_frames,fps,reference_start_inclusive,reference_end_exclusive
causal_role_erasure_8mechanism_capability_v2,cap8v2m00c00r00,cap8v2m00c00,0,0,0,water_impact,Water impact,fresh_capability_v2,causal_role_erasure_8mechanism_capability_v2:fresh_simplified_ontology,original_capability_screening_only,original,pre_method_original_only,direct,v2_water_red_apple,one small red apple,v2_water_impact,falls straight down,v2_water_white_basin,a wide white ceramic basin filled with water,v2_water_impact,the water surface is flat and still,fresh_v2_family_match:v2_water_impact,"Locked-camera close-up: a wide white ceramic basin filled with water has a flat, still surface. Then one small red apple falls straight down into the center of a wide white ceramic basin filled with water; one splash and expanding circular ripples appear.",one small red apple,one splash and expanding circular ripples appear,the water stays flat and still,940000,940000 + 1000*mechanism_index + 10*combination_index + repetition_index,49,8,0,16
causal_role_erasure_8mechanism_capability_v2,cap8v2m00c00r01,cap8v2m00c00,0,0,1,water_impact,Water impact,fresh_capability_v2,causal_role_erasure_8mechanism_capability_v2:fresh_simplified_ontology,original_capability_screening_only,original,pre_method_original_only,direct,v2_water_red_apple,one small red apple,v2_water_impact,falls straight down,v2_water_white_basin,a wide white ceramic basin filled with water,v2_water_impact,the water surface is flat and still,fresh_v2_family_match:v2_water_impact,"Locked-camera close-up: a wide white ceramic basin filled with water has a flat, still surface. Then one small red apple falls straight down into the center of a wide white ceramic basin filled with water; one splash and expanding circular ripples appear.",one small red apple,one splash and expanding circular ripples appear,the water stays flat and still,940001,940000 + 1000*mechanism_index + 10*combination_index + repetition_index,49,8,0,16
causal_role_erasure_8mechanism_capability_v2,cap8v2m00c00r02,cap8v2m00c00,0,0,2,water_impact,Water impact,fresh_capability_v2,causal_role_erasure_8mechanism_capability_v2:fresh_simplified_ontology,original_capability_screening_only,original,pre_method_original_only,direct,v2_water_red_apple,one small red apple,v2_water_impact,falls straight down,v2_water_white_basin,a wide white ceramic basin filled with water,v2_water_impact,the water surface is flat and still,fresh_v2_family_match:v2_water_impact,"Locked-camera close-up: a wide white ceramic basin filled with water has a flat, still surface. Then one small red apple falls straight down into the center of a wide white ceramic basin filled with water; one splash and expanding circular ripples appear.",one small red apple,one splash and expanding circular ripples appear,the water stays flat and still,940002,940000 + 1000*mechanism_index + 10*combination_index + repetition_index,49,8,0,16
causal_role_erasure_8mechanism_capability_v2,cap8v2m00c01r00,cap8v2m00c01,0,1,0,water_impact,Water impact,fresh_capability_v2,causal_role_erasure_8mechanism_capability_v2:fresh_simplified_ontology,original_capability_screening_only,original,pre_method_original_only,direct,v2_water_red_apple,one small red apple,v2_water_impact,falls straight down,v2_water_steel_sink,a stainless-steel sink filled with water,v2_water_impact,the water surface is flat and still,fresh_v2_family_match:v2_water_impact,"Locked-camera close-up: a stainless-steel sink filled with water has a flat, still surface. Then one small red apple falls straight down into the center of a stainless-steel sink filled with water; one splash and expanding circular ripples appear.",one small red apple,one splash and expanding circular ripples appear,the water stays flat and still,940010,940000 + 1000*mechanism_index + 10*combination_index + repetition_index,49,8,0,16
causal_role_erasure_8mechanism_capability_v2,cap8v2m00c01r01,cap8v2m00c01,0,1,1,water_impact,Water impact,fresh_capability_v2,causal_role_erasure_8mechanism_capability_v2:fresh_simplified_ontology,original_capability_screening_only,original,pre_method_original_only,direct,v2_water_red_apple,one small red apple,v2_water_impact,falls straight down,v2_water_steel_sink,a stainless-steel sink filled with water,v2_water_impact,the water surface is flat and still,fresh_v2_family_match:v2_water_impact,"Locked-camera close-up: a stainless-steel sink filled with water has a flat, still surface. Then one small red apple falls straight down into the center of a stainless-steel sink filled with water; one splash and expanding circular ripples appear.",one small red apple,one splash and expanding circular ripples appear,the water stays flat and still,940011,940000 + 1000*mechanism_index + 10*combination_index + repetition_index,49,8,0,16
causal_role_erasure_8mechanism_capability_v2,cap8v2m00c01r02,cap8v2m00c01,0,1,2,water_impact,Water impact,fresh_capability_v2,causal_role_erasure_8mechanism_capability_v2:fresh_simplified_ontology,original_capability_screening_only,original,pre_method_original_only,direct,v2_water_red_apple,one small red apple,v2_water_impact,falls straight down,v2_water_steel_sink,a stainless-steel sink filled with water,v2_water_impact,the water surface is flat and still,fresh_v2_family_match:v2_water_impact,"Locked-camera close-up: a stainless-steel sink filled with water has a flat, still surface. Then one small red apple falls straight down into the center of a stainless-steel sink filled with water; one splash and expanding circular ripples appear.",one small red apple,one splash and expanding circular ripples appear,the water stays flat and still,940012,940000 + 1000*mechanism_index + 10*combination_index + repetition_index,49,8,0,16
causal_role_erasure_8mechanism_capability_v2,cap8v2m00c02r00,cap8v2m00c02,0,2,0,water_impact,Water impact,fresh_capability_v2,causal_role_erasure_8mechanism_capability_v2:fresh_simplified_ontology,original_capability_screening_only,original,pre_method_original_only,direct,v2_water_gray_stone,one smooth gray stone,v2_water_impact,falls straight down,v2_water_white_basin,a wide white ceramic basin filled with water,v2_water_impact,the water surface is flat and still,fresh_v2_family_match:v2_water_impact,"Locked-camera close-up: a wide white ceramic basin filled with water has a flat, still surface. Then one smooth gray stone falls straight down into the center of a wide white ceramic basin filled with water; one splash and expanding circular ripples appear.",one smooth gray stone,one splash and expanding circular ripples appear,the water stays flat and still,940020,940000 + 1000*mechanism_index + 10*combination_index + repetition_index,49,8,0,16
causal_role_erasure_8mechanism_capability_v2,cap8v2m00c02r01,cap8v2m00c02,0,2,1,water_impact,Water impact,fresh_capability_v2,causal_role_erasure_8mechanism_capability_v2:fresh_simplified_ontology,original_capability_screening_only,original,pre_method_original_only,direct,v2_water_gray_stone,one smooth gray stone,v2_water_impact,falls straight down,v2_water_white_basin,a wide white ceramic basin filled with water,v2_water_impact,the water surface is flat and still,fresh_v2_family_match:v2_water_impact,"Locked-camera close-up: a wide white ceramic basin filled with water has a flat, still surface. Then one smooth gray stone falls straight down into the center of a wide white ceramic basin filled with water; one splash and expanding circular ripples appear.",one smooth gray stone,one splash and expanding circular ripples appear,the water stays flat and still,940021,940000 + 1000*mechanism_index + 10*combination_index + repetition_index,49,8,0,16
causal_role_erasure_8mechanism_capability_v2,cap8v2m00c02r02,cap8v2m00c02,0,2,2,water_impact,Water impact,fresh_capability_v2,causal_role_erasure_8mechanism_capability_v2:fresh_simplified_ontology,original_capability_screening_only,original,pre_method_original_only,direct,v2_water_gray_stone,one smooth gray stone,v2_water_impact,falls straight down,v2_water_white_basin,a wide white ceramic basin filled with water,v2_water_impact,the water surface is flat and still,fresh_v2_family_match:v2_water_impact,"Locked-camera close-up: a wide white ceramic basin filled with water has a flat, still surface. Then one smooth gray stone falls straight down into the center of a wide white ceramic basin filled with water; one splash and expanding circular ripples appear.",one smooth gray stone,one splash and expanding circular ripples appear,the water stays flat and still,940022,940000 + 1000*mechanism_index + 10*combination_index + repetition_index,49,8,0,16
causal_role_erasure_8mechanism_capability_v2,cap8v2m00c03r00,cap8v2m00c03,0,3,0,water_impact,Water impact,fresh_capability_v2,causal_role_erasure_8mechanism_capability_v2:fresh_simplified_ontology,original_capability_screening_only,original,pre_method_original_only,direct,v2_water_gray_stone,one smooth gray stone,v2_water_impact,falls straight down,v2_water_steel_sink,a stainless-steel sink filled with water,v2_water_impact,the water surface is flat and still,fresh_v2_family_match:v2_water_impact,"Locked-camera close-up: a stainless-steel sink filled with water has a flat, still surface. Then one smooth gray stone falls straight down into the center of a stainless-steel sink filled with water; one splash and expanding circular ripples appear.",one smooth gray stone,one splash and expanding circular ripples appear,the water stays flat and still,940030,940000 + 1000*mechanism_index + 10*combination_index + repetition_index,49,8,0,16
causal_role_erasure_8mechanism_capability_v2,cap8v2m00c03r01,cap8v2m00c03,0,3,1,water_impact,Water impact,fresh_capability_v2,causal_role_erasure_8mechanism_capability_v2:fresh_simplified_ontology,original_capability_screening_only,original,pre_method_original_only,direct,v2_water_gray_stone,one smooth gray stone,v2_water_impact,falls straight down,v2_water_steel_sink,a stainless-steel sink filled with water,v2_water_impact,the water surface is flat and still,fresh_v2_family_match:v2_water_impact,"Locked-camera close-up: a stainless-steel sink filled with water has a flat, still surface. Then one smooth gray stone falls straight down into the center of a stainless-steel sink filled with water; one splash and expanding circular ripples appear.",one smooth gray stone,one splash and expanding circular ripples appear,the water stays flat and still,940031,940000 + 1000*mechanism_index + 10*combination_index + repetition_index,49,8,0,16
causal_role_erasure_8mechanism_capability_v2,cap8v2m00c03r02,cap8v2m00c03,0,3,2,water_impact,Water impact,fresh_capability_v2,causal_role_erasure_8mechanism_capability_v2:fresh_simplified_ontology,original_capability_screening_only,original,pre_method_original_only,direct,v2_water_gray_stone,one smooth gray stone,v2_water_impact,falls straight down,v2_water_steel_sink,a stainless-steel sink filled with water,v2_water_impact,the water surface is flat and still,fresh_v2_family_match:v2_water_impact,"Locked-camera close-up: a stainless-steel sink filled with water has a flat, still surface. Then one smooth gray stone falls straight down into the center of a stainless-steel sink filled with water; one splash and expanding circular ripples appear.",one smooth gray stone,one splash and expanding circular ripples appear,the water stays flat and still,940032,940000 + 1000*mechanism_index + 10*combination_index + repetition_index,49,8,0,16
causal_role_erasure_8mechanism_capability_v2,cap8v2m00c04r00,cap8v2m00c04,0,4,0,water_impact,Water impact,fresh_capability_v2,causal_role_erasure_8mechanism_capability_v2:fresh_simplified_ontology,original_capability_screening_only,original,pre_method_original_only,natural,v2_water_red_apple,one small red apple,v2_water_impact,falls straight down,v2_water_white_basin,a wide white ceramic basin filled with water,v2_water_impact,the water surface is flat and still,fresh_v2_family_match:v2_water_impact,"Locked-camera close-up: a wide white ceramic basin filled with water has a flat, still surface. One small red apple falls straight down into the center of a wide white ceramic basin filled with water; as a natural result, one splash and expanding circular ripples appear.",one small red apple,one splash and expanding circular ripples appear,the water stays flat and still,940040,940000 + 1000*mechanism_index + 10*combination_index + repetition_index,49,8,0,16
causal_role_erasure_8mechanism_capability_v2,cap8v2m00c04r01,cap8v2m00c04,0,4,1,water_impact,Water impact,fresh_capability_v2,causal_role_erasure_8mechanism_capability_v2:fresh_simplified_ontology,original_capability_screening_only,original,pre_method_original_only,natural,v2_water_red_apple,one small red apple,v2_water_impact,falls straight down,v2_water_white_basin,a wide white ceramic basin filled with water,v2_water_impact,the water surface is flat and still,fresh_v2_family_match:v2_water_impact,"Locked-camera close-up: a wide white ceramic basin filled with water has a flat, still surface. One small red apple falls straight down into the center of a wide white ceramic basin filled with water; as a natural result, one splash and expanding circular ripples appear.",one small red apple,one splash and expanding circular ripples appear,the water stays flat and still,940041,940000 + 1000*mechanism_index + 10*combination_index + repetition_index,49,8,0,16
causal_role_erasure_8mechanism_capability_v2,cap8v2m00c04r02,cap8v2m00c04,0,4,2,water_impact,Water impact,fresh_capability_v2,causal_role_erasure_8mechanism_capability_v2:fresh_simplified_ontology,original_capability_screening_only,original,pre_method_original_only,natural,v2_water_red_apple,one small red apple,v2_water_impact,falls straight down,v2_water_white_basin,a wide white ceramic basin filled with water,v2_water_impact,the water surface is flat and still,fresh_v2_family_match:v2_water_impact,"Locked-camera close-up: a wide white ceramic basin filled with water has a flat, still surface. One small red apple falls straight down into the center of a wide white ceramic basin filled with water; as a natural result, one splash and expanding circular ripples appear.",one small red apple,one splash and expanding circular ripples appear,the water stays flat and still,940042,940000 + 1000*mechanism_index + 10*combination_index + repetition_index,49,8,0,16
causal_role_erasure_8mechanism_capability_v2,cap8v2m00c05r00,cap8v2m00c05,0,5,0,water_impact,Water impact,fresh_capability_v2,causal_role_erasure_8mechanism_capability_v2:fresh_simplified_ontology,original_capability_screening_only,original,pre_method_original_only,natural,v2_water_red_apple,one small red apple,v2_water_impact,falls straight down,v2_water_steel_sink,a stainless-steel sink filled with water,v2_water_impact,the water surface is flat and still,fresh_v2_family_match:v2_water_impact,"Locked-camera close-up: a stainless-steel sink filled with water has a flat, still surface. One small red apple falls straight down into the center of a stainless-steel sink filled with water; as a natural result, one splash and expanding circular ripples appear.",one small red apple,one splash and expanding circular ripples appear,the water stays flat and still,940050,940000 + 1000*mechanism_index + 10*combination_index + repetition_index,49,8,0,16
causal_role_erasure_8mechanism_capability_v2,cap8v2m00c05r01,cap8v2m00c05,0,5,1,water_impact,Water impact,fresh_capability_v2,causal_role_erasure_8mechanism_capability_v2:fresh_simplified_ontology,original_capability_screening_only,original,pre_method_original_only,natural,v2_water_red_apple,one small red apple,v2_water_impact,falls straight down,v2_water_steel_sink,a stainless-steel sink filled with water,v2_water_impact,the water surface is flat and still,fresh_v2_family_match:v2_water_impact,"Locked-camera close-up: a stainless-steel sink filled with water has a flat, still surface. One small red apple falls straight down into the center of a stainless-steel sink filled with water; as a natural result, one splash and expanding circular ripples appear.",one small red apple,one splash and expanding circular ripples appear,the water stays flat and still,940051,940000 + 1000*mechanism_index + 10*combination_index + repetition_index,49,8,0,16
causal_role_erasure_8mechanism_capability_v2,cap8v2m00c05r02,cap8v2m00c05,0,5,2,water_impact,Water impact,fresh_capability_v2,causal_role_erasure_8mechanism_capability_v2:fresh_simplified_ontology,original_capability_screening_only,original,pre_method_original_only,natural,v2_water_red_apple,one small red apple,v2_water_impact,falls straight down,v2_water_steel_sink,a stainless-steel sink filled with water,v2_water_impact,the water surface is flat and still,fresh_v2_family_match:v2_water_impact,"Locked-camera close-up: a stainless-steel sink filled with water has a flat, still surface. One small red apple falls straight down into the center of a stainless-steel sink filled with water; as a natural result, one splash and expanding circular ripples appear.",one small red apple,one splash and expanding circular ripples appear,the water stays flat and still,940052,940000 + 1000*mechanism_index + 10*combination_index + repetition_index,49,8,0,16
causal_role_erasure_8mechanism_capability_v2,cap8v2m00c06r00,cap8v2m00c06,0,6,0,water_impact,Water impact,fresh_capability_v2,causal_role_erasure_8mechanism_capability_v2:fresh_simplified_ontology,original_capability_screening_only,original,pre_method_original_only,natural,v2_water_gray_stone,one smooth gray stone,v2_water_impact,falls straight down,v2_water_white_basin,a wide white ceramic basin filled with water,v2_water_impact,the water surface is flat and still,fresh_v2_family_match:v2_water_impact,"Locked-camera close-up: a wide white ceramic basin filled with water has a flat, still surface. One smooth gray stone falls straight down into the center of a wide white ceramic basin filled with water; as a natural result, one splash and expanding circular ripples appear.",one smooth gray stone,one splash and expanding circular ripples appear,the water stays flat and still,940060,940000 + 1000*mechanism_index + 10*combination_index + repetition_index,49,8,0,16
causal_role_erasure_8mechanism_capability_v2,cap8v2m00c06r01,cap8v2m00c06,0,6,1,water_impact,Water impact,fresh_capability_v2,causal_role_erasure_8mechanism_capability_v2:fresh_simplified_ontology,original_capability_screening_only,original,pre_method_original_only,natural,v2_water_gray_stone,one smooth gray stone,v2_water_impact,falls straight down,v2_water_white_basin,a wide white ceramic basin filled with water,v2_water_impact,the water surface is flat and still,fresh_v2_family_match:v2_water_impact,"Locked-camera close-up: a wide white ceramic basin filled with water has a flat, still surface. One smooth gray stone falls straight down into the center of a wide white ceramic basin filled with water; as a natural result, one splash and expanding circular ripples appear.",one smooth gray stone,one splash and expanding circular ripples appear,the water stays flat and still,940061,940000 + 1000*mechanism_index + 10*combination_index + repetition_index,49,8,0,16
causal_role_erasure_8mechanism_capability_v2,cap8v2m00c06r02,cap8v2m00c06,0,6,2,water_impact,Water impact,fresh_capability_v2,causal_role_erasure_8mechanism_capability_v2:fresh_simplified_ontology,original_capability_screening_only,original,pre_method_original_only,natural,v2_water_gray_stone,one smooth gray stone,v2_water_impact,falls straight down,v2_water_white_basin,a wide white ceramic basin filled with water,v2_water_impact,the water surface is flat and still,fresh_v2_family_match:v2_water_impact,"Locked-camera close-up: a wide white ceramic basin filled with water has a flat, still surface. One smooth gray stone falls straight down into the center of a wide white ceramic basin filled with water; as a natural result, one splash and expanding circular ripples appear.",one smooth gray stone,one splash and expanding circular ripples appear,the water stays flat and still,940062,940000 + 1000*mechanism_index + 10*combination_index + repetition_index,49,8,0,16
causal_role_erasure_8mechanism_capability_v2,cap8v2m00c07r00,cap8v2m00c07,0,7,0,water_impact,Water impact,fresh_capability_v2,causal_role_erasure_8mechanism_capability_v2:fresh_simplified_ontology,original_capability_screening_only,original,pre_method_original_only,natural,v2_water_gray_stone,one smooth gray stone,v2_water_impact,falls straight down,v2_water_steel_sink,a stainless-steel sink filled with water,v2_water_impact,the water surface is flat and still,fresh_v2_family_match:v2_water_impact,"Locked-camera close-up: a stainless-steel sink filled with water has a flat, still surface. One smooth gray stone falls straight down into the center of a stainless-steel sink filled with water; as a natural result, one splash and expanding circular ripples appear.",one smooth gray stone,one splash and expanding circular ripples appear,the water stays flat and still,940070,940000 + 1000*mechanism_index + 10*combination_index + repetition_index,49,8,0,16
causal_role_erasure_8mechanism_capability_v2,cap8v2m00c07r01,cap8v2m00c07,0,7,1,water_impact,Water impact,fresh_capability_v2,causal_role_erasure_8mechanism_capability_v2:fresh_simplified_ontology,original_capability_screening_only,original,pre_method_original_only,natural,v2_water_gray_stone,one smooth gray stone,v2_water_impact,falls straight down,v2_water_steel_sink,a stainless-steel sink filled with water,v2_water_impact,the water surface is flat and still,fresh_v2_family_match:v2_water_impact,"Locked-camera close-up: a stainless-steel sink filled with water has a flat, still surface. One smooth gray stone falls straight down into the center of a stainless-steel sink filled with water; as a natural result, one splash and expanding circular ripples appear.",one smooth gray stone,one splash and expanding circular ripples appear,the water stays flat and still,940071,940000 + 1000*mechanism_index + 10*combination_index + repetition_index,49,8,0,16
causal_role_erasure_8mechanism_capability_v2,cap8v2m00c07r02,cap8v2m00c07,0,7,2,water_impact,Water impact,fresh_capability_v2,causal_role_erasure_8mechanism_capability_v2:fresh_simplified_ontology,original_capability_screening_only,original,pre_method_original_only,natural,v2_water_gray_stone,one smooth gray stone,v2_water_impact,falls straight down,v2_water_steel_sink,a stainless-steel sink filled with water,v2_water_impact,the water surface is flat and still,fresh_v2_family_match:v2_water_impact,"Locked-camera close-up: a stainless-steel sink filled with water has a flat, still surface. One smooth gray stone falls straight down into the center of a stainless-steel sink filled with water; as a natural result, one splash and expanding circular ripples appear.",one smooth gray stone,one splash and expanding circular ripples appear,the water stays flat and still,940072,940000 + 1000*mechanism_index + 10*combination_index + repetition_index,49,8,0,16
causal_role_erasure_8mechanism_capability_v2,cap8v2m01c00r00,cap8v2m01c00,1,0,0,rigid_collision,Rigid collision,fresh_capability_v2,causal_role_erasure_8mechanism_capability_v2:fresh_simplified_ontology,original_capability_screening_only,original,pre_method_original_only,direct,v2_collision_red_ball,one small red rubber ball,v2_single_rigid_target,rolls once from left to right,v2_collision_yellow_block,one tall yellow wooden block,v2_single_rigid_target,the block stands upright and still,fresh_v2_family_match:v2_single_rigid_target,Locked-camera close-up: one tall yellow wooden block stands upright and still. Then one small red rubber ball rolls once from left to right and strikes one tall yellow wooden block once; the receiver tips over and slides a short distance.,one small red rubber ball,the receiver tips over and slides a short distance,the receiver stays upright and in its original position,941000,940000 + 1000*mechanism_index + 10*combination_index + repetition_index,49,8,0,16
causal_role_erasure_8mechanism_capability_v2,cap8v2m01c00r01,cap8v2m01c00,1,0,1,rigid_collision,Rigid collision,fresh_capability_v2,causal_role_erasure_8mechanism_capability_v2:fresh_simplified_ontology,original_capability_screening_only,original,pre_method_original_only,direct,v2_collision_red_ball,one small red rubber ball,v2_single_rigid_target,rolls once from left to right,v2_collision_yellow_block,one tall yellow wooden block,v2_single_rigid_target,the block stands upright and still,fresh_v2_family_match:v2_single_rigid_target,Locked-camera close-up: one tall yellow wooden block stands upright and still. Then one small red rubber ball rolls once from left to right and strikes one tall yellow wooden block once; the receiver tips over and slides a short distance.,one small red rubber ball,the receiver tips over and slides a short distance,the receiver stays upright and in its original position,941001,940000 + 1000*mechanism_index + 10*combination_index + repetition_index,49,8,0,16
causal_role_erasure_8mechanism_capability_v2,cap8v2m01c00r02,cap8v2m01c00,1,0,2,rigid_collision,Rigid collision,fresh_capability_v2,causal_role_erasure_8mechanism_capability_v2:fresh_simplified_ontology,original_capability_screening_only,original,pre_method_original_only,direct,v2_collision_red_ball,one small red rubber ball,v2_single_rigid_target,rolls once from left to right,v2_collision_yellow_block,one tall yellow wooden block,v2_single_rigid_target,the block stands upright and still,fresh_v2_family_match:v2_single_rigid_target,Locked-camera close-up: one tall yellow wooden block stands upright and still. Then one small red rubber ball rolls once from left to right and strikes one tall yellow wooden block once; the receiver tips over and slides a short distance.,one small red rubber ball,the receiver tips over and slides a short distance,the receiver stays upright and in its original position,941002,940000 + 1000*mechanism_index + 10*combination_index + repetition_index,49,8,0,16
causal_role_erasure_8mechanism_capability_v2,cap8v2m01c01r00,cap8v2m01c01,1,1,0,rigid_collision,Rigid collision,fresh_capability_v2,causal_role_erasure_8mechanism_capability_v2:fresh_simplified_ontology,original_capability_screening_only,original,pre_method_original_only,direct,v2_collision_red_ball,one small red rubber ball,v2_single_rigid_target,rolls once from left to right,v2_collision_brown_box,one small brown cardboard box,v2_single_rigid_target,the box stands upright and still,fresh_v2_family_match:v2_single_rigid_target,Locked-camera close-up: one small brown cardboard box stands upright and still. Then one small red rubber ball rolls once from left to right and strikes one small brown cardboard box once; the receiver tips over and slides a short distance.,one small red rubber ball,the receiver tips over and slides a short distance,the receiver stays upright and in its original position,941010,940000 + 1000*mechanism_index + 10*combination_index + repetition_index,49,8,0,16
causal_role_erasure_8mechanism_capability_v2,cap8v2m01c01r01,cap8v2m01c01,1,1,1,rigid_collision,Rigid collision,fresh_capability_v2,causal_role_erasure_8mechanism_capability_v2:fresh_simplified_ontology,original_capability_screening_only,original,pre_method_original_only,direct,v2_collision_red_ball,one small red rubber ball,v2_single_rigid_target,rolls once from left to right,v2_collision_brown_box,one small brown cardboard box,v2_single_rigid_target,the box stands upright and still,fresh_v2_family_match:v2_single_rigid_target,Locked-camera close-up: one small brown cardboard box stands upright and still. Then one small red rubber ball rolls once from left to right and strikes one small brown cardboard box once; the receiver tips over and slides a short distance.,one small red rubber ball,the receiver tips over and slides a short distance,the receiver stays upright and in its original position,941011,940000 + 1000*mechanism_index + 10*combination_index + repetition_index,49,8,0,16
causal_role_erasure_8mechanism_capability_v2,cap8v2m01c01r02,cap8v2m01c01,1,1,2,rigid_collision,Rigid collision,fresh_capability_v2,causal_role_erasure_8mechanism_capability_v2:fresh_simplified_ontology,original_capability_screening_only,original,pre_method_original_only,direct,v2_collision_red_ball,one small red rubber ball,v2_single_rigid_target,rolls once from left to right,v2_collision_brown_box,one small brown cardboard box,v2_single_rigid_target,the box stands upright and still,fresh_v2_family_match:v2_single_rigid_target,Locked-camera close-up: one small brown cardboard box stands upright and still. Then one small red rubber ball rolls once from left to right and strikes one small brown cardboard box once; the receiver tips over and slides a short distance.,one small red rubber ball,the receiver tips over and slides a short distance,the receiver stays upright and in its original position,941012,940000 + 1000*mechanism_index + 10*combination_index + repetition_index,49,8,0,16
causal_role_erasure_8mechanism_capability_v2,cap8v2m01c02r00,cap8v2m01c02,1,2,0,rigid_collision,Rigid collision,fresh_capability_v2,causal_role_erasure_8mechanism_capability_v2:fresh_simplified_ontology,original_capability_screening_only,original,pre_method_original_only,direct,v2_collision_blue_ball,one small blue rubber ball,v2_single_rigid_target,rolls once from left to right,v2_collision_yellow_block,one tall yellow wooden block,v2_single_rigid_target,the block stands upright and still,fresh_v2_family_match:v2_single_rigid_target,Locked-camera close-up: one tall yellow wooden block stands upright and still. Then one small blue rubber ball rolls once from left to right and strikes one tall yellow wooden block once; the receiver tips over and slides a short distance.,one small blue rubber ball,the receiver tips over and slides a short distance,the receiver stays upright and in its original position,941020,940000 + 1000*mechanism_index + 10*combination_index + repetition_index,49,8,0,16
causal_role_erasure_8mechanism_capability_v2,cap8v2m01c02r01,cap8v2m01c02,1,2,1,rigid_collision,Rigid collision,fresh_capability_v2,causal_role_erasure_8mechanism_capability_v2:fresh_simplified_ontology,original_capability_screening_only,original,pre_method_original_only,direct,v2_collision_blue_ball,one small blue rubber ball,v2_single_rigid_target,rolls once from left to right,v2_collision_yellow_block,one tall yellow wooden block,v2_single_rigid_target,the block stands upright and still,fresh_v2_family_match:v2_single_rigid_target,Locked-camera close-up: one tall yellow wooden block stands upright and still. Then one small blue rubber ball rolls once from left to right and strikes one tall yellow wooden block once; the receiver tips over and slides a short distance.,one small blue rubber ball,the receiver tips over and slides a short distance,the receiver stays upright and in its original position,941021,940000 + 1000*mechanism_index + 10*combination_index + repetition_index,49,8,0,16
causal_role_erasure_8mechanism_capability_v2,cap8v2m01c02r02,cap8v2m01c02,1,2,2,rigid_collision,Rigid collision,fresh_capability_v2,causal_role_erasure_8mechanism_capability_v2:fresh_simplified_ontology,original_capability_screening_only,original,pre_method_original_only,direct,v2_collision_blue_ball,one small blue rubber ball,v2_single_rigid_target,rolls once from left to right,v2_collision_yellow_block,one tall yellow wooden block,v2_single_rigid_target,the block stands upright and still,fresh_v2_family_match:v2_single_rigid_target,Locked-camera close-up: one tall yellow wooden block stands upright and still. Then one small blue rubber ball rolls once from left to right and strikes one tall yellow wooden block once; the receiver tips over and slides a short distance.,one small blue rubber ball,the receiver tips over and slides a short distance,the receiver stays upright and in its original position,941022,940000 + 1000*mechanism_index + 10*combination_index + repetition_index,49,8,0,16
causal_role_erasure_8mechanism_capability_v2,cap8v2m01c03r00,cap8v2m01c03,1,3,0,rigid_collision,Rigid collision,fresh_capability_v2,causal_role_erasure_8mechanism_capability_v2:fresh_simplified_ontology,original_capability_screening_only,original,pre_method_original_only,direct,v2_collision_blue_ball,one small blue rubber ball,v2_single_rigid_target,rolls once from left to right,v2_collision_brown_box,one small brown cardboard box,v2_single_rigid_target,the box stands upright and still,fresh_v2_family_match:v2_single_rigid_target,Locked-camera close-up: one small brown cardboard box stands upright and still. Then one small blue rubber ball rolls once from left to right and strikes one small brown cardboard box once; the receiver tips over and slides a short distance.,one small blue rubber ball,the receiver tips over and slides a short distance,the receiver stays upright and in its original position,941030,940000 + 1000*mechanism_index + 10*combination_index + repetition_index,49,8,0,16
causal_role_erasure_8mechanism_capability_v2,cap8v2m01c03r01,cap8v2m01c03,1,3,1,rigid_collision,Rigid collision,fresh_capability_v2,causal_role_erasure_8mechanism_capability_v2:fresh_simplified_ontology,original_capability_screening_only,original,pre_method_original_only,direct,v2_collision_blue_ball,one small blue rubber ball,v2_single_rigid_target,rolls once from left to right,v2_collision_brown_box,one small brown cardboard box,v2_single_rigid_target,the box stands upright and still,fresh_v2_family_match:v2_single_rigid_target,Locked-camera close-up: one small brown cardboard box stands upright and still. Then one small blue rubber ball rolls once from left to right and strikes one small brown cardboard box once; the receiver tips over and slides a short distance.,one small blue rubber ball,the receiver tips over and slides a short distance,the receiver stays upright and in its original position,941031,940000 + 1000*mechanism_index + 10*combination_index + repetition_index,49,8,0,16
causal_role_erasure_8mechanism_capability_v2,cap8v2m01c03r02,cap8v2m01c03,1,3,2,rigid_collision,Rigid collision,fresh_capability_v2,causal_role_erasure_8mechanism_capability_v2:fresh_simplified_ontology,original_capability_screening_only,original,pre_method_original_only,direct,v2_collision_blue_ball,one small blue rubber ball,v2_single_rigid_target,rolls once from left to right,v2_collision_brown_box,one small brown cardboard box,v2_single_rigid_target,the box stands upright and still,fresh_v2_family_match:v2_single_rigid_target,Locked-camera close-up: one small brown cardboard box stands upright and still. Then one small blue rubber ball rolls once from left to right and strikes one small brown cardboard box once; the receiver tips over and slides a short distance.,one small blue rubber ball,the receiver tips over and slides a short distance,the receiver stays upright and in its original position,941032,940000 + 1000*mechanism_index + 10*combination_index + repetition_index,49,8,0,16
causal_role_erasure_8mechanism_capability_v2,cap8v2m01c04r00,cap8v2m01c04,1,4,0,rigid_collision,Rigid collision,fresh_capability_v2,causal_role_erasure_8mechanism_capability_v2:fresh_simplified_ontology,original_capability_screening_only,original,pre_method_original_only,natural,v2_collision_red_ball,one small red rubber ball,v2_single_rigid_target,rolls once from left to right,v2_collision_yellow_block,one tall yellow wooden block,v2_single_rigid_target,the block stands upright and still,fresh_v2_family_match:v2_single_rigid_target,"Locked-camera close-up: one tall yellow wooden block stands upright and still. One small red rubber ball rolls once from left to right and strikes one tall yellow wooden block once; as a natural result, the receiver tips over and slides a short distance.",one small red rubber ball,the receiver tips over and slides a short distance,the receiver stays upright and in its original position,941040,940000 + 1000*mechanism_index + 10*combination_index + repetition_index,49,8,0,16
causal_role_erasure_8mechanism_capability_v2,cap8v2m01c04r01,cap8v2m01c04,1,4,1,rigid_collision,Rigid collision,fresh_capability_v2,causal_role_erasure_8mechanism_capability_v2:fresh_simplified_ontology,original_capability_screening_only,original,pre_method_original_only,natural,v2_collision_red_ball,one small red rubber ball,v2_single_rigid_target,rolls once from left to right,v2_collision_yellow_block,one tall yellow wooden block,v2_single_rigid_target,the block stands upright and still,fresh_v2_family_match:v2_single_rigid_target,"Locked-camera close-up: one tall yellow wooden block stands upright and still. One small red rubber ball rolls once from left to right and strikes one tall yellow wooden block once; as a natural result, the receiver tips over and slides a short distance.",one small red rubber ball,the receiver tips over and slides a short distance,the receiver stays upright and in its original position,941041,940000 + 1000*mechanism_index + 10*combination_index + repetition_index,49,8,0,16
causal_role_erasure_8mechanism_capability_v2,cap8v2m01c04r02,cap8v2m01c04,1,4,2,rigid_collision,Rigid collision,fresh_capability_v2,causal_role_erasure_8mechanism_capability_v2:fresh_simplified_ontology,original_capability_screening_only,original,pre_method_original_only,natural,v2_collision_red_ball,one small red rubber ball,v2_single_rigid_target,rolls once from left to right,v2_collision_yellow_block,one tall yellow wooden block,v2_single_rigid_target,the block stands upright and still,fresh_v2_family_match:v2_single_rigid_target,"Locked-camera close-up: one tall yellow wooden block stands upright and still. One small red rubber ball rolls once from left to right and strikes one tall yellow wooden block once; as a natural result, the receiver tips over and slides a short distance.",one small red rubber ball,the receiver tips over and slides a short distance,the receiver stays upright and in its original position,941042,940000 + 1000*mechanism_index + 10*combination_index + repetition_index,49,8,0,16
causal_role_erasure_8mechanism_capability_v2,cap8v2m01c05r00,cap8v2m01c05,1,5,0,rigid_collision,Rigid collision,fresh_capability_v2,causal_role_erasure_8mechanism_capability_v2:fresh_simplified_ontology,original_capability_screening_only,original,pre_method_original_only,natural,v2_collision_red_ball,one small red rubber ball,v2_single_rigid_target,rolls once from left to right,v2_collision_brown_box,one small brown cardboard box,v2_single_rigid_target,the box stands upright and still,fresh_v2_family_match:v2_single_rigid_target,"Locked-camera close-up: one small brown cardboard box stands upright and still. One small red rubber ball rolls once from left to right and strikes one small brown cardboard box once; as a natural result, the receiver tips over and slides a short distance.",one small red rubber ball,the receiver tips over and slides a short distance,the receiver stays upright and in its original position,941050,940000 + 1000*mechanism_index + 10*combination_index + repetition_index,49,8,0,16
causal_role_erasure_8mechanism_capability_v2,cap8v2m01c05r01,cap8v2m01c05,1,5,1,rigid_collision,Rigid collision,fresh_capability_v2,causal_role_erasure_8mechanism_capability_v2:fresh_simplified_ontology,original_capability_screening_only,original,pre_method_original_only,natural,v2_collision_red_ball,one small red rubber ball,v2_single_rigid_target,rolls once from left to right,v2_collision_brown_box,one small brown cardboard box,v2_single_rigid_target,the box stands upright and still,fresh_v2_family_match:v2_single_rigid_target,"Locked-camera close-up: one small brown cardboard box stands upright and still. One small red rubber ball rolls once from left to right and strikes one small brown cardboard box once; as a natural result, the receiver tips over and slides a short distance.",one small red rubber ball,the receiver tips over and slides a short distance,the receiver stays upright and in its original position,941051,940000 + 1000*mechanism_index + 10*combination_index + repetition_index,49,8,0,16
causal_role_erasure_8mechanism_capability_v2,cap8v2m01c05r02,cap8v2m01c05,1,5,2,rigid_collision,Rigid collision,fresh_capability_v2,causal_role_erasure_8mechanism_capability_v2:fresh_simplified_ontology,original_capability_screening_only,original,pre_method_original_only,natural,v2_collision_red_ball,one small red rubber ball,v2_single_rigid_target,rolls once from left to right,v2_collision_brown_box,one small brown cardboard box,v2_single_rigid_target,the box stands upright and still,fresh_v2_family_match:v2_single_rigid_target,"Locked-camera close-up: one small brown cardboard box stands upright and still. One small red rubber ball rolls once from left to right and strikes one small brown cardboard box once; as a natural result, the receiver tips over and slides a short distance.",one small red rubber ball,the receiver tips over and slides a short distance,the receiver stays upright and in its original position,941052,940000 + 1000*mechanism_index + 10*combination_index + repetition_index,49,8,0,16
causal_role_erasure_8mechanism_capability_v2,cap8v2m01c06r00,cap8v2m01c06,1,6,0,rigid_collision,Rigid collision,fresh_capability_v2,causal_role_erasure_8mechanism_capability_v2:fresh_simplified_ontology,original_capability_screening_only,original,pre_method_original_only,natural,v2_collision_blue_ball,one small blue rubber ball,v2_single_rigid_target,rolls once from left to right,v2_collision_yellow_block,one tall yellow wooden block,v2_single_rigid_target,the block stands upright and still,fresh_v2_family_match:v2_single_rigid_target,"Locked-camera close-up: one tall yellow wooden block stands upright and still. One small blue rubber ball rolls once from left to right and strikes one tall yellow wooden block once; as a natural result, the receiver tips over and slides a short distance.",one small blue rubber ball,the receiver tips over and slides a short distance,the receiver stays upright and in its original position,941060,940000 + 1000*mechanism_index + 10*combination_index + repetition_index,49,8,0,16
causal_role_erasure_8mechanism_capability_v2,cap8v2m01c06r01,cap8v2m01c06,1,6,1,rigid_collision,Rigid collision,fresh_capability_v2,causal_role_erasure_8mechanism_capability_v2:fresh_simplified_ontology,original_capability_screening_only,original,pre_method_original_only,natural,v2_collision_blue_ball,one small blue rubber ball,v2_single_rigid_target,rolls once from left to right,v2_collision_yellow_block,one tall yellow wooden block,v2_single_rigid_target,the block stands upright and still,fresh_v2_family_match:v2_single_rigid_target,"Locked-camera close-up: one tall yellow wooden block stands upright and still. One small blue rubber ball rolls once from left to right and strikes one tall yellow wooden block once; as a natural result, the receiver tips over and slides a short distance.",one small blue rubber ball,the receiver tips over and slides a short distance,the receiver stays upright and in its original position,941061,940000 + 1000*mechanism_index + 10*combination_index + repetition_index,49,8,0,16
causal_role_erasure_8mechanism_capability_v2,cap8v2m01c06r02,cap8v2m01c06,1,6,2,rigid_collision,Rigid collision,fresh_capability_v2,causal_role_erasure_8mechanism_capability_v2:fresh_simplified_ontology,original_capability_screening_only,original,pre_method_original_only,natural,v2_collision_blue_ball,one small blue rubber ball,v2_single_rigid_target,rolls once from left to right,v2_collision_yellow_block,one tall yellow wooden block,v2_single_rigid_target,the block stands upright and still,fresh_v2_family_match:v2_single_rigid_target,"Locked-camera close-up: one tall yellow wooden block stands upright and still. One small blue rubber ball rolls once from left to right and strikes one tall yellow wooden block once; as a natural result, the receiver tips over and slides a short distance.",one small blue rubber ball,the receiver tips over and slides a short distance,the receiver stays upright and in its original position,941062,940000 + 1000*mechanism_index + 10*combination_index + repetition_index,49,8,0,16
causal_role_erasure_8mechanism_capability_v2,cap8v2m01c07r00,cap8v2m01c07,1,7,0,rigid_collision,Rigid collision,fresh_capability_v2,causal_role_erasure_8mechanism_capability_v2:fresh_simplified_ontology,original_capability_screening_only,original,pre_method_original_only,natural,v2_collision_blue_ball,one small blue rubber ball,v2_single_rigid_target,rolls once from left to right,v2_collision_brown_box,one small brown cardboard box,v2_single_rigid_target,the box stands upright and still,fresh_v2_family_match:v2_single_rigid_target,"Locked-camera close-up: one small brown cardboard box stands upright and still. One small blue rubber ball rolls once from left to right and strikes one small brown cardboard box once; as a natural result, the receiver tips over and slides a short distance.",one small blue rubber ball,the receiver tips over and slides a short distance,the receiver stays upright and in its original position,941070,940000 + 1000*mechanism_index + 10*combination_index + repetition_index,49,8,0,16
causal_role_erasure_8mechanism_capability_v2,cap8v2m01c07r01,cap8v2m01c07,1,7,1,rigid_collision,Rigid collision,fresh_capability_v2,causal_role_erasure_8mechanism_capability_v2:fresh_simplified_ontology,original_capability_screening_only,original,pre_method_original_only,natural,v2_collision_blue_ball,one small blue rubber ball,v2_single_rigid_target,rolls once from left to right,v2_collision_brown_box,one small brown cardboard box,v2_single_rigid_target,the box stands upright and still,fresh_v2_family_match:v2_single_rigid_target,"Locked-camera close-up: one small brown cardboard box stands upright and still. One small blue rubber ball rolls once from left to right and strikes one small brown cardboard box once; as a natural result, the receiver tips over and slides a short distance.",one small blue rubber ball,the receiver tips over and slides a short distance,the receiver stays upright and in its original position,941071,940000 + 1000*mechanism_index + 10*combination_index + repetition_index,49,8,0,16
causal_role_erasure_8mechanism_capability_v2,cap8v2m01c07r02,cap8v2m01c07,1,7,2,rigid_collision,Rigid collision,fresh_capability_v2,causal_role_erasure_8mechanism_capability_v2:fresh_simplified_ontology,original_capability_screening_only,original,pre_method_original_only,natural,v2_collision_blue_ball,one small blue rubber ball,v2_single_rigid_target,rolls once from left to right,v2_collision_brown_box,one small brown cardboard box,v2_single_rigid_target,the box stands upright and still,fresh_v2_family_match:v2_single_rigid_target,"Locked-camera close-up: one small brown cardboard box stands upright and still. One small blue rubber ball rolls once from left to right and strikes one small brown cardboard box once; as a natural result, the receiver tips over and slides a short distance.",one small blue rubber ball,the receiver tips over and slides a short distance,the receiver stays upright and in its original position,941072,940000 + 1000*mechanism_index + 10*combination_index + repetition_index,49,8,0,16
causal_role_erasure_8mechanism_capability_v2,cap8v2m02c00r00,cap8v2m02c00,2,0,0,brittle_fracture,Brittle fracture,fresh_capability_v2,causal_role_erasure_8mechanism_capability_v2:fresh_simplified_ontology,original_capability_screening_only,original,pre_method_original_only,direct,v2_fracture_steel_ball,one polished steel ball,v2_gravity_fracture,falls straight down,v2_fracture_glass_bowl,one clear glass bowl on a dark tabletop,v2_gravity_fracture,the bowl is intact and still,fresh_v2_family_match:v2_gravity_fracture,Locked-camera close-up: one clear glass bowl on a dark tabletop is intact and still. Then one polished steel ball falls straight down and strikes one clear glass bowl on a dark tabletop once; the glass cracks and breaks into several separate pieces.,one polished steel ball,the glass cracks and breaks into several separate pieces,the glass receiver stays intact,942000,940000 + 1000*mechanism_index + 10*combination_index + repetition_index,49,8,0,16
causal_role_erasure_8mechanism_capability_v2,cap8v2m02c00r01,cap8v2m02c00,2,0,1,brittle_fracture,Brittle fracture,fresh_capability_v2,causal_role_erasure_8mechanism_capability_v2:fresh_simplified_ontology,original_capability_screening_only,original,pre_method_original_only,direct,v2_fracture_steel_ball,one polished steel ball,v2_gravity_fracture,falls straight down,v2_fracture_glass_bowl,one clear glass bowl on a dark tabletop,v2_gravity_fracture,the bowl is intact and still,fresh_v2_family_match:v2_gravity_fracture,Locked-camera close-up: one clear glass bowl on a dark tabletop is intact and still. Then one polished steel ball falls straight down and strikes one clear glass bowl on a dark tabletop once; the glass cracks and breaks into several separate pieces.,one polished steel ball,the glass cracks and breaks into several separate pieces,the glass receiver stays intact,942001,940000 + 1000*mechanism_index + 10*combination_index + repetition_index,49,8,0,16
causal_role_erasure_8mechanism_capability_v2,cap8v2m02c00r02,cap8v2m02c00,2,0,2,brittle_fracture,Brittle fracture,fresh_capability_v2,causal_role_erasure_8mechanism_capability_v2:fresh_simplified_ontology,original_capability_screening_only,original,pre_method_original_only,direct,v2_fracture_steel_ball,one polished steel ball,v2_gravity_fracture,falls straight down,v2_fracture_glass_bowl,one clear glass bowl on a dark tabletop,v2_gravity_fracture,the bowl is intact and still,fresh_v2_family_match:v2_gravity_fracture,Locked-camera close-up: one clear glass bowl on a dark tabletop is intact and still. Then one polished steel ball falls straight down and strikes one clear glass bowl on a dark tabletop once; the glass cracks and breaks into several separate pieces.,one polished steel ball,the glass cracks and breaks into several separate pieces,the glass receiver stays intact,942002,940000 + 1000*mechanism_index + 10*combination_index + repetition_index,49,8,0,16
causal_role_erasure_8mechanism_capability_v2,cap8v2m02c01r00,cap8v2m02c01,2,1,0,brittle_fracture,Brittle fracture,fresh_capability_v2,causal_role_erasure_8mechanism_capability_v2:fresh_simplified_ontology,original_capability_screening_only,original,pre_method_original_only,direct,v2_fracture_steel_ball,one polished steel ball,v2_gravity_fracture,falls straight down,v2_fracture_glass_pane,one thin clear glass pane lying flat on two dark supports,v2_gravity_fracture,the pane is intact and still,fresh_v2_family_match:v2_gravity_fracture,Locked-camera close-up: one thin clear glass pane lying flat on two dark supports is intact and still. Then one polished steel ball falls straight down and strikes one thin clear glass pane lying flat on two dark supports once; the glass cracks and breaks into several separate pieces.,one polished steel ball,the glass cracks and breaks into several separate pieces,the glass receiver stays intact,942010,940000 + 1000*mechanism_index + 10*combination_index + repetition_index,49,8,0,16
causal_role_erasure_8mechanism_capability_v2,cap8v2m02c01r01,cap8v2m02c01,2,1,1,brittle_fracture,Brittle fracture,fresh_capability_v2,causal_role_erasure_8mechanism_capability_v2:fresh_simplified_ontology,original_capability_screening_only,original,pre_method_original_only,direct,v2_fracture_steel_ball,one polished steel ball,v2_gravity_fracture,falls straight down,v2_fracture_glass_pane,one thin clear glass pane lying flat on two dark supports,v2_gravity_fracture,the pane is intact and still,fresh_v2_family_match:v2_gravity_fracture,Locked-camera close-up: one thin clear glass pane lying flat on two dark supports is intact and still. Then one polished steel ball falls straight down and strikes one thin clear glass pane lying flat on two dark supports once; the glass cracks and breaks into several separate pieces.,one polished steel ball,the glass cracks and breaks into several separate pieces,the glass receiver stays intact,942011,940000 + 1000*mechanism_index + 10*combination_index + repetition_index,49,8,0,16
causal_role_erasure_8mechanism_capability_v2,cap8v2m02c01r02,cap8v2m02c01,2,1,2,brittle_fracture,Brittle fracture,fresh_capability_v2,causal_role_erasure_8mechanism_capability_v2:fresh_simplified_ontology,original_capability_screening_only,original,pre_method_original_only,direct,v2_fracture_steel_ball,one polished steel ball,v2_gravity_fracture,falls straight down,v2_fracture_glass_pane,one thin clear glass pane lying flat on two dark supports,v2_gravity_fracture,the pane is intact and still,fresh_v2_family_match:v2_gravity_fracture,Locked-camera close-up: one thin clear glass pane lying flat on two dark supports is intact and still. Then one polished steel ball falls straight down and strikes one thin clear glass pane lying flat on two dark supports once; the glass cracks and breaks into several separate pieces.,one polished steel ball,the glass cracks and breaks into several separate pieces,the glass receiver stays intact,942012,940000 + 1000*mechanism_index + 10*combination_index + repetition_index,49,8,0,16
causal_role_erasure_8mechanism_capability_v2,cap8v2m02c02r00,cap8v2m02c02,2,2,0,brittle_fracture,Brittle fracture,fresh_capability_v2,causal_role_erasure_8mechanism_capability_v2:fresh_simplified_ontology,original_capability_screening_only,original,pre_method_original_only,direct,v2_fracture_gray_stone,one smooth gray stone,v2_gravity_fracture,falls straight down,v2_fracture_glass_bowl,one clear glass bowl on a dark tabletop,v2_gravity_fracture,the bowl is intact and still,fresh_v2_family_match:v2_gravity_fracture,Locked-camera close-up: one clear glass bowl on a dark tabletop is intact and still. Then one smooth gray stone falls straight down and strikes one clear glass bowl on a dark tabletop once; the glass cracks and breaks into several separate pieces.,one smooth gray stone,the glass cracks and breaks into several separate pieces,the glass receiver stays intact,942020,940000 + 1000*mechanism_index + 10*combination_index + repetition_index,49,8,0,16
causal_role_erasure_8mechanism_capability_v2,cap8v2m02c02r01,cap8v2m02c02,2,2,1,brittle_fracture,Brittle fracture,fresh_capability_v2,causal_role_erasure_8mechanism_capability_v2:fresh_simplified_ontology,original_capability_screening_only,original,pre_method_original_only,direct,v2_fracture_gray_stone,one smooth gray stone,v2_gravity_fracture,falls straight down,v2_fracture_glass_bowl,one clear glass bowl on a dark tabletop,v2_gravity_fracture,the bowl is intact and still,fresh_v2_family_match:v2_gravity_fracture,Locked-camera close-up: one clear glass bowl on a dark tabletop is intact and still. Then one smooth gray stone falls straight down and strikes one clear glass bowl on a dark tabletop once; the glass cracks and breaks into several separate pieces.,one smooth gray stone,the glass cracks and breaks into several separate pieces,the glass receiver stays intact,942021,940000 + 1000*mechanism_index + 10*combination_index + repetition_index,49,8,0,16
causal_role_erasure_8mechanism_capability_v2,cap8v2m02c02r02,cap8v2m02c02,2,2,2,brittle_fracture,Brittle fracture,fresh_capability_v2,causal_role_erasure_8mechanism_capability_v2:fresh_simplified_ontology,original_capability_screening_only,original,pre_method_original_only,direct,v2_fracture_gray_stone,one smooth gray stone,v2_gravity_fracture,falls straight down,v2_fracture_glass_bowl,one clear glass bowl on a dark tabletop,v2_gravity_fracture,the bowl is intact and still,fresh_v2_family_match:v2_gravity_fracture,Locked-camera close-up: one clear glass bowl on a dark tabletop is intact and still. Then one smooth gray stone falls straight down and strikes one clear glass bowl on a dark tabletop once; the glass cracks and breaks into several separate pieces.,one smooth gray stone,the glass cracks and breaks into several separate pieces,the glass receiver stays intact,942022,940000 + 1000*mechanism_index + 10*combination_index + repetition_index,49,8,0,16
causal_role_erasure_8mechanism_capability_v2,cap8v2m02c03r00,cap8v2m02c03,2,3,0,brittle_fracture,Brittle fracture,fresh_capability_v2,causal_role_erasure_8mechanism_capability_v2:fresh_simplified_ontology,original_capability_screening_only,original,pre_method_original_only,direct,v2_fracture_gray_stone,one smooth gray stone,v2_gravity_fracture,falls straight down,v2_fracture_glass_pane,one thin clear glass pane lying flat on two dark supports,v2_gravity_fracture,the pane is intact and still,fresh_v2_family_match:v2_gravity_fracture,Locked-camera close-up: one thin clear glass pane lying flat on two dark supports is intact and still. Then one smooth gray stone falls straight down and strikes one thin clear glass pane lying flat on two dark supports once; the glass cracks and breaks into several separate pieces.,one smooth gray stone,the glass cracks and breaks into several separate pieces,the glass receiver stays intact,942030,940000 + 1000*mechanism_index + 10*combination_index + repetition_index,49,8,0,16
causal_role_erasure_8mechanism_capability_v2,cap8v2m02c03r01,cap8v2m02c03,2,3,1,brittle_fracture,Brittle fracture,fresh_capability_v2,causal_role_erasure_8mechanism_capability_v2:fresh_simplified_ontology,original_capability_screening_only,original,pre_method_original_only,direct,v2_fracture_gray_stone,one smooth gray stone,v2_gravity_fracture,falls straight down,v2_fracture_glass_pane,one thin clear glass pane lying flat on two dark supports,v2_gravity_fracture,the pane is intact and still,fresh_v2_family_match:v2_gravity_fracture,Locked-camera close-up: one thin clear glass pane lying flat on two dark supports is intact and still. Then one smooth gray stone falls straight down and strikes one thin clear glass pane lying flat on two dark supports once; the glass cracks and breaks into several separate pieces.,one smooth gray stone,the glass cracks and breaks into several separate pieces,the glass receiver stays intact,942031,940000 + 1000*mechanism_index + 10*combination_index + repetition_index,49,8,0,16
causal_role_erasure_8mechanism_capability_v2,cap8v2m02c03r02,cap8v2m02c03,2,3,2,brittle_fracture,Brittle fracture,fresh_capability_v2,causal_role_erasure_8mechanism_capability_v2:fresh_simplified_ontology,original_capability_screening_only,original,pre_method_original_only,direct,v2_fracture_gray_stone,one smooth gray stone,v2_gravity_fracture,falls straight down,v2_fracture_glass_pane,one thin clear glass pane lying flat on two dark supports,v2_gravity_fracture,the pane is intact and still,fresh_v2_family_match:v2_gravity_fracture,Locked-camera close-up: one thin clear glass pane lying flat on two dark supports is intact and still. Then one smooth gray stone falls straight down and strikes one thin clear glass pane lying flat on two dark supports once; the glass cracks and breaks into several separate pieces.,one smooth gray stone,the glass cracks and breaks into several separate pieces,the glass receiver stays intact,942032,940000 + 1000*mechanism_index + 10*combination_index + repetition_index,49,8,0,16
causal_role_erasure_8mechanism_capability_v2,cap8v2m02c04r00,cap8v2m02c04,2,4,0,brittle_fracture,Brittle fracture,fresh_capability_v2,causal_role_erasure_8mechanism_capability_v2:fresh_simplified_ontology,original_capability_screening_only,original,pre_method_original_only,natural,v2_fracture_steel_ball,one polished steel ball,v2_gravity_fracture,falls straight down,v2_fracture_glass_bowl,one clear glass bowl on a dark tabletop,v2_gravity_fracture,the bowl is intact and still,fresh_v2_family_match:v2_gravity_fracture,"Locked-camera close-up: one clear glass bowl on a dark tabletop is intact and still. One polished steel ball falls straight down and strikes one clear glass bowl on a dark tabletop once; as a natural result, the glass cracks and breaks into several separate pieces.",one polished steel ball,the glass cracks and breaks into several separate pieces,the glass receiver stays intact,942040,940000 + 1000*mechanism_index + 10*combination_index + repetition_index,49,8,0,16
causal_role_erasure_8mechanism_capability_v2,cap8v2m02c04r01,cap8v2m02c04,2,4,1,brittle_fracture,Brittle fracture,fresh_capability_v2,causal_role_erasure_8mechanism_capability_v2:fresh_simplified_ontology,original_capability_screening_only,original,pre_method_original_only,natural,v2_fracture_steel_ball,one polished steel ball,v2_gravity_fracture,falls straight down,v2_fracture_glass_bowl,one clear glass bowl on a dark tabletop,v2_gravity_fracture,the bowl is intact and still,fresh_v2_family_match:v2_gravity_fracture,"Locked-camera close-up: one clear glass bowl on a dark tabletop is intact and still. One polished steel ball falls straight down and strikes one clear glass bowl on a dark tabletop once; as a natural result, the glass cracks and breaks into several separate pieces.",one polished steel ball,the glass cracks and breaks into several separate pieces,the glass receiver stays intact,942041,940000 + 1000*mechanism_index + 10*combination_index + repetition_index,49,8,0,16
causal_role_erasure_8mechanism_capability_v2,cap8v2m02c04r02,cap8v2m02c04,2,4,2,brittle_fracture,Brittle fracture,fresh_capability_v2,causal_role_erasure_8mechanism_capability_v2:fresh_simplified_ontology,original_capability_screening_only,original,pre_method_original_only,natural,v2_fracture_steel_ball,one polished steel ball,v2_gravity_fracture,falls straight down,v2_fracture_glass_bowl,one clear glass bowl on a dark tabletop,v2_gravity_fracture,the bowl is intact and still,fresh_v2_family_match:v2_gravity_fracture,"Locked-camera close-up: one clear glass bowl on a dark tabletop is intact and still. One polished steel ball falls straight down and strikes one clear glass bowl on a dark tabletop once; as a natural result, the glass cracks and breaks into several separate pieces.",one polished steel ball,the glass cracks and breaks into several separate pieces,the glass receiver stays intact,942042,940000 + 1000*mechanism_index + 10*combination_index + repetition_index,49,8,0,16
causal_role_erasure_8mechanism_capability_v2,cap8v2m02c05r00,cap8v2m02c05,2,5,0,brittle_fracture,Brittle fracture,fresh_capability_v2,causal_role_erasure_8mechanism_capability_v2:fresh_simplified_ontology,original_capability_screening_only,original,pre_method_original_only,natural,v2_fracture_steel_ball,one polished steel ball,v2_gravity_fracture,falls straight down,v2_fracture_glass_pane,one thin clear glass pane lying flat on two dark supports,v2_gravity_fracture,the pane is intact and still,fresh_v2_family_match:v2_gravity_fracture,"Locked-camera close-up: one thin clear glass pane lying flat on two dark supports is intact and still. One polished steel ball falls straight down and strikes one thin clear glass pane lying flat on two dark supports once; as a natural result, the glass cracks and breaks into several separate pieces.",one polished steel ball,the glass cracks and breaks into several separate pieces,the glass receiver stays intact,942050,940000 + 1000*mechanism_index + 10*combination_index + repetition_index,49,8,0,16
causal_role_erasure_8mechanism_capability_v2,cap8v2m02c05r01,cap8v2m02c05,2,5,1,brittle_fracture,Brittle fracture,fresh_capability_v2,causal_role_erasure_8mechanism_capability_v2:fresh_simplified_ontology,original_capability_screening_only,original,pre_method_original_only,natural,v2_fracture_steel_ball,one polished steel ball,v2_gravity_fracture,falls straight down,v2_fracture_glass_pane,one thin clear glass pane lying flat on two dark supports,v2_gravity_fracture,the pane is intact and still,fresh_v2_family_match:v2_gravity_fracture,"Locked-camera close-up: one thin clear glass pane lying flat on two dark supports is intact and still. One polished steel ball falls straight down and strikes one thin clear glass pane lying flat on two dark supports once; as a natural result, the glass cracks and breaks into several separate pieces.",one polished steel ball,the glass cracks and breaks into several separate pieces,the glass receiver stays intact,942051,940000 + 1000*mechanism_index + 10*combination_index + repetition_index,49,8,0,16
causal_role_erasure_8mechanism_capability_v2,cap8v2m02c05r02,cap8v2m02c05,2,5,2,brittle_fracture,Brittle fracture,fresh_capability_v2,causal_role_erasure_8mechanism_capability_v2:fresh_simplified_ontology,original_capability_screening_only,original,pre_method_original_only,natural,v2_fracture_steel_ball,one polished steel ball,v2_gravity_fracture,falls straight down,v2_fracture_glass_pane,one thin clear glass pane lying flat on two dark supports,v2_gravity_fracture,the pane is intact and still,fresh_v2_family_match:v2_gravity_fracture,"Locked-camera close-up: one thin clear glass pane lying flat on two dark supports is intact and still. One polished steel ball falls straight down and strikes one thin clear glass pane lying flat on two dark supports once; as a natural result, the glass cracks and breaks into several separate pieces.",one polished steel ball,the glass cracks and breaks into several separate pieces,the glass receiver stays intact,942052,940000 + 1000*mechanism_index + 10*combination_index + repetition_index,49,8,0,16
causal_role_erasure_8mechanism_capability_v2,cap8v2m02c06r00,cap8v2m02c06,2,6,0,brittle_fracture,Brittle fracture,fresh_capability_v2,causal_role_erasure_8mechanism_capability_v2:fresh_simplified_ontology,original_capability_screening_only,original,pre_method_original_only,natural,v2_fracture_gray_stone,one smooth gray stone,v2_gravity_fracture,falls straight down,v2_fracture_glass_bowl,one clear glass bowl on a dark tabletop,v2_gravity_fracture,the bowl is intact and still,fresh_v2_family_match:v2_gravity_fracture,"Locked-camera close-up: one clear glass bowl on a dark tabletop is intact and still. One smooth gray stone falls straight down and strikes one clear glass bowl on a dark tabletop once; as a natural result, the glass cracks and breaks into several separate pieces.",one smooth gray stone,the glass cracks and breaks into several separate pieces,the glass receiver stays intact,942060,940000 + 1000*mechanism_index + 10*combination_index + repetition_index,49,8,0,16
causal_role_erasure_8mechanism_capability_v2,cap8v2m02c06r01,cap8v2m02c06,2,6,1,brittle_fracture,Brittle fracture,fresh_capability_v2,causal_role_erasure_8mechanism_capability_v2:fresh_simplified_ontology,original_capability_screening_only,original,pre_method_original_only,natural,v2_fracture_gray_stone,one smooth gray stone,v2_gravity_fracture,falls straight down,v2_fracture_glass_bowl,one clear glass bowl on a dark tabletop,v2_gravity_fracture,the bowl is intact and still,fresh_v2_family_match:v2_gravity_fracture,"Locked-camera close-up: one clear glass bowl on a dark tabletop is intact and still. One smooth gray stone falls straight down and strikes one clear glass bowl on a dark tabletop once; as a natural result, the glass cracks and breaks into several separate pieces.",one smooth gray stone,the glass cracks and breaks into several separate pieces,the glass receiver stays intact,942061,940000 + 1000*mechanism_index + 10*combination_index + repetition_index,49,8,0,16
causal_role_erasure_8mechanism_capability_v2,cap8v2m02c06r02,cap8v2m02c06,2,6,2,brittle_fracture,Brittle fracture,fresh_capability_v2,causal_role_erasure_8mechanism_capability_v2:fresh_simplified_ontology,original_capability_screening_only,original,pre_method_original_only,natural,v2_fracture_gray_stone,one smooth gray stone,v2_gravity_fracture,falls straight down,v2_fracture_glass_bowl,one clear glass bowl on a dark tabletop,v2_gravity_fracture,the bowl is intact and still,fresh_v2_family_match:v2_gravity_fracture,"Locked-camera close-up: one clear glass bowl on a dark tabletop is intact and still. One smooth gray stone falls straight down and strikes one clear glass bowl on a dark tabletop once; as a natural result, the glass cracks and breaks into several separate pieces.",one smooth gray stone,the glass cracks and breaks into several separate pieces,the glass receiver stays intact,942062,940000 + 1000*mechanism_index + 10*combination_index + repetition_index,49,8,0,16
causal_role_erasure_8mechanism_capability_v2,cap8v2m02c07r00,cap8v2m02c07,2,7,0,brittle_fracture,Brittle fracture,fresh_capability_v2,causal_role_erasure_8mechanism_capability_v2:fresh_simplified_ontology,original_capability_screening_only,original,pre_method_original_only,natural,v2_fracture_gray_stone,one smooth gray stone,v2_gravity_fracture,falls straight down,v2_fracture_glass_pane,one thin clear glass pane lying flat on two dark supports,v2_gravity_fracture,the pane is intact and still,fresh_v2_family_match:v2_gravity_fracture,"Locked-camera close-up: one thin clear glass pane lying flat on two dark supports is intact and still. One smooth gray stone falls straight down and strikes one thin clear glass pane lying flat on two dark supports once; as a natural result, the glass cracks and breaks into several separate pieces.",one smooth gray stone,the glass cracks and breaks into several separate pieces,the glass receiver stays intact,942070,940000 + 1000*mechanism_index + 10*combination_index + repetition_index,49,8,0,16
causal_role_erasure_8mechanism_capability_v2,cap8v2m02c07r01,cap8v2m02c07,2,7,1,brittle_fracture,Brittle fracture,fresh_capability_v2,causal_role_erasure_8mechanism_capability_v2:fresh_simplified_ontology,original_capability_screening_only,original,pre_method_original_only,natural,v2_fracture_gray_stone,one smooth gray stone,v2_gravity_fracture,falls straight down,v2_fracture_glass_pane,one thin clear glass pane lying flat on two dark supports,v2_gravity_fracture,the pane is intact and still,fresh_v2_family_match:v2_gravity_fracture,"Locked-camera close-up: one thin clear glass pane lying flat on two dark supports is intact and still. One smooth gray stone falls straight down and strikes one thin clear glass pane lying flat on two dark supports once; as a natural result, the glass cracks and breaks into several separate pieces.",one smooth gray stone,the glass cracks and breaks into several separate pieces,the glass receiver stays intact,942071,940000 + 1000*mechanism_index + 10*combination_index + repetition_index,49,8,0,16
causal_role_erasure_8mechanism_capability_v2,cap8v2m02c07r02,cap8v2m02c07,2,7,2,brittle_fracture,Brittle fracture,fresh_capability_v2,causal_role_erasure_8mechanism_capability_v2:fresh_simplified_ontology,original_capability_screening_only,original,pre_method_original_only,natural,v2_fracture_gray_stone,one smooth gray stone,v2_gravity_fracture,falls straight down,v2_fracture_glass_pane,one thin clear glass pane lying flat on two dark supports,v2_gravity_fracture,the pane is intact and still,fresh_v2_family_match:v2_gravity_fracture,"Locked-camera close-up: one thin clear glass pane lying flat on two dark supports is intact and still. One smooth gray stone falls straight down and strikes one thin clear glass pane lying flat on two dark supports once; as a natural result, the glass cracks and breaks into several separate pieces.",one smooth gray stone,the glass cracks and breaks into several separate pieces,the glass receiver stays intact,942072,940000 + 1000*mechanism_index + 10*combination_index + repetition_index,49,8,0,16
causal_role_erasure_8mechanism_capability_v2,cap8v2m03c00r00,cap8v2m03c00,3,0,0,powder_impact,Powder impact,fresh_capability_v2,causal_role_erasure_8mechanism_capability_v2:fresh_simplified_ontology,original_capability_screening_only,original,pre_method_original_only,direct,v2_powder_steel_ball,one polished steel ball,v2_powder_impact,falls straight down,v2_powder_white_flour,a shallow black tray filled with white flour,v2_powder_impact,the flour surface is flat and still,fresh_v2_family_match:v2_powder_impact,"Locked-camera close-up: a shallow black tray filled with white flour has a flat, still surface. Then one polished steel ball falls straight down into the center of a shallow black tray filled with white flour; one short dust puff leaves a clear impact crater.",one polished steel ball,one short dust puff leaves a clear impact crater,the powder bed stays flat and undisturbed,943000,940000 + 1000*mechanism_index + 10*combination_index + repetition_index,49,8,0,16
causal_role_erasure_8mechanism_capability_v2,cap8v2m03c00r01,cap8v2m03c00,3,0,1,powder_impact,Powder impact,fresh_capability_v2,causal_role_erasure_8mechanism_capability_v2:fresh_simplified_ontology,original_capability_screening_only,original,pre_method_original_only,direct,v2_powder_steel_ball,one polished steel ball,v2_powder_impact,falls straight down,v2_powder_white_flour,a shallow black tray filled with white flour,v2_powder_impact,the flour surface is flat and still,fresh_v2_family_match:v2_powder_impact,"Locked-camera close-up: a shallow black tray filled with white flour has a flat, still surface. Then one polished steel ball falls straight down into the center of a shallow black tray filled with white flour; one short dust puff leaves a clear impact crater.",one polished steel ball,one short dust puff leaves a clear impact crater,the powder bed stays flat and undisturbed,943001,940000 + 1000*mechanism_index + 10*combination_index + repetition_index,49,8,0,16
causal_role_erasure_8mechanism_capability_v2,cap8v2m03c00r02,cap8v2m03c00,3,0,2,powder_impact,Powder impact,fresh_capability_v2,causal_role_erasure_8mechanism_capability_v2:fresh_simplified_ontology,original_capability_screening_only,original,pre_method_original_only,direct,v2_powder_steel_ball,one polished steel ball,v2_powder_impact,falls straight down,v2_powder_white_flour,a shallow black tray filled with white flour,v2_powder_impact,the flour surface is flat and still,fresh_v2_family_match:v2_powder_impact,"Locked-camera close-up: a shallow black tray filled with white flour has a flat, still surface. Then one polished steel ball falls straight down into the center of a shallow black tray filled with white flour; one short dust puff leaves a clear impact crater.",one polished steel ball,one short dust puff leaves a clear impact crater,the powder bed stays flat and undisturbed,943002,940000 + 1000*mechanism_index + 10*combination_index + repetition_index,49,8,0,16
causal_role_erasure_8mechanism_capability_v2,cap8v2m03c01r00,cap8v2m03c01,3,1,0,powder_impact,Powder impact,fresh_capability_v2,causal_role_erasure_8mechanism_capability_v2:fresh_simplified_ontology,original_capability_screening_only,original,pre_method_original_only,direct,v2_powder_steel_ball,one polished steel ball,v2_powder_impact,falls straight down,v2_powder_tan_sand,a shallow black tray filled with fine tan sand,v2_powder_impact,the sand surface is flat and still,fresh_v2_family_match:v2_powder_impact,"Locked-camera close-up: a shallow black tray filled with fine tan sand has a flat, still surface. Then one polished steel ball falls straight down into the center of a shallow black tray filled with fine tan sand; one short dust puff leaves a clear impact crater.",one polished steel ball,one short dust puff leaves a clear impact crater,the powder bed stays flat and undisturbed,943010,940000 + 1000*mechanism_index + 10*combination_index + repetition_index,49,8,0,16
causal_role_erasure_8mechanism_capability_v2,cap8v2m03c01r01,cap8v2m03c01,3,1,1,powder_impact,Powder impact,fresh_capability_v2,causal_role_erasure_8mechanism_capability_v2:fresh_simplified_ontology,original_capability_screening_only,original,pre_method_original_only,direct,v2_powder_steel_ball,one polished steel ball,v2_powder_impact,falls straight down,v2_powder_tan_sand,a shallow black tray filled with fine tan sand,v2_powder_impact,the sand surface is flat and still,fresh_v2_family_match:v2_powder_impact,"Locked-camera close-up: a shallow black tray filled with fine tan sand has a flat, still surface. Then one polished steel ball falls straight down into the center of a shallow black tray filled with fine tan sand; one short dust puff leaves a clear impact crater.",one polished steel ball,one short dust puff leaves a clear impact crater,the powder bed stays flat and undisturbed,943011,940000 + 1000*mechanism_index + 10*combination_index + repetition_index,49,8,0,16
causal_role_erasure_8mechanism_capability_v2,cap8v2m03c01r02,cap8v2m03c01,3,1,2,powder_impact,Powder impact,fresh_capability_v2,causal_role_erasure_8mechanism_capability_v2:fresh_simplified_ontology,original_capability_screening_only,original,pre_method_original_only,direct,v2_powder_steel_ball,one polished steel ball,v2_powder_impact,falls straight down,v2_powder_tan_sand,a shallow black tray filled with fine tan sand,v2_powder_impact,the sand surface is flat and still,fresh_v2_family_match:v2_powder_impact,"Locked-camera close-up: a shallow black tray filled with fine tan sand has a flat, still surface. Then one polished steel ball falls straight down into the center of a shallow black tray filled with fine tan sand; one short dust puff leaves a clear impact crater.",one polished steel ball,one short dust puff leaves a clear impact crater,the powder bed stays flat and undisturbed,943012,940000 + 1000*mechanism_index + 10*combination_index + repetition_index,49,8,0,16
causal_role_erasure_8mechanism_capability_v2,cap8v2m03c02r00,cap8v2m03c02,3,2,0,powder_impact,Powder impact,fresh_capability_v2,causal_role_erasure_8mechanism_capability_v2:fresh_simplified_ontology,original_capability_screening_only,original,pre_method_original_only,direct,v2_powder_blue_cube,one small blue wooden cube,v2_powder_impact,falls straight down,v2_powder_white_flour,a shallow black tray filled with white flour,v2_powder_impact,the flour surface is flat and still,fresh_v2_family_match:v2_powder_impact,"Locked-camera close-up: a shallow black tray filled with white flour has a flat, still surface. Then one small blue wooden cube falls straight down into the center of a shallow black tray filled with white flour; one short dust puff leaves a clear impact crater.",one small blue wooden cube,one short dust puff leaves a clear impact crater,the powder bed stays flat and undisturbed,943020,940000 + 1000*mechanism_index + 10*combination_index + repetition_index,49,8,0,16
causal_role_erasure_8mechanism_capability_v2,cap8v2m03c02r01,cap8v2m03c02,3,2,1,powder_impact,Powder impact,fresh_capability_v2,causal_role_erasure_8mechanism_capability_v2:fresh_simplified_ontology,original_capability_screening_only,original,pre_method_original_only,direct,v2_powder_blue_cube,one small blue wooden cube,v2_powder_impact,falls straight down,v2_powder_white_flour,a shallow black tray filled with white flour,v2_powder_impact,the flour surface is flat and still,fresh_v2_family_match:v2_powder_impact,"Locked-camera close-up: a shallow black tray filled with white flour has a flat, still surface. Then one small blue wooden cube falls straight down into the center of a shallow black tray filled with white flour; one short dust puff leaves a clear impact crater.",one small blue wooden cube,one short dust puff leaves a clear impact crater,the powder bed stays flat and undisturbed,943021,940000 + 1000*mechanism_index + 10*combination_index + repetition_index,49,8,0,16
causal_role_erasure_8mechanism_capability_v2,cap8v2m03c02r02,cap8v2m03c02,3,2,2,powder_impact,Powder impact,fresh_capability_v2,causal_role_erasure_8mechanism_capability_v2:fresh_simplified_ontology,original_capability_screening_only,original,pre_method_original_only,direct,v2_powder_blue_cube,one small blue wooden cube,v2_powder_impact,falls straight down,v2_powder_white_flour,a shallow black tray filled with white flour,v2_powder_impact,the flour surface is flat and still,fresh_v2_family_match:v2_powder_impact,"Locked-camera close-up: a shallow black tray filled with white flour has a flat, still surface. Then one small blue wooden cube falls straight down into the center of a shallow black tray filled with white flour; one short dust puff leaves a clear impact crater.",one small blue wooden cube,one short dust puff leaves a clear impact crater,the powder bed stays flat and undisturbed,943022,940000 + 1000*mechanism_index + 10*combination_index + repetition_index,49,8,0,16
causal_role_erasure_8mechanism_capability_v2,cap8v2m03c03r00,cap8v2m03c03,3,3,0,powder_impact,Powder impact,fresh_capability_v2,causal_role_erasure_8mechanism_capability_v2:fresh_simplified_ontology,original_capability_screening_only,original,pre_method_original_only,direct,v2_powder_blue_cube,one small blue wooden cube,v2_powder_impact,falls straight down,v2_powder_tan_sand,a shallow black tray filled with fine tan sand,v2_powder_impact,the sand surface is flat and still,fresh_v2_family_match:v2_powder_impact,"Locked-camera close-up: a shallow black tray filled with fine tan sand has a flat, still surface. Then one small blue wooden cube falls straight down into the center of a shallow black tray filled with fine tan sand; one short dust puff leaves a clear impact crater.",one small blue wooden cube,one short dust puff leaves a clear impact crater,the powder bed stays flat and undisturbed,943030,940000 + 1000*mechanism_index + 10*combination_index + repetition_index,49,8,0,16
causal_role_erasure_8mechanism_capability_v2,cap8v2m03c03r01,cap8v2m03c03,3,3,1,powder_impact,Powder impact,fresh_capability_v2,causal_role_erasure_8mechanism_capability_v2:fresh_simplified_ontology,original_capability_screening_only,original,pre_method_original_only,direct,v2_powder_blue_cube,one small blue wooden cube,v2_powder_impact,falls straight down,v2_powder_tan_sand,a shallow black tray filled with fine tan sand,v2_powder_impact,the sand surface is flat and still,fresh_v2_family_match:v2_powder_impact,"Locked-camera close-up: a shallow black tray filled with fine tan sand has a flat, still surface. Then one small blue wooden cube falls straight down into the center of a shallow black tray filled with fine tan sand; one short dust puff leaves a clear impact crater.",one small blue wooden cube,one short dust puff leaves a clear impact crater,the powder bed stays flat and undisturbed,943031,940000 + 1000*mechanism_index + 10*combination_index + repetition_index,49,8,0,16
causal_role_erasure_8mechanism_capability_v2,cap8v2m03c03r02,cap8v2m03c03,3,3,2,powder_impact,Powder impact,fresh_capability_v2,causal_role_erasure_8mechanism_capability_v2:fresh_simplified_ontology,original_capability_screening_only,original,pre_method_original_only,direct,v2_powder_blue_cube,one small blue wooden cube,v2_powder_impact,falls straight down,v2_powder_tan_sand,a shallow black tray filled with fine tan sand,v2_powder_impact,the sand surface is flat and still,fresh_v2_family_match:v2_powder_impact,"Locked-camera close-up: a shallow black tray filled with fine tan sand has a flat, still surface. Then one small blue wooden cube falls straight down into the center of a shallow black tray filled with fine tan sand; one short dust puff leaves a clear impact crater.",one small blue wooden cube,one short dust puff leaves a clear impact crater,the powder bed stays flat and undisturbed,943032,940000 + 1000*mechanism_index + 10*combination_index + repetition_index,49,8,0,16
causal_role_erasure_8mechanism_capability_v2,cap8v2m03c04r00,cap8v2m03c04,3,4,0,powder_impact,Powder impact,fresh_capability_v2,causal_role_erasure_8mechanism_capability_v2:fresh_simplified_ontology,original_capability_screening_only,original,pre_method_original_only,natural,v2_powder_steel_ball,one polished steel ball,v2_powder_impact,falls straight down,v2_powder_white_flour,a shallow black tray filled with white flour,v2_powder_impact,the flour surface is flat and still,fresh_v2_family_match:v2_powder_impact,"Locked-camera close-up: a shallow black tray filled with white flour has a flat, still surface. One polished steel ball falls straight down into the center of a shallow black tray filled with white flour; as a natural result, one short dust puff leaves a clear impact crater.",one polished steel ball,one short dust puff leaves a clear impact crater,the powder bed stays flat and undisturbed,943040,940000 + 1000*mechanism_index + 10*combination_index + repetition_index,49,8,0,16
causal_role_erasure_8mechanism_capability_v2,cap8v2m03c04r01,cap8v2m03c04,3,4,1,powder_impact,Powder impact,fresh_capability_v2,causal_role_erasure_8mechanism_capability_v2:fresh_simplified_ontology,original_capability_screening_only,original,pre_method_original_only,natural,v2_powder_steel_ball,one polished steel ball,v2_powder_impact,falls straight down,v2_powder_white_flour,a shallow black tray filled with white flour,v2_powder_impact,the flour surface is flat and still,fresh_v2_family_match:v2_powder_impact,"Locked-camera close-up: a shallow black tray filled with white flour has a flat, still surface. One polished steel ball falls straight down into the center of a shallow black tray filled with white flour; as a natural result, one short dust puff leaves a clear impact crater.",one polished steel ball,one short dust puff leaves a clear impact crater,the powder bed stays flat and undisturbed,943041,940000 + 1000*mechanism_index + 10*combination_index + repetition_index,49,8,0,16
causal_role_erasure_8mechanism_capability_v2,cap8v2m03c04r02,cap8v2m03c04,3,4,2,powder_impact,Powder impact,fresh_capability_v2,causal_role_erasure_8mechanism_capability_v2:fresh_simplified_ontology,original_capability_screening_only,original,pre_method_original_only,natural,v2_powder_steel_ball,one polished steel ball,v2_powder_impact,falls straight down,v2_powder_white_flour,a shallow black tray filled with white flour,v2_powder_impact,the flour surface is flat and still,fresh_v2_family_match:v2_powder_impact,"Locked-camera close-up: a shallow black tray filled with white flour has a flat, still surface. One polished steel ball falls straight down into the center of a shallow black tray filled with white flour; as a natural result, one short dust puff leaves a clear impact crater.",one polished steel ball,one short dust puff leaves a clear impact crater,the powder bed stays flat and undisturbed,943042,940000 + 1000*mechanism_index + 10*combination_index + repetition_index,49,8,0,16
causal_role_erasure_8mechanism_capability_v2,cap8v2m03c05r00,cap8v2m03c05,3,5,0,powder_impact,Powder impact,fresh_capability_v2,causal_role_erasure_8mechanism_capability_v2:fresh_simplified_ontology,original_capability_screening_only,original,pre_method_original_only,natural,v2_powder_steel_ball,one polished steel ball,v2_powder_impact,falls straight down,v2_powder_tan_sand,a shallow black tray filled with fine tan sand,v2_powder_impact,the sand surface is flat and still,fresh_v2_family_match:v2_powder_impact,"Locked-camera close-up: a shallow black tray filled with fine tan sand has a flat, still surface. One polished steel ball falls straight down into the center of a shallow black tray filled with fine tan sand; as a natural result, one short dust puff leaves a clear impact crater.",one polished steel ball,one short dust puff leaves a clear impact crater,the powder bed stays flat and undisturbed,943050,940000 + 1000*mechanism_index + 10*combination_index + repetition_index,49,8,0,16
causal_role_erasure_8mechanism_capability_v2,cap8v2m03c05r01,cap8v2m03c05,3,5,1,powder_impact,Powder impact,fresh_capability_v2,causal_role_erasure_8mechanism_capability_v2:fresh_simplified_ontology,original_capability_screening_only,original,pre_method_original_only,natural,v2_powder_steel_ball,one polished steel ball,v2_powder_impact,falls straight down,v2_powder_tan_sand,a shallow black tray filled with fine tan sand,v2_powder_impact,the sand surface is flat and still,fresh_v2_family_match:v2_powder_impact,"Locked-camera close-up: a shallow black tray filled with fine tan sand has a flat, still surface. One polished steel ball falls straight down into the center of a shallow black tray filled with fine tan sand; as a natural result, one short dust puff leaves a clear impact crater.",one polished steel ball,one short dust puff leaves a clear impact crater,the powder bed stays flat and undisturbed,943051,940000 + 1000*mechanism_index + 10*combination_index + repetition_index,49,8,0,16
causal_role_erasure_8mechanism_capability_v2,cap8v2m03c05r02,cap8v2m03c05,3,5,2,powder_impact,Powder impact,fresh_capability_v2,causal_role_erasure_8mechanism_capability_v2:fresh_simplified_ontology,original_capability_screening_only,original,pre_method_original_only,natural,v2_powder_steel_ball,one polished steel ball,v2_powder_impact,falls straight down,v2_powder_tan_sand,a shallow black tray filled with fine tan sand,v2_powder_impact,the sand surface is flat and still,fresh_v2_family_match:v2_powder_impact,"Locked-camera close-up: a shallow black tray filled with fine tan sand has a flat, still surface. One polished steel ball falls straight down into the center of a shallow black tray filled with fine tan sand; as a natural result, one short dust puff leaves a clear impact crater.",one polished steel ball,one short dust puff leaves a clear impact crater,the powder bed stays flat and undisturbed,943052,940000 + 1000*mechanism_index + 10*combination_index + repetition_index,49,8,0,16
causal_role_erasure_8mechanism_capability_v2,cap8v2m03c06r00,cap8v2m03c06,3,6,0,powder_impact,Powder impact,fresh_capability_v2,causal_role_erasure_8mechanism_capability_v2:fresh_simplified_ontology,original_capability_screening_only,original,pre_method_original_only,natural,v2_powder_blue_cube,one small blue wooden cube,v2_powder_impact,falls straight down,v2_powder_white_flour,a shallow black tray filled with white flour,v2_powder_impact,the flour surface is flat and still,fresh_v2_family_match:v2_powder_impact,"Locked-camera close-up: a shallow black tray filled with white flour has a flat, still surface. One small blue wooden cube falls straight down into the center of a shallow black tray filled with white flour; as a natural result, one short dust puff leaves a clear impact crater.",one small blue wooden cube,one short dust puff leaves a clear impact crater,the powder bed stays flat and undisturbed,943060,940000 + 1000*mechanism_index + 10*combination_index + repetition_index,49,8,0,16
causal_role_erasure_8mechanism_capability_v2,cap8v2m03c06r01,cap8v2m03c06,3,6,1,powder_impact,Powder impact,fresh_capability_v2,causal_role_erasure_8mechanism_capability_v2:fresh_simplified_ontology,original_capability_screening_only,original,pre_method_original_only,natural,v2_powder_blue_cube,one small blue wooden cube,v2_powder_impact,falls straight down,v2_powder_white_flour,a shallow black tray filled with white flour,v2_powder_impact,the flour surface is flat and still,fresh_v2_family_match:v2_powder_impact,"Locked-camera close-up: a shallow black tray filled with white flour has a flat, still surface. One small blue wooden cube falls straight down into the center of a shallow black tray filled with white flour; as a natural result, one short dust puff leaves a clear impact crater.",one small blue wooden cube,one short dust puff leaves a clear impact crater,the powder bed stays flat and undisturbed,943061,940000 + 1000*mechanism_index + 10*combination_index + repetition_index,49,8,0,16
causal_role_erasure_8mechanism_capability_v2,cap8v2m03c06r02,cap8v2m03c06,3,6,2,powder_impact,Powder impact,fresh_capability_v2,causal_role_erasure_8mechanism_capability_v2:fresh_simplified_ontology,original_capability_screening_only,original,pre_method_original_only,natural,v2_powder_blue_cube,one small blue wooden cube,v2_powder_impact,falls straight down,v2_powder_white_flour,a shallow black tray filled with white flour,v2_powder_impact,the flour surface is flat and still,fresh_v2_family_match:v2_powder_impact,"Locked-camera close-up: a shallow black tray filled with white flour has a flat, still surface. One small blue wooden cube falls straight down into the center of a shallow black tray filled with white flour; as a natural result, one short dust puff leaves a clear impact crater.",one small blue wooden cube,one short dust puff leaves a clear impact crater,the powder bed stays flat and undisturbed,943062,940000 + 1000*mechanism_index + 10*combination_index + repetition_index,49,8,0,16
causal_role_erasure_8mechanism_capability_v2,cap8v2m03c07r00,cap8v2m03c07,3,7,0,powder_impact,Powder impact,fresh_capability_v2,causal_role_erasure_8mechanism_capability_v2:fresh_simplified_ontology,original_capability_screening_only,original,pre_method_original_only,natural,v2_powder_blue_cube,one small blue wooden cube,v2_powder_impact,falls straight down,v2_powder_tan_sand,a shallow black tray filled with fine tan sand,v2_powder_impact,the sand surface is flat and still,fresh_v2_family_match:v2_powder_impact,"Locked-camera close-up: a shallow black tray filled with fine tan sand has a flat, still surface. One small blue wooden cube falls straight down into the center of a shallow black tray filled with fine tan sand; as a natural result, one short dust puff leaves a clear impact crater.",one small blue wooden cube,one short dust puff leaves a clear impact crater,the powder bed stays flat and undisturbed,943070,940000 + 1000*mechanism_index + 10*combination_index + repetition_index,49,8,0,16
causal_role_erasure_8mechanism_capability_v2,cap8v2m03c07r01,cap8v2m03c07,3,7,1,powder_impact,Powder impact,fresh_capability_v2,causal_role_erasure_8mechanism_capability_v2:fresh_simplified_ontology,original_capability_screening_only,original,pre_method_original_only,natural,v2_powder_blue_cube,one small blue wooden cube,v2_powder_impact,falls straight down,v2_powder_tan_sand,a shallow black tray filled with fine tan sand,v2_powder_impact,the sand surface is flat and still,fresh_v2_family_match:v2_powder_impact,"Locked-camera close-up: a shallow black tray filled with fine tan sand has a flat, still surface. One small blue wooden cube falls straight down into the center of a shallow black tray filled with fine tan sand; as a natural result, one short dust puff leaves a clear impact crater.",one small blue wooden cube,one short dust puff leaves a clear impact crater,the powder bed stays flat and undisturbed,943071,940000 + 1000*mechanism_index + 10*combination_index + repetition_index,49,8,0,16
causal_role_erasure_8mechanism_capability_v2,cap8v2m03c07r02,cap8v2m03c07,3,7,2,powder_impact,Powder impact,fresh_capability_v2,causal_role_erasure_8mechanism_capability_v2:fresh_simplified_ontology,original_capability_screening_only,original,pre_method_original_only,natural,v2_powder_blue_cube,one small blue wooden cube,v2_powder_impact,falls straight down,v2_powder_tan_sand,a shallow black tray filled with fine tan sand,v2_powder_impact,the sand surface is flat and still,fresh_v2_family_match:v2_powder_impact,"Locked-camera close-up: a shallow black tray filled with fine tan sand has a flat, still surface. One small blue wooden cube falls straight down into the center of a shallow black tray filled with fine tan sand; as a natural result, one short dust puff leaves a clear impact crater.",one small blue wooden cube,one short dust puff leaves a clear impact crater,the powder bed stays flat and undisturbed,943072,940000 + 1000*mechanism_index + 10*combination_index + repetition_index,49,8,0,16
causal_role_erasure_8mechanism_capability_v2,cap8v2m04c00r00,cap8v2m04c00,4,0,0,elastic_deformation,Elastic deformation,fresh_capability_v2,causal_role_erasure_8mechanism_capability_v2:fresh_simplified_ontology,original_capability_screening_only,original,pre_method_original_only,direct,v2_elastic_red_ball,one red rubber ball,v2_vertical_elastic,falls straight down,v2_elastic_black_trampoline,a small black trampoline,v2_vertical_elastic,the surface is flat and still,fresh_v2_family_match:v2_vertical_elastic,"Locked-camera close-up: a small black trampoline has a flat, still surface. Then one red rubber ball falls onto the center of a small black trampoline once; the surface dips deeply and springs back.",one red rubber ball,the surface dips deeply and springs back,the elastic surface keeps its flat original shape,944000,940000 + 1000*mechanism_index + 10*combination_index + repetition_index,49,8,0,16
causal_role_erasure_8mechanism_capability_v2,cap8v2m04c00r01,cap8v2m04c00,4,0,1,elastic_deformation,Elastic deformation,fresh_capability_v2,causal_role_erasure_8mechanism_capability_v2:fresh_simplified_ontology,original_capability_screening_only,original,pre_method_original_only,direct,v2_elastic_red_ball,one red rubber ball,v2_vertical_elastic,falls straight down,v2_elastic_black_trampoline,a small black trampoline,v2_vertical_elastic,the surface is flat and still,fresh_v2_family_match:v2_vertical_elastic,"Locked-camera close-up: a small black trampoline has a flat, still surface. Then one red rubber ball falls onto the center of a small black trampoline once; the surface dips deeply and springs back.",one red rubber ball,the surface dips deeply and springs back,the elastic surface keeps its flat original shape,944001,940000 + 1000*mechanism_index + 10*combination_index + repetition_index,49,8,0,16
causal_role_erasure_8mechanism_capability_v2,cap8v2m04c00r02,cap8v2m04c00,4,0,2,elastic_deformation,Elastic deformation,fresh_capability_v2,causal_role_erasure_8mechanism_capability_v2:fresh_simplified_ontology,original_capability_screening_only,original,pre_method_original_only,direct,v2_elastic_red_ball,one red rubber ball,v2_vertical_elastic,falls straight down,v2_elastic_black_trampoline,a small black trampoline,v2_vertical_elastic,the surface is flat and still,fresh_v2_family_match:v2_vertical_elastic,"Locked-camera close-up: a small black trampoline has a flat, still surface. Then one red rubber ball falls onto the center of a small black trampoline once; the surface dips deeply and springs back.",one red rubber ball,the surface dips deeply and springs back,the elastic surface keeps its flat original shape,944002,940000 + 1000*mechanism_index + 10*combination_index + repetition_index,49,8,0,16
causal_role_erasure_8mechanism_capability_v2,cap8v2m04c01r00,cap8v2m04c01,4,1,0,elastic_deformation,Elastic deformation,fresh_capability_v2,causal_role_erasure_8mechanism_capability_v2:fresh_simplified_ontology,original_capability_screening_only,original,pre_method_original_only,direct,v2_elastic_red_ball,one red rubber ball,v2_vertical_elastic,falls straight down,v2_elastic_blue_square_trampoline,a small square blue trampoline,v2_vertical_elastic,the surface is flat and still,fresh_v2_family_match:v2_vertical_elastic,"Locked-camera close-up: a small square blue trampoline has a flat, still surface. Then one red rubber ball falls onto the center of a small square blue trampoline once; the surface dips deeply and springs back.",one red rubber ball,the surface dips deeply and springs back,the elastic surface keeps its flat original shape,944010,940000 + 1000*mechanism_index + 10*combination_index + repetition_index,49,8,0,16
causal_role_erasure_8mechanism_capability_v2,cap8v2m04c01r01,cap8v2m04c01,4,1,1,elastic_deformation,Elastic deformation,fresh_capability_v2,causal_role_erasure_8mechanism_capability_v2:fresh_simplified_ontology,original_capability_screening_only,original,pre_method_original_only,direct,v2_elastic_red_ball,one red rubber ball,v2_vertical_elastic,falls straight down,v2_elastic_blue_square_trampoline,a small square blue trampoline,v2_vertical_elastic,the surface is flat and still,fresh_v2_family_match:v2_vertical_elastic,"Locked-camera close-up: a small square blue trampoline has a flat, still surface. Then one red rubber ball falls onto the center of a small square blue trampoline once; the surface dips deeply and springs back.",one red rubber ball,the surface dips deeply and springs back,the elastic surface keeps its flat original shape,944011,940000 + 1000*mechanism_index + 10*combination_index + repetition_index,49,8,0,16
causal_role_erasure_8mechanism_capability_v2,cap8v2m04c01r02,cap8v2m04c01,4,1,2,elastic_deformation,Elastic deformation,fresh_capability_v2,causal_role_erasure_8mechanism_capability_v2:fresh_simplified_ontology,original_capability_screening_only,original,pre_method_original_only,direct,v2_elastic_red_ball,one red rubber ball,v2_vertical_elastic,falls straight down,v2_elastic_blue_square_trampoline,a small square blue trampoline,v2_vertical_elastic,the surface is flat and still,fresh_v2_family_match:v2_vertical_elastic,"Locked-camera close-up: a small square blue trampoline has a flat, still surface. Then one red rubber ball falls onto the center of a small square blue trampoline once; the surface dips deeply and springs back.",one red rubber ball,the surface dips deeply and springs back,the elastic surface keeps its flat original shape,944012,940000 + 1000*mechanism_index + 10*combination_index + repetition_index,49,8,0,16
causal_role_erasure_8mechanism_capability_v2,cap8v2m04c02r00,cap8v2m04c02,4,2,0,elastic_deformation,Elastic deformation,fresh_capability_v2,causal_role_erasure_8mechanism_capability_v2:fresh_simplified_ontology,original_capability_screening_only,original,pre_method_original_only,direct,v2_elastic_orange_ball,one small orange basketball,v2_vertical_elastic,falls straight down,v2_elastic_black_trampoline,a small black trampoline,v2_vertical_elastic,the surface is flat and still,fresh_v2_family_match:v2_vertical_elastic,"Locked-camera close-up: a small black trampoline has a flat, still surface. Then one small orange basketball falls onto the center of a small black trampoline once; the surface dips deeply and springs back.",one small orange basketball,the surface dips deeply and springs back,the elastic surface keeps its flat original shape,944020,940000 + 1000*mechanism_index + 10*combination_index + repetition_index,49,8,0,16
causal_role_erasure_8mechanism_capability_v2,cap8v2m04c02r01,cap8v2m04c02,4,2,1,elastic_deformation,Elastic deformation,fresh_capability_v2,causal_role_erasure_8mechanism_capability_v2:fresh_simplified_ontology,original_capability_screening_only,original,pre_method_original_only,direct,v2_elastic_orange_ball,one small orange basketball,v2_vertical_elastic,falls straight down,v2_elastic_black_trampoline,a small black trampoline,v2_vertical_elastic,the surface is flat and still,fresh_v2_family_match:v2_vertical_elastic,"Locked-camera close-up: a small black trampoline has a flat, still surface. Then one small orange basketball falls onto the center of a small black trampoline once; the surface dips deeply and springs back.",one small orange basketball,the surface dips deeply and springs back,the elastic surface keeps its flat original shape,944021,940000 + 1000*mechanism_index + 10*combination_index + repetition_index,49,8,0,16
causal_role_erasure_8mechanism_capability_v2,cap8v2m04c02r02,cap8v2m04c02,4,2,2,elastic_deformation,Elastic deformation,fresh_capability_v2,causal_role_erasure_8mechanism_capability_v2:fresh_simplified_ontology,original_capability_screening_only,original,pre_method_original_only,direct,v2_elastic_orange_ball,one small orange basketball,v2_vertical_elastic,falls straight down,v2_elastic_black_trampoline,a small black trampoline,v2_vertical_elastic,the surface is flat and still,fresh_v2_family_match:v2_vertical_elastic,"Locked-camera close-up: a small black trampoline has a flat, still surface. Then one small orange basketball falls onto the center of a small black trampoline once; the surface dips deeply and springs back.",one small orange basketball,the surface dips deeply and springs back,the elastic surface keeps its flat original shape,944022,940000 + 1000*mechanism_index + 10*combination_index + repetition_index,49,8,0,16
causal_role_erasure_8mechanism_capability_v2,cap8v2m04c03r00,cap8v2m04c03,4,3,0,elastic_deformation,Elastic deformation,fresh_capability_v2,causal_role_erasure_8mechanism_capability_v2:fresh_simplified_ontology,original_capability_screening_only,original,pre_method_original_only,direct,v2_elastic_orange_ball,one small orange basketball,v2_vertical_elastic,falls straight down,v2_elastic_blue_square_trampoline,a small square blue trampoline,v2_vertical_elastic,the surface is flat and still,fresh_v2_family_match:v2_vertical_elastic,"Locked-camera close-up: a small square blue trampoline has a flat, still surface. Then one small orange basketball falls onto the center of a small square blue trampoline once; the surface dips deeply and springs back.",one small orange basketball,the surface dips deeply and springs back,the elastic surface keeps its flat original shape,944030,940000 + 1000*mechanism_index + 10*combination_index + repetition_index,49,8,0,16
causal_role_erasure_8mechanism_capability_v2,cap8v2m04c03r01,cap8v2m04c03,4,3,1,elastic_deformation,Elastic deformation,fresh_capability_v2,causal_role_erasure_8mechanism_capability_v2:fresh_simplified_ontology,original_capability_screening_only,original,pre_method_original_only,direct,v2_elastic_orange_ball,one small orange basketball,v2_vertical_elastic,falls straight down,v2_elastic_blue_square_trampoline,a small square blue trampoline,v2_vertical_elastic,the surface is flat and still,fresh_v2_family_match:v2_vertical_elastic,"Locked-camera close-up: a small square blue trampoline has a flat, still surface. Then one small orange basketball falls onto the center of a small square blue trampoline once; the surface dips deeply and springs back.",one small orange basketball,the surface dips deeply and springs back,the elastic surface keeps its flat original shape,944031,940000 + 1000*mechanism_index + 10*combination_index + repetition_index,49,8,0,16
causal_role_erasure_8mechanism_capability_v2,cap8v2m04c03r02,cap8v2m04c03,4,3,2,elastic_deformation,Elastic deformation,fresh_capability_v2,causal_role_erasure_8mechanism_capability_v2:fresh_simplified_ontology,original_capability_screening_only,original,pre_method_original_only,direct,v2_elastic_orange_ball,one small orange basketball,v2_vertical_elastic,falls straight down,v2_elastic_blue_square_trampoline,a small square blue trampoline,v2_vertical_elastic,the surface is flat and still,fresh_v2_family_match:v2_vertical_elastic,"Locked-camera close-up: a small square blue trampoline has a flat, still surface. Then one small orange basketball falls onto the center of a small square blue trampoline once; the surface dips deeply and springs back.",one small orange basketball,the surface dips deeply and springs back,the elastic surface keeps its flat original shape,944032,940000 + 1000*mechanism_index + 10*combination_index + repetition_index,49,8,0,16
causal_role_erasure_8mechanism_capability_v2,cap8v2m04c04r00,cap8v2m04c04,4,4,0,elastic_deformation,Elastic deformation,fresh_capability_v2,causal_role_erasure_8mechanism_capability_v2:fresh_simplified_ontology,original_capability_screening_only,original,pre_method_original_only,natural,v2_elastic_red_ball,one red rubber ball,v2_vertical_elastic,falls straight down,v2_elastic_black_trampoline,a small black trampoline,v2_vertical_elastic,the surface is flat and still,fresh_v2_family_match:v2_vertical_elastic,"Locked-camera close-up: a small black trampoline has a flat, still surface. One red rubber ball falls onto the center of a small black trampoline once; as a natural result, the surface dips deeply and springs back.",one red rubber ball,the surface dips deeply and springs back,the elastic surface keeps its flat original shape,944040,940000 + 1000*mechanism_index + 10*combination_index + repetition_index,49,8,0,16
causal_role_erasure_8mechanism_capability_v2,cap8v2m04c04r01,cap8v2m04c04,4,4,1,elastic_deformation,Elastic deformation,fresh_capability_v2,causal_role_erasure_8mechanism_capability_v2:fresh_simplified_ontology,original_capability_screening_only,original,pre_method_original_only,natural,v2_elastic_red_ball,one red rubber ball,v2_vertical_elastic,falls straight down,v2_elastic_black_trampoline,a small black trampoline,v2_vertical_elastic,the surface is flat and still,fresh_v2_family_match:v2_vertical_elastic,"Locked-camera close-up: a small black trampoline has a flat, still surface. One red rubber ball falls onto the center of a small black trampoline once; as a natural result, the surface dips deeply and springs back.",one red rubber ball,the surface dips deeply and springs back,the elastic surface keeps its flat original shape,944041,940000 + 1000*mechanism_index + 10*combination_index + repetition_index,49,8,0,16
causal_role_erasure_8mechanism_capability_v2,cap8v2m04c04r02,cap8v2m04c04,4,4,2,elastic_deformation,Elastic deformation,fresh_capability_v2,causal_role_erasure_8mechanism_capability_v2:fresh_simplified_ontology,original_capability_screening_only,original,pre_method_original_only,natural,v2_elastic_red_ball,one red rubber ball,v2_vertical_elastic,falls straight down,v2_elastic_black_trampoline,a small black trampoline,v2_vertical_elastic,the surface is flat and still,fresh_v2_family_match:v2_vertical_elastic,"Locked-camera close-up: a small black trampoline has a flat, still surface. One red rubber ball falls onto the center of a small black trampoline once; as a natural result, the surface dips deeply and springs back.",one red rubber ball,the surface dips deeply and springs back,the elastic surface keeps its flat original shape,944042,940000 + 1000*mechanism_index + 10*combination_index + repetition_index,49,8,0,16
causal_role_erasure_8mechanism_capability_v2,cap8v2m04c05r00,cap8v2m04c05,4,5,0,elastic_deformation,Elastic deformation,fresh_capability_v2,causal_role_erasure_8mechanism_capability_v2:fresh_simplified_ontology,original_capability_screening_only,original,pre_method_original_only,natural,v2_elastic_red_ball,one red rubber ball,v2_vertical_elastic,falls straight down,v2_elastic_blue_square_trampoline,a small square blue trampoline,v2_vertical_elastic,the surface is flat and still,fresh_v2_family_match:v2_vertical_elastic,"Locked-camera close-up: a small square blue trampoline has a flat, still surface. One red rubber ball falls onto the center of a small square blue trampoline once; as a natural result, the surface dips deeply and springs back.",one red rubber ball,the surface dips deeply and springs back,the elastic surface keeps its flat original shape,944050,940000 + 1000*mechanism_index + 10*combination_index + repetition_index,49,8,0,16
causal_role_erasure_8mechanism_capability_v2,cap8v2m04c05r01,cap8v2m04c05,4,5,1,elastic_deformation,Elastic deformation,fresh_capability_v2,causal_role_erasure_8mechanism_capability_v2:fresh_simplified_ontology,original_capability_screening_only,original,pre_method_original_only,natural,v2_elastic_red_ball,one red rubber ball,v2_vertical_elastic,falls straight down,v2_elastic_blue_square_trampoline,a small square blue trampoline,v2_vertical_elastic,the surface is flat and still,fresh_v2_family_match:v2_vertical_elastic,"Locked-camera close-up: a small square blue trampoline has a flat, still surface. One red rubber ball falls onto the center of a small square blue trampoline once; as a natural result, the surface dips deeply and springs back.",one red rubber ball,the surface dips deeply and springs back,the elastic surface keeps its flat original shape,944051,940000 + 1000*mechanism_index + 10*combination_index + repetition_index,49,8,0,16
causal_role_erasure_8mechanism_capability_v2,cap8v2m04c05r02,cap8v2m04c05,4,5,2,elastic_deformation,Elastic deformation,fresh_capability_v2,causal_role_erasure_8mechanism_capability_v2:fresh_simplified_ontology,original_capability_screening_only,original,pre_method_original_only,natural,v2_elastic_red_ball,one red rubber ball,v2_vertical_elastic,falls straight down,v2_elastic_blue_square_trampoline,a small square blue trampoline,v2_vertical_elastic,the surface is flat and still,fresh_v2_family_match:v2_vertical_elastic,"Locked-camera close-up: a small square blue trampoline has a flat, still surface. One red rubber ball falls onto the center of a small square blue trampoline once; as a natural result, the surface dips deeply and springs back.",one red rubber ball,the surface dips deeply and springs back,the elastic surface keeps its flat original shape,944052,940000 + 1000*mechanism_index + 10*combination_index + repetition_index,49,8,0,16
causal_role_erasure_8mechanism_capability_v2,cap8v2m04c06r00,cap8v2m04c06,4,6,0,elastic_deformation,Elastic deformation,fresh_capability_v2,causal_role_erasure_8mechanism_capability_v2:fresh_simplified_ontology,original_capability_screening_only,original,pre_method_original_only,natural,v2_elastic_orange_ball,one small orange basketball,v2_vertical_elastic,falls straight down,v2_elastic_black_trampoline,a small black trampoline,v2_vertical_elastic,the surface is flat and still,fresh_v2_family_match:v2_vertical_elastic,"Locked-camera close-up: a small black trampoline has a flat, still surface. One small orange basketball falls onto the center of a small black trampoline once; as a natural result, the surface dips deeply and springs back.",one small orange basketball,the surface dips deeply and springs back,the elastic surface keeps its flat original shape,944060,940000 + 1000*mechanism_index + 10*combination_index + repetition_index,49,8,0,16
causal_role_erasure_8mechanism_capability_v2,cap8v2m04c06r01,cap8v2m04c06,4,6,1,elastic_deformation,Elastic deformation,fresh_capability_v2,causal_role_erasure_8mechanism_capability_v2:fresh_simplified_ontology,original_capability_screening_only,original,pre_method_original_only,natural,v2_elastic_orange_ball,one small orange basketball,v2_vertical_elastic,falls straight down,v2_elastic_black_trampoline,a small black trampoline,v2_vertical_elastic,the surface is flat and still,fresh_v2_family_match:v2_vertical_elastic,"Locked-camera close-up: a small black trampoline has a flat, still surface. One small orange basketball falls onto the center of a small black trampoline once; as a natural result, the surface dips deeply and springs back.",one small orange basketball,the surface dips deeply and springs back,the elastic surface keeps its flat original shape,944061,940000 + 1000*mechanism_index + 10*combination_index + repetition_index,49,8,0,16
causal_role_erasure_8mechanism_capability_v2,cap8v2m04c06r02,cap8v2m04c06,4,6,2,elastic_deformation,Elastic deformation,fresh_capability_v2,causal_role_erasure_8mechanism_capability_v2:fresh_simplified_ontology,original_capability_screening_only,original,pre_method_original_only,natural,v2_elastic_orange_ball,one small orange basketball,v2_vertical_elastic,falls straight down,v2_elastic_black_trampoline,a small black trampoline,v2_vertical_elastic,the surface is flat and still,fresh_v2_family_match:v2_vertical_elastic,"Locked-camera close-up: a small black trampoline has a flat, still surface. One small orange basketball falls onto the center of a small black trampoline once; as a natural result, the surface dips deeply and springs back.",one small orange basketball,the surface dips deeply and springs back,the elastic surface keeps its flat original shape,944062,940000 + 1000*mechanism_index + 10*combination_index + repetition_index,49,8,0,16
causal_role_erasure_8mechanism_capability_v2,cap8v2m04c07r00,cap8v2m04c07,4,7,0,elastic_deformation,Elastic deformation,fresh_capability_v2,causal_role_erasure_8mechanism_capability_v2:fresh_simplified_ontology,original_capability_screening_only,original,pre_method_original_only,natural,v2_elastic_orange_ball,one small orange basketball,v2_vertical_elastic,falls straight down,v2_elastic_blue_square_trampoline,a small square blue trampoline,v2_vertical_elastic,the surface is flat and still,fresh_v2_family_match:v2_vertical_elastic,"Locked-camera close-up: a small square blue trampoline has a flat, still surface. One small orange basketball falls onto the center of a small square blue trampoline once; as a natural result, the surface dips deeply and springs back.",one small orange basketball,the surface dips deeply and springs back,the elastic surface keeps its flat original shape,944070,940000 + 1000*mechanism_index + 10*combination_index + repetition_index,49,8,0,16
causal_role_erasure_8mechanism_capability_v2,cap8v2m04c07r01,cap8v2m04c07,4,7,1,elastic_deformation,Elastic deformation,fresh_capability_v2,causal_role_erasure_8mechanism_capability_v2:fresh_simplified_ontology,original_capability_screening_only,original,pre_method_original_only,natural,v2_elastic_orange_ball,one small orange basketball,v2_vertical_elastic,falls straight down,v2_elastic_blue_square_trampoline,a small square blue trampoline,v2_vertical_elastic,the surface is flat and still,fresh_v2_family_match:v2_vertical_elastic,"Locked-camera close-up: a small square blue trampoline has a flat, still surface. One small orange basketball falls onto the center of a small square blue trampoline once; as a natural result, the surface dips deeply and springs back.",one small orange basketball,the surface dips deeply and springs back,the elastic surface keeps its flat original shape,944071,940000 + 1000*mechanism_index + 10*combination_index + repetition_index,49,8,0,16
causal_role_erasure_8mechanism_capability_v2,cap8v2m04c07r02,cap8v2m04c07,4,7,2,elastic_deformation,Elastic deformation,fresh_capability_v2,causal_role_erasure_8mechanism_capability_v2:fresh_simplified_ontology,original_capability_screening_only,original,pre_method_original_only,natural,v2_elastic_orange_ball,one small orange basketball,v2_vertical_elastic,falls straight down,v2_elastic_blue_square_trampoline,a small square blue trampoline,v2_vertical_elastic,the surface is flat and still,fresh_v2_family_match:v2_vertical_elastic,"Locked-camera close-up: a small square blue trampoline has a flat, still surface. One small orange basketball falls onto the center of a small square blue trampoline once; as a natural result, the surface dips deeply and springs back.",one small orange basketball,the surface dips deeply and springs back,the elastic surface keeps its flat original shape,944072,940000 + 1000*mechanism_index + 10*combination_index + repetition_index,49,8,0,16
causal_role_erasure_8mechanism_capability_v2,cap8v2m05c00r00,cap8v2m05c00,5,0,0,field_mediated_response,Field-mediated airflow response,fresh_capability_v2,causal_role_erasure_8mechanism_capability_v2:fresh_simplified_ontology,original_capability_screening_only,original,pre_method_original_only,direct,v2_field_blue_desk_fan,one small blue desk fan,v2_airflow_non_contact,starts spinning its blades across a clear gap,v2_field_red_pinwheel,one red paper pinwheel,v2_airflow_non_contact,the pinwheel is still,fresh_v2_family_match:v2_airflow_non_contact,Locked-camera close-up: one red paper pinwheel rests still. Then the blades of one small blue desk fan begin spinning across a clear gap; the red pinwheel spins rapidly in the airflow while a clear gap remains.,one small blue desk fan,the red pinwheel spins rapidly in the airflow while a clear gap remains,the lightweight receiver stays in its original position,945000,940000 + 1000*mechanism_index + 10*combination_index + repetition_index,49,8,0,16
causal_role_erasure_8mechanism_capability_v2,cap8v2m05c00r01,cap8v2m05c00,5,0,1,field_mediated_response,Field-mediated airflow response,fresh_capability_v2,causal_role_erasure_8mechanism_capability_v2:fresh_simplified_ontology,original_capability_screening_only,original,pre_method_original_only,direct,v2_field_blue_desk_fan,one small blue desk fan,v2_airflow_non_contact,starts spinning its blades across a clear gap,v2_field_red_pinwheel,one red paper pinwheel,v2_airflow_non_contact,the pinwheel is still,fresh_v2_family_match:v2_airflow_non_contact,Locked-camera close-up: one red paper pinwheel rests still. Then the blades of one small blue desk fan begin spinning across a clear gap; the red pinwheel spins rapidly in the airflow while a clear gap remains.,one small blue desk fan,the red pinwheel spins rapidly in the airflow while a clear gap remains,the lightweight receiver stays in its original position,945001,940000 + 1000*mechanism_index + 10*combination_index + repetition_index,49,8,0,16
causal_role_erasure_8mechanism_capability_v2,cap8v2m05c00r02,cap8v2m05c00,5,0,2,field_mediated_response,Field-mediated airflow response,fresh_capability_v2,causal_role_erasure_8mechanism_capability_v2:fresh_simplified_ontology,original_capability_screening_only,original,pre_method_original_only,direct,v2_field_blue_desk_fan,one small blue desk fan,v2_airflow_non_contact,starts spinning its blades across a clear gap,v2_field_red_pinwheel,one red paper pinwheel,v2_airflow_non_contact,the pinwheel is still,fresh_v2_family_match:v2_airflow_non_contact,Locked-camera close-up: one red paper pinwheel rests still. Then the blades of one small blue desk fan begin spinning across a clear gap; the red pinwheel spins rapidly in the airflow while a clear gap remains.,one small blue desk fan,the red pinwheel spins rapidly in the airflow while a clear gap remains,the lightweight receiver stays in its original position,945002,940000 + 1000*mechanism_index + 10*combination_index + repetition_index,49,8,0,16
causal_role_erasure_8mechanism_capability_v2,cap8v2m05c01r00,cap8v2m05c01,5,1,0,field_mediated_response,Field-mediated airflow response,fresh_capability_v2,causal_role_erasure_8mechanism_capability_v2:fresh_simplified_ontology,original_capability_screening_only,original,pre_method_original_only,direct,v2_field_blue_desk_fan,one small blue desk fan,v2_airflow_non_contact,starts spinning its blades across a clear gap,v2_field_yellow_ribbon,one long yellow ribbon,v2_airflow_non_contact,the ribbon hangs straight and still,fresh_v2_family_match:v2_airflow_non_contact,Locked-camera close-up: one long yellow ribbon hangs straight and still. Then the blades of one small blue desk fan begin spinning across a clear gap; the yellow ribbon flutters strongly in the airflow while a clear gap remains.,one small blue desk fan,the yellow ribbon flutters strongly in the airflow while a clear gap remains,the lightweight receiver stays in its original position,945010,940000 + 1000*mechanism_index + 10*combination_index + repetition_index,49,8,0,16
causal_role_erasure_8mechanism_capability_v2,cap8v2m05c01r01,cap8v2m05c01,5,1,1,field_mediated_response,Field-mediated airflow response,fresh_capability_v2,causal_role_erasure_8mechanism_capability_v2:fresh_simplified_ontology,original_capability_screening_only,original,pre_method_original_only,direct,v2_field_blue_desk_fan,one small blue desk fan,v2_airflow_non_contact,starts spinning its blades across a clear gap,v2_field_yellow_ribbon,one long yellow ribbon,v2_airflow_non_contact,the ribbon hangs straight and still,fresh_v2_family_match:v2_airflow_non_contact,Locked-camera close-up: one long yellow ribbon hangs straight and still. Then the blades of one small blue desk fan begin spinning across a clear gap; the yellow ribbon flutters strongly in the airflow while a clear gap remains.,one small blue desk fan,the yellow ribbon flutters strongly in the airflow while a clear gap remains,the lightweight receiver stays in its original position,945011,940000 + 1000*mechanism_index + 10*combination_index + repetition_index,49,8,0,16
causal_role_erasure_8mechanism_capability_v2,cap8v2m05c01r02,cap8v2m05c01,5,1,2,field_mediated_response,Field-mediated airflow response,fresh_capability_v2,causal_role_erasure_8mechanism_capability_v2:fresh_simplified_ontology,original_capability_screening_only,original,pre_method_original_only,direct,v2_field_blue_desk_fan,one small blue desk fan,v2_airflow_non_contact,starts spinning its blades across a clear gap,v2_field_yellow_ribbon,one long yellow ribbon,v2_airflow_non_contact,the ribbon hangs straight and still,fresh_v2_family_match:v2_airflow_non_contact,Locked-camera close-up: one long yellow ribbon hangs straight and still. Then the blades of one small blue desk fan begin spinning across a clear gap; the yellow ribbon flutters strongly in the airflow while a clear gap remains.,one small blue desk fan,the yellow ribbon flutters strongly in the airflow while a clear gap remains,the lightweight receiver stays in its original position,945012,940000 + 1000*mechanism_index + 10*combination_index + repetition_index,49,8,0,16
causal_role_erasure_8mechanism_capability_v2,cap8v2m05c02r00,cap8v2m05c02,5,2,0,field_mediated_response,Field-mediated airflow response,fresh_capability_v2,causal_role_erasure_8mechanism_capability_v2:fresh_simplified_ontology,original_capability_screening_only,original,pre_method_original_only,direct,v2_field_black_desk_fan,one small black desk fan,v2_airflow_non_contact,starts spinning its blades across a clear gap,v2_field_red_pinwheel,one red paper pinwheel,v2_airflow_non_contact,the pinwheel is still,fresh_v2_family_match:v2_airflow_non_contact,Locked-camera close-up: one red paper pinwheel rests still. Then the blades of one small black desk fan begin spinning across a clear gap; the red pinwheel spins rapidly in the airflow while a clear gap remains.,one small black desk fan,the red pinwheel spins rapidly in the airflow while a clear gap remains,the lightweight receiver stays in its original position,945020,940000 + 1000*mechanism_index + 10*combination_index + repetition_index,49,8,0,16
causal_role_erasure_8mechanism_capability_v2,cap8v2m05c02r01,cap8v2m05c02,5,2,1,field_mediated_response,Field-mediated airflow response,fresh_capability_v2,causal_role_erasure_8mechanism_capability_v2:fresh_simplified_ontology,original_capability_screening_only,original,pre_method_original_only,direct,v2_field_black_desk_fan,one small black desk fan,v2_airflow_non_contact,starts spinning its blades across a clear gap,v2_field_red_pinwheel,one red paper pinwheel,v2_airflow_non_contact,the pinwheel is still,fresh_v2_family_match:v2_airflow_non_contact,Locked-camera close-up: one red paper pinwheel rests still. Then the blades of one small black desk fan begin spinning across a clear gap; the red pinwheel spins rapidly in the airflow while a clear gap remains.,one small black desk fan,the red pinwheel spins rapidly in the airflow while a clear gap remains,the lightweight receiver stays in its original position,945021,940000 + 1000*mechanism_index + 10*combination_index + repetition_index,49,8,0,16
causal_role_erasure_8mechanism_capability_v2,cap8v2m05c02r02,cap8v2m05c02,5,2,2,field_mediated_response,Field-mediated airflow response,fresh_capability_v2,causal_role_erasure_8mechanism_capability_v2:fresh_simplified_ontology,original_capability_screening_only,original,pre_method_original_only,direct,v2_field_black_desk_fan,one small black desk fan,v2_airflow_non_contact,starts spinning its blades across a clear gap,v2_field_red_pinwheel,one red paper pinwheel,v2_airflow_non_contact,the pinwheel is still,fresh_v2_family_match:v2_airflow_non_contact,Locked-camera close-up: one red paper pinwheel rests still. Then the blades of one small black desk fan begin spinning across a clear gap; the red pinwheel spins rapidly in the airflow while a clear gap remains.,one small black desk fan,the red pinwheel spins rapidly in the airflow while a clear gap remains,the lightweight receiver stays in its original position,945022,940000 + 1000*mechanism_index + 10*combination_index + repetition_index,49,8,0,16
causal_role_erasure_8mechanism_capability_v2,cap8v2m05c03r00,cap8v2m05c03,5,3,0,field_mediated_response,Field-mediated airflow response,fresh_capability_v2,causal_role_erasure_8mechanism_capability_v2:fresh_simplified_ontology,original_capability_screening_only,original,pre_method_original_only,direct,v2_field_black_desk_fan,one small black desk fan,v2_airflow_non_contact,starts spinning its blades across a clear gap,v2_field_yellow_ribbon,one long yellow ribbon,v2_airflow_non_contact,the ribbon hangs straight and still,fresh_v2_family_match:v2_airflow_non_contact,Locked-camera close-up: one long yellow ribbon hangs straight and still. Then the blades of one small black desk fan begin spinning across a clear gap; the yellow ribbon flutters strongly in the airflow while a clear gap remains.,one small black desk fan,the yellow ribbon flutters strongly in the airflow while a clear gap remains,the lightweight receiver stays in its original position,945030,940000 + 1000*mechanism_index + 10*combination_index + repetition_index,49,8,0,16
causal_role_erasure_8mechanism_capability_v2,cap8v2m05c03r01,cap8v2m05c03,5,3,1,field_mediated_response,Field-mediated airflow response,fresh_capability_v2,causal_role_erasure_8mechanism_capability_v2:fresh_simplified_ontology,original_capability_screening_only,original,pre_method_original_only,direct,v2_field_black_desk_fan,one small black desk fan,v2_airflow_non_contact,starts spinning its blades across a clear gap,v2_field_yellow_ribbon,one long yellow ribbon,v2_airflow_non_contact,the ribbon hangs straight and still,fresh_v2_family_match:v2_airflow_non_contact,Locked-camera close-up: one long yellow ribbon hangs straight and still. Then the blades of one small black desk fan begin spinning across a clear gap; the yellow ribbon flutters strongly in the airflow while a clear gap remains.,one small black desk fan,the yellow ribbon flutters strongly in the airflow while a clear gap remains,the lightweight receiver stays in its original position,945031,940000 + 1000*mechanism_index + 10*combination_index + repetition_index,49,8,0,16
causal_role_erasure_8mechanism_capability_v2,cap8v2m05c03r02,cap8v2m05c03,5,3,2,field_mediated_response,Field-mediated airflow response,fresh_capability_v2,causal_role_erasure_8mechanism_capability_v2:fresh_simplified_ontology,original_capability_screening_only,original,pre_method_original_only,direct,v2_field_black_desk_fan,one small black desk fan,v2_airflow_non_contact,starts spinning its blades across a clear gap,v2_field_yellow_ribbon,one long yellow ribbon,v2_airflow_non_contact,the ribbon hangs straight and still,fresh_v2_family_match:v2_airflow_non_contact,Locked-camera close-up: one long yellow ribbon hangs straight and still. Then the blades of one small black desk fan begin spinning across a clear gap; the yellow ribbon flutters strongly in the airflow while a clear gap remains.,one small black desk fan,the yellow ribbon flutters strongly in the airflow while a clear gap remains,the lightweight receiver stays in its original position,945032,940000 + 1000*mechanism_index + 10*combination_index + repetition_index,49,8,0,16
causal_role_erasure_8mechanism_capability_v2,cap8v2m05c04r00,cap8v2m05c04,5,4,0,field_mediated_response,Field-mediated airflow response,fresh_capability_v2,causal_role_erasure_8mechanism_capability_v2:fresh_simplified_ontology,original_capability_screening_only,original,pre_method_original_only,natural,v2_field_blue_desk_fan,one small blue desk fan,v2_airflow_non_contact,starts spinning its blades across a clear gap,v2_field_red_pinwheel,one red paper pinwheel,v2_airflow_non_contact,the pinwheel is still,fresh_v2_family_match:v2_airflow_non_contact,"Locked-camera close-up: one red paper pinwheel rests still. The blades of one small blue desk fan begin spinning across a clear gap; as a natural result, the red pinwheel spins rapidly in the airflow while a clear gap remains.",one small blue desk fan,the red pinwheel spins rapidly in the airflow while a clear gap remains,the lightweight receiver stays in its original position,945040,940000 + 1000*mechanism_index + 10*combination_index + repetition_index,49,8,0,16
causal_role_erasure_8mechanism_capability_v2,cap8v2m05c04r01,cap8v2m05c04,5,4,1,field_mediated_response,Field-mediated airflow response,fresh_capability_v2,causal_role_erasure_8mechanism_capability_v2:fresh_simplified_ontology,original_capability_screening_only,original,pre_method_original_only,natural,v2_field_blue_desk_fan,one small blue desk fan,v2_airflow_non_contact,starts spinning its blades across a clear gap,v2_field_red_pinwheel,one red paper pinwheel,v2_airflow_non_contact,the pinwheel is still,fresh_v2_family_match:v2_airflow_non_contact,"Locked-camera close-up: one red paper pinwheel rests still. The blades of one small blue desk fan begin spinning across a clear gap; as a natural result, the red pinwheel spins rapidly in the airflow while a clear gap remains.",one small blue desk fan,the red pinwheel spins rapidly in the airflow while a clear gap remains,the lightweight receiver stays in its original position,945041,940000 + 1000*mechanism_index + 10*combination_index + repetition_index,49,8,0,16
causal_role_erasure_8mechanism_capability_v2,cap8v2m05c04r02,cap8v2m05c04,5,4,2,field_mediated_response,Field-mediated airflow response,fresh_capability_v2,causal_role_erasure_8mechanism_capability_v2:fresh_simplified_ontology,original_capability_screening_only,original,pre_method_original_only,natural,v2_field_blue_desk_fan,one small blue desk fan,v2_airflow_non_contact,starts spinning its blades across a clear gap,v2_field_red_pinwheel,one red paper pinwheel,v2_airflow_non_contact,the pinwheel is still,fresh_v2_family_match:v2_airflow_non_contact,"Locked-camera close-up: one red paper pinwheel rests still. The blades of one small blue desk fan begin spinning across a clear gap; as a natural result, the red pinwheel spins rapidly in the airflow while a clear gap remains.",one small blue desk fan,the red pinwheel spins rapidly in the airflow while a clear gap remains,the lightweight receiver stays in its original position,945042,940000 + 1000*mechanism_index + 10*combination_index + repetition_index,49,8,0,16
causal_role_erasure_8mechanism_capability_v2,cap8v2m05c05r00,cap8v2m05c05,5,5,0,field_mediated_response,Field-mediated airflow response,fresh_capability_v2,causal_role_erasure_8mechanism_capability_v2:fresh_simplified_ontology,original_capability_screening_only,original,pre_method_original_only,natural,v2_field_blue_desk_fan,one small blue desk fan,v2_airflow_non_contact,starts spinning its blades across a clear gap,v2_field_yellow_ribbon,one long yellow ribbon,v2_airflow_non_contact,the ribbon hangs straight and still,fresh_v2_family_match:v2_airflow_non_contact,"Locked-camera close-up: one long yellow ribbon hangs straight and still. The blades of one small blue desk fan begin spinning across a clear gap; as a natural result, the yellow ribbon flutters strongly in the airflow while a clear gap remains.",one small blue desk fan,the yellow ribbon flutters strongly in the airflow while a clear gap remains,the lightweight receiver stays in its original position,945050,940000 + 1000*mechanism_index + 10*combination_index + repetition_index,49,8,0,16
causal_role_erasure_8mechanism_capability_v2,cap8v2m05c05r01,cap8v2m05c05,5,5,1,field_mediated_response,Field-mediated airflow response,fresh_capability_v2,causal_role_erasure_8mechanism_capability_v2:fresh_simplified_ontology,original_capability_screening_only,original,pre_method_original_only,natural,v2_field_blue_desk_fan,one small blue desk fan,v2_airflow_non_contact,starts spinning its blades across a clear gap,v2_field_yellow_ribbon,one long yellow ribbon,v2_airflow_non_contact,the ribbon hangs straight and still,fresh_v2_family_match:v2_airflow_non_contact,"Locked-camera close-up: one long yellow ribbon hangs straight and still. The blades of one small blue desk fan begin spinning across a clear gap; as a natural result, the yellow ribbon flutters strongly in the airflow while a clear gap remains.",one small blue desk fan,the yellow ribbon flutters strongly in the airflow while a clear gap remains,the lightweight receiver stays in its original position,945051,940000 + 1000*mechanism_index + 10*combination_index + repetition_index,49,8,0,16
causal_role_erasure_8mechanism_capability_v2,cap8v2m05c05r02,cap8v2m05c05,5,5,2,field_mediated_response,Field-mediated airflow response,fresh_capability_v2,causal_role_erasure_8mechanism_capability_v2:fresh_simplified_ontology,original_capability_screening_only,original,pre_method_original_only,natural,v2_field_blue_desk_fan,one small blue desk fan,v2_airflow_non_contact,starts spinning its blades across a clear gap,v2_field_yellow_ribbon,one long yellow ribbon,v2_airflow_non_contact,the ribbon hangs straight and still,fresh_v2_family_match:v2_airflow_non_contact,"Locked-camera close-up: one long yellow ribbon hangs straight and still. The blades of one small blue desk fan begin spinning across a clear gap; as a natural result, the yellow ribbon flutters strongly in the airflow while a clear gap remains.",one small blue desk fan,the yellow ribbon flutters strongly in the airflow while a clear gap remains,the lightweight receiver stays in its original position,945052,940000 + 1000*mechanism_index + 10*combination_index + repetition_index,49,8,0,16
causal_role_erasure_8mechanism_capability_v2,cap8v2m05c06r00,cap8v2m05c06,5,6,0,field_mediated_response,Field-mediated airflow response,fresh_capability_v2,causal_role_erasure_8mechanism_capability_v2:fresh_simplified_ontology,original_capability_screening_only,original,pre_method_original_only,natural,v2_field_black_desk_fan,one small black desk fan,v2_airflow_non_contact,starts spinning its blades across a clear gap,v2_field_red_pinwheel,one red paper pinwheel,v2_airflow_non_contact,the pinwheel is still,fresh_v2_family_match:v2_airflow_non_contact,"Locked-camera close-up: one red paper pinwheel rests still. The blades of one small black desk fan begin spinning across a clear gap; as a natural result, the red pinwheel spins rapidly in the airflow while a clear gap remains.",one small black desk fan,the red pinwheel spins rapidly in the airflow while a clear gap remains,the lightweight receiver stays in its original position,945060,940000 + 1000*mechanism_index + 10*combination_index + repetition_index,49,8,0,16
causal_role_erasure_8mechanism_capability_v2,cap8v2m05c06r01,cap8v2m05c06,5,6,1,field_mediated_response,Field-mediated airflow response,fresh_capability_v2,causal_role_erasure_8mechanism_capability_v2:fresh_simplified_ontology,original_capability_screening_only,original,pre_method_original_only,natural,v2_field_black_desk_fan,one small black desk fan,v2_airflow_non_contact,starts spinning its blades across a clear gap,v2_field_red_pinwheel,one red paper pinwheel,v2_airflow_non_contact,the pinwheel is still,fresh_v2_family_match:v2_airflow_non_contact,"Locked-camera close-up: one red paper pinwheel rests still. The blades of one small black desk fan begin spinning across a clear gap; as a natural result, the red pinwheel spins rapidly in the airflow while a clear gap remains.",one small black desk fan,the red pinwheel spins rapidly in the airflow while a clear gap remains,the lightweight receiver stays in its original position,945061,940000 + 1000*mechanism_index + 10*combination_index + repetition_index,49,8,0,16
causal_role_erasure_8mechanism_capability_v2,cap8v2m05c06r02,cap8v2m05c06,5,6,2,field_mediated_response,Field-mediated airflow response,fresh_capability_v2,causal_role_erasure_8mechanism_capability_v2:fresh_simplified_ontology,original_capability_screening_only,original,pre_method_original_only,natural,v2_field_black_desk_fan,one small black desk fan,v2_airflow_non_contact,starts spinning its blades across a clear gap,v2_field_red_pinwheel,one red paper pinwheel,v2_airflow_non_contact,the pinwheel is still,fresh_v2_family_match:v2_airflow_non_contact,"Locked-camera close-up: one red paper pinwheel rests still. The blades of one small black desk fan begin spinning across a clear gap; as a natural result, the red pinwheel spins rapidly in the airflow while a clear gap remains.",one small black desk fan,the red pinwheel spins rapidly in the airflow while a clear gap remains,the lightweight receiver stays in its original position,945062,940000 + 1000*mechanism_index + 10*combination_index + repetition_index,49,8,0,16
causal_role_erasure_8mechanism_capability_v2,cap8v2m05c07r00,cap8v2m05c07,5,7,0,field_mediated_response,Field-mediated airflow response,fresh_capability_v2,causal_role_erasure_8mechanism_capability_v2:fresh_simplified_ontology,original_capability_screening_only,original,pre_method_original_only,natural,v2_field_black_desk_fan,one small black desk fan,v2_airflow_non_contact,starts spinning its blades across a clear gap,v2_field_yellow_ribbon,one long yellow ribbon,v2_airflow_non_contact,the ribbon hangs straight and still,fresh_v2_family_match:v2_airflow_non_contact,"Locked-camera close-up: one long yellow ribbon hangs straight and still. The blades of one small black desk fan begin spinning across a clear gap; as a natural result, the yellow ribbon flutters strongly in the airflow while a clear gap remains.",one small black desk fan,the yellow ribbon flutters strongly in the airflow while a clear gap remains,the lightweight receiver stays in its original position,945070,940000 + 1000*mechanism_index + 10*combination_index + repetition_index,49,8,0,16
causal_role_erasure_8mechanism_capability_v2,cap8v2m05c07r01,cap8v2m05c07,5,7,1,field_mediated_response,Field-mediated airflow response,fresh_capability_v2,causal_role_erasure_8mechanism_capability_v2:fresh_simplified_ontology,original_capability_screening_only,original,pre_method_original_only,natural,v2_field_black_desk_fan,one small black desk fan,v2_airflow_non_contact,starts spinning its blades across a clear gap,v2_field_yellow_ribbon,one long yellow ribbon,v2_airflow_non_contact,the ribbon hangs straight and still,fresh_v2_family_match:v2_airflow_non_contact,"Locked-camera close-up: one long yellow ribbon hangs straight and still. The blades of one small black desk fan begin spinning across a clear gap; as a natural result, the yellow ribbon flutters strongly in the airflow while a clear gap remains.",one small black desk fan,the yellow ribbon flutters strongly in the airflow while a clear gap remains,the lightweight receiver stays in its original position,945071,940000 + 1000*mechanism_index + 10*combination_index + repetition_index,49,8,0,16
causal_role_erasure_8mechanism_capability_v2,cap8v2m05c07r02,cap8v2m05c07,5,7,2,field_mediated_response,Field-mediated airflow response,fresh_capability_v2,causal_role_erasure_8mechanism_capability_v2:fresh_simplified_ontology,original_capability_screening_only,original,pre_method_original_only,natural,v2_field_black_desk_fan,one small black desk fan,v2_airflow_non_contact,starts spinning its blades across a clear gap,v2_field_yellow_ribbon,one long yellow ribbon,v2_airflow_non_contact,the ribbon hangs straight and still,fresh_v2_family_match:v2_airflow_non_contact,"Locked-camera close-up: one long yellow ribbon hangs straight and still. The blades of one small black desk fan begin spinning across a clear gap; as a natural result, the yellow ribbon flutters strongly in the airflow while a clear gap remains.",one small black desk fan,the yellow ribbon flutters strongly in the airflow while a clear gap remains,the lightweight receiver stays in its original position,945072,940000 + 1000*mechanism_index + 10*combination_index + repetition_index,49,8,0,16
causal_role_erasure_8mechanism_capability_v2,cap8v2m06c00r00,cap8v2m06c00,6,0,0,material_release,Material release,fresh_capability_v2,causal_role_erasure_8mechanism_capability_v2:fresh_simplified_ontology,original_capability_screening_only,original,pre_method_original_only,direct,v2_release_wood_dowel,one pointed wooden dowel,v2_puncture_release,drops straight down,v2_release_blue_bead_pouch,a thin white paper pouch filled with blue beads,v2_puncture_release,the pouch is sealed and still,fresh_v2_family_match:v2_puncture_release,Locked-camera close-up: a thin white paper pouch filled with blue beads hangs sealed and still. Then one pointed wooden dowel drops straight down and punctures a thin white paper pouch filled with blue beads once; the pouch tears and its contents pour downward.,one pointed wooden dowel,the pouch tears and its contents pour downward,the pouch stays sealed and retains its contents,946000,940000 + 1000*mechanism_index + 10*combination_index + repetition_index,49,8,0,16
causal_role_erasure_8mechanism_capability_v2,cap8v2m06c00r01,cap8v2m06c00,6,0,1,material_release,Material release,fresh_capability_v2,causal_role_erasure_8mechanism_capability_v2:fresh_simplified_ontology,original_capability_screening_only,original,pre_method_original_only,direct,v2_release_wood_dowel,one pointed wooden dowel,v2_puncture_release,drops straight down,v2_release_blue_bead_pouch,a thin white paper pouch filled with blue beads,v2_puncture_release,the pouch is sealed and still,fresh_v2_family_match:v2_puncture_release,Locked-camera close-up: a thin white paper pouch filled with blue beads hangs sealed and still. Then one pointed wooden dowel drops straight down and punctures a thin white paper pouch filled with blue beads once; the pouch tears and its contents pour downward.,one pointed wooden dowel,the pouch tears and its contents pour downward,the pouch stays sealed and retains its contents,946001,940000 + 1000*mechanism_index + 10*combination_index + repetition_index,49,8,0,16
causal_role_erasure_8mechanism_capability_v2,cap8v2m06c00r02,cap8v2m06c00,6,0,2,material_release,Material release,fresh_capability_v2,causal_role_erasure_8mechanism_capability_v2:fresh_simplified_ontology,original_capability_screening_only,original,pre_method_original_only,direct,v2_release_wood_dowel,one pointed wooden dowel,v2_puncture_release,drops straight down,v2_release_blue_bead_pouch,a thin white paper pouch filled with blue beads,v2_puncture_release,the pouch is sealed and still,fresh_v2_family_match:v2_puncture_release,Locked-camera close-up: a thin white paper pouch filled with blue beads hangs sealed and still. Then one pointed wooden dowel drops straight down and punctures a thin white paper pouch filled with blue beads once; the pouch tears and its contents pour downward.,one pointed wooden dowel,the pouch tears and its contents pour downward,the pouch stays sealed and retains its contents,946002,940000 + 1000*mechanism_index + 10*combination_index + repetition_index,49,8,0,16
causal_role_erasure_8mechanism_capability_v2,cap8v2m06c01r00,cap8v2m06c01,6,1,0,material_release,Material release,fresh_capability_v2,causal_role_erasure_8mechanism_capability_v2:fresh_simplified_ontology,original_capability_screening_only,original,pre_method_original_only,direct,v2_release_wood_dowel,one pointed wooden dowel,v2_puncture_release,drops straight down,v2_release_yellow_lentil_pouch,a thin brown paper pouch filled with yellow lentils,v2_puncture_release,the pouch is sealed and still,fresh_v2_family_match:v2_puncture_release,Locked-camera close-up: a thin brown paper pouch filled with yellow lentils hangs sealed and still. Then one pointed wooden dowel drops straight down and punctures a thin brown paper pouch filled with yellow lentils once; the pouch tears and its contents pour downward.,one pointed wooden dowel,the pouch tears and its contents pour downward,the pouch stays sealed and retains its contents,946010,940000 + 1000*mechanism_index + 10*combination_index + repetition_index,49,8,0,16
causal_role_erasure_8mechanism_capability_v2,cap8v2m06c01r01,cap8v2m06c01,6,1,1,material_release,Material release,fresh_capability_v2,causal_role_erasure_8mechanism_capability_v2:fresh_simplified_ontology,original_capability_screening_only,original,pre_method_original_only,direct,v2_release_wood_dowel,one pointed wooden dowel,v2_puncture_release,drops straight down,v2_release_yellow_lentil_pouch,a thin brown paper pouch filled with yellow lentils,v2_puncture_release,the pouch is sealed and still,fresh_v2_family_match:v2_puncture_release,Locked-camera close-up: a thin brown paper pouch filled with yellow lentils hangs sealed and still. Then one pointed wooden dowel drops straight down and punctures a thin brown paper pouch filled with yellow lentils once; the pouch tears and its contents pour downward.,one pointed wooden dowel,the pouch tears and its contents pour downward,the pouch stays sealed and retains its contents,946011,940000 + 1000*mechanism_index + 10*combination_index + repetition_index,49,8,0,16
causal_role_erasure_8mechanism_capability_v2,cap8v2m06c01r02,cap8v2m06c01,6,1,2,material_release,Material release,fresh_capability_v2,causal_role_erasure_8mechanism_capability_v2:fresh_simplified_ontology,original_capability_screening_only,original,pre_method_original_only,direct,v2_release_wood_dowel,one pointed wooden dowel,v2_puncture_release,drops straight down,v2_release_yellow_lentil_pouch,a thin brown paper pouch filled with yellow lentils,v2_puncture_release,the pouch is sealed and still,fresh_v2_family_match:v2_puncture_release,Locked-camera close-up: a thin brown paper pouch filled with yellow lentils hangs sealed and still. Then one pointed wooden dowel drops straight down and punctures a thin brown paper pouch filled with yellow lentils once; the pouch tears and its contents pour downward.,one pointed wooden dowel,the pouch tears and its contents pour downward,the pouch stays sealed and retains its contents,946012,940000 + 1000*mechanism_index + 10*combination_index + repetition_index,49,8,0,16
causal_role_erasure_8mechanism_capability_v2,cap8v2m06c02r00,cap8v2m06c02,6,2,0,material_release,Material release,fresh_capability_v2,causal_role_erasure_8mechanism_capability_v2:fresh_simplified_ontology,original_capability_screening_only,original,pre_method_original_only,direct,v2_release_steel_spike,one pointed silver steel spike,v2_puncture_release,drops straight down,v2_release_blue_bead_pouch,a thin white paper pouch filled with blue beads,v2_puncture_release,the pouch is sealed and still,fresh_v2_family_match:v2_puncture_release,Locked-camera close-up: a thin white paper pouch filled with blue beads hangs sealed and still. Then one pointed silver steel spike drops straight down and punctures a thin white paper pouch filled with blue beads once; the pouch tears and its contents pour downward.,one pointed silver steel spike,the pouch tears and its contents pour downward,the pouch stays sealed and retains its contents,946020,940000 + 1000*mechanism_index + 10*combination_index + repetition_index,49,8,0,16
causal_role_erasure_8mechanism_capability_v2,cap8v2m06c02r01,cap8v2m06c02,6,2,1,material_release,Material release,fresh_capability_v2,causal_role_erasure_8mechanism_capability_v2:fresh_simplified_ontology,original_capability_screening_only,original,pre_method_original_only,direct,v2_release_steel_spike,one pointed silver steel spike,v2_puncture_release,drops straight down,v2_release_blue_bead_pouch,a thin white paper pouch filled with blue beads,v2_puncture_release,the pouch is sealed and still,fresh_v2_family_match:v2_puncture_release,Locked-camera close-up: a thin white paper pouch filled with blue beads hangs sealed and still. Then one pointed silver steel spike drops straight down and punctures a thin white paper pouch filled with blue beads once; the pouch tears and its contents pour downward.,one pointed silver steel spike,the pouch tears and its contents pour downward,the pouch stays sealed and retains its contents,946021,940000 + 1000*mechanism_index + 10*combination_index + repetition_index,49,8,0,16
causal_role_erasure_8mechanism_capability_v2,cap8v2m06c02r02,cap8v2m06c02,6,2,2,material_release,Material release,fresh_capability_v2,causal_role_erasure_8mechanism_capability_v2:fresh_simplified_ontology,original_capability_screening_only,original,pre_method_original_only,direct,v2_release_steel_spike,one pointed silver steel spike,v2_puncture_release,drops straight down,v2_release_blue_bead_pouch,a thin white paper pouch filled with blue beads,v2_puncture_release,the pouch is sealed and still,fresh_v2_family_match:v2_puncture_release,Locked-camera close-up: a thin white paper pouch filled with blue beads hangs sealed and still. Then one pointed silver steel spike drops straight down and punctures a thin white paper pouch filled with blue beads once; the pouch tears and its contents pour downward.,one pointed silver steel spike,the pouch tears and its contents pour downward,the pouch stays sealed and retains its contents,946022,940000 + 1000*mechanism_index + 10*combination_index + repetition_index,49,8,0,16
causal_role_erasure_8mechanism_capability_v2,cap8v2m06c03r00,cap8v2m06c03,6,3,0,material_release,Material release,fresh_capability_v2,causal_role_erasure_8mechanism_capability_v2:fresh_simplified_ontology,original_capability_screening_only,original,pre_method_original_only,direct,v2_release_steel_spike,one pointed silver steel spike,v2_puncture_release,drops straight down,v2_release_yellow_lentil_pouch,a thin brown paper pouch filled with yellow lentils,v2_puncture_release,the pouch is sealed and still,fresh_v2_family_match:v2_puncture_release,Locked-camera close-up: a thin brown paper pouch filled with yellow lentils hangs sealed and still. Then one pointed silver steel spike drops straight down and punctures a thin brown paper pouch filled with yellow lentils once; the pouch tears and its contents pour downward.,one pointed silver steel spike,the pouch tears and its contents pour downward,the pouch stays sealed and retains its contents,946030,940000 + 1000*mechanism_index + 10*combination_index + repetition_index,49,8,0,16
causal_role_erasure_8mechanism_capability_v2,cap8v2m06c03r01,cap8v2m06c03,6,3,1,material_release,Material release,fresh_capability_v2,causal_role_erasure_8mechanism_capability_v2:fresh_simplified_ontology,original_capability_screening_only,original,pre_method_original_only,direct,v2_release_steel_spike,one pointed silver steel spike,v2_puncture_release,drops straight down,v2_release_yellow_lentil_pouch,a thin brown paper pouch filled with yellow lentils,v2_puncture_release,the pouch is sealed and still,fresh_v2_family_match:v2_puncture_release,Locked-camera close-up: a thin brown paper pouch filled with yellow lentils hangs sealed and still. Then one pointed silver steel spike drops straight down and punctures a thin brown paper pouch filled with yellow lentils once; the pouch tears and its contents pour downward.,one pointed silver steel spike,the pouch tears and its contents pour downward,the pouch stays sealed and retains its contents,946031,940000 + 1000*mechanism_index + 10*combination_index + repetition_index,49,8,0,16
causal_role_erasure_8mechanism_capability_v2,cap8v2m06c03r02,cap8v2m06c03,6,3,2,material_release,Material release,fresh_capability_v2,causal_role_erasure_8mechanism_capability_v2:fresh_simplified_ontology,original_capability_screening_only,original,pre_method_original_only,direct,v2_release_steel_spike,one pointed silver steel spike,v2_puncture_release,drops straight down,v2_release_yellow_lentil_pouch,a thin brown paper pouch filled with yellow lentils,v2_puncture_release,the pouch is sealed and still,fresh_v2_family_match:v2_puncture_release,Locked-camera close-up: a thin brown paper pouch filled with yellow lentils hangs sealed and still. Then one pointed silver steel spike drops straight down and punctures a thin brown paper pouch filled with yellow lentils once; the pouch tears and its contents pour downward.,one pointed silver steel spike,the pouch tears and its contents pour downward,the pouch stays sealed and retains its contents,946032,940000 + 1000*mechanism_index + 10*combination_index + repetition_index,49,8,0,16
causal_role_erasure_8mechanism_capability_v2,cap8v2m06c04r00,cap8v2m06c04,6,4,0,material_release,Material release,fresh_capability_v2,causal_role_erasure_8mechanism_capability_v2:fresh_simplified_ontology,original_capability_screening_only,original,pre_method_original_only,natural,v2_release_wood_dowel,one pointed wooden dowel,v2_puncture_release,drops straight down,v2_release_blue_bead_pouch,a thin white paper pouch filled with blue beads,v2_puncture_release,the pouch is sealed and still,fresh_v2_family_match:v2_puncture_release,"Locked-camera close-up: a thin white paper pouch filled with blue beads hangs sealed and still. One pointed wooden dowel drops straight down and punctures a thin white paper pouch filled with blue beads once; as a natural result, the pouch tears and its contents pour downward.",one pointed wooden dowel,the pouch tears and its contents pour downward,the pouch stays sealed and retains its contents,946040,940000 + 1000*mechanism_index + 10*combination_index + repetition_index,49,8,0,16
causal_role_erasure_8mechanism_capability_v2,cap8v2m06c04r01,cap8v2m06c04,6,4,1,material_release,Material release,fresh_capability_v2,causal_role_erasure_8mechanism_capability_v2:fresh_simplified_ontology,original_capability_screening_only,original,pre_method_original_only,natural,v2_release_wood_dowel,one pointed wooden dowel,v2_puncture_release,drops straight down,v2_release_blue_bead_pouch,a thin white paper pouch filled with blue beads,v2_puncture_release,the pouch is sealed and still,fresh_v2_family_match:v2_puncture_release,"Locked-camera close-up: a thin white paper pouch filled with blue beads hangs sealed and still. One pointed wooden dowel drops straight down and punctures a thin white paper pouch filled with blue beads once; as a natural result, the pouch tears and its contents pour downward.",one pointed wooden dowel,the pouch tears and its contents pour downward,the pouch stays sealed and retains its contents,946041,940000 + 1000*mechanism_index + 10*combination_index + repetition_index,49,8,0,16
causal_role_erasure_8mechanism_capability_v2,cap8v2m06c04r02,cap8v2m06c04,6,4,2,material_release,Material release,fresh_capability_v2,causal_role_erasure_8mechanism_capability_v2:fresh_simplified_ontology,original_capability_screening_only,original,pre_method_original_only,natural,v2_release_wood_dowel,one pointed wooden dowel,v2_puncture_release,drops straight down,v2_release_blue_bead_pouch,a thin white paper pouch filled with blue beads,v2_puncture_release,the pouch is sealed and still,fresh_v2_family_match:v2_puncture_release,"Locked-camera close-up: a thin white paper pouch filled with blue beads hangs sealed and still. One pointed wooden dowel drops straight down and punctures a thin white paper pouch filled with blue beads once; as a natural result, the pouch tears and its contents pour downward.",one pointed wooden dowel,the pouch tears and its contents pour downward,the pouch stays sealed and retains its contents,946042,940000 + 1000*mechanism_index + 10*combination_index + repetition_index,49,8,0,16
causal_role_erasure_8mechanism_capability_v2,cap8v2m06c05r00,cap8v2m06c05,6,5,0,material_release,Material release,fresh_capability_v2,causal_role_erasure_8mechanism_capability_v2:fresh_simplified_ontology,original_capability_screening_only,original,pre_method_original_only,natural,v2_release_wood_dowel,one pointed wooden dowel,v2_puncture_release,drops straight down,v2_release_yellow_lentil_pouch,a thin brown paper pouch filled with yellow lentils,v2_puncture_release,the pouch is sealed and still,fresh_v2_family_match:v2_puncture_release,"Locked-camera close-up: a thin brown paper pouch filled with yellow lentils hangs sealed and still. One pointed wooden dowel drops straight down and punctures a thin brown paper pouch filled with yellow lentils once; as a natural result, the pouch tears and its contents pour downward.",one pointed wooden dowel,the pouch tears and its contents pour downward,the pouch stays sealed and retains its contents,946050,940000 + 1000*mechanism_index + 10*combination_index + repetition_index,49,8,0,16
causal_role_erasure_8mechanism_capability_v2,cap8v2m06c05r01,cap8v2m06c05,6,5,1,material_release,Material release,fresh_capability_v2,causal_role_erasure_8mechanism_capability_v2:fresh_simplified_ontology,original_capability_screening_only,original,pre_method_original_only,natural,v2_release_wood_dowel,one pointed wooden dowel,v2_puncture_release,drops straight down,v2_release_yellow_lentil_pouch,a thin brown paper pouch filled with yellow lentils,v2_puncture_release,the pouch is sealed and still,fresh_v2_family_match:v2_puncture_release,"Locked-camera close-up: a thin brown paper pouch filled with yellow lentils hangs sealed and still. One pointed wooden dowel drops straight down and punctures a thin brown paper pouch filled with yellow lentils once; as a natural result, the pouch tears and its contents pour downward.",one pointed wooden dowel,the pouch tears and its contents pour downward,the pouch stays sealed and retains its contents,946051,940000 + 1000*mechanism_index + 10*combination_index + repetition_index,49,8,0,16
causal_role_erasure_8mechanism_capability_v2,cap8v2m06c05r02,cap8v2m06c05,6,5,2,material_release,Material release,fresh_capability_v2,causal_role_erasure_8mechanism_capability_v2:fresh_simplified_ontology,original_capability_screening_only,original,pre_method_original_only,natural,v2_release_wood_dowel,one pointed wooden dowel,v2_puncture_release,drops straight down,v2_release_yellow_lentil_pouch,a thin brown paper pouch filled with yellow lentils,v2_puncture_release,the pouch is sealed and still,fresh_v2_family_match:v2_puncture_release,"Locked-camera close-up: a thin brown paper pouch filled with yellow lentils hangs sealed and still. One pointed wooden dowel drops straight down and punctures a thin brown paper pouch filled with yellow lentils once; as a natural result, the pouch tears and its contents pour downward.",one pointed wooden dowel,the pouch tears and its contents pour downward,the pouch stays sealed and retains its contents,946052,940000 + 1000*mechanism_index + 10*combination_index + repetition_index,49,8,0,16
causal_role_erasure_8mechanism_capability_v2,cap8v2m06c06r00,cap8v2m06c06,6,6,0,material_release,Material release,fresh_capability_v2,causal_role_erasure_8mechanism_capability_v2:fresh_simplified_ontology,original_capability_screening_only,original,pre_method_original_only,natural,v2_release_steel_spike,one pointed silver steel spike,v2_puncture_release,drops straight down,v2_release_blue_bead_pouch,a thin white paper pouch filled with blue beads,v2_puncture_release,the pouch is sealed and still,fresh_v2_family_match:v2_puncture_release,"Locked-camera close-up: a thin white paper pouch filled with blue beads hangs sealed and still. One pointed silver steel spike drops straight down and punctures a thin white paper pouch filled with blue beads once; as a natural result, the pouch tears and its contents pour downward.",one pointed silver steel spike,the pouch tears and its contents pour downward,the pouch stays sealed and retains its contents,946060,940000 + 1000*mechanism_index + 10*combination_index + repetition_index,49,8,0,16
causal_role_erasure_8mechanism_capability_v2,cap8v2m06c06r01,cap8v2m06c06,6,6,1,material_release,Material release,fresh_capability_v2,causal_role_erasure_8mechanism_capability_v2:fresh_simplified_ontology,original_capability_screening_only,original,pre_method_original_only,natural,v2_release_steel_spike,one pointed silver steel spike,v2_puncture_release,drops straight down,v2_release_blue_bead_pouch,a thin white paper pouch filled with blue beads,v2_puncture_release,the pouch is sealed and still,fresh_v2_family_match:v2_puncture_release,"Locked-camera close-up: a thin white paper pouch filled with blue beads hangs sealed and still. One pointed silver steel spike drops straight down and punctures a thin white paper pouch filled with blue beads once; as a natural result, the pouch tears and its contents pour downward.",one pointed silver steel spike,the pouch tears and its contents pour downward,the pouch stays sealed and retains its contents,946061,940000 + 1000*mechanism_index + 10*combination_index + repetition_index,49,8,0,16
causal_role_erasure_8mechanism_capability_v2,cap8v2m06c06r02,cap8v2m06c06,6,6,2,material_release,Material release,fresh_capability_v2,causal_role_erasure_8mechanism_capability_v2:fresh_simplified_ontology,original_capability_screening_only,original,pre_method_original_only,natural,v2_release_steel_spike,one pointed silver steel spike,v2_puncture_release,drops straight down,v2_release_blue_bead_pouch,a thin white paper pouch filled with blue beads,v2_puncture_release,the pouch is sealed and still,fresh_v2_family_match:v2_puncture_release,"Locked-camera close-up: a thin white paper pouch filled with blue beads hangs sealed and still. One pointed silver steel spike drops straight down and punctures a thin white paper pouch filled with blue beads once; as a natural result, the pouch tears and its contents pour downward.",one pointed silver steel spike,the pouch tears and its contents pour downward,the pouch stays sealed and retains its contents,946062,940000 + 1000*mechanism_index + 10*combination_index + repetition_index,49,8,0,16
causal_role_erasure_8mechanism_capability_v2,cap8v2m06c07r00,cap8v2m06c07,6,7,0,material_release,Material release,fresh_capability_v2,causal_role_erasure_8mechanism_capability_v2:fresh_simplified_ontology,original_capability_screening_only,original,pre_method_original_only,natural,v2_release_steel_spike,one pointed silver steel spike,v2_puncture_release,drops straight down,v2_release_yellow_lentil_pouch,a thin brown paper pouch filled with yellow lentils,v2_puncture_release,the pouch is sealed and still,fresh_v2_family_match:v2_puncture_release,"Locked-camera close-up: a thin brown paper pouch filled with yellow lentils hangs sealed and still. One pointed silver steel spike drops straight down and punctures a thin brown paper pouch filled with yellow lentils once; as a natural result, the pouch tears and its contents pour downward.",one pointed silver steel spike,the pouch tears and its contents pour downward,the pouch stays sealed and retains its contents,946070,940000 + 1000*mechanism_index + 10*combination_index + repetition_index,49,8,0,16
causal_role_erasure_8mechanism_capability_v2,cap8v2m06c07r01,cap8v2m06c07,6,7,1,material_release,Material release,fresh_capability_v2,causal_role_erasure_8mechanism_capability_v2:fresh_simplified_ontology,original_capability_screening_only,original,pre_method_original_only,natural,v2_release_steel_spike,one pointed silver steel spike,v2_puncture_release,drops straight down,v2_release_yellow_lentil_pouch,a thin brown paper pouch filled with yellow lentils,v2_puncture_release,the pouch is sealed and still,fresh_v2_family_match:v2_puncture_release,"Locked-camera close-up: a thin brown paper pouch filled with yellow lentils hangs sealed and still. One pointed silver steel spike drops straight down and punctures a thin brown paper pouch filled with yellow lentils once; as a natural result, the pouch tears and its contents pour downward.",one pointed silver steel spike,the pouch tears and its contents pour downward,the pouch stays sealed and retains its contents,946071,940000 + 1000*mechanism_index + 10*combination_index + repetition_index,49,8,0,16
causal_role_erasure_8mechanism_capability_v2,cap8v2m06c07r02,cap8v2m06c07,6,7,2,material_release,Material release,fresh_capability_v2,causal_role_erasure_8mechanism_capability_v2:fresh_simplified_ontology,original_capability_screening_only,original,pre_method_original_only,natural,v2_release_steel_spike,one pointed silver steel spike,v2_puncture_release,drops straight down,v2_release_yellow_lentil_pouch,a thin brown paper pouch filled with yellow lentils,v2_puncture_release,the pouch is sealed and still,fresh_v2_family_match:v2_puncture_release,"Locked-camera close-up: a thin brown paper pouch filled with yellow lentils hangs sealed and still. One pointed silver steel spike drops straight down and punctures a thin brown paper pouch filled with yellow lentils once; as a natural result, the pouch tears and its contents pour downward.",one pointed silver steel spike,the pouch tears and its contents pour downward,the pouch stays sealed and retains its contents,946072,940000 + 1000*mechanism_index + 10*combination_index + repetition_index,49,8,0,16
causal_role_erasure_8mechanism_capability_v2,cap8v2m07c00r00,cap8v2m07c00,7,0,0,surface_trace,Surface trace,fresh_capability_v2,causal_role_erasure_8mechanism_capability_v2:fresh_simplified_ontology,original_capability_screening_only,original,pre_method_original_only,direct,v2_trace_round_stamp,one round black rubber stamp,v2_press_trace,presses straight down once and rises,v2_trace_damp_sand,a flat tray of damp beige sand,v2_press_trace,the sand is smooth and unmarked,fresh_v2_family_match:v2_press_trace,Locked-camera close-up: a flat tray of damp beige sand is smooth and unmarked. Then one round black rubber stamp presses straight down once into a flat tray of damp beige sand and rises; a crisp geometric imprint remains.,one round black rubber stamp,a crisp geometric imprint remains,the surface stays smooth and unmarked,947000,940000 + 1000*mechanism_index + 10*combination_index + repetition_index,49,8,0,16
causal_role_erasure_8mechanism_capability_v2,cap8v2m07c00r01,cap8v2m07c00,7,0,1,surface_trace,Surface trace,fresh_capability_v2,causal_role_erasure_8mechanism_capability_v2:fresh_simplified_ontology,original_capability_screening_only,original,pre_method_original_only,direct,v2_trace_round_stamp,one round black rubber stamp,v2_press_trace,presses straight down once and rises,v2_trace_damp_sand,a flat tray of damp beige sand,v2_press_trace,the sand is smooth and unmarked,fresh_v2_family_match:v2_press_trace,Locked-camera close-up: a flat tray of damp beige sand is smooth and unmarked. Then one round black rubber stamp presses straight down once into a flat tray of damp beige sand and rises; a crisp geometric imprint remains.,one round black rubber stamp,a crisp geometric imprint remains,the surface stays smooth and unmarked,947001,940000 + 1000*mechanism_index + 10*combination_index + repetition_index,49,8,0,16
causal_role_erasure_8mechanism_capability_v2,cap8v2m07c00r02,cap8v2m07c00,7,0,2,surface_trace,Surface trace,fresh_capability_v2,causal_role_erasure_8mechanism_capability_v2:fresh_simplified_ontology,original_capability_screening_only,original,pre_method_original_only,direct,v2_trace_round_stamp,one round black rubber stamp,v2_press_trace,presses straight down once and rises,v2_trace_damp_sand,a flat tray of damp beige sand,v2_press_trace,the sand is smooth and unmarked,fresh_v2_family_match:v2_press_trace,Locked-camera close-up: a flat tray of damp beige sand is smooth and unmarked. Then one round black rubber stamp presses straight down once into a flat tray of damp beige sand and rises; a crisp geometric imprint remains.,one round black rubber stamp,a crisp geometric imprint remains,the surface stays smooth and unmarked,947002,940000 + 1000*mechanism_index + 10*combination_index + repetition_index,49,8,0,16
causal_role_erasure_8mechanism_capability_v2,cap8v2m07c01r00,cap8v2m07c01,7,1,0,surface_trace,Surface trace,fresh_capability_v2,causal_role_erasure_8mechanism_capability_v2:fresh_simplified_ontology,original_capability_screening_only,original,pre_method_original_only,direct,v2_trace_round_stamp,one round black rubber stamp,v2_press_trace,presses straight down once and rises,v2_trace_gray_clay,a flat light-gray clay pad,v2_press_trace,the clay is smooth and unmarked,fresh_v2_family_match:v2_press_trace,Locked-camera close-up: a flat light-gray clay pad is smooth and unmarked. Then one round black rubber stamp presses straight down once into a flat light-gray clay pad and rises; a crisp geometric imprint remains.,one round black rubber stamp,a crisp geometric imprint remains,the surface stays smooth and unmarked,947010,940000 + 1000*mechanism_index + 10*combination_index + repetition_index,49,8,0,16
causal_role_erasure_8mechanism_capability_v2,cap8v2m07c01r01,cap8v2m07c01,7,1,1,surface_trace,Surface trace,fresh_capability_v2,causal_role_erasure_8mechanism_capability_v2:fresh_simplified_ontology,original_capability_screening_only,original,pre_method_original_only,direct,v2_trace_round_stamp,one round black rubber stamp,v2_press_trace,presses straight down once and rises,v2_trace_gray_clay,a flat light-gray clay pad,v2_press_trace,the clay is smooth and unmarked,fresh_v2_family_match:v2_press_trace,Locked-camera close-up: a flat light-gray clay pad is smooth and unmarked. Then one round black rubber stamp presses straight down once into a flat light-gray clay pad and rises; a crisp geometric imprint remains.,one round black rubber stamp,a crisp geometric imprint remains,the surface stays smooth and unmarked,947011,940000 + 1000*mechanism_index + 10*combination_index + repetition_index,49,8,0,16
causal_role_erasure_8mechanism_capability_v2,cap8v2m07c01r02,cap8v2m07c01,7,1,2,surface_trace,Surface trace,fresh_capability_v2,causal_role_erasure_8mechanism_capability_v2:fresh_simplified_ontology,original_capability_screening_only,original,pre_method_original_only,direct,v2_trace_round_stamp,one round black rubber stamp,v2_press_trace,presses straight down once and rises,v2_trace_gray_clay,a flat light-gray clay pad,v2_press_trace,the clay is smooth and unmarked,fresh_v2_family_match:v2_press_trace,Locked-camera close-up: a flat light-gray clay pad is smooth and unmarked. Then one round black rubber stamp presses straight down once into a flat light-gray clay pad and rises; a crisp geometric imprint remains.,one round black rubber stamp,a crisp geometric imprint remains,the surface stays smooth and unmarked,947012,940000 + 1000*mechanism_index + 10*combination_index + repetition_index,49,8,0,16
causal_role_erasure_8mechanism_capability_v2,cap8v2m07c02r00,cap8v2m07c02,7,2,0,surface_trace,Surface trace,fresh_capability_v2,causal_role_erasure_8mechanism_capability_v2:fresh_simplified_ontology,original_capability_screening_only,original,pre_method_original_only,direct,v2_trace_square_stamp,one square red rubber stamp,v2_press_trace,presses straight down once and rises,v2_trace_damp_sand,a flat tray of damp beige sand,v2_press_trace,the sand is smooth and unmarked,fresh_v2_family_match:v2_press_trace,Locked-camera close-up: a flat tray of damp beige sand is smooth and unmarked. Then one square red rubber stamp presses straight down once into a flat tray of damp beige sand and rises; a crisp geometric imprint remains.,one square red rubber stamp,a crisp geometric imprint remains,the surface stays smooth and unmarked,947020,940000 + 1000*mechanism_index + 10*combination_index + repetition_index,49,8,0,16
causal_role_erasure_8mechanism_capability_v2,cap8v2m07c02r01,cap8v2m07c02,7,2,1,surface_trace,Surface trace,fresh_capability_v2,causal_role_erasure_8mechanism_capability_v2:fresh_simplified_ontology,original_capability_screening_only,original,pre_method_original_only,direct,v2_trace_square_stamp,one square red rubber stamp,v2_press_trace,presses straight down once and rises,v2_trace_damp_sand,a flat tray of damp beige sand,v2_press_trace,the sand is smooth and unmarked,fresh_v2_family_match:v2_press_trace,Locked-camera close-up: a flat tray of damp beige sand is smooth and unmarked. Then one square red rubber stamp presses straight down once into a flat tray of damp beige sand and rises; a crisp geometric imprint remains.,one square red rubber stamp,a crisp geometric imprint remains,the surface stays smooth and unmarked,947021,940000 + 1000*mechanism_index + 10*combination_index + repetition_index,49,8,0,16
causal_role_erasure_8mechanism_capability_v2,cap8v2m07c02r02,cap8v2m07c02,7,2,2,surface_trace,Surface trace,fresh_capability_v2,causal_role_erasure_8mechanism_capability_v2:fresh_simplified_ontology,original_capability_screening_only,original,pre_method_original_only,direct,v2_trace_square_stamp,one square red rubber stamp,v2_press_trace,presses straight down once and rises,v2_trace_damp_sand,a flat tray of damp beige sand,v2_press_trace,the sand is smooth and unmarked,fresh_v2_family_match:v2_press_trace,Locked-camera close-up: a flat tray of damp beige sand is smooth and unmarked. Then one square red rubber stamp presses straight down once into a flat tray of damp beige sand and rises; a crisp geometric imprint remains.,one square red rubber stamp,a crisp geometric imprint remains,the surface stays smooth and unmarked,947022,940000 + 1000*mechanism_index + 10*combination_index + repetition_index,49,8,0,16
causal_role_erasure_8mechanism_capability_v2,cap8v2m07c03r00,cap8v2m07c03,7,3,0,surface_trace,Surface trace,fresh_capability_v2,causal_role_erasure_8mechanism_capability_v2:fresh_simplified_ontology,original_capability_screening_only,original,pre_method_original_only,direct,v2_trace_square_stamp,one square red rubber stamp,v2_press_trace,presses straight down once and rises,v2_trace_gray_clay,a flat light-gray clay pad,v2_press_trace,the clay is smooth and unmarked,fresh_v2_family_match:v2_press_trace,Locked-camera close-up: a flat light-gray clay pad is smooth and unmarked. Then one square red rubber stamp presses straight down once into a flat light-gray clay pad and rises; a crisp geometric imprint remains.,one square red rubber stamp,a crisp geometric imprint remains,the surface stays smooth and unmarked,947030,940000 + 1000*mechanism_index + 10*combination_index + repetition_index,49,8,0,16
causal_role_erasure_8mechanism_capability_v2,cap8v2m07c03r01,cap8v2m07c03,7,3,1,surface_trace,Surface trace,fresh_capability_v2,causal_role_erasure_8mechanism_capability_v2:fresh_simplified_ontology,original_capability_screening_only,original,pre_method_original_only,direct,v2_trace_square_stamp,one square red rubber stamp,v2_press_trace,presses straight down once and rises,v2_trace_gray_clay,a flat light-gray clay pad,v2_press_trace,the clay is smooth and unmarked,fresh_v2_family_match:v2_press_trace,Locked-camera close-up: a flat light-gray clay pad is smooth and unmarked. Then one square red rubber stamp presses straight down once into a flat light-gray clay pad and rises; a crisp geometric imprint remains.,one square red rubber stamp,a crisp geometric imprint remains,the surface stays smooth and unmarked,947031,940000 + 1000*mechanism_index + 10*combination_index + repetition_index,49,8,0,16
causal_role_erasure_8mechanism_capability_v2,cap8v2m07c03r02,cap8v2m07c03,7,3,2,surface_trace,Surface trace,fresh_capability_v2,causal_role_erasure_8mechanism_capability_v2:fresh_simplified_ontology,original_capability_screening_only,original,pre_method_original_only,direct,v2_trace_square_stamp,one square red rubber stamp,v2_press_trace,presses straight down once and rises,v2_trace_gray_clay,a flat light-gray clay pad,v2_press_trace,the clay is smooth and unmarked,fresh_v2_family_match:v2_press_trace,Locked-camera close-up: a flat light-gray clay pad is smooth and unmarked. Then one square red rubber stamp presses straight down once into a flat light-gray clay pad and rises; a crisp geometric imprint remains.,one square red rubber stamp,a crisp geometric imprint remains,the surface stays smooth and unmarked,947032,940000 + 1000*mechanism_index + 10*combination_index + repetition_index,49,8,0,16
causal_role_erasure_8mechanism_capability_v2,cap8v2m07c04r00,cap8v2m07c04,7,4,0,surface_trace,Surface trace,fresh_capability_v2,causal_role_erasure_8mechanism_capability_v2:fresh_simplified_ontology,original_capability_screening_only,original,pre_method_original_only,natural,v2_trace_round_stamp,one round black rubber stamp,v2_press_trace,presses straight down once and rises,v2_trace_damp_sand,a flat tray of damp beige sand,v2_press_trace,the sand is smooth and unmarked,fresh_v2_family_match:v2_press_trace,"Locked-camera close-up: a flat tray of damp beige sand is smooth and unmarked. One round black rubber stamp presses straight down once into a flat tray of damp beige sand and rises; as a natural result, a crisp geometric imprint remains.",one round black rubber stamp,a crisp geometric imprint remains,the surface stays smooth and unmarked,947040,940000 + 1000*mechanism_index + 10*combination_index + repetition_index,49,8,0,16
causal_role_erasure_8mechanism_capability_v2,cap8v2m07c04r01,cap8v2m07c04,7,4,1,surface_trace,Surface trace,fresh_capability_v2,causal_role_erasure_8mechanism_capability_v2:fresh_simplified_ontology,original_capability_screening_only,original,pre_method_original_only,natural,v2_trace_round_stamp,one round black rubber stamp,v2_press_trace,presses straight down once and rises,v2_trace_damp_sand,a flat tray of damp beige sand,v2_press_trace,the sand is smooth and unmarked,fresh_v2_family_match:v2_press_trace,"Locked-camera close-up: a flat tray of damp beige sand is smooth and unmarked. One round black rubber stamp presses straight down once into a flat tray of damp beige sand and rises; as a natural result, a crisp geometric imprint remains.",one round black rubber stamp,a crisp geometric imprint remains,the surface stays smooth and unmarked,947041,940000 + 1000*mechanism_index + 10*combination_index + repetition_index,49,8,0,16
causal_role_erasure_8mechanism_capability_v2,cap8v2m07c04r02,cap8v2m07c04,7,4,2,surface_trace,Surface trace,fresh_capability_v2,causal_role_erasure_8mechanism_capability_v2:fresh_simplified_ontology,original_capability_screening_only,original,pre_method_original_only,natural,v2_trace_round_stamp,one round black rubber stamp,v2_press_trace,presses straight down once and rises,v2_trace_damp_sand,a flat tray of damp beige sand,v2_press_trace,the sand is smooth and unmarked,fresh_v2_family_match:v2_press_trace,"Locked-camera close-up: a flat tray of damp beige sand is smooth and unmarked. One round black rubber stamp presses straight down once into a flat tray of damp beige sand and rises; as a natural result, a crisp geometric imprint remains.",one round black rubber stamp,a crisp geometric imprint remains,the surface stays smooth and unmarked,947042,940000 + 1000*mechanism_index + 10*combination_index + repetition_index,49,8,0,16
causal_role_erasure_8mechanism_capability_v2,cap8v2m07c05r00,cap8v2m07c05,7,5,0,surface_trace,Surface trace,fresh_capability_v2,causal_role_erasure_8mechanism_capability_v2:fresh_simplified_ontology,original_capability_screening_only,original,pre_method_original_only,natural,v2_trace_round_stamp,one round black rubber stamp,v2_press_trace,presses straight down once and rises,v2_trace_gray_clay,a flat light-gray clay pad,v2_press_trace,the clay is smooth and unmarked,fresh_v2_family_match:v2_press_trace,"Locked-camera close-up: a flat light-gray clay pad is smooth and unmarked. One round black rubber stamp presses straight down once into a flat light-gray clay pad and rises; as a natural result, a crisp geometric imprint remains.",one round black rubber stamp,a crisp geometric imprint remains,the surface stays smooth and unmarked,947050,940000 + 1000*mechanism_index + 10*combination_index + repetition_index,49,8,0,16
causal_role_erasure_8mechanism_capability_v2,cap8v2m07c05r01,cap8v2m07c05,7,5,1,surface_trace,Surface trace,fresh_capability_v2,causal_role_erasure_8mechanism_capability_v2:fresh_simplified_ontology,original_capability_screening_only,original,pre_method_original_only,natural,v2_trace_round_stamp,one round black rubber stamp,v2_press_trace,presses straight down once and rises,v2_trace_gray_clay,a flat light-gray clay pad,v2_press_trace,the clay is smooth and unmarked,fresh_v2_family_match:v2_press_trace,"Locked-camera close-up: a flat light-gray clay pad is smooth and unmarked. One round black rubber stamp presses straight down once into a flat light-gray clay pad and rises; as a natural result, a crisp geometric imprint remains.",one round black rubber stamp,a crisp geometric imprint remains,the surface stays smooth and unmarked,947051,940000 + 1000*mechanism_index + 10*combination_index + repetition_index,49,8,0,16
causal_role_erasure_8mechanism_capability_v2,cap8v2m07c05r02,cap8v2m07c05,7,5,2,surface_trace,Surface trace,fresh_capability_v2,causal_role_erasure_8mechanism_capability_v2:fresh_simplified_ontology,original_capability_screening_only,original,pre_method_original_only,natural,v2_trace_round_stamp,one round black rubber stamp,v2_press_trace,presses straight down once and rises,v2_trace_gray_clay,a flat light-gray clay pad,v2_press_trace,the clay is smooth and unmarked,fresh_v2_family_match:v2_press_trace,"Locked-camera close-up: a flat light-gray clay pad is smooth and unmarked. One round black rubber stamp presses straight down once into a flat light-gray clay pad and rises; as a natural result, a crisp geometric imprint remains.",one round black rubber stamp,a crisp geometric imprint remains,the surface stays smooth and unmarked,947052,940000 + 1000*mechanism_index + 10*combination_index + repetition_index,49,8,0,16
causal_role_erasure_8mechanism_capability_v2,cap8v2m07c06r00,cap8v2m07c06,7,6,0,surface_trace,Surface trace,fresh_capability_v2,causal_role_erasure_8mechanism_capability_v2:fresh_simplified_ontology,original_capability_screening_only,original,pre_method_original_only,natural,v2_trace_square_stamp,one square red rubber stamp,v2_press_trace,presses straight down once and rises,v2_trace_damp_sand,a flat tray of damp beige sand,v2_press_trace,the sand is smooth and unmarked,fresh_v2_family_match:v2_press_trace,"Locked-camera close-up: a flat tray of damp beige sand is smooth and unmarked. One square red rubber stamp presses straight down once into a flat tray of damp beige sand and rises; as a natural result, a crisp geometric imprint remains.",one square red rubber stamp,a crisp geometric imprint remains,the surface stays smooth and unmarked,947060,940000 + 1000*mechanism_index + 10*combination_index + repetition_index,49,8,0,16
causal_role_erasure_8mechanism_capability_v2,cap8v2m07c06r01,cap8v2m07c06,7,6,1,surface_trace,Surface trace,fresh_capability_v2,causal_role_erasure_8mechanism_capability_v2:fresh_simplified_ontology,original_capability_screening_only,original,pre_method_original_only,natural,v2_trace_square_stamp,one square red rubber stamp,v2_press_trace,presses straight down once and rises,v2_trace_damp_sand,a flat tray of damp beige sand,v2_press_trace,the sand is smooth and unmarked,fresh_v2_family_match:v2_press_trace,"Locked-camera close-up: a flat tray of damp beige sand is smooth and unmarked. One square red rubber stamp presses straight down once into a flat tray of damp beige sand and rises; as a natural result, a crisp geometric imprint remains.",one square red rubber stamp,a crisp geometric imprint remains,the surface stays smooth and unmarked,947061,940000 + 1000*mechanism_index + 10*combination_index + repetition_index,49,8,0,16
causal_role_erasure_8mechanism_capability_v2,cap8v2m07c06r02,cap8v2m07c06,7,6,2,surface_trace,Surface trace,fresh_capability_v2,causal_role_erasure_8mechanism_capability_v2:fresh_simplified_ontology,original_capability_screening_only,original,pre_method_original_only,natural,v2_trace_square_stamp,one square red rubber stamp,v2_press_trace,presses straight down once and rises,v2_trace_damp_sand,a flat tray of damp beige sand,v2_press_trace,the sand is smooth and unmarked,fresh_v2_family_match:v2_press_trace,"Locked-camera close-up: a flat tray of damp beige sand is smooth and unmarked. One square red rubber stamp presses straight down once into a flat tray of damp beige sand and rises; as a natural result, a crisp geometric imprint remains.",one square red rubber stamp,a crisp geometric imprint remains,the surface stays smooth and unmarked,947062,940000 + 1000*mechanism_index + 10*combination_index + repetition_index,49,8,0,16
causal_role_erasure_8mechanism_capability_v2,cap8v2m07c07r00,cap8v2m07c07,7,7,0,surface_trace,Surface trace,fresh_capability_v2,causal_role_erasure_8mechanism_capability_v2:fresh_simplified_ontology,original_capability_screening_only,original,pre_method_original_only,natural,v2_trace_square_stamp,one square red rubber stamp,v2_press_trace,presses straight down once and rises,v2_trace_gray_clay,a flat light-gray clay pad,v2_press_trace,the clay is smooth and unmarked,fresh_v2_family_match:v2_press_trace,"Locked-camera close-up: a flat light-gray clay pad is smooth and unmarked. One square red rubber stamp presses straight down once into a flat light-gray clay pad and rises; as a natural result, a crisp geometric imprint remains.",one square red rubber stamp,a crisp geometric imprint remains,the surface stays smooth and unmarked,947070,940000 + 1000*mechanism_index + 10*combination_index + repetition_index,49,8,0,16
causal_role_erasure_8mechanism_capability_v2,cap8v2m07c07r01,cap8v2m07c07,7,7,1,surface_trace,Surface trace,fresh_capability_v2,causal_role_erasure_8mechanism_capability_v2:fresh_simplified_ontology,original_capability_screening_only,original,pre_method_original_only,natural,v2_trace_square_stamp,one square red rubber stamp,v2_press_trace,presses straight down once and rises,v2_trace_gray_clay,a flat light-gray clay pad,v2_press_trace,the clay is smooth and unmarked,fresh_v2_family_match:v2_press_trace,"Locked-camera close-up: a flat light-gray clay pad is smooth and unmarked. One square red rubber stamp presses straight down once into a flat light-gray clay pad and rises; as a natural result, a crisp geometric imprint remains.",one square red rubber stamp,a crisp geometric imprint remains,the surface stays smooth and unmarked,947071,940000 + 1000*mechanism_index + 10*combination_index + repetition_index,49,8,0,16
causal_role_erasure_8mechanism_capability_v2,cap8v2m07c07r02,cap8v2m07c07,7,7,2,surface_trace,Surface trace,fresh_capability_v2,causal_role_erasure_8mechanism_capability_v2:fresh_simplified_ontology,original_capability_screening_only,original,pre_method_original_only,natural,v2_trace_square_stamp,one square red rubber stamp,v2_press_trace,presses straight down once and rises,v2_trace_gray_clay,a flat light-gray clay pad,v2_press_trace,the clay is smooth and unmarked,fresh_v2_family_match:v2_press_trace,"Locked-camera close-up: a flat light-gray clay pad is smooth and unmarked. One square red rubber stamp presses straight down once into a flat light-gray clay pad and rises; as a natural result, a crisp geometric imprint remains.",one square red rubber stamp,a crisp geometric imprint remains,the surface stays smooth and unmarked,947072,940000 + 1000*mechanism_index + 10*combination_index + repetition_index,49,8,0,16
