protocol_version,generation_id,case_id,mechanism_index,combination_index,repetition_index,mechanism,mechanism_name,ontology_status,ontology_provenance,intended_use,method_arm,treatment_status,prompt_style,source_id,source_object,source_family,source_motion,receiver_id,receiver,receiver_family,receiver_clean_state,compatibility_rule,prompt,target_concept,expected_footprint,expected_counterfactual_state,seed,seed_formula,num_frames,fps,reference_start_inclusive,reference_end_exclusive
causal_role_erasure_8mechanism_capability_v1,cap8m00c00r00,cap8m00c00,0,0,0,water_impact,Water impact,protocol_v1_reused_for_capability_screen,data/protocol_v1/registry.json,original_capability_screening_only,original,pre_method_original_only,direct,water_droplet,one large clear water droplet,water_impact_compatible,falls vertically from above,shallow_pond,a calm shallow pond,water_impact_compatible,its water surface is flat and completely still,protocol_v1_physical_pair_selected_from_frozen_ontology,"A realistic locked-camera close-up video in one continuous shot. During the first two seconds, the scene contains a calm shallow pond; its water surface is flat and completely still. The source object is not visible, and nothing changes. Then one large clear water droplet falls vertically from above, enters the center of the water, and makes contact. Only after this causal event, the scene shows a brief splash and expanding circular ripples. The camera, lighting, water container, and background remain fixed throughout. No cuts, camera motion, people, hands, text, or additional moving objects appear.",one large clear water droplet,a brief splash and expanding circular ripples,"the water remains flat and still, with no incoming object, splash, cavity, or ripple",840000,840000 + 1000*mechanism_index + 10*combination_index + repetition_index,49,8,0,16
causal_role_erasure_8mechanism_capability_v1,cap8m00c00r01,cap8m00c00,0,0,1,water_impact,Water impact,protocol_v1_reused_for_capability_screen,data/protocol_v1/registry.json,original_capability_screening_only,original,pre_method_original_only,direct,water_droplet,one large clear water droplet,water_impact_compatible,falls vertically from above,shallow_pond,a calm shallow pond,water_impact_compatible,its water surface is flat and completely still,protocol_v1_physical_pair_selected_from_frozen_ontology,"A realistic locked-camera close-up video in one continuous shot. During the first two seconds, the scene contains a calm shallow pond; its water surface is flat and completely still. The source object is not visible, and nothing changes. Then one large clear water droplet falls vertically from above, enters the center of the water, and makes contact. Only after this causal event, the scene shows a brief splash and expanding circular ripples. The camera, lighting, water container, and background remain fixed throughout. No cuts, camera motion, people, hands, text, or additional moving objects appear.",one large clear water droplet,a brief splash and expanding circular ripples,"the water remains flat and still, with no incoming object, splash, cavity, or ripple",840001,840000 + 1000*mechanism_index + 10*combination_index + repetition_index,49,8,0,16
causal_role_erasure_8mechanism_capability_v1,cap8m00c00r02,cap8m00c00,0,0,2,water_impact,Water impact,protocol_v1_reused_for_capability_screen,data/protocol_v1/registry.json,original_capability_screening_only,original,pre_method_original_only,direct,water_droplet,one large clear water droplet,water_impact_compatible,falls vertically from above,shallow_pond,a calm shallow pond,water_impact_compatible,its water surface is flat and completely still,protocol_v1_physical_pair_selected_from_frozen_ontology,"A realistic locked-camera close-up video in one continuous shot. During the first two seconds, the scene contains a calm shallow pond; its water surface is flat and completely still. The source object is not visible, and nothing changes. Then one large clear water droplet falls vertically from above, enters the center of the water, and makes contact. Only after this causal event, the scene shows a brief splash and expanding circular ripples. The camera, lighting, water container, and background remain fixed throughout. No cuts, camera motion, people, hands, text, or additional moving objects appear.",one large clear water droplet,a brief splash and expanding circular ripples,"the water remains flat and still, with no incoming object, splash, cavity, or ripple",840002,840000 + 1000*mechanism_index + 10*combination_index + repetition_index,49,8,0,16
causal_role_erasure_8mechanism_capability_v1,cap8m00c01r00,cap8m00c01,0,1,0,water_impact,Water impact,protocol_v1_reused_for_capability_screen,data/protocol_v1/registry.json,original_capability_screening_only,original,pre_method_original_only,direct,ice_cube,one small clear ice cube,water_impact_compatible,falls vertically from above,white_basin,a wide white ceramic basin filled with water,water_impact_compatible,its water surface is flat and completely still,protocol_v1_physical_pair_selected_from_frozen_ontology,"A realistic locked-camera close-up video in one continuous shot. During the first two seconds, the scene contains a wide white ceramic basin filled with water; its water surface is flat and completely still. The source object is not visible, and nothing changes. Then one small clear ice cube falls vertically from above, enters the center of the water, and makes contact. Only after this causal event, the scene shows a brief splash and expanding circular ripples. The camera, lighting, water container, and background remain fixed throughout. No cuts, camera motion, people, hands, text, or additional moving objects appear.",one small clear ice cube,a brief splash and expanding circular ripples,"the water remains flat and still, with no incoming object, splash, cavity, or ripple",840010,840000 + 1000*mechanism_index + 10*combination_index + repetition_index,49,8,0,16
causal_role_erasure_8mechanism_capability_v1,cap8m00c01r01,cap8m00c01,0,1,1,water_impact,Water impact,protocol_v1_reused_for_capability_screen,data/protocol_v1/registry.json,original_capability_screening_only,original,pre_method_original_only,direct,ice_cube,one small clear ice cube,water_impact_compatible,falls vertically from above,white_basin,a wide white ceramic basin filled with water,water_impact_compatible,its water surface is flat and completely still,protocol_v1_physical_pair_selected_from_frozen_ontology,"A realistic locked-camera close-up video in one continuous shot. During the first two seconds, the scene contains a wide white ceramic basin filled with water; its water surface is flat and completely still. The source object is not visible, and nothing changes. Then one small clear ice cube falls vertically from above, enters the center of the water, and makes contact. Only after this causal event, the scene shows a brief splash and expanding circular ripples. The camera, lighting, water container, and background remain fixed throughout. No cuts, camera motion, people, hands, text, or additional moving objects appear.",one small clear ice cube,a brief splash and expanding circular ripples,"the water remains flat and still, with no incoming object, splash, cavity, or ripple",840011,840000 + 1000*mechanism_index + 10*combination_index + repetition_index,49,8,0,16
causal_role_erasure_8mechanism_capability_v1,cap8m00c01r02,cap8m00c01,0,1,2,water_impact,Water impact,protocol_v1_reused_for_capability_screen,data/protocol_v1/registry.json,original_capability_screening_only,original,pre_method_original_only,direct,ice_cube,one small clear ice cube,water_impact_compatible,falls vertically from above,white_basin,a wide white ceramic basin filled with water,water_impact_compatible,its water surface is flat and completely still,protocol_v1_physical_pair_selected_from_frozen_ontology,"A realistic locked-camera close-up video in one continuous shot. During the first two seconds, the scene contains a wide white ceramic basin filled with water; its water surface is flat and completely still. The source object is not visible, and nothing changes. Then one small clear ice cube falls vertically from above, enters the center of the water, and makes contact. Only after this causal event, the scene shows a brief splash and expanding circular ripples. The camera, lighting, water container, and background remain fixed throughout. No cuts, camera motion, people, hands, text, or additional moving objects appear.",one small clear ice cube,a brief splash and expanding circular ripples,"the water remains flat and still, with no incoming object, splash, cavity, or ripple",840012,840000 + 1000*mechanism_index + 10*combination_index + repetition_index,49,8,0,16
causal_role_erasure_8mechanism_capability_v1,cap8m00c02r00,cap8m00c02,0,2,0,water_impact,Water impact,protocol_v1_reused_for_capability_screen,data/protocol_v1/registry.json,original_capability_screening_only,original,pre_method_original_only,direct,red_apple,one small red apple,water_impact_compatible,falls vertically from above,glass_tank,a clear rectangular glass tank filled with water,water_impact_compatible,its water surface is flat and completely still,protocol_v1_physical_pair_selected_from_frozen_ontology,"A realistic locked-camera close-up video in one continuous shot. During the first two seconds, the scene contains a clear rectangular glass tank filled with water; its water surface is flat and completely still. The source object is not visible, and nothing changes. Then one small red apple falls vertically from above, enters the center of the water, and makes contact. Only after this causal event, the scene shows a brief splash and expanding circular ripples. The camera, lighting, water container, and background remain fixed throughout. No cuts, camera motion, people, hands, text, or additional moving objects appear.",one small red apple,a brief splash and expanding circular ripples,"the water remains flat and still, with no incoming object, splash, cavity, or ripple",840020,840000 + 1000*mechanism_index + 10*combination_index + repetition_index,49,8,0,16
causal_role_erasure_8mechanism_capability_v1,cap8m00c02r01,cap8m00c02,0,2,1,water_impact,Water impact,protocol_v1_reused_for_capability_screen,data/protocol_v1/registry.json,original_capability_screening_only,original,pre_method_original_only,direct,red_apple,one small red apple,water_impact_compatible,falls vertically from above,glass_tank,a clear rectangular glass tank filled with water,water_impact_compatible,its water surface is flat and completely still,protocol_v1_physical_pair_selected_from_frozen_ontology,"A realistic locked-camera close-up video in one continuous shot. During the first two seconds, the scene contains a clear rectangular glass tank filled with water; its water surface is flat and completely still. The source object is not visible, and nothing changes. Then one small red apple falls vertically from above, enters the center of the water, and makes contact. Only after this causal event, the scene shows a brief splash and expanding circular ripples. The camera, lighting, water container, and background remain fixed throughout. No cuts, camera motion, people, hands, text, or additional moving objects appear.",one small red apple,a brief splash and expanding circular ripples,"the water remains flat and still, with no incoming object, splash, cavity, or ripple",840021,840000 + 1000*mechanism_index + 10*combination_index + repetition_index,49,8,0,16
causal_role_erasure_8mechanism_capability_v1,cap8m00c02r02,cap8m00c02,0,2,2,water_impact,Water impact,protocol_v1_reused_for_capability_screen,data/protocol_v1/registry.json,original_capability_screening_only,original,pre_method_original_only,direct,red_apple,one small red apple,water_impact_compatible,falls vertically from above,glass_tank,a clear rectangular glass tank filled with water,water_impact_compatible,its water surface is flat and completely still,protocol_v1_physical_pair_selected_from_frozen_ontology,"A realistic locked-camera close-up video in one continuous shot. During the first two seconds, the scene contains a clear rectangular glass tank filled with water; its water surface is flat and completely still. The source object is not visible, and nothing changes. Then one small red apple falls vertically from above, enters the center of the water, and makes contact. Only after this causal event, the scene shows a brief splash and expanding circular ripples. The camera, lighting, water container, and background remain fixed throughout. No cuts, camera motion, people, hands, text, or additional moving objects appear.",one small red apple,a brief splash and expanding circular ripples,"the water remains flat and still, with no incoming object, splash, cavity, or ripple",840022,840000 + 1000*mechanism_index + 10*combination_index + repetition_index,49,8,0,16
causal_role_erasure_8mechanism_capability_v1,cap8m00c03r00,cap8m00c03,0,3,0,water_impact,Water impact,protocol_v1_reused_for_capability_screen,data/protocol_v1/registry.json,original_capability_screening_only,original,pre_method_original_only,direct,gray_stone,one smooth gray stone,water_impact_compatible,falls vertically from above,steel_sink,a stainless-steel sink filled with water,water_impact_compatible,its water surface is flat and completely still,protocol_v1_physical_pair_selected_from_frozen_ontology,"A realistic locked-camera close-up video in one continuous shot. During the first two seconds, the scene contains a stainless-steel sink filled with water; its water surface is flat and completely still. The source object is not visible, and nothing changes. Then one smooth gray stone falls vertically from above, enters the center of the water, and makes contact. Only after this causal event, the scene shows a brief splash and expanding circular ripples. The camera, lighting, water container, and background remain fixed throughout. No cuts, camera motion, people, hands, text, or additional moving objects appear.",one smooth gray stone,a brief splash and expanding circular ripples,"the water remains flat and still, with no incoming object, splash, cavity, or ripple",840030,840000 + 1000*mechanism_index + 10*combination_index + repetition_index,49,8,0,16
causal_role_erasure_8mechanism_capability_v1,cap8m00c03r01,cap8m00c03,0,3,1,water_impact,Water impact,protocol_v1_reused_for_capability_screen,data/protocol_v1/registry.json,original_capability_screening_only,original,pre_method_original_only,direct,gray_stone,one smooth gray stone,water_impact_compatible,falls vertically from above,steel_sink,a stainless-steel sink filled with water,water_impact_compatible,its water surface is flat and completely still,protocol_v1_physical_pair_selected_from_frozen_ontology,"A realistic locked-camera close-up video in one continuous shot. During the first two seconds, the scene contains a stainless-steel sink filled with water; its water surface is flat and completely still. The source object is not visible, and nothing changes. Then one smooth gray stone falls vertically from above, enters the center of the water, and makes contact. Only after this causal event, the scene shows a brief splash and expanding circular ripples. The camera, lighting, water container, and background remain fixed throughout. No cuts, camera motion, people, hands, text, or additional moving objects appear.",one smooth gray stone,a brief splash and expanding circular ripples,"the water remains flat and still, with no incoming object, splash, cavity, or ripple",840031,840000 + 1000*mechanism_index + 10*combination_index + repetition_index,49,8,0,16
causal_role_erasure_8mechanism_capability_v1,cap8m00c03r02,cap8m00c03,0,3,2,water_impact,Water impact,protocol_v1_reused_for_capability_screen,data/protocol_v1/registry.json,original_capability_screening_only,original,pre_method_original_only,direct,gray_stone,one smooth gray stone,water_impact_compatible,falls vertically from above,steel_sink,a stainless-steel sink filled with water,water_impact_compatible,its water surface is flat and completely still,protocol_v1_physical_pair_selected_from_frozen_ontology,"A realistic locked-camera close-up video in one continuous shot. During the first two seconds, the scene contains a stainless-steel sink filled with water; its water surface is flat and completely still. The source object is not visible, and nothing changes. Then one smooth gray stone falls vertically from above, enters the center of the water, and makes contact. Only after this causal event, the scene shows a brief splash and expanding circular ripples. The camera, lighting, water container, and background remain fixed throughout. No cuts, camera motion, people, hands, text, or additional moving objects appear.",one smooth gray stone,a brief splash and expanding circular ripples,"the water remains flat and still, with no incoming object, splash, cavity, or ripple",840032,840000 + 1000*mechanism_index + 10*combination_index + repetition_index,49,8,0,16
causal_role_erasure_8mechanism_capability_v1,cap8m00c04r00,cap8m00c04,0,4,0,water_impact,Water impact,protocol_v1_reused_for_capability_screen,data/protocol_v1/registry.json,original_capability_screening_only,original,pre_method_original_only,natural,water_droplet,one large clear water droplet,water_impact_compatible,falls vertically from above,white_basin,a wide white ceramic basin filled with water,water_impact_compatible,its water surface is flat and completely still,protocol_v1_physical_pair_selected_from_frozen_ontology,"A realistic locked-camera close-up video in one continuous shot. During the first two seconds, the scene contains a wide white ceramic basin filled with water; its water surface is flat and completely still. The source object is not visible, and nothing changes. After the quiet opening, one large clear water droplet falls vertically from above, enters the center of the water, and makes contact. The event naturally produces a brief splash and expanding circular ripples. The camera, lighting, water container, and background remain fixed throughout. No cuts, camera motion, people, hands, text, or additional moving objects appear.",one large clear water droplet,a brief splash and expanding circular ripples,"the water remains flat and still, with no incoming object, splash, cavity, or ripple",840040,840000 + 1000*mechanism_index + 10*combination_index + repetition_index,49,8,0,16
causal_role_erasure_8mechanism_capability_v1,cap8m00c04r01,cap8m00c04,0,4,1,water_impact,Water impact,protocol_v1_reused_for_capability_screen,data/protocol_v1/registry.json,original_capability_screening_only,original,pre_method_original_only,natural,water_droplet,one large clear water droplet,water_impact_compatible,falls vertically from above,white_basin,a wide white ceramic basin filled with water,water_impact_compatible,its water surface is flat and completely still,protocol_v1_physical_pair_selected_from_frozen_ontology,"A realistic locked-camera close-up video in one continuous shot. During the first two seconds, the scene contains a wide white ceramic basin filled with water; its water surface is flat and completely still. The source object is not visible, and nothing changes. After the quiet opening, one large clear water droplet falls vertically from above, enters the center of the water, and makes contact. The event naturally produces a brief splash and expanding circular ripples. The camera, lighting, water container, and background remain fixed throughout. No cuts, camera motion, people, hands, text, or additional moving objects appear.",one large clear water droplet,a brief splash and expanding circular ripples,"the water remains flat and still, with no incoming object, splash, cavity, or ripple",840041,840000 + 1000*mechanism_index + 10*combination_index + repetition_index,49,8,0,16
causal_role_erasure_8mechanism_capability_v1,cap8m00c04r02,cap8m00c04,0,4,2,water_impact,Water impact,protocol_v1_reused_for_capability_screen,data/protocol_v1/registry.json,original_capability_screening_only,original,pre_method_original_only,natural,water_droplet,one large clear water droplet,water_impact_compatible,falls vertically from above,white_basin,a wide white ceramic basin filled with water,water_impact_compatible,its water surface is flat and completely still,protocol_v1_physical_pair_selected_from_frozen_ontology,"A realistic locked-camera close-up video in one continuous shot. During the first two seconds, the scene contains a wide white ceramic basin filled with water; its water surface is flat and completely still. The source object is not visible, and nothing changes. After the quiet opening, one large clear water droplet falls vertically from above, enters the center of the water, and makes contact. The event naturally produces a brief splash and expanding circular ripples. The camera, lighting, water container, and background remain fixed throughout. No cuts, camera motion, people, hands, text, or additional moving objects appear.",one large clear water droplet,a brief splash and expanding circular ripples,"the water remains flat and still, with no incoming object, splash, cavity, or ripple",840042,840000 + 1000*mechanism_index + 10*combination_index + repetition_index,49,8,0,16
causal_role_erasure_8mechanism_capability_v1,cap8m00c05r00,cap8m00c05,0,5,0,water_impact,Water impact,protocol_v1_reused_for_capability_screen,data/protocol_v1/registry.json,original_capability_screening_only,original,pre_method_original_only,natural,ice_cube,one small clear ice cube,water_impact_compatible,falls vertically from above,glass_tank,a clear rectangular glass tank filled with water,water_impact_compatible,its water surface is flat and completely still,protocol_v1_physical_pair_selected_from_frozen_ontology,"A realistic locked-camera close-up video in one continuous shot. During the first two seconds, the scene contains a clear rectangular glass tank filled with water; its water surface is flat and completely still. The source object is not visible, and nothing changes. After the quiet opening, one small clear ice cube falls vertically from above, enters the center of the water, and makes contact. The event naturally produces a brief splash and expanding circular ripples. The camera, lighting, water container, and background remain fixed throughout. No cuts, camera motion, people, hands, text, or additional moving objects appear.",one small clear ice cube,a brief splash and expanding circular ripples,"the water remains flat and still, with no incoming object, splash, cavity, or ripple",840050,840000 + 1000*mechanism_index + 10*combination_index + repetition_index,49,8,0,16
causal_role_erasure_8mechanism_capability_v1,cap8m00c05r01,cap8m00c05,0,5,1,water_impact,Water impact,protocol_v1_reused_for_capability_screen,data/protocol_v1/registry.json,original_capability_screening_only,original,pre_method_original_only,natural,ice_cube,one small clear ice cube,water_impact_compatible,falls vertically from above,glass_tank,a clear rectangular glass tank filled with water,water_impact_compatible,its water surface is flat and completely still,protocol_v1_physical_pair_selected_from_frozen_ontology,"A realistic locked-camera close-up video in one continuous shot. During the first two seconds, the scene contains a clear rectangular glass tank filled with water; its water surface is flat and completely still. The source object is not visible, and nothing changes. After the quiet opening, one small clear ice cube falls vertically from above, enters the center of the water, and makes contact. The event naturally produces a brief splash and expanding circular ripples. The camera, lighting, water container, and background remain fixed throughout. No cuts, camera motion, people, hands, text, or additional moving objects appear.",one small clear ice cube,a brief splash and expanding circular ripples,"the water remains flat and still, with no incoming object, splash, cavity, or ripple",840051,840000 + 1000*mechanism_index + 10*combination_index + repetition_index,49,8,0,16
causal_role_erasure_8mechanism_capability_v1,cap8m00c05r02,cap8m00c05,0,5,2,water_impact,Water impact,protocol_v1_reused_for_capability_screen,data/protocol_v1/registry.json,original_capability_screening_only,original,pre_method_original_only,natural,ice_cube,one small clear ice cube,water_impact_compatible,falls vertically from above,glass_tank,a clear rectangular glass tank filled with water,water_impact_compatible,its water surface is flat and completely still,protocol_v1_physical_pair_selected_from_frozen_ontology,"A realistic locked-camera close-up video in one continuous shot. During the first two seconds, the scene contains a clear rectangular glass tank filled with water; its water surface is flat and completely still. The source object is not visible, and nothing changes. After the quiet opening, one small clear ice cube falls vertically from above, enters the center of the water, and makes contact. The event naturally produces a brief splash and expanding circular ripples. The camera, lighting, water container, and background remain fixed throughout. No cuts, camera motion, people, hands, text, or additional moving objects appear.",one small clear ice cube,a brief splash and expanding circular ripples,"the water remains flat and still, with no incoming object, splash, cavity, or ripple",840052,840000 + 1000*mechanism_index + 10*combination_index + repetition_index,49,8,0,16
causal_role_erasure_8mechanism_capability_v1,cap8m00c06r00,cap8m00c06,0,6,0,water_impact,Water impact,protocol_v1_reused_for_capability_screen,data/protocol_v1/registry.json,original_capability_screening_only,original,pre_method_original_only,natural,red_apple,one small red apple,water_impact_compatible,falls vertically from above,steel_sink,a stainless-steel sink filled with water,water_impact_compatible,its water surface is flat and completely still,protocol_v1_physical_pair_selected_from_frozen_ontology,"A realistic locked-camera close-up video in one continuous shot. During the first two seconds, the scene contains a stainless-steel sink filled with water; its water surface is flat and completely still. The source object is not visible, and nothing changes. After the quiet opening, one small red apple falls vertically from above, enters the center of the water, and makes contact. The event naturally produces a brief splash and expanding circular ripples. The camera, lighting, water container, and background remain fixed throughout. No cuts, camera motion, people, hands, text, or additional moving objects appear.",one small red apple,a brief splash and expanding circular ripples,"the water remains flat and still, with no incoming object, splash, cavity, or ripple",840060,840000 + 1000*mechanism_index + 10*combination_index + repetition_index,49,8,0,16
causal_role_erasure_8mechanism_capability_v1,cap8m00c06r01,cap8m00c06,0,6,1,water_impact,Water impact,protocol_v1_reused_for_capability_screen,data/protocol_v1/registry.json,original_capability_screening_only,original,pre_method_original_only,natural,red_apple,one small red apple,water_impact_compatible,falls vertically from above,steel_sink,a stainless-steel sink filled with water,water_impact_compatible,its water surface is flat and completely still,protocol_v1_physical_pair_selected_from_frozen_ontology,"A realistic locked-camera close-up video in one continuous shot. During the first two seconds, the scene contains a stainless-steel sink filled with water; its water surface is flat and completely still. The source object is not visible, and nothing changes. After the quiet opening, one small red apple falls vertically from above, enters the center of the water, and makes contact. The event naturally produces a brief splash and expanding circular ripples. The camera, lighting, water container, and background remain fixed throughout. No cuts, camera motion, people, hands, text, or additional moving objects appear.",one small red apple,a brief splash and expanding circular ripples,"the water remains flat and still, with no incoming object, splash, cavity, or ripple",840061,840000 + 1000*mechanism_index + 10*combination_index + repetition_index,49,8,0,16
causal_role_erasure_8mechanism_capability_v1,cap8m00c06r02,cap8m00c06,0,6,2,water_impact,Water impact,protocol_v1_reused_for_capability_screen,data/protocol_v1/registry.json,original_capability_screening_only,original,pre_method_original_only,natural,red_apple,one small red apple,water_impact_compatible,falls vertically from above,steel_sink,a stainless-steel sink filled with water,water_impact_compatible,its water surface is flat and completely still,protocol_v1_physical_pair_selected_from_frozen_ontology,"A realistic locked-camera close-up video in one continuous shot. During the first two seconds, the scene contains a stainless-steel sink filled with water; its water surface is flat and completely still. The source object is not visible, and nothing changes. After the quiet opening, one small red apple falls vertically from above, enters the center of the water, and makes contact. The event naturally produces a brief splash and expanding circular ripples. The camera, lighting, water container, and background remain fixed throughout. No cuts, camera motion, people, hands, text, or additional moving objects appear.",one small red apple,a brief splash and expanding circular ripples,"the water remains flat and still, with no incoming object, splash, cavity, or ripple",840062,840000 + 1000*mechanism_index + 10*combination_index + repetition_index,49,8,0,16
causal_role_erasure_8mechanism_capability_v1,cap8m00c07r00,cap8m00c07,0,7,0,water_impact,Water impact,protocol_v1_reused_for_capability_screen,data/protocol_v1/registry.json,original_capability_screening_only,original,pre_method_original_only,natural,gray_stone,one smooth gray stone,water_impact_compatible,falls vertically from above,shallow_pond,a calm shallow pond,water_impact_compatible,its water surface is flat and completely still,protocol_v1_physical_pair_selected_from_frozen_ontology,"A realistic locked-camera close-up video in one continuous shot. During the first two seconds, the scene contains a calm shallow pond; its water surface is flat and completely still. The source object is not visible, and nothing changes. After the quiet opening, one smooth gray stone falls vertically from above, enters the center of the water, and makes contact. The event naturally produces a brief splash and expanding circular ripples. The camera, lighting, water container, and background remain fixed throughout. No cuts, camera motion, people, hands, text, or additional moving objects appear.",one smooth gray stone,a brief splash and expanding circular ripples,"the water remains flat and still, with no incoming object, splash, cavity, or ripple",840070,840000 + 1000*mechanism_index + 10*combination_index + repetition_index,49,8,0,16
causal_role_erasure_8mechanism_capability_v1,cap8m00c07r01,cap8m00c07,0,7,1,water_impact,Water impact,protocol_v1_reused_for_capability_screen,data/protocol_v1/registry.json,original_capability_screening_only,original,pre_method_original_only,natural,gray_stone,one smooth gray stone,water_impact_compatible,falls vertically from above,shallow_pond,a calm shallow pond,water_impact_compatible,its water surface is flat and completely still,protocol_v1_physical_pair_selected_from_frozen_ontology,"A realistic locked-camera close-up video in one continuous shot. During the first two seconds, the scene contains a calm shallow pond; its water surface is flat and completely still. The source object is not visible, and nothing changes. After the quiet opening, one smooth gray stone falls vertically from above, enters the center of the water, and makes contact. The event naturally produces a brief splash and expanding circular ripples. The camera, lighting, water container, and background remain fixed throughout. No cuts, camera motion, people, hands, text, or additional moving objects appear.",one smooth gray stone,a brief splash and expanding circular ripples,"the water remains flat and still, with no incoming object, splash, cavity, or ripple",840071,840000 + 1000*mechanism_index + 10*combination_index + repetition_index,49,8,0,16
causal_role_erasure_8mechanism_capability_v1,cap8m00c07r02,cap8m00c07,0,7,2,water_impact,Water impact,protocol_v1_reused_for_capability_screen,data/protocol_v1/registry.json,original_capability_screening_only,original,pre_method_original_only,natural,gray_stone,one smooth gray stone,water_impact_compatible,falls vertically from above,shallow_pond,a calm shallow pond,water_impact_compatible,its water surface is flat and completely still,protocol_v1_physical_pair_selected_from_frozen_ontology,"A realistic locked-camera close-up video in one continuous shot. During the first two seconds, the scene contains a calm shallow pond; its water surface is flat and completely still. The source object is not visible, and nothing changes. After the quiet opening, one smooth gray stone falls vertically from above, enters the center of the water, and makes contact. The event naturally produces a brief splash and expanding circular ripples. The camera, lighting, water container, and background remain fixed throughout. No cuts, camera motion, people, hands, text, or additional moving objects appear.",one smooth gray stone,a brief splash and expanding circular ripples,"the water remains flat and still, with no incoming object, splash, cavity, or ripple",840072,840000 + 1000*mechanism_index + 10*combination_index + repetition_index,49,8,0,16
causal_role_erasure_8mechanism_capability_v1,cap8m01c00r00,cap8m01c00,1,0,0,rigid_collision,Rigid collision,protocol_v1_reused_for_capability_screen,data/protocol_v1/registry.json,original_capability_screening_only,original,pre_method_original_only,direct,red_ball,one small red rubber ball,rigid_collision_compatible,rolls from left to right along the tabletop,wood_blocks,three plain wooden blocks standing upright,rigid_collision_compatible,all three blocks are upright and motionless,protocol_v1_physical_pair_selected_from_frozen_ontology,"A realistic locked-camera close-up video in one continuous shot. During the first two seconds, the scene contains three plain wooden blocks standing upright; all three blocks are upright and motionless. The source object is not visible, and nothing changes. Then one small red rubber ball rolls from left to right along the tabletop and strikes the nearest receiver object once. Only after this causal event, the scene shows a tipped contacted object and visible displacement of nearby objects. The camera, tabletop, lighting, and background remain fixed throughout. No cuts, camera motion, people, hands, text, or additional moving objects appear.",one small red rubber ball,a tipped contacted object and visible displacement of nearby objects,the source object is absent and every receiver object remains upright and motionless,841000,840000 + 1000*mechanism_index + 10*combination_index + repetition_index,49,8,0,16
causal_role_erasure_8mechanism_capability_v1,cap8m01c00r01,cap8m01c00,1,0,1,rigid_collision,Rigid collision,protocol_v1_reused_for_capability_screen,data/protocol_v1/registry.json,original_capability_screening_only,original,pre_method_original_only,direct,red_ball,one small red rubber ball,rigid_collision_compatible,rolls from left to right along the tabletop,wood_blocks,three plain wooden blocks standing upright,rigid_collision_compatible,all three blocks are upright and motionless,protocol_v1_physical_pair_selected_from_frozen_ontology,"A realistic locked-camera close-up video in one continuous shot. During the first two seconds, the scene contains three plain wooden blocks standing upright; all three blocks are upright and motionless. The source object is not visible, and nothing changes. Then one small red rubber ball rolls from left to right along the tabletop and strikes the nearest receiver object once. Only after this causal event, the scene shows a tipped contacted object and visible displacement of nearby objects. The camera, tabletop, lighting, and background remain fixed throughout. No cuts, camera motion, people, hands, text, or additional moving objects appear.",one small red rubber ball,a tipped contacted object and visible displacement of nearby objects,the source object is absent and every receiver object remains upright and motionless,841001,840000 + 1000*mechanism_index + 10*combination_index + repetition_index,49,8,0,16
causal_role_erasure_8mechanism_capability_v1,cap8m01c00r02,cap8m01c00,1,0,2,rigid_collision,Rigid collision,protocol_v1_reused_for_capability_screen,data/protocol_v1/registry.json,original_capability_screening_only,original,pre_method_original_only,direct,red_ball,one small red rubber ball,rigid_collision_compatible,rolls from left to right along the tabletop,wood_blocks,three plain wooden blocks standing upright,rigid_collision_compatible,all three blocks are upright and motionless,protocol_v1_physical_pair_selected_from_frozen_ontology,"A realistic locked-camera close-up video in one continuous shot. During the first two seconds, the scene contains three plain wooden blocks standing upright; all three blocks are upright and motionless. The source object is not visible, and nothing changes. Then one small red rubber ball rolls from left to right along the tabletop and strikes the nearest receiver object once. Only after this causal event, the scene shows a tipped contacted object and visible displacement of nearby objects. The camera, tabletop, lighting, and background remain fixed throughout. No cuts, camera motion, people, hands, text, or additional moving objects appear.",one small red rubber ball,a tipped contacted object and visible displacement of nearby objects,the source object is absent and every receiver object remains upright and motionless,841002,840000 + 1000*mechanism_index + 10*combination_index + repetition_index,49,8,0,16
causal_role_erasure_8mechanism_capability_v1,cap8m01c01r00,cap8m01c01,1,1,0,rigid_collision,Rigid collision,protocol_v1_reused_for_capability_screen,data/protocol_v1/registry.json,original_capability_screening_only,original,pre_method_original_only,direct,wood_cylinder,one short wooden cylinder,rigid_collision_compatible,rolls from left to right along the tabletop,bowling_pins,four small white plastic bowling pins,rigid_collision_compatible,all four pins are upright and motionless,protocol_v1_physical_pair_selected_from_frozen_ontology,"A realistic locked-camera close-up video in one continuous shot. During the first two seconds, the scene contains four small white plastic bowling pins; all four pins are upright and motionless. The source object is not visible, and nothing changes. Then one short wooden cylinder rolls from left to right along the tabletop and strikes the nearest receiver object once. Only after this causal event, the scene shows a tipped contacted object and visible displacement of nearby objects. The camera, tabletop, lighting, and background remain fixed throughout. No cuts, camera motion, people, hands, text, or additional moving objects appear.",one short wooden cylinder,a tipped contacted object and visible displacement of nearby objects,the source object is absent and every receiver object remains upright and motionless,841010,840000 + 1000*mechanism_index + 10*combination_index + repetition_index,49,8,0,16
causal_role_erasure_8mechanism_capability_v1,cap8m01c01r01,cap8m01c01,1,1,1,rigid_collision,Rigid collision,protocol_v1_reused_for_capability_screen,data/protocol_v1/registry.json,original_capability_screening_only,original,pre_method_original_only,direct,wood_cylinder,one short wooden cylinder,rigid_collision_compatible,rolls from left to right along the tabletop,bowling_pins,four small white plastic bowling pins,rigid_collision_compatible,all four pins are upright and motionless,protocol_v1_physical_pair_selected_from_frozen_ontology,"A realistic locked-camera close-up video in one continuous shot. During the first two seconds, the scene contains four small white plastic bowling pins; all four pins are upright and motionless. The source object is not visible, and nothing changes. Then one short wooden cylinder rolls from left to right along the tabletop and strikes the nearest receiver object once. Only after this causal event, the scene shows a tipped contacted object and visible displacement of nearby objects. The camera, tabletop, lighting, and background remain fixed throughout. No cuts, camera motion, people, hands, text, or additional moving objects appear.",one short wooden cylinder,a tipped contacted object and visible displacement of nearby objects,the source object is absent and every receiver object remains upright and motionless,841011,840000 + 1000*mechanism_index + 10*combination_index + repetition_index,49,8,0,16
causal_role_erasure_8mechanism_capability_v1,cap8m01c01r02,cap8m01c01,1,1,2,rigid_collision,Rigid collision,protocol_v1_reused_for_capability_screen,data/protocol_v1/registry.json,original_capability_screening_only,original,pre_method_original_only,direct,wood_cylinder,one short wooden cylinder,rigid_collision_compatible,rolls from left to right along the tabletop,bowling_pins,four small white plastic bowling pins,rigid_collision_compatible,all four pins are upright and motionless,protocol_v1_physical_pair_selected_from_frozen_ontology,"A realistic locked-camera close-up video in one continuous shot. During the first two seconds, the scene contains four small white plastic bowling pins; all four pins are upright and motionless. The source object is not visible, and nothing changes. Then one short wooden cylinder rolls from left to right along the tabletop and strikes the nearest receiver object once. Only after this causal event, the scene shows a tipped contacted object and visible displacement of nearby objects. The camera, tabletop, lighting, and background remain fixed throughout. No cuts, camera motion, people, hands, text, or additional moving objects appear.",one short wooden cylinder,a tipped contacted object and visible displacement of nearby objects,the source object is absent and every receiver object remains upright and motionless,841012,840000 + 1000*mechanism_index + 10*combination_index + repetition_index,49,8,0,16
causal_role_erasure_8mechanism_capability_v1,cap8m01c02r00,cap8m01c02,1,2,0,rigid_collision,Rigid collision,protocol_v1_reused_for_capability_screen,data/protocol_v1/registry.json,original_capability_screening_only,original,pre_method_original_only,direct,metal_puck,one silver metal puck,rigid_collision_compatible,slides from left to right along the tabletop,cardboard_boxes,three small plain cardboard boxes,rigid_collision_compatible,all three boxes are upright and motionless,protocol_v1_physical_pair_selected_from_frozen_ontology,"A realistic locked-camera close-up video in one continuous shot. During the first two seconds, the scene contains three small plain cardboard boxes; all three boxes are upright and motionless. The source object is not visible, and nothing changes. Then one silver metal puck slides from left to right along the tabletop and strikes the nearest receiver object once. Only after this causal event, the scene shows a tipped contacted object and visible displacement of nearby objects. The camera, tabletop, lighting, and background remain fixed throughout. No cuts, camera motion, people, hands, text, or additional moving objects appear.",one silver metal puck,a tipped contacted object and visible displacement of nearby objects,the source object is absent and every receiver object remains upright and motionless,841020,840000 + 1000*mechanism_index + 10*combination_index + repetition_index,49,8,0,16
causal_role_erasure_8mechanism_capability_v1,cap8m01c02r01,cap8m01c02,1,2,1,rigid_collision,Rigid collision,protocol_v1_reused_for_capability_screen,data/protocol_v1/registry.json,original_capability_screening_only,original,pre_method_original_only,direct,metal_puck,one silver metal puck,rigid_collision_compatible,slides from left to right along the tabletop,cardboard_boxes,three small plain cardboard boxes,rigid_collision_compatible,all three boxes are upright and motionless,protocol_v1_physical_pair_selected_from_frozen_ontology,"A realistic locked-camera close-up video in one continuous shot. During the first two seconds, the scene contains three small plain cardboard boxes; all three boxes are upright and motionless. The source object is not visible, and nothing changes. Then one silver metal puck slides from left to right along the tabletop and strikes the nearest receiver object once. Only after this causal event, the scene shows a tipped contacted object and visible displacement of nearby objects. The camera, tabletop, lighting, and background remain fixed throughout. No cuts, camera motion, people, hands, text, or additional moving objects appear.",one silver metal puck,a tipped contacted object and visible displacement of nearby objects,the source object is absent and every receiver object remains upright and motionless,841021,840000 + 1000*mechanism_index + 10*combination_index + repetition_index,49,8,0,16
causal_role_erasure_8mechanism_capability_v1,cap8m01c02r02,cap8m01c02,1,2,2,rigid_collision,Rigid collision,protocol_v1_reused_for_capability_screen,data/protocol_v1/registry.json,original_capability_screening_only,original,pre_method_original_only,direct,metal_puck,one silver metal puck,rigid_collision_compatible,slides from left to right along the tabletop,cardboard_boxes,three small plain cardboard boxes,rigid_collision_compatible,all three boxes are upright and motionless,protocol_v1_physical_pair_selected_from_frozen_ontology,"A realistic locked-camera close-up video in one continuous shot. During the first two seconds, the scene contains three small plain cardboard boxes; all three boxes are upright and motionless. The source object is not visible, and nothing changes. Then one silver metal puck slides from left to right along the tabletop and strikes the nearest receiver object once. Only after this causal event, the scene shows a tipped contacted object and visible displacement of nearby objects. The camera, tabletop, lighting, and background remain fixed throughout. No cuts, camera motion, people, hands, text, or additional moving objects appear.",one silver metal puck,a tipped contacted object and visible displacement of nearby objects,the source object is absent and every receiver object remains upright and motionless,841022,840000 + 1000*mechanism_index + 10*combination_index + repetition_index,49,8,0,16
causal_role_erasure_8mechanism_capability_v1,cap8m01c03r00,cap8m01c03,1,3,0,rigid_collision,Rigid collision,protocol_v1_reused_for_capability_screen,data/protocol_v1/registry.json,original_capability_screening_only,original,pre_method_original_only,direct,wood_cube,one small blue wooden cube,rigid_collision_compatible,slides from left to right along the tabletop,aluminum_cans,four empty aluminum cans standing upright,rigid_collision_compatible,all four cans are upright and motionless,protocol_v1_physical_pair_selected_from_frozen_ontology,"A realistic locked-camera close-up video in one continuous shot. During the first two seconds, the scene contains four empty aluminum cans standing upright; all four cans are upright and motionless. The source object is not visible, and nothing changes. Then one small blue wooden cube slides from left to right along the tabletop and strikes the nearest receiver object once. Only after this causal event, the scene shows a tipped contacted object and visible displacement of nearby objects. The camera, tabletop, lighting, and background remain fixed throughout. No cuts, camera motion, people, hands, text, or additional moving objects appear.",one small blue wooden cube,a tipped contacted object and visible displacement of nearby objects,the source object is absent and every receiver object remains upright and motionless,841030,840000 + 1000*mechanism_index + 10*combination_index + repetition_index,49,8,0,16
causal_role_erasure_8mechanism_capability_v1,cap8m01c03r01,cap8m01c03,1,3,1,rigid_collision,Rigid collision,protocol_v1_reused_for_capability_screen,data/protocol_v1/registry.json,original_capability_screening_only,original,pre_method_original_only,direct,wood_cube,one small blue wooden cube,rigid_collision_compatible,slides from left to right along the tabletop,aluminum_cans,four empty aluminum cans standing upright,rigid_collision_compatible,all four cans are upright and motionless,protocol_v1_physical_pair_selected_from_frozen_ontology,"A realistic locked-camera close-up video in one continuous shot. During the first two seconds, the scene contains four empty aluminum cans standing upright; all four cans are upright and motionless. The source object is not visible, and nothing changes. Then one small blue wooden cube slides from left to right along the tabletop and strikes the nearest receiver object once. Only after this causal event, the scene shows a tipped contacted object and visible displacement of nearby objects. The camera, tabletop, lighting, and background remain fixed throughout. No cuts, camera motion, people, hands, text, or additional moving objects appear.",one small blue wooden cube,a tipped contacted object and visible displacement of nearby objects,the source object is absent and every receiver object remains upright and motionless,841031,840000 + 1000*mechanism_index + 10*combination_index + repetition_index,49,8,0,16
causal_role_erasure_8mechanism_capability_v1,cap8m01c03r02,cap8m01c03,1,3,2,rigid_collision,Rigid collision,protocol_v1_reused_for_capability_screen,data/protocol_v1/registry.json,original_capability_screening_only,original,pre_method_original_only,direct,wood_cube,one small blue wooden cube,rigid_collision_compatible,slides from left to right along the tabletop,aluminum_cans,four empty aluminum cans standing upright,rigid_collision_compatible,all four cans are upright and motionless,protocol_v1_physical_pair_selected_from_frozen_ontology,"A realistic locked-camera close-up video in one continuous shot. During the first two seconds, the scene contains four empty aluminum cans standing upright; all four cans are upright and motionless. The source object is not visible, and nothing changes. Then one small blue wooden cube slides from left to right along the tabletop and strikes the nearest receiver object once. Only after this causal event, the scene shows a tipped contacted object and visible displacement of nearby objects. The camera, tabletop, lighting, and background remain fixed throughout. No cuts, camera motion, people, hands, text, or additional moving objects appear.",one small blue wooden cube,a tipped contacted object and visible displacement of nearby objects,the source object is absent and every receiver object remains upright and motionless,841032,840000 + 1000*mechanism_index + 10*combination_index + repetition_index,49,8,0,16
causal_role_erasure_8mechanism_capability_v1,cap8m01c04r00,cap8m01c04,1,4,0,rigid_collision,Rigid collision,protocol_v1_reused_for_capability_screen,data/protocol_v1/registry.json,original_capability_screening_only,original,pre_method_original_only,natural,red_ball,one small red rubber ball,rigid_collision_compatible,rolls from left to right along the tabletop,bowling_pins,four small white plastic bowling pins,rigid_collision_compatible,all four pins are upright and motionless,protocol_v1_physical_pair_selected_from_frozen_ontology,"A realistic locked-camera close-up video in one continuous shot. During the first two seconds, the scene contains four small white plastic bowling pins; all four pins are upright and motionless. The source object is not visible, and nothing changes. After the quiet opening, one small red rubber ball rolls from left to right along the tabletop and strikes the nearest receiver object once. The event naturally produces a tipped contacted object and visible displacement of nearby objects. The camera, tabletop, lighting, and background remain fixed throughout. No cuts, camera motion, people, hands, text, or additional moving objects appear.",one small red rubber ball,a tipped contacted object and visible displacement of nearby objects,the source object is absent and every receiver object remains upright and motionless,841040,840000 + 1000*mechanism_index + 10*combination_index + repetition_index,49,8,0,16
causal_role_erasure_8mechanism_capability_v1,cap8m01c04r01,cap8m01c04,1,4,1,rigid_collision,Rigid collision,protocol_v1_reused_for_capability_screen,data/protocol_v1/registry.json,original_capability_screening_only,original,pre_method_original_only,natural,red_ball,one small red rubber ball,rigid_collision_compatible,rolls from left to right along the tabletop,bowling_pins,four small white plastic bowling pins,rigid_collision_compatible,all four pins are upright and motionless,protocol_v1_physical_pair_selected_from_frozen_ontology,"A realistic locked-camera close-up video in one continuous shot. During the first two seconds, the scene contains four small white plastic bowling pins; all four pins are upright and motionless. The source object is not visible, and nothing changes. After the quiet opening, one small red rubber ball rolls from left to right along the tabletop and strikes the nearest receiver object once. The event naturally produces a tipped contacted object and visible displacement of nearby objects. The camera, tabletop, lighting, and background remain fixed throughout. No cuts, camera motion, people, hands, text, or additional moving objects appear.",one small red rubber ball,a tipped contacted object and visible displacement of nearby objects,the source object is absent and every receiver object remains upright and motionless,841041,840000 + 1000*mechanism_index + 10*combination_index + repetition_index,49,8,0,16
causal_role_erasure_8mechanism_capability_v1,cap8m01c04r02,cap8m01c04,1,4,2,rigid_collision,Rigid collision,protocol_v1_reused_for_capability_screen,data/protocol_v1/registry.json,original_capability_screening_only,original,pre_method_original_only,natural,red_ball,one small red rubber ball,rigid_collision_compatible,rolls from left to right along the tabletop,bowling_pins,four small white plastic bowling pins,rigid_collision_compatible,all four pins are upright and motionless,protocol_v1_physical_pair_selected_from_frozen_ontology,"A realistic locked-camera close-up video in one continuous shot. During the first two seconds, the scene contains four small white plastic bowling pins; all four pins are upright and motionless. The source object is not visible, and nothing changes. After the quiet opening, one small red rubber ball rolls from left to right along the tabletop and strikes the nearest receiver object once. The event naturally produces a tipped contacted object and visible displacement of nearby objects. The camera, tabletop, lighting, and background remain fixed throughout. No cuts, camera motion, people, hands, text, or additional moving objects appear.",one small red rubber ball,a tipped contacted object and visible displacement of nearby objects,the source object is absent and every receiver object remains upright and motionless,841042,840000 + 1000*mechanism_index + 10*combination_index + repetition_index,49,8,0,16
causal_role_erasure_8mechanism_capability_v1,cap8m01c05r00,cap8m01c05,1,5,0,rigid_collision,Rigid collision,protocol_v1_reused_for_capability_screen,data/protocol_v1/registry.json,original_capability_screening_only,original,pre_method_original_only,natural,wood_cylinder,one short wooden cylinder,rigid_collision_compatible,rolls from left to right along the tabletop,cardboard_boxes,three small plain cardboard boxes,rigid_collision_compatible,all three boxes are upright and motionless,protocol_v1_physical_pair_selected_from_frozen_ontology,"A realistic locked-camera close-up video in one continuous shot. During the first two seconds, the scene contains three small plain cardboard boxes; all three boxes are upright and motionless. The source object is not visible, and nothing changes. After the quiet opening, one short wooden cylinder rolls from left to right along the tabletop and strikes the nearest receiver object once. The event naturally produces a tipped contacted object and visible displacement of nearby objects. The camera, tabletop, lighting, and background remain fixed throughout. No cuts, camera motion, people, hands, text, or additional moving objects appear.",one short wooden cylinder,a tipped contacted object and visible displacement of nearby objects,the source object is absent and every receiver object remains upright and motionless,841050,840000 + 1000*mechanism_index + 10*combination_index + repetition_index,49,8,0,16
causal_role_erasure_8mechanism_capability_v1,cap8m01c05r01,cap8m01c05,1,5,1,rigid_collision,Rigid collision,protocol_v1_reused_for_capability_screen,data/protocol_v1/registry.json,original_capability_screening_only,original,pre_method_original_only,natural,wood_cylinder,one short wooden cylinder,rigid_collision_compatible,rolls from left to right along the tabletop,cardboard_boxes,three small plain cardboard boxes,rigid_collision_compatible,all three boxes are upright and motionless,protocol_v1_physical_pair_selected_from_frozen_ontology,"A realistic locked-camera close-up video in one continuous shot. During the first two seconds, the scene contains three small plain cardboard boxes; all three boxes are upright and motionless. The source object is not visible, and nothing changes. After the quiet opening, one short wooden cylinder rolls from left to right along the tabletop and strikes the nearest receiver object once. The event naturally produces a tipped contacted object and visible displacement of nearby objects. The camera, tabletop, lighting, and background remain fixed throughout. No cuts, camera motion, people, hands, text, or additional moving objects appear.",one short wooden cylinder,a tipped contacted object and visible displacement of nearby objects,the source object is absent and every receiver object remains upright and motionless,841051,840000 + 1000*mechanism_index + 10*combination_index + repetition_index,49,8,0,16
causal_role_erasure_8mechanism_capability_v1,cap8m01c05r02,cap8m01c05,1,5,2,rigid_collision,Rigid collision,protocol_v1_reused_for_capability_screen,data/protocol_v1/registry.json,original_capability_screening_only,original,pre_method_original_only,natural,wood_cylinder,one short wooden cylinder,rigid_collision_compatible,rolls from left to right along the tabletop,cardboard_boxes,three small plain cardboard boxes,rigid_collision_compatible,all three boxes are upright and motionless,protocol_v1_physical_pair_selected_from_frozen_ontology,"A realistic locked-camera close-up video in one continuous shot. During the first two seconds, the scene contains three small plain cardboard boxes; all three boxes are upright and motionless. The source object is not visible, and nothing changes. After the quiet opening, one short wooden cylinder rolls from left to right along the tabletop and strikes the nearest receiver object once. The event naturally produces a tipped contacted object and visible displacement of nearby objects. The camera, tabletop, lighting, and background remain fixed throughout. No cuts, camera motion, people, hands, text, or additional moving objects appear.",one short wooden cylinder,a tipped contacted object and visible displacement of nearby objects,the source object is absent and every receiver object remains upright and motionless,841052,840000 + 1000*mechanism_index + 10*combination_index + repetition_index,49,8,0,16
causal_role_erasure_8mechanism_capability_v1,cap8m01c06r00,cap8m01c06,1,6,0,rigid_collision,Rigid collision,protocol_v1_reused_for_capability_screen,data/protocol_v1/registry.json,original_capability_screening_only,original,pre_method_original_only,natural,metal_puck,one silver metal puck,rigid_collision_compatible,slides from left to right along the tabletop,aluminum_cans,four empty aluminum cans standing upright,rigid_collision_compatible,all four cans are upright and motionless,protocol_v1_physical_pair_selected_from_frozen_ontology,"A realistic locked-camera close-up video in one continuous shot. During the first two seconds, the scene contains four empty aluminum cans standing upright; all four cans are upright and motionless. The source object is not visible, and nothing changes. After the quiet opening, one silver metal puck slides from left to right along the tabletop and strikes the nearest receiver object once. The event naturally produces a tipped contacted object and visible displacement of nearby objects. The camera, tabletop, lighting, and background remain fixed throughout. No cuts, camera motion, people, hands, text, or additional moving objects appear.",one silver metal puck,a tipped contacted object and visible displacement of nearby objects,the source object is absent and every receiver object remains upright and motionless,841060,840000 + 1000*mechanism_index + 10*combination_index + repetition_index,49,8,0,16
causal_role_erasure_8mechanism_capability_v1,cap8m01c06r01,cap8m01c06,1,6,1,rigid_collision,Rigid collision,protocol_v1_reused_for_capability_screen,data/protocol_v1/registry.json,original_capability_screening_only,original,pre_method_original_only,natural,metal_puck,one silver metal puck,rigid_collision_compatible,slides from left to right along the tabletop,aluminum_cans,four empty aluminum cans standing upright,rigid_collision_compatible,all four cans are upright and motionless,protocol_v1_physical_pair_selected_from_frozen_ontology,"A realistic locked-camera close-up video in one continuous shot. During the first two seconds, the scene contains four empty aluminum cans standing upright; all four cans are upright and motionless. The source object is not visible, and nothing changes. After the quiet opening, one silver metal puck slides from left to right along the tabletop and strikes the nearest receiver object once. The event naturally produces a tipped contacted object and visible displacement of nearby objects. The camera, tabletop, lighting, and background remain fixed throughout. No cuts, camera motion, people, hands, text, or additional moving objects appear.",one silver metal puck,a tipped contacted object and visible displacement of nearby objects,the source object is absent and every receiver object remains upright and motionless,841061,840000 + 1000*mechanism_index + 10*combination_index + repetition_index,49,8,0,16
causal_role_erasure_8mechanism_capability_v1,cap8m01c06r02,cap8m01c06,1,6,2,rigid_collision,Rigid collision,protocol_v1_reused_for_capability_screen,data/protocol_v1/registry.json,original_capability_screening_only,original,pre_method_original_only,natural,metal_puck,one silver metal puck,rigid_collision_compatible,slides from left to right along the tabletop,aluminum_cans,four empty aluminum cans standing upright,rigid_collision_compatible,all four cans are upright and motionless,protocol_v1_physical_pair_selected_from_frozen_ontology,"A realistic locked-camera close-up video in one continuous shot. During the first two seconds, the scene contains four empty aluminum cans standing upright; all four cans are upright and motionless. The source object is not visible, and nothing changes. After the quiet opening, one silver metal puck slides from left to right along the tabletop and strikes the nearest receiver object once. The event naturally produces a tipped contacted object and visible displacement of nearby objects. The camera, tabletop, lighting, and background remain fixed throughout. No cuts, camera motion, people, hands, text, or additional moving objects appear.",one silver metal puck,a tipped contacted object and visible displacement of nearby objects,the source object is absent and every receiver object remains upright and motionless,841062,840000 + 1000*mechanism_index + 10*combination_index + repetition_index,49,8,0,16
causal_role_erasure_8mechanism_capability_v1,cap8m01c07r00,cap8m01c07,1,7,0,rigid_collision,Rigid collision,protocol_v1_reused_for_capability_screen,data/protocol_v1/registry.json,original_capability_screening_only,original,pre_method_original_only,natural,wood_cube,one small blue wooden cube,rigid_collision_compatible,slides from left to right along the tabletop,wood_blocks,three plain wooden blocks standing upright,rigid_collision_compatible,all three blocks are upright and motionless,protocol_v1_physical_pair_selected_from_frozen_ontology,"A realistic locked-camera close-up video in one continuous shot. During the first two seconds, the scene contains three plain wooden blocks standing upright; all three blocks are upright and motionless. The source object is not visible, and nothing changes. After the quiet opening, one small blue wooden cube slides from left to right along the tabletop and strikes the nearest receiver object once. The event naturally produces a tipped contacted object and visible displacement of nearby objects. The camera, tabletop, lighting, and background remain fixed throughout. No cuts, camera motion, people, hands, text, or additional moving objects appear.",one small blue wooden cube,a tipped contacted object and visible displacement of nearby objects,the source object is absent and every receiver object remains upright and motionless,841070,840000 + 1000*mechanism_index + 10*combination_index + repetition_index,49,8,0,16
causal_role_erasure_8mechanism_capability_v1,cap8m01c07r01,cap8m01c07,1,7,1,rigid_collision,Rigid collision,protocol_v1_reused_for_capability_screen,data/protocol_v1/registry.json,original_capability_screening_only,original,pre_method_original_only,natural,wood_cube,one small blue wooden cube,rigid_collision_compatible,slides from left to right along the tabletop,wood_blocks,three plain wooden blocks standing upright,rigid_collision_compatible,all three blocks are upright and motionless,protocol_v1_physical_pair_selected_from_frozen_ontology,"A realistic locked-camera close-up video in one continuous shot. During the first two seconds, the scene contains three plain wooden blocks standing upright; all three blocks are upright and motionless. The source object is not visible, and nothing changes. After the quiet opening, one small blue wooden cube slides from left to right along the tabletop and strikes the nearest receiver object once. The event naturally produces a tipped contacted object and visible displacement of nearby objects. The camera, tabletop, lighting, and background remain fixed throughout. No cuts, camera motion, people, hands, text, or additional moving objects appear.",one small blue wooden cube,a tipped contacted object and visible displacement of nearby objects,the source object is absent and every receiver object remains upright and motionless,841071,840000 + 1000*mechanism_index + 10*combination_index + repetition_index,49,8,0,16
causal_role_erasure_8mechanism_capability_v1,cap8m01c07r02,cap8m01c07,1,7,2,rigid_collision,Rigid collision,protocol_v1_reused_for_capability_screen,data/protocol_v1/registry.json,original_capability_screening_only,original,pre_method_original_only,natural,wood_cube,one small blue wooden cube,rigid_collision_compatible,slides from left to right along the tabletop,wood_blocks,three plain wooden blocks standing upright,rigid_collision_compatible,all three blocks are upright and motionless,protocol_v1_physical_pair_selected_from_frozen_ontology,"A realistic locked-camera close-up video in one continuous shot. During the first two seconds, the scene contains three plain wooden blocks standing upright; all three blocks are upright and motionless. The source object is not visible, and nothing changes. After the quiet opening, one small blue wooden cube slides from left to right along the tabletop and strikes the nearest receiver object once. The event naturally produces a tipped contacted object and visible displacement of nearby objects. The camera, tabletop, lighting, and background remain fixed throughout. No cuts, camera motion, people, hands, text, or additional moving objects appear.",one small blue wooden cube,a tipped contacted object and visible displacement of nearby objects,the source object is absent and every receiver object remains upright and motionless,841072,840000 + 1000*mechanism_index + 10*combination_index + repetition_index,49,8,0,16
causal_role_erasure_8mechanism_capability_v1,cap8m02c00r00,cap8m02c00,2,0,0,brittle_fracture,Brittle fracture,protocol_v1_reused_for_capability_screen,data/protocol_v1/registry.json,original_capability_screening_only,original,pre_method_original_only,direct,wood_mallet,one small wooden mallet,brittle_fracture_compatible,moves into frame from above,glass_pane,one thin clear glass pane held upright,brittle_fracture_compatible,"the pane is intact, clear, and motionless",protocol_v1_physical_pair_selected_from_frozen_ontology,"A realistic locked-camera close-up video in one continuous shot. During the first two seconds, the scene contains one thin clear glass pane held upright; the pane is intact, clear, and motionless. The source object is not visible, and nothing changes. Then one small wooden mallet moves into frame from above and strikes one thin clear glass pane held upright once. Only after this causal event, the scene shows spreading visible cracks and several separated glass fragments. The camera, support surface, lighting, and background remain fixed throughout. No cuts, camera motion, people, hands, text, or additional moving objects appear.",one small wooden mallet,spreading visible cracks and several separated glass fragments,"the source object is absent and the glass receiver remains intact, uncracked, and motionless",842000,840000 + 1000*mechanism_index + 10*combination_index + repetition_index,49,8,0,16
causal_role_erasure_8mechanism_capability_v1,cap8m02c00r01,cap8m02c00,2,0,1,brittle_fracture,Brittle fracture,protocol_v1_reused_for_capability_screen,data/protocol_v1/registry.json,original_capability_screening_only,original,pre_method_original_only,direct,wood_mallet,one small wooden mallet,brittle_fracture_compatible,moves into frame from above,glass_pane,one thin clear glass pane held upright,brittle_fracture_compatible,"the pane is intact, clear, and motionless",protocol_v1_physical_pair_selected_from_frozen_ontology,"A realistic locked-camera close-up video in one continuous shot. During the first two seconds, the scene contains one thin clear glass pane held upright; the pane is intact, clear, and motionless. The source object is not visible, and nothing changes. Then one small wooden mallet moves into frame from above and strikes one thin clear glass pane held upright once. Only after this causal event, the scene shows spreading visible cracks and several separated glass fragments. The camera, support surface, lighting, and background remain fixed throughout. No cuts, camera motion, people, hands, text, or additional moving objects appear.",one small wooden mallet,spreading visible cracks and several separated glass fragments,"the source object is absent and the glass receiver remains intact, uncracked, and motionless",842001,840000 + 1000*mechanism_index + 10*combination_index + repetition_index,49,8,0,16
causal_role_erasure_8mechanism_capability_v1,cap8m02c00r02,cap8m02c00,2,0,2,brittle_fracture,Brittle fracture,protocol_v1_reused_for_capability_screen,data/protocol_v1/registry.json,original_capability_screening_only,original,pre_method_original_only,direct,wood_mallet,one small wooden mallet,brittle_fracture_compatible,moves into frame from above,glass_pane,one thin clear glass pane held upright,brittle_fracture_compatible,"the pane is intact, clear, and motionless",protocol_v1_physical_pair_selected_from_frozen_ontology,"A realistic locked-camera close-up video in one continuous shot. During the first two seconds, the scene contains one thin clear glass pane held upright; the pane is intact, clear, and motionless. The source object is not visible, and nothing changes. Then one small wooden mallet moves into frame from above and strikes one thin clear glass pane held upright once. Only after this causal event, the scene shows spreading visible cracks and several separated glass fragments. The camera, support surface, lighting, and background remain fixed throughout. No cuts, camera motion, people, hands, text, or additional moving objects appear.",one small wooden mallet,spreading visible cracks and several separated glass fragments,"the source object is absent and the glass receiver remains intact, uncracked, and motionless",842002,840000 + 1000*mechanism_index + 10*combination_index + repetition_index,49,8,0,16
causal_role_erasure_8mechanism_capability_v1,cap8m02c01r00,cap8m02c01,2,1,0,brittle_fracture,Brittle fracture,protocol_v1_reused_for_capability_screen,data/protocol_v1/registry.json,original_capability_screening_only,original,pre_method_original_only,direct,metal_hammer,one small metal hammer,brittle_fracture_compatible,moves into frame from above,wine_glass,one empty clear wine glass on a table,brittle_fracture_compatible,the glass is intact and motionless,protocol_v1_physical_pair_selected_from_frozen_ontology,"A realistic locked-camera close-up video in one continuous shot. During the first two seconds, the scene contains one empty clear wine glass on a table; the glass is intact and motionless. The source object is not visible, and nothing changes. Then one small metal hammer moves into frame from above and strikes one empty clear wine glass on a table once. Only after this causal event, the scene shows spreading visible cracks and several separated glass fragments. The camera, support surface, lighting, and background remain fixed throughout. No cuts, camera motion, people, hands, text, or additional moving objects appear.",one small metal hammer,spreading visible cracks and several separated glass fragments,"the source object is absent and the glass receiver remains intact, uncracked, and motionless",842010,840000 + 1000*mechanism_index + 10*combination_index + repetition_index,49,8,0,16
causal_role_erasure_8mechanism_capability_v1,cap8m02c01r01,cap8m02c01,2,1,1,brittle_fracture,Brittle fracture,protocol_v1_reused_for_capability_screen,data/protocol_v1/registry.json,original_capability_screening_only,original,pre_method_original_only,direct,metal_hammer,one small metal hammer,brittle_fracture_compatible,moves into frame from above,wine_glass,one empty clear wine glass on a table,brittle_fracture_compatible,the glass is intact and motionless,protocol_v1_physical_pair_selected_from_frozen_ontology,"A realistic locked-camera close-up video in one continuous shot. During the first two seconds, the scene contains one empty clear wine glass on a table; the glass is intact and motionless. The source object is not visible, and nothing changes. Then one small metal hammer moves into frame from above and strikes one empty clear wine glass on a table once. Only after this causal event, the scene shows spreading visible cracks and several separated glass fragments. The camera, support surface, lighting, and background remain fixed throughout. No cuts, camera motion, people, hands, text, or additional moving objects appear.",one small metal hammer,spreading visible cracks and several separated glass fragments,"the source object is absent and the glass receiver remains intact, uncracked, and motionless",842011,840000 + 1000*mechanism_index + 10*combination_index + repetition_index,49,8,0,16
causal_role_erasure_8mechanism_capability_v1,cap8m02c01r02,cap8m02c01,2,1,2,brittle_fracture,Brittle fracture,protocol_v1_reused_for_capability_screen,data/protocol_v1/registry.json,original_capability_screening_only,original,pre_method_original_only,direct,metal_hammer,one small metal hammer,brittle_fracture_compatible,moves into frame from above,wine_glass,one empty clear wine glass on a table,brittle_fracture_compatible,the glass is intact and motionless,protocol_v1_physical_pair_selected_from_frozen_ontology,"A realistic locked-camera close-up video in one continuous shot. During the first two seconds, the scene contains one empty clear wine glass on a table; the glass is intact and motionless. The source object is not visible, and nothing changes. Then one small metal hammer moves into frame from above and strikes one empty clear wine glass on a table once. Only after this causal event, the scene shows spreading visible cracks and several separated glass fragments. The camera, support surface, lighting, and background remain fixed throughout. No cuts, camera motion, people, hands, text, or additional moving objects appear.",one small metal hammer,spreading visible cracks and several separated glass fragments,"the source object is absent and the glass receiver remains intact, uncracked, and motionless",842012,840000 + 1000*mechanism_index + 10*combination_index + repetition_index,49,8,0,16
causal_role_erasure_8mechanism_capability_v1,cap8m02c02r00,cap8m02c02,2,2,0,brittle_fracture,Brittle fracture,protocol_v1_reused_for_capability_screen,data/protocol_v1/registry.json,original_capability_screening_only,original,pre_method_original_only,direct,steel_ball,one polished steel ball,brittle_fracture_compatible,falls vertically from above,glass_bottle,one empty clear glass bottle on a table,brittle_fracture_compatible,the bottle is intact and motionless,protocol_v1_physical_pair_selected_from_frozen_ontology,"A realistic locked-camera close-up video in one continuous shot. During the first two seconds, the scene contains one empty clear glass bottle on a table; the bottle is intact and motionless. The source object is not visible, and nothing changes. Then one polished steel ball falls vertically from above and strikes one empty clear glass bottle on a table once. Only after this causal event, the scene shows spreading visible cracks and several separated glass fragments. The camera, support surface, lighting, and background remain fixed throughout. No cuts, camera motion, people, hands, text, or additional moving objects appear.",one polished steel ball,spreading visible cracks and several separated glass fragments,"the source object is absent and the glass receiver remains intact, uncracked, and motionless",842020,840000 + 1000*mechanism_index + 10*combination_index + repetition_index,49,8,0,16
causal_role_erasure_8mechanism_capability_v1,cap8m02c02r01,cap8m02c02,2,2,1,brittle_fracture,Brittle fracture,protocol_v1_reused_for_capability_screen,data/protocol_v1/registry.json,original_capability_screening_only,original,pre_method_original_only,direct,steel_ball,one polished steel ball,brittle_fracture_compatible,falls vertically from above,glass_bottle,one empty clear glass bottle on a table,brittle_fracture_compatible,the bottle is intact and motionless,protocol_v1_physical_pair_selected_from_frozen_ontology,"A realistic locked-camera close-up video in one continuous shot. During the first two seconds, the scene contains one empty clear glass bottle on a table; the bottle is intact and motionless. The source object is not visible, and nothing changes. Then one polished steel ball falls vertically from above and strikes one empty clear glass bottle on a table once. Only after this causal event, the scene shows spreading visible cracks and several separated glass fragments. The camera, support surface, lighting, and background remain fixed throughout. No cuts, camera motion, people, hands, text, or additional moving objects appear.",one polished steel ball,spreading visible cracks and several separated glass fragments,"the source object is absent and the glass receiver remains intact, uncracked, and motionless",842021,840000 + 1000*mechanism_index + 10*combination_index + repetition_index,49,8,0,16
causal_role_erasure_8mechanism_capability_v1,cap8m02c02r02,cap8m02c02,2,2,2,brittle_fracture,Brittle fracture,protocol_v1_reused_for_capability_screen,data/protocol_v1/registry.json,original_capability_screening_only,original,pre_method_original_only,direct,steel_ball,one polished steel ball,brittle_fracture_compatible,falls vertically from above,glass_bottle,one empty clear glass bottle on a table,brittle_fracture_compatible,the bottle is intact and motionless,protocol_v1_physical_pair_selected_from_frozen_ontology,"A realistic locked-camera close-up video in one continuous shot. During the first two seconds, the scene contains one empty clear glass bottle on a table; the bottle is intact and motionless. The source object is not visible, and nothing changes. Then one polished steel ball falls vertically from above and strikes one empty clear glass bottle on a table once. Only after this causal event, the scene shows spreading visible cracks and several separated glass fragments. The camera, support surface, lighting, and background remain fixed throughout. No cuts, camera motion, people, hands, text, or additional moving objects appear.",one polished steel ball,spreading visible cracks and several separated glass fragments,"the source object is absent and the glass receiver remains intact, uncracked, and motionless",842022,840000 + 1000*mechanism_index + 10*combination_index + repetition_index,49,8,0,16
causal_role_erasure_8mechanism_capability_v1,cap8m02c03r00,cap8m02c03,2,3,0,brittle_fracture,Brittle fracture,protocol_v1_reused_for_capability_screen,data/protocol_v1/registry.json,original_capability_screening_only,original,pre_method_original_only,direct,gray_stone,one smooth gray stone,brittle_fracture_compatible,falls vertically from above,glass_bowl,one empty clear glass bowl on a table,brittle_fracture_compatible,the bowl is intact and motionless,protocol_v1_physical_pair_selected_from_frozen_ontology,"A realistic locked-camera close-up video in one continuous shot. During the first two seconds, the scene contains one empty clear glass bowl on a table; the bowl is intact and motionless. The source object is not visible, and nothing changes. Then one smooth gray stone falls vertically from above and strikes one empty clear glass bowl on a table once. Only after this causal event, the scene shows spreading visible cracks and several separated glass fragments. The camera, support surface, lighting, and background remain fixed throughout. No cuts, camera motion, people, hands, text, or additional moving objects appear.",one smooth gray stone,spreading visible cracks and several separated glass fragments,"the source object is absent and the glass receiver remains intact, uncracked, and motionless",842030,840000 + 1000*mechanism_index + 10*combination_index + repetition_index,49,8,0,16
causal_role_erasure_8mechanism_capability_v1,cap8m02c03r01,cap8m02c03,2,3,1,brittle_fracture,Brittle fracture,protocol_v1_reused_for_capability_screen,data/protocol_v1/registry.json,original_capability_screening_only,original,pre_method_original_only,direct,gray_stone,one smooth gray stone,brittle_fracture_compatible,falls vertically from above,glass_bowl,one empty clear glass bowl on a table,brittle_fracture_compatible,the bowl is intact and motionless,protocol_v1_physical_pair_selected_from_frozen_ontology,"A realistic locked-camera close-up video in one continuous shot. During the first two seconds, the scene contains one empty clear glass bowl on a table; the bowl is intact and motionless. The source object is not visible, and nothing changes. Then one smooth gray stone falls vertically from above and strikes one empty clear glass bowl on a table once. Only after this causal event, the scene shows spreading visible cracks and several separated glass fragments. The camera, support surface, lighting, and background remain fixed throughout. No cuts, camera motion, people, hands, text, or additional moving objects appear.",one smooth gray stone,spreading visible cracks and several separated glass fragments,"the source object is absent and the glass receiver remains intact, uncracked, and motionless",842031,840000 + 1000*mechanism_index + 10*combination_index + repetition_index,49,8,0,16
causal_role_erasure_8mechanism_capability_v1,cap8m02c03r02,cap8m02c03,2,3,2,brittle_fracture,Brittle fracture,protocol_v1_reused_for_capability_screen,data/protocol_v1/registry.json,original_capability_screening_only,original,pre_method_original_only,direct,gray_stone,one smooth gray stone,brittle_fracture_compatible,falls vertically from above,glass_bowl,one empty clear glass bowl on a table,brittle_fracture_compatible,the bowl is intact and motionless,protocol_v1_physical_pair_selected_from_frozen_ontology,"A realistic locked-camera close-up video in one continuous shot. During the first two seconds, the scene contains one empty clear glass bowl on a table; the bowl is intact and motionless. The source object is not visible, and nothing changes. Then one smooth gray stone falls vertically from above and strikes one empty clear glass bowl on a table once. Only after this causal event, the scene shows spreading visible cracks and several separated glass fragments. The camera, support surface, lighting, and background remain fixed throughout. No cuts, camera motion, people, hands, text, or additional moving objects appear.",one smooth gray stone,spreading visible cracks and several separated glass fragments,"the source object is absent and the glass receiver remains intact, uncracked, and motionless",842032,840000 + 1000*mechanism_index + 10*combination_index + repetition_index,49,8,0,16
causal_role_erasure_8mechanism_capability_v1,cap8m02c04r00,cap8m02c04,2,4,0,brittle_fracture,Brittle fracture,protocol_v1_reused_for_capability_screen,data/protocol_v1/registry.json,original_capability_screening_only,original,pre_method_original_only,natural,wood_mallet,one small wooden mallet,brittle_fracture_compatible,moves into frame from above,wine_glass,one empty clear wine glass on a table,brittle_fracture_compatible,the glass is intact and motionless,protocol_v1_physical_pair_selected_from_frozen_ontology,"A realistic locked-camera close-up video in one continuous shot. During the first two seconds, the scene contains one empty clear wine glass on a table; the glass is intact and motionless. The source object is not visible, and nothing changes. After the quiet opening, one small wooden mallet moves into frame from above and strikes one empty clear wine glass on a table once. The event naturally produces spreading visible cracks and several separated glass fragments. The camera, support surface, lighting, and background remain fixed throughout. No cuts, camera motion, people, hands, text, or additional moving objects appear.",one small wooden mallet,spreading visible cracks and several separated glass fragments,"the source object is absent and the glass receiver remains intact, uncracked, and motionless",842040,840000 + 1000*mechanism_index + 10*combination_index + repetition_index,49,8,0,16
causal_role_erasure_8mechanism_capability_v1,cap8m02c04r01,cap8m02c04,2,4,1,brittle_fracture,Brittle fracture,protocol_v1_reused_for_capability_screen,data/protocol_v1/registry.json,original_capability_screening_only,original,pre_method_original_only,natural,wood_mallet,one small wooden mallet,brittle_fracture_compatible,moves into frame from above,wine_glass,one empty clear wine glass on a table,brittle_fracture_compatible,the glass is intact and motionless,protocol_v1_physical_pair_selected_from_frozen_ontology,"A realistic locked-camera close-up video in one continuous shot. During the first two seconds, the scene contains one empty clear wine glass on a table; the glass is intact and motionless. The source object is not visible, and nothing changes. After the quiet opening, one small wooden mallet moves into frame from above and strikes one empty clear wine glass on a table once. The event naturally produces spreading visible cracks and several separated glass fragments. The camera, support surface, lighting, and background remain fixed throughout. No cuts, camera motion, people, hands, text, or additional moving objects appear.",one small wooden mallet,spreading visible cracks and several separated glass fragments,"the source object is absent and the glass receiver remains intact, uncracked, and motionless",842041,840000 + 1000*mechanism_index + 10*combination_index + repetition_index,49,8,0,16
causal_role_erasure_8mechanism_capability_v1,cap8m02c04r02,cap8m02c04,2,4,2,brittle_fracture,Brittle fracture,protocol_v1_reused_for_capability_screen,data/protocol_v1/registry.json,original_capability_screening_only,original,pre_method_original_only,natural,wood_mallet,one small wooden mallet,brittle_fracture_compatible,moves into frame from above,wine_glass,one empty clear wine glass on a table,brittle_fracture_compatible,the glass is intact and motionless,protocol_v1_physical_pair_selected_from_frozen_ontology,"A realistic locked-camera close-up video in one continuous shot. During the first two seconds, the scene contains one empty clear wine glass on a table; the glass is intact and motionless. The source object is not visible, and nothing changes. After the quiet opening, one small wooden mallet moves into frame from above and strikes one empty clear wine glass on a table once. The event naturally produces spreading visible cracks and several separated glass fragments. The camera, support surface, lighting, and background remain fixed throughout. No cuts, camera motion, people, hands, text, or additional moving objects appear.",one small wooden mallet,spreading visible cracks and several separated glass fragments,"the source object is absent and the glass receiver remains intact, uncracked, and motionless",842042,840000 + 1000*mechanism_index + 10*combination_index + repetition_index,49,8,0,16
causal_role_erasure_8mechanism_capability_v1,cap8m02c05r00,cap8m02c05,2,5,0,brittle_fracture,Brittle fracture,protocol_v1_reused_for_capability_screen,data/protocol_v1/registry.json,original_capability_screening_only,original,pre_method_original_only,natural,metal_hammer,one small metal hammer,brittle_fracture_compatible,moves into frame from above,glass_bottle,one empty clear glass bottle on a table,brittle_fracture_compatible,the bottle is intact and motionless,protocol_v1_physical_pair_selected_from_frozen_ontology,"A realistic locked-camera close-up video in one continuous shot. During the first two seconds, the scene contains one empty clear glass bottle on a table; the bottle is intact and motionless. The source object is not visible, and nothing changes. After the quiet opening, one small metal hammer moves into frame from above and strikes one empty clear glass bottle on a table once. The event naturally produces spreading visible cracks and several separated glass fragments. The camera, support surface, lighting, and background remain fixed throughout. No cuts, camera motion, people, hands, text, or additional moving objects appear.",one small metal hammer,spreading visible cracks and several separated glass fragments,"the source object is absent and the glass receiver remains intact, uncracked, and motionless",842050,840000 + 1000*mechanism_index + 10*combination_index + repetition_index,49,8,0,16
causal_role_erasure_8mechanism_capability_v1,cap8m02c05r01,cap8m02c05,2,5,1,brittle_fracture,Brittle fracture,protocol_v1_reused_for_capability_screen,data/protocol_v1/registry.json,original_capability_screening_only,original,pre_method_original_only,natural,metal_hammer,one small metal hammer,brittle_fracture_compatible,moves into frame from above,glass_bottle,one empty clear glass bottle on a table,brittle_fracture_compatible,the bottle is intact and motionless,protocol_v1_physical_pair_selected_from_frozen_ontology,"A realistic locked-camera close-up video in one continuous shot. During the first two seconds, the scene contains one empty clear glass bottle on a table; the bottle is intact and motionless. The source object is not visible, and nothing changes. After the quiet opening, one small metal hammer moves into frame from above and strikes one empty clear glass bottle on a table once. The event naturally produces spreading visible cracks and several separated glass fragments. The camera, support surface, lighting, and background remain fixed throughout. No cuts, camera motion, people, hands, text, or additional moving objects appear.",one small metal hammer,spreading visible cracks and several separated glass fragments,"the source object is absent and the glass receiver remains intact, uncracked, and motionless",842051,840000 + 1000*mechanism_index + 10*combination_index + repetition_index,49,8,0,16
causal_role_erasure_8mechanism_capability_v1,cap8m02c05r02,cap8m02c05,2,5,2,brittle_fracture,Brittle fracture,protocol_v1_reused_for_capability_screen,data/protocol_v1/registry.json,original_capability_screening_only,original,pre_method_original_only,natural,metal_hammer,one small metal hammer,brittle_fracture_compatible,moves into frame from above,glass_bottle,one empty clear glass bottle on a table,brittle_fracture_compatible,the bottle is intact and motionless,protocol_v1_physical_pair_selected_from_frozen_ontology,"A realistic locked-camera close-up video in one continuous shot. During the first two seconds, the scene contains one empty clear glass bottle on a table; the bottle is intact and motionless. The source object is not visible, and nothing changes. After the quiet opening, one small metal hammer moves into frame from above and strikes one empty clear glass bottle on a table once. The event naturally produces spreading visible cracks and several separated glass fragments. The camera, support surface, lighting, and background remain fixed throughout. No cuts, camera motion, people, hands, text, or additional moving objects appear.",one small metal hammer,spreading visible cracks and several separated glass fragments,"the source object is absent and the glass receiver remains intact, uncracked, and motionless",842052,840000 + 1000*mechanism_index + 10*combination_index + repetition_index,49,8,0,16
causal_role_erasure_8mechanism_capability_v1,cap8m02c06r00,cap8m02c06,2,6,0,brittle_fracture,Brittle fracture,protocol_v1_reused_for_capability_screen,data/protocol_v1/registry.json,original_capability_screening_only,original,pre_method_original_only,natural,steel_ball,one polished steel ball,brittle_fracture_compatible,falls vertically from above,glass_bowl,one empty clear glass bowl on a table,brittle_fracture_compatible,the bowl is intact and motionless,protocol_v1_physical_pair_selected_from_frozen_ontology,"A realistic locked-camera close-up video in one continuous shot. During the first two seconds, the scene contains one empty clear glass bowl on a table; the bowl is intact and motionless. The source object is not visible, and nothing changes. After the quiet opening, one polished steel ball falls vertically from above and strikes one empty clear glass bowl on a table once. The event naturally produces spreading visible cracks and several separated glass fragments. The camera, support surface, lighting, and background remain fixed throughout. No cuts, camera motion, people, hands, text, or additional moving objects appear.",one polished steel ball,spreading visible cracks and several separated glass fragments,"the source object is absent and the glass receiver remains intact, uncracked, and motionless",842060,840000 + 1000*mechanism_index + 10*combination_index + repetition_index,49,8,0,16
causal_role_erasure_8mechanism_capability_v1,cap8m02c06r01,cap8m02c06,2,6,1,brittle_fracture,Brittle fracture,protocol_v1_reused_for_capability_screen,data/protocol_v1/registry.json,original_capability_screening_only,original,pre_method_original_only,natural,steel_ball,one polished steel ball,brittle_fracture_compatible,falls vertically from above,glass_bowl,one empty clear glass bowl on a table,brittle_fracture_compatible,the bowl is intact and motionless,protocol_v1_physical_pair_selected_from_frozen_ontology,"A realistic locked-camera close-up video in one continuous shot. During the first two seconds, the scene contains one empty clear glass bowl on a table; the bowl is intact and motionless. The source object is not visible, and nothing changes. After the quiet opening, one polished steel ball falls vertically from above and strikes one empty clear glass bowl on a table once. The event naturally produces spreading visible cracks and several separated glass fragments. The camera, support surface, lighting, and background remain fixed throughout. No cuts, camera motion, people, hands, text, or additional moving objects appear.",one polished steel ball,spreading visible cracks and several separated glass fragments,"the source object is absent and the glass receiver remains intact, uncracked, and motionless",842061,840000 + 1000*mechanism_index + 10*combination_index + repetition_index,49,8,0,16
causal_role_erasure_8mechanism_capability_v1,cap8m02c06r02,cap8m02c06,2,6,2,brittle_fracture,Brittle fracture,protocol_v1_reused_for_capability_screen,data/protocol_v1/registry.json,original_capability_screening_only,original,pre_method_original_only,natural,steel_ball,one polished steel ball,brittle_fracture_compatible,falls vertically from above,glass_bowl,one empty clear glass bowl on a table,brittle_fracture_compatible,the bowl is intact and motionless,protocol_v1_physical_pair_selected_from_frozen_ontology,"A realistic locked-camera close-up video in one continuous shot. During the first two seconds, the scene contains one empty clear glass bowl on a table; the bowl is intact and motionless. The source object is not visible, and nothing changes. After the quiet opening, one polished steel ball falls vertically from above and strikes one empty clear glass bowl on a table once. The event naturally produces spreading visible cracks and several separated glass fragments. The camera, support surface, lighting, and background remain fixed throughout. No cuts, camera motion, people, hands, text, or additional moving objects appear.",one polished steel ball,spreading visible cracks and several separated glass fragments,"the source object is absent and the glass receiver remains intact, uncracked, and motionless",842062,840000 + 1000*mechanism_index + 10*combination_index + repetition_index,49,8,0,16
causal_role_erasure_8mechanism_capability_v1,cap8m02c07r00,cap8m02c07,2,7,0,brittle_fracture,Brittle fracture,protocol_v1_reused_for_capability_screen,data/protocol_v1/registry.json,original_capability_screening_only,original,pre_method_original_only,natural,gray_stone,one smooth gray stone,brittle_fracture_compatible,falls vertically from above,glass_pane,one thin clear glass pane held upright,brittle_fracture_compatible,"the pane is intact, clear, and motionless",protocol_v1_physical_pair_selected_from_frozen_ontology,"A realistic locked-camera close-up video in one continuous shot. During the first two seconds, the scene contains one thin clear glass pane held upright; the pane is intact, clear, and motionless. The source object is not visible, and nothing changes. After the quiet opening, one smooth gray stone falls vertically from above and strikes one thin clear glass pane held upright once. The event naturally produces spreading visible cracks and several separated glass fragments. The camera, support surface, lighting, and background remain fixed throughout. No cuts, camera motion, people, hands, text, or additional moving objects appear.",one smooth gray stone,spreading visible cracks and several separated glass fragments,"the source object is absent and the glass receiver remains intact, uncracked, and motionless",842070,840000 + 1000*mechanism_index + 10*combination_index + repetition_index,49,8,0,16
causal_role_erasure_8mechanism_capability_v1,cap8m02c07r01,cap8m02c07,2,7,1,brittle_fracture,Brittle fracture,protocol_v1_reused_for_capability_screen,data/protocol_v1/registry.json,original_capability_screening_only,original,pre_method_original_only,natural,gray_stone,one smooth gray stone,brittle_fracture_compatible,falls vertically from above,glass_pane,one thin clear glass pane held upright,brittle_fracture_compatible,"the pane is intact, clear, and motionless",protocol_v1_physical_pair_selected_from_frozen_ontology,"A realistic locked-camera close-up video in one continuous shot. During the first two seconds, the scene contains one thin clear glass pane held upright; the pane is intact, clear, and motionless. The source object is not visible, and nothing changes. After the quiet opening, one smooth gray stone falls vertically from above and strikes one thin clear glass pane held upright once. The event naturally produces spreading visible cracks and several separated glass fragments. The camera, support surface, lighting, and background remain fixed throughout. No cuts, camera motion, people, hands, text, or additional moving objects appear.",one smooth gray stone,spreading visible cracks and several separated glass fragments,"the source object is absent and the glass receiver remains intact, uncracked, and motionless",842071,840000 + 1000*mechanism_index + 10*combination_index + repetition_index,49,8,0,16
causal_role_erasure_8mechanism_capability_v1,cap8m02c07r02,cap8m02c07,2,7,2,brittle_fracture,Brittle fracture,protocol_v1_reused_for_capability_screen,data/protocol_v1/registry.json,original_capability_screening_only,original,pre_method_original_only,natural,gray_stone,one smooth gray stone,brittle_fracture_compatible,falls vertically from above,glass_pane,one thin clear glass pane held upright,brittle_fracture_compatible,"the pane is intact, clear, and motionless",protocol_v1_physical_pair_selected_from_frozen_ontology,"A realistic locked-camera close-up video in one continuous shot. During the first two seconds, the scene contains one thin clear glass pane held upright; the pane is intact, clear, and motionless. The source object is not visible, and nothing changes. After the quiet opening, one smooth gray stone falls vertically from above and strikes one thin clear glass pane held upright once. The event naturally produces spreading visible cracks and several separated glass fragments. The camera, support surface, lighting, and background remain fixed throughout. No cuts, camera motion, people, hands, text, or additional moving objects appear.",one smooth gray stone,spreading visible cracks and several separated glass fragments,"the source object is absent and the glass receiver remains intact, uncracked, and motionless",842072,840000 + 1000*mechanism_index + 10*combination_index + repetition_index,49,8,0,16
causal_role_erasure_8mechanism_capability_v1,cap8m03c00r00,cap8m03c00,3,0,0,powder_impact,Powder impact,protocol_v1_reused_for_capability_screen,data/protocol_v1/registry.json,original_capability_screening_only,original,pre_method_original_only,direct,red_apple,one small red apple,powder_impact_compatible,falls vertically from above,flour,a shallow dark tray filled with white flour,powder_impact_compatible,"the powder surface is flat, smooth, and motionless",protocol_v1_physical_pair_selected_from_frozen_ontology,"A realistic locked-camera close-up video in one continuous shot. During the first two seconds, the scene contains a shallow dark tray filled with white flour; the powder surface is flat, smooth, and motionless. The source object is not visible, and nothing changes. Then one small red apple falls vertically from above and impacts the center of the material. Only after this causal event, the scene shows a short powder plume and a visible impact crater. The camera, tray, lighting, and background remain fixed throughout. No cuts, camera motion, people, hands, text, or additional moving objects appear.",one small red apple,a short powder plume and a visible impact crater,"the source object is absent and the powder surface remains flat, smooth, and undisturbed",843000,840000 + 1000*mechanism_index + 10*combination_index + repetition_index,49,8,0,16
causal_role_erasure_8mechanism_capability_v1,cap8m03c00r01,cap8m03c00,3,0,1,powder_impact,Powder impact,protocol_v1_reused_for_capability_screen,data/protocol_v1/registry.json,original_capability_screening_only,original,pre_method_original_only,direct,red_apple,one small red apple,powder_impact_compatible,falls vertically from above,flour,a shallow dark tray filled with white flour,powder_impact_compatible,"the powder surface is flat, smooth, and motionless",protocol_v1_physical_pair_selected_from_frozen_ontology,"A realistic locked-camera close-up video in one continuous shot. During the first two seconds, the scene contains a shallow dark tray filled with white flour; the powder surface is flat, smooth, and motionless. The source object is not visible, and nothing changes. Then one small red apple falls vertically from above and impacts the center of the material. Only after this causal event, the scene shows a short powder plume and a visible impact crater. The camera, tray, lighting, and background remain fixed throughout. No cuts, camera motion, people, hands, text, or additional moving objects appear.",one small red apple,a short powder plume and a visible impact crater,"the source object is absent and the powder surface remains flat, smooth, and undisturbed",843001,840000 + 1000*mechanism_index + 10*combination_index + repetition_index,49,8,0,16
causal_role_erasure_8mechanism_capability_v1,cap8m03c00r02,cap8m03c00,3,0,2,powder_impact,Powder impact,protocol_v1_reused_for_capability_screen,data/protocol_v1/registry.json,original_capability_screening_only,original,pre_method_original_only,direct,red_apple,one small red apple,powder_impact_compatible,falls vertically from above,flour,a shallow dark tray filled with white flour,powder_impact_compatible,"the powder surface is flat, smooth, and motionless",protocol_v1_physical_pair_selected_from_frozen_ontology,"A realistic locked-camera close-up video in one continuous shot. During the first two seconds, the scene contains a shallow dark tray filled with white flour; the powder surface is flat, smooth, and motionless. The source object is not visible, and nothing changes. Then one small red apple falls vertically from above and impacts the center of the material. Only after this causal event, the scene shows a short powder plume and a visible impact crater. The camera, tray, lighting, and background remain fixed throughout. No cuts, camera motion, people, hands, text, or additional moving objects appear.",one small red apple,a short powder plume and a visible impact crater,"the source object is absent and the powder surface remains flat, smooth, and undisturbed",843002,840000 + 1000*mechanism_index + 10*combination_index + repetition_index,49,8,0,16
causal_role_erasure_8mechanism_capability_v1,cap8m03c01r00,cap8m03c01,3,1,0,powder_impact,Powder impact,protocol_v1_reused_for_capability_screen,data/protocol_v1/registry.json,original_capability_screening_only,original,pre_method_original_only,direct,wood_cube,one small wooden cube,powder_impact_compatible,falls vertically from above,cornstarch,a shallow dark tray filled with white cornstarch,powder_impact_compatible,"the powder surface is flat, smooth, and motionless",protocol_v1_physical_pair_selected_from_frozen_ontology,"A realistic locked-camera close-up video in one continuous shot. During the first two seconds, the scene contains a shallow dark tray filled with white cornstarch; the powder surface is flat, smooth, and motionless. The source object is not visible, and nothing changes. Then one small wooden cube falls vertically from above and impacts the center of the material. Only after this causal event, the scene shows a short powder plume and a visible impact crater. The camera, tray, lighting, and background remain fixed throughout. No cuts, camera motion, people, hands, text, or additional moving objects appear.",one small wooden cube,a short powder plume and a visible impact crater,"the source object is absent and the powder surface remains flat, smooth, and undisturbed",843010,840000 + 1000*mechanism_index + 10*combination_index + repetition_index,49,8,0,16
causal_role_erasure_8mechanism_capability_v1,cap8m03c01r01,cap8m03c01,3,1,1,powder_impact,Powder impact,protocol_v1_reused_for_capability_screen,data/protocol_v1/registry.json,original_capability_screening_only,original,pre_method_original_only,direct,wood_cube,one small wooden cube,powder_impact_compatible,falls vertically from above,cornstarch,a shallow dark tray filled with white cornstarch,powder_impact_compatible,"the powder surface is flat, smooth, and motionless",protocol_v1_physical_pair_selected_from_frozen_ontology,"A realistic locked-camera close-up video in one continuous shot. During the first two seconds, the scene contains a shallow dark tray filled with white cornstarch; the powder surface is flat, smooth, and motionless. The source object is not visible, and nothing changes. Then one small wooden cube falls vertically from above and impacts the center of the material. Only after this causal event, the scene shows a short powder plume and a visible impact crater. The camera, tray, lighting, and background remain fixed throughout. No cuts, camera motion, people, hands, text, or additional moving objects appear.",one small wooden cube,a short powder plume and a visible impact crater,"the source object is absent and the powder surface remains flat, smooth, and undisturbed",843011,840000 + 1000*mechanism_index + 10*combination_index + repetition_index,49,8,0,16
causal_role_erasure_8mechanism_capability_v1,cap8m03c01r02,cap8m03c01,3,1,2,powder_impact,Powder impact,protocol_v1_reused_for_capability_screen,data/protocol_v1/registry.json,original_capability_screening_only,original,pre_method_original_only,direct,wood_cube,one small wooden cube,powder_impact_compatible,falls vertically from above,cornstarch,a shallow dark tray filled with white cornstarch,powder_impact_compatible,"the powder surface is flat, smooth, and motionless",protocol_v1_physical_pair_selected_from_frozen_ontology,"A realistic locked-camera close-up video in one continuous shot. During the first two seconds, the scene contains a shallow dark tray filled with white cornstarch; the powder surface is flat, smooth, and motionless. The source object is not visible, and nothing changes. Then one small wooden cube falls vertically from above and impacts the center of the material. Only after this causal event, the scene shows a short powder plume and a visible impact crater. The camera, tray, lighting, and background remain fixed throughout. No cuts, camera motion, people, hands, text, or additional moving objects appear.",one small wooden cube,a short powder plume and a visible impact crater,"the source object is absent and the powder surface remains flat, smooth, and undisturbed",843012,840000 + 1000*mechanism_index + 10*combination_index + repetition_index,49,8,0,16
causal_role_erasure_8mechanism_capability_v1,cap8m03c02r00,cap8m03c02,3,2,0,powder_impact,Powder impact,protocol_v1_reused_for_capability_screen,data/protocol_v1/registry.json,original_capability_screening_only,original,pre_method_original_only,direct,steel_ball,one polished steel ball,powder_impact_compatible,falls vertically from above,fine_sand,a shallow dark tray filled with fine dry sand,powder_impact_compatible,"the granular surface is flat, smooth, and motionless",protocol_v1_physical_pair_selected_from_frozen_ontology,"A realistic locked-camera close-up video in one continuous shot. During the first two seconds, the scene contains a shallow dark tray filled with fine dry sand; the granular surface is flat, smooth, and motionless. The source object is not visible, and nothing changes. Then one polished steel ball falls vertically from above and impacts the center of the material. Only after this causal event, the scene shows a short powder plume and a visible impact crater. The camera, tray, lighting, and background remain fixed throughout. No cuts, camera motion, people, hands, text, or additional moving objects appear.",one polished steel ball,a short powder plume and a visible impact crater,"the source object is absent and the powder surface remains flat, smooth, and undisturbed",843020,840000 + 1000*mechanism_index + 10*combination_index + repetition_index,49,8,0,16
causal_role_erasure_8mechanism_capability_v1,cap8m03c02r01,cap8m03c02,3,2,1,powder_impact,Powder impact,protocol_v1_reused_for_capability_screen,data/protocol_v1/registry.json,original_capability_screening_only,original,pre_method_original_only,direct,steel_ball,one polished steel ball,powder_impact_compatible,falls vertically from above,fine_sand,a shallow dark tray filled with fine dry sand,powder_impact_compatible,"the granular surface is flat, smooth, and motionless",protocol_v1_physical_pair_selected_from_frozen_ontology,"A realistic locked-camera close-up video in one continuous shot. During the first two seconds, the scene contains a shallow dark tray filled with fine dry sand; the granular surface is flat, smooth, and motionless. The source object is not visible, and nothing changes. Then one polished steel ball falls vertically from above and impacts the center of the material. Only after this causal event, the scene shows a short powder plume and a visible impact crater. The camera, tray, lighting, and background remain fixed throughout. No cuts, camera motion, people, hands, text, or additional moving objects appear.",one polished steel ball,a short powder plume and a visible impact crater,"the source object is absent and the powder surface remains flat, smooth, and undisturbed",843021,840000 + 1000*mechanism_index + 10*combination_index + repetition_index,49,8,0,16
causal_role_erasure_8mechanism_capability_v1,cap8m03c02r02,cap8m03c02,3,2,2,powder_impact,Powder impact,protocol_v1_reused_for_capability_screen,data/protocol_v1/registry.json,original_capability_screening_only,original,pre_method_original_only,direct,steel_ball,one polished steel ball,powder_impact_compatible,falls vertically from above,fine_sand,a shallow dark tray filled with fine dry sand,powder_impact_compatible,"the granular surface is flat, smooth, and motionless",protocol_v1_physical_pair_selected_from_frozen_ontology,"A realistic locked-camera close-up video in one continuous shot. During the first two seconds, the scene contains a shallow dark tray filled with fine dry sand; the granular surface is flat, smooth, and motionless. The source object is not visible, and nothing changes. Then one polished steel ball falls vertically from above and impacts the center of the material. Only after this causal event, the scene shows a short powder plume and a visible impact crater. The camera, tray, lighting, and background remain fixed throughout. No cuts, camera motion, people, hands, text, or additional moving objects appear.",one polished steel ball,a short powder plume and a visible impact crater,"the source object is absent and the powder surface remains flat, smooth, and undisturbed",843022,840000 + 1000*mechanism_index + 10*combination_index + repetition_index,49,8,0,16
causal_role_erasure_8mechanism_capability_v1,cap8m03c03r00,cap8m03c03,3,3,0,powder_impact,Powder impact,protocol_v1_reused_for_capability_screen,data/protocol_v1/registry.json,original_capability_screening_only,original,pre_method_original_only,direct,gray_stone,one smooth gray stone,powder_impact_compatible,falls vertically from above,powdered_sugar,a shallow dark tray filled with white powdered sugar,powder_impact_compatible,"the powder surface is flat, smooth, and motionless",protocol_v1_physical_pair_selected_from_frozen_ontology,"A realistic locked-camera close-up video in one continuous shot. During the first two seconds, the scene contains a shallow dark tray filled with white powdered sugar; the powder surface is flat, smooth, and motionless. The source object is not visible, and nothing changes. Then one smooth gray stone falls vertically from above and impacts the center of the material. Only after this causal event, the scene shows a short powder plume and a visible impact crater. The camera, tray, lighting, and background remain fixed throughout. No cuts, camera motion, people, hands, text, or additional moving objects appear.",one smooth gray stone,a short powder plume and a visible impact crater,"the source object is absent and the powder surface remains flat, smooth, and undisturbed",843030,840000 + 1000*mechanism_index + 10*combination_index + repetition_index,49,8,0,16
causal_role_erasure_8mechanism_capability_v1,cap8m03c03r01,cap8m03c03,3,3,1,powder_impact,Powder impact,protocol_v1_reused_for_capability_screen,data/protocol_v1/registry.json,original_capability_screening_only,original,pre_method_original_only,direct,gray_stone,one smooth gray stone,powder_impact_compatible,falls vertically from above,powdered_sugar,a shallow dark tray filled with white powdered sugar,powder_impact_compatible,"the powder surface is flat, smooth, and motionless",protocol_v1_physical_pair_selected_from_frozen_ontology,"A realistic locked-camera close-up video in one continuous shot. During the first two seconds, the scene contains a shallow dark tray filled with white powdered sugar; the powder surface is flat, smooth, and motionless. The source object is not visible, and nothing changes. Then one smooth gray stone falls vertically from above and impacts the center of the material. Only after this causal event, the scene shows a short powder plume and a visible impact crater. The camera, tray, lighting, and background remain fixed throughout. No cuts, camera motion, people, hands, text, or additional moving objects appear.",one smooth gray stone,a short powder plume and a visible impact crater,"the source object is absent and the powder surface remains flat, smooth, and undisturbed",843031,840000 + 1000*mechanism_index + 10*combination_index + repetition_index,49,8,0,16
causal_role_erasure_8mechanism_capability_v1,cap8m03c03r02,cap8m03c03,3,3,2,powder_impact,Powder impact,protocol_v1_reused_for_capability_screen,data/protocol_v1/registry.json,original_capability_screening_only,original,pre_method_original_only,direct,gray_stone,one smooth gray stone,powder_impact_compatible,falls vertically from above,powdered_sugar,a shallow dark tray filled with white powdered sugar,powder_impact_compatible,"the powder surface is flat, smooth, and motionless",protocol_v1_physical_pair_selected_from_frozen_ontology,"A realistic locked-camera close-up video in one continuous shot. During the first two seconds, the scene contains a shallow dark tray filled with white powdered sugar; the powder surface is flat, smooth, and motionless. The source object is not visible, and nothing changes. Then one smooth gray stone falls vertically from above and impacts the center of the material. Only after this causal event, the scene shows a short powder plume and a visible impact crater. The camera, tray, lighting, and background remain fixed throughout. No cuts, camera motion, people, hands, text, or additional moving objects appear.",one smooth gray stone,a short powder plume and a visible impact crater,"the source object is absent and the powder surface remains flat, smooth, and undisturbed",843032,840000 + 1000*mechanism_index + 10*combination_index + repetition_index,49,8,0,16
causal_role_erasure_8mechanism_capability_v1,cap8m03c04r00,cap8m03c04,3,4,0,powder_impact,Powder impact,protocol_v1_reused_for_capability_screen,data/protocol_v1/registry.json,original_capability_screening_only,original,pre_method_original_only,natural,red_apple,one small red apple,powder_impact_compatible,falls vertically from above,cornstarch,a shallow dark tray filled with white cornstarch,powder_impact_compatible,"the powder surface is flat, smooth, and motionless",protocol_v1_physical_pair_selected_from_frozen_ontology,"A realistic locked-camera close-up video in one continuous shot. During the first two seconds, the scene contains a shallow dark tray filled with white cornstarch; the powder surface is flat, smooth, and motionless. The source object is not visible, and nothing changes. After the quiet opening, one small red apple falls vertically from above and impacts the center of the material. The event naturally produces a short powder plume and a visible impact crater. The camera, tray, lighting, and background remain fixed throughout. No cuts, camera motion, people, hands, text, or additional moving objects appear.",one small red apple,a short powder plume and a visible impact crater,"the source object is absent and the powder surface remains flat, smooth, and undisturbed",843040,840000 + 1000*mechanism_index + 10*combination_index + repetition_index,49,8,0,16
causal_role_erasure_8mechanism_capability_v1,cap8m03c04r01,cap8m03c04,3,4,1,powder_impact,Powder impact,protocol_v1_reused_for_capability_screen,data/protocol_v1/registry.json,original_capability_screening_only,original,pre_method_original_only,natural,red_apple,one small red apple,powder_impact_compatible,falls vertically from above,cornstarch,a shallow dark tray filled with white cornstarch,powder_impact_compatible,"the powder surface is flat, smooth, and motionless",protocol_v1_physical_pair_selected_from_frozen_ontology,"A realistic locked-camera close-up video in one continuous shot. During the first two seconds, the scene contains a shallow dark tray filled with white cornstarch; the powder surface is flat, smooth, and motionless. The source object is not visible, and nothing changes. After the quiet opening, one small red apple falls vertically from above and impacts the center of the material. The event naturally produces a short powder plume and a visible impact crater. The camera, tray, lighting, and background remain fixed throughout. No cuts, camera motion, people, hands, text, or additional moving objects appear.",one small red apple,a short powder plume and a visible impact crater,"the source object is absent and the powder surface remains flat, smooth, and undisturbed",843041,840000 + 1000*mechanism_index + 10*combination_index + repetition_index,49,8,0,16
causal_role_erasure_8mechanism_capability_v1,cap8m03c04r02,cap8m03c04,3,4,2,powder_impact,Powder impact,protocol_v1_reused_for_capability_screen,data/protocol_v1/registry.json,original_capability_screening_only,original,pre_method_original_only,natural,red_apple,one small red apple,powder_impact_compatible,falls vertically from above,cornstarch,a shallow dark tray filled with white cornstarch,powder_impact_compatible,"the powder surface is flat, smooth, and motionless",protocol_v1_physical_pair_selected_from_frozen_ontology,"A realistic locked-camera close-up video in one continuous shot. During the first two seconds, the scene contains a shallow dark tray filled with white cornstarch; the powder surface is flat, smooth, and motionless. The source object is not visible, and nothing changes. After the quiet opening, one small red apple falls vertically from above and impacts the center of the material. The event naturally produces a short powder plume and a visible impact crater. The camera, tray, lighting, and background remain fixed throughout. No cuts, camera motion, people, hands, text, or additional moving objects appear.",one small red apple,a short powder plume and a visible impact crater,"the source object is absent and the powder surface remains flat, smooth, and undisturbed",843042,840000 + 1000*mechanism_index + 10*combination_index + repetition_index,49,8,0,16
causal_role_erasure_8mechanism_capability_v1,cap8m03c05r00,cap8m03c05,3,5,0,powder_impact,Powder impact,protocol_v1_reused_for_capability_screen,data/protocol_v1/registry.json,original_capability_screening_only,original,pre_method_original_only,natural,wood_cube,one small wooden cube,powder_impact_compatible,falls vertically from above,fine_sand,a shallow dark tray filled with fine dry sand,powder_impact_compatible,"the granular surface is flat, smooth, and motionless",protocol_v1_physical_pair_selected_from_frozen_ontology,"A realistic locked-camera close-up video in one continuous shot. During the first two seconds, the scene contains a shallow dark tray filled with fine dry sand; the granular surface is flat, smooth, and motionless. The source object is not visible, and nothing changes. After the quiet opening, one small wooden cube falls vertically from above and impacts the center of the material. The event naturally produces a short powder plume and a visible impact crater. The camera, tray, lighting, and background remain fixed throughout. No cuts, camera motion, people, hands, text, or additional moving objects appear.",one small wooden cube,a short powder plume and a visible impact crater,"the source object is absent and the powder surface remains flat, smooth, and undisturbed",843050,840000 + 1000*mechanism_index + 10*combination_index + repetition_index,49,8,0,16
causal_role_erasure_8mechanism_capability_v1,cap8m03c05r01,cap8m03c05,3,5,1,powder_impact,Powder impact,protocol_v1_reused_for_capability_screen,data/protocol_v1/registry.json,original_capability_screening_only,original,pre_method_original_only,natural,wood_cube,one small wooden cube,powder_impact_compatible,falls vertically from above,fine_sand,a shallow dark tray filled with fine dry sand,powder_impact_compatible,"the granular surface is flat, smooth, and motionless",protocol_v1_physical_pair_selected_from_frozen_ontology,"A realistic locked-camera close-up video in one continuous shot. During the first two seconds, the scene contains a shallow dark tray filled with fine dry sand; the granular surface is flat, smooth, and motionless. The source object is not visible, and nothing changes. After the quiet opening, one small wooden cube falls vertically from above and impacts the center of the material. The event naturally produces a short powder plume and a visible impact crater. The camera, tray, lighting, and background remain fixed throughout. No cuts, camera motion, people, hands, text, or additional moving objects appear.",one small wooden cube,a short powder plume and a visible impact crater,"the source object is absent and the powder surface remains flat, smooth, and undisturbed",843051,840000 + 1000*mechanism_index + 10*combination_index + repetition_index,49,8,0,16
causal_role_erasure_8mechanism_capability_v1,cap8m03c05r02,cap8m03c05,3,5,2,powder_impact,Powder impact,protocol_v1_reused_for_capability_screen,data/protocol_v1/registry.json,original_capability_screening_only,original,pre_method_original_only,natural,wood_cube,one small wooden cube,powder_impact_compatible,falls vertically from above,fine_sand,a shallow dark tray filled with fine dry sand,powder_impact_compatible,"the granular surface is flat, smooth, and motionless",protocol_v1_physical_pair_selected_from_frozen_ontology,"A realistic locked-camera close-up video in one continuous shot. During the first two seconds, the scene contains a shallow dark tray filled with fine dry sand; the granular surface is flat, smooth, and motionless. The source object is not visible, and nothing changes. After the quiet opening, one small wooden cube falls vertically from above and impacts the center of the material. The event naturally produces a short powder plume and a visible impact crater. The camera, tray, lighting, and background remain fixed throughout. No cuts, camera motion, people, hands, text, or additional moving objects appear.",one small wooden cube,a short powder plume and a visible impact crater,"the source object is absent and the powder surface remains flat, smooth, and undisturbed",843052,840000 + 1000*mechanism_index + 10*combination_index + repetition_index,49,8,0,16
causal_role_erasure_8mechanism_capability_v1,cap8m03c06r00,cap8m03c06,3,6,0,powder_impact,Powder impact,protocol_v1_reused_for_capability_screen,data/protocol_v1/registry.json,original_capability_screening_only,original,pre_method_original_only,natural,steel_ball,one polished steel ball,powder_impact_compatible,falls vertically from above,powdered_sugar,a shallow dark tray filled with white powdered sugar,powder_impact_compatible,"the powder surface is flat, smooth, and motionless",protocol_v1_physical_pair_selected_from_frozen_ontology,"A realistic locked-camera close-up video in one continuous shot. During the first two seconds, the scene contains a shallow dark tray filled with white powdered sugar; the powder surface is flat, smooth, and motionless. The source object is not visible, and nothing changes. After the quiet opening, one polished steel ball falls vertically from above and impacts the center of the material. The event naturally produces a short powder plume and a visible impact crater. The camera, tray, lighting, and background remain fixed throughout. No cuts, camera motion, people, hands, text, or additional moving objects appear.",one polished steel ball,a short powder plume and a visible impact crater,"the source object is absent and the powder surface remains flat, smooth, and undisturbed",843060,840000 + 1000*mechanism_index + 10*combination_index + repetition_index,49,8,0,16
causal_role_erasure_8mechanism_capability_v1,cap8m03c06r01,cap8m03c06,3,6,1,powder_impact,Powder impact,protocol_v1_reused_for_capability_screen,data/protocol_v1/registry.json,original_capability_screening_only,original,pre_method_original_only,natural,steel_ball,one polished steel ball,powder_impact_compatible,falls vertically from above,powdered_sugar,a shallow dark tray filled with white powdered sugar,powder_impact_compatible,"the powder surface is flat, smooth, and motionless",protocol_v1_physical_pair_selected_from_frozen_ontology,"A realistic locked-camera close-up video in one continuous shot. During the first two seconds, the scene contains a shallow dark tray filled with white powdered sugar; the powder surface is flat, smooth, and motionless. The source object is not visible, and nothing changes. After the quiet opening, one polished steel ball falls vertically from above and impacts the center of the material. The event naturally produces a short powder plume and a visible impact crater. The camera, tray, lighting, and background remain fixed throughout. No cuts, camera motion, people, hands, text, or additional moving objects appear.",one polished steel ball,a short powder plume and a visible impact crater,"the source object is absent and the powder surface remains flat, smooth, and undisturbed",843061,840000 + 1000*mechanism_index + 10*combination_index + repetition_index,49,8,0,16
causal_role_erasure_8mechanism_capability_v1,cap8m03c06r02,cap8m03c06,3,6,2,powder_impact,Powder impact,protocol_v1_reused_for_capability_screen,data/protocol_v1/registry.json,original_capability_screening_only,original,pre_method_original_only,natural,steel_ball,one polished steel ball,powder_impact_compatible,falls vertically from above,powdered_sugar,a shallow dark tray filled with white powdered sugar,powder_impact_compatible,"the powder surface is flat, smooth, and motionless",protocol_v1_physical_pair_selected_from_frozen_ontology,"A realistic locked-camera close-up video in one continuous shot. During the first two seconds, the scene contains a shallow dark tray filled with white powdered sugar; the powder surface is flat, smooth, and motionless. The source object is not visible, and nothing changes. After the quiet opening, one polished steel ball falls vertically from above and impacts the center of the material. The event naturally produces a short powder plume and a visible impact crater. The camera, tray, lighting, and background remain fixed throughout. No cuts, camera motion, people, hands, text, or additional moving objects appear.",one polished steel ball,a short powder plume and a visible impact crater,"the source object is absent and the powder surface remains flat, smooth, and undisturbed",843062,840000 + 1000*mechanism_index + 10*combination_index + repetition_index,49,8,0,16
causal_role_erasure_8mechanism_capability_v1,cap8m03c07r00,cap8m03c07,3,7,0,powder_impact,Powder impact,protocol_v1_reused_for_capability_screen,data/protocol_v1/registry.json,original_capability_screening_only,original,pre_method_original_only,natural,gray_stone,one smooth gray stone,powder_impact_compatible,falls vertically from above,flour,a shallow dark tray filled with white flour,powder_impact_compatible,"the powder surface is flat, smooth, and motionless",protocol_v1_physical_pair_selected_from_frozen_ontology,"A realistic locked-camera close-up video in one continuous shot. During the first two seconds, the scene contains a shallow dark tray filled with white flour; the powder surface is flat, smooth, and motionless. The source object is not visible, and nothing changes. After the quiet opening, one smooth gray stone falls vertically from above and impacts the center of the material. The event naturally produces a short powder plume and a visible impact crater. The camera, tray, lighting, and background remain fixed throughout. No cuts, camera motion, people, hands, text, or additional moving objects appear.",one smooth gray stone,a short powder plume and a visible impact crater,"the source object is absent and the powder surface remains flat, smooth, and undisturbed",843070,840000 + 1000*mechanism_index + 10*combination_index + repetition_index,49,8,0,16
causal_role_erasure_8mechanism_capability_v1,cap8m03c07r01,cap8m03c07,3,7,1,powder_impact,Powder impact,protocol_v1_reused_for_capability_screen,data/protocol_v1/registry.json,original_capability_screening_only,original,pre_method_original_only,natural,gray_stone,one smooth gray stone,powder_impact_compatible,falls vertically from above,flour,a shallow dark tray filled with white flour,powder_impact_compatible,"the powder surface is flat, smooth, and motionless",protocol_v1_physical_pair_selected_from_frozen_ontology,"A realistic locked-camera close-up video in one continuous shot. During the first two seconds, the scene contains a shallow dark tray filled with white flour; the powder surface is flat, smooth, and motionless. The source object is not visible, and nothing changes. After the quiet opening, one smooth gray stone falls vertically from above and impacts the center of the material. The event naturally produces a short powder plume and a visible impact crater. The camera, tray, lighting, and background remain fixed throughout. No cuts, camera motion, people, hands, text, or additional moving objects appear.",one smooth gray stone,a short powder plume and a visible impact crater,"the source object is absent and the powder surface remains flat, smooth, and undisturbed",843071,840000 + 1000*mechanism_index + 10*combination_index + repetition_index,49,8,0,16
causal_role_erasure_8mechanism_capability_v1,cap8m03c07r02,cap8m03c07,3,7,2,powder_impact,Powder impact,protocol_v1_reused_for_capability_screen,data/protocol_v1/registry.json,original_capability_screening_only,original,pre_method_original_only,natural,gray_stone,one smooth gray stone,powder_impact_compatible,falls vertically from above,flour,a shallow dark tray filled with white flour,powder_impact_compatible,"the powder surface is flat, smooth, and motionless",protocol_v1_physical_pair_selected_from_frozen_ontology,"A realistic locked-camera close-up video in one continuous shot. During the first two seconds, the scene contains a shallow dark tray filled with white flour; the powder surface is flat, smooth, and motionless. The source object is not visible, and nothing changes. After the quiet opening, one smooth gray stone falls vertically from above and impacts the center of the material. The event naturally produces a short powder plume and a visible impact crater. The camera, tray, lighting, and background remain fixed throughout. No cuts, camera motion, people, hands, text, or additional moving objects appear.",one smooth gray stone,a short powder plume and a visible impact crater,"the source object is absent and the powder surface remains flat, smooth, and undisturbed",843072,840000 + 1000*mechanism_index + 10*combination_index + repetition_index,49,8,0,16
causal_role_erasure_8mechanism_capability_v1,cap8m04c00r00,cap8m04c00,4,0,0,elastic_deformation,Elastic deformation,draft_capability_only_not_training_ready,causal_role_erasure_8mechanism_capability_v1:embedded_capability_draft,original_capability_screening_only,original,pre_method_original_only,direct,orange_basketball,one small orange basketball,vertical_deflection,falls vertically from above,black_trampoline,a small black trampoline stretched horizontally,vertical_deflection,"its elastic surface is flat, taut, and motionless",draft_family_match:vertical_deflection,"A realistic locked-camera close-up video in one continuous shot. During the first two seconds, the scene contains a small black trampoline stretched horizontally; its elastic surface is flat, taut, and motionless. The source object is not visible, and nothing changes. Then one small orange basketball falls vertically from above and contacts a small black trampoline stretched horizontally once. Only after this causal event, the scene shows a clearly visible temporary indentation or stretching of the receiver followed by elastic rebound. The camera, supports, lighting, and background remain fixed throughout. No cuts, camera motion, people, hands, text, or additional moving objects appear.",one small orange basketball,a clearly visible temporary indentation or stretching of the receiver followed by elastic rebound,the source object is absent and the elastic receiver keeps its original undeformed shape,844000,840000 + 1000*mechanism_index + 10*combination_index + repetition_index,49,8,0,16
causal_role_erasure_8mechanism_capability_v1,cap8m04c00r01,cap8m04c00,4,0,1,elastic_deformation,Elastic deformation,draft_capability_only_not_training_ready,causal_role_erasure_8mechanism_capability_v1:embedded_capability_draft,original_capability_screening_only,original,pre_method_original_only,direct,orange_basketball,one small orange basketball,vertical_deflection,falls vertically from above,black_trampoline,a small black trampoline stretched horizontally,vertical_deflection,"its elastic surface is flat, taut, and motionless",draft_family_match:vertical_deflection,"A realistic locked-camera close-up video in one continuous shot. During the first two seconds, the scene contains a small black trampoline stretched horizontally; its elastic surface is flat, taut, and motionless. The source object is not visible, and nothing changes. Then one small orange basketball falls vertically from above and contacts a small black trampoline stretched horizontally once. Only after this causal event, the scene shows a clearly visible temporary indentation or stretching of the receiver followed by elastic rebound. The camera, supports, lighting, and background remain fixed throughout. No cuts, camera motion, people, hands, text, or additional moving objects appear.",one small orange basketball,a clearly visible temporary indentation or stretching of the receiver followed by elastic rebound,the source object is absent and the elastic receiver keeps its original undeformed shape,844001,840000 + 1000*mechanism_index + 10*combination_index + repetition_index,49,8,0,16
causal_role_erasure_8mechanism_capability_v1,cap8m04c00r02,cap8m04c00,4,0,2,elastic_deformation,Elastic deformation,draft_capability_only_not_training_ready,causal_role_erasure_8mechanism_capability_v1:embedded_capability_draft,original_capability_screening_only,original,pre_method_original_only,direct,orange_basketball,one small orange basketball,vertical_deflection,falls vertically from above,black_trampoline,a small black trampoline stretched horizontally,vertical_deflection,"its elastic surface is flat, taut, and motionless",draft_family_match:vertical_deflection,"A realistic locked-camera close-up video in one continuous shot. During the first two seconds, the scene contains a small black trampoline stretched horizontally; its elastic surface is flat, taut, and motionless. The source object is not visible, and nothing changes. Then one small orange basketball falls vertically from above and contacts a small black trampoline stretched horizontally once. Only after this causal event, the scene shows a clearly visible temporary indentation or stretching of the receiver followed by elastic rebound. The camera, supports, lighting, and background remain fixed throughout. No cuts, camera motion, people, hands, text, or additional moving objects appear.",one small orange basketball,a clearly visible temporary indentation or stretching of the receiver followed by elastic rebound,the source object is absent and the elastic receiver keeps its original undeformed shape,844002,840000 + 1000*mechanism_index + 10*combination_index + repetition_index,49,8,0,16
causal_role_erasure_8mechanism_capability_v1,cap8m04c01r00,cap8m04c01,4,1,0,elastic_deformation,Elastic deformation,draft_capability_only_not_training_ready,causal_role_erasure_8mechanism_capability_v1:embedded_capability_draft,original_capability_screening_only,original,pre_method_original_only,direct,red_rubber_ball,one small red rubber ball,vertical_deflection,falls vertically from above,blue_foam_cushion,a thick blue foam cushion resting on a table,vertical_deflection,"its top surface is level, undeformed, and motionless",draft_family_match:vertical_deflection,"A realistic locked-camera close-up video in one continuous shot. During the first two seconds, the scene contains a thick blue foam cushion resting on a table; its top surface is level, undeformed, and motionless. The source object is not visible, and nothing changes. Then one small red rubber ball falls vertically from above and contacts a thick blue foam cushion resting on a table once. Only after this causal event, the scene shows a clearly visible temporary indentation or stretching of the receiver followed by elastic rebound. The camera, supports, lighting, and background remain fixed throughout. No cuts, camera motion, people, hands, text, or additional moving objects appear.",one small red rubber ball,a clearly visible temporary indentation or stretching of the receiver followed by elastic rebound,the source object is absent and the elastic receiver keeps its original undeformed shape,844010,840000 + 1000*mechanism_index + 10*combination_index + repetition_index,49,8,0,16
causal_role_erasure_8mechanism_capability_v1,cap8m04c01r01,cap8m04c01,4,1,1,elastic_deformation,Elastic deformation,draft_capability_only_not_training_ready,causal_role_erasure_8mechanism_capability_v1:embedded_capability_draft,original_capability_screening_only,original,pre_method_original_only,direct,red_rubber_ball,one small red rubber ball,vertical_deflection,falls vertically from above,blue_foam_cushion,a thick blue foam cushion resting on a table,vertical_deflection,"its top surface is level, undeformed, and motionless",draft_family_match:vertical_deflection,"A realistic locked-camera close-up video in one continuous shot. During the first two seconds, the scene contains a thick blue foam cushion resting on a table; its top surface is level, undeformed, and motionless. The source object is not visible, and nothing changes. Then one small red rubber ball falls vertically from above and contacts a thick blue foam cushion resting on a table once. Only after this causal event, the scene shows a clearly visible temporary indentation or stretching of the receiver followed by elastic rebound. The camera, supports, lighting, and background remain fixed throughout. No cuts, camera motion, people, hands, text, or additional moving objects appear.",one small red rubber ball,a clearly visible temporary indentation or stretching of the receiver followed by elastic rebound,the source object is absent and the elastic receiver keeps its original undeformed shape,844011,840000 + 1000*mechanism_index + 10*combination_index + repetition_index,49,8,0,16
causal_role_erasure_8mechanism_capability_v1,cap8m04c01r02,cap8m04c01,4,1,2,elastic_deformation,Elastic deformation,draft_capability_only_not_training_ready,causal_role_erasure_8mechanism_capability_v1:embedded_capability_draft,original_capability_screening_only,original,pre_method_original_only,direct,red_rubber_ball,one small red rubber ball,vertical_deflection,falls vertically from above,blue_foam_cushion,a thick blue foam cushion resting on a table,vertical_deflection,"its top surface is level, undeformed, and motionless",draft_family_match:vertical_deflection,"A realistic locked-camera close-up video in one continuous shot. During the first two seconds, the scene contains a thick blue foam cushion resting on a table; its top surface is level, undeformed, and motionless. The source object is not visible, and nothing changes. Then one small red rubber ball falls vertically from above and contacts a thick blue foam cushion resting on a table once. Only after this causal event, the scene shows a clearly visible temporary indentation or stretching of the receiver followed by elastic rebound. The camera, supports, lighting, and background remain fixed throughout. No cuts, camera motion, people, hands, text, or additional moving objects appear.",one small red rubber ball,a clearly visible temporary indentation or stretching of the receiver followed by elastic rebound,the source object is absent and the elastic receiver keeps its original undeformed shape,844012,840000 + 1000*mechanism_index + 10*combination_index + repetition_index,49,8,0,16
causal_role_erasure_8mechanism_capability_v1,cap8m04c02r00,cap8m04c02,4,2,0,elastic_deformation,Elastic deformation,draft_capability_only_not_training_ready,causal_role_erasure_8mechanism_capability_v1:embedded_capability_draft,original_capability_screening_only,original,pre_method_original_only,direct,green_tennis_ball,one green tennis ball,horizontal_stretch,flies horizontally from left to right,tennis_practice_net,a taut square tennis practice net held vertically,horizontal_stretch,"the net is straight, evenly tensioned, and motionless",draft_family_match:horizontal_stretch,"A realistic locked-camera close-up video in one continuous shot. During the first two seconds, the scene contains a taut square tennis practice net held vertically; the net is straight, evenly tensioned, and motionless. The source object is not visible, and nothing changes. Then one green tennis ball flies horizontally from left to right and contacts a taut square tennis practice net held vertically once. Only after this causal event, the scene shows a clearly visible temporary indentation or stretching of the receiver followed by elastic rebound. The camera, supports, lighting, and background remain fixed throughout. No cuts, camera motion, people, hands, text, or additional moving objects appear.",one green tennis ball,a clearly visible temporary indentation or stretching of the receiver followed by elastic rebound,the source object is absent and the elastic receiver keeps its original undeformed shape,844020,840000 + 1000*mechanism_index + 10*combination_index + repetition_index,49,8,0,16
causal_role_erasure_8mechanism_capability_v1,cap8m04c02r01,cap8m04c02,4,2,1,elastic_deformation,Elastic deformation,draft_capability_only_not_training_ready,causal_role_erasure_8mechanism_capability_v1:embedded_capability_draft,original_capability_screening_only,original,pre_method_original_only,direct,green_tennis_ball,one green tennis ball,horizontal_stretch,flies horizontally from left to right,tennis_practice_net,a taut square tennis practice net held vertically,horizontal_stretch,"the net is straight, evenly tensioned, and motionless",draft_family_match:horizontal_stretch,"A realistic locked-camera close-up video in one continuous shot. During the first two seconds, the scene contains a taut square tennis practice net held vertically; the net is straight, evenly tensioned, and motionless. The source object is not visible, and nothing changes. Then one green tennis ball flies horizontally from left to right and contacts a taut square tennis practice net held vertically once. Only after this causal event, the scene shows a clearly visible temporary indentation or stretching of the receiver followed by elastic rebound. The camera, supports, lighting, and background remain fixed throughout. No cuts, camera motion, people, hands, text, or additional moving objects appear.",one green tennis ball,a clearly visible temporary indentation or stretching of the receiver followed by elastic rebound,the source object is absent and the elastic receiver keeps its original undeformed shape,844021,840000 + 1000*mechanism_index + 10*combination_index + repetition_index,49,8,0,16
causal_role_erasure_8mechanism_capability_v1,cap8m04c02r02,cap8m04c02,4,2,2,elastic_deformation,Elastic deformation,draft_capability_only_not_training_ready,causal_role_erasure_8mechanism_capability_v1:embedded_capability_draft,original_capability_screening_only,original,pre_method_original_only,direct,green_tennis_ball,one green tennis ball,horizontal_stretch,flies horizontally from left to right,tennis_practice_net,a taut square tennis practice net held vertically,horizontal_stretch,"the net is straight, evenly tensioned, and motionless",draft_family_match:horizontal_stretch,"A realistic locked-camera close-up video in one continuous shot. During the first two seconds, the scene contains a taut square tennis practice net held vertically; the net is straight, evenly tensioned, and motionless. The source object is not visible, and nothing changes. Then one green tennis ball flies horizontally from left to right and contacts a taut square tennis practice net held vertically once. Only after this causal event, the scene shows a clearly visible temporary indentation or stretching of the receiver followed by elastic rebound. The camera, supports, lighting, and background remain fixed throughout. No cuts, camera motion, people, hands, text, or additional moving objects appear.",one green tennis ball,a clearly visible temporary indentation or stretching of the receiver followed by elastic rebound,the source object is absent and the elastic receiver keeps its original undeformed shape,844022,840000 + 1000*mechanism_index + 10*combination_index + repetition_index,49,8,0,16
causal_role_erasure_8mechanism_capability_v1,cap8m04c03r00,cap8m04c03,4,3,0,elastic_deformation,Elastic deformation,draft_capability_only_not_training_ready,causal_role_erasure_8mechanism_capability_v1:embedded_capability_draft,original_capability_screening_only,original,pre_method_original_only,direct,soccer_ball,one small black-and-white soccer ball,horizontal_stretch,flies horizontally from left to right,soccer_goal_net,a taut white soccer goal net held vertically,horizontal_stretch,the net hangs in its original shape and is completely still,draft_family_match:horizontal_stretch,"A realistic locked-camera close-up video in one continuous shot. During the first two seconds, the scene contains a taut white soccer goal net held vertically; the net hangs in its original shape and is completely still. The source object is not visible, and nothing changes. Then one small black-and-white soccer ball flies horizontally from left to right and contacts a taut white soccer goal net held vertically once. Only after this causal event, the scene shows a clearly visible temporary indentation or stretching of the receiver followed by elastic rebound. The camera, supports, lighting, and background remain fixed throughout. No cuts, camera motion, people, hands, text, or additional moving objects appear.",one small black-and-white soccer ball,a clearly visible temporary indentation or stretching of the receiver followed by elastic rebound,the source object is absent and the elastic receiver keeps its original undeformed shape,844030,840000 + 1000*mechanism_index + 10*combination_index + repetition_index,49,8,0,16
causal_role_erasure_8mechanism_capability_v1,cap8m04c03r01,cap8m04c03,4,3,1,elastic_deformation,Elastic deformation,draft_capability_only_not_training_ready,causal_role_erasure_8mechanism_capability_v1:embedded_capability_draft,original_capability_screening_only,original,pre_method_original_only,direct,soccer_ball,one small black-and-white soccer ball,horizontal_stretch,flies horizontally from left to right,soccer_goal_net,a taut white soccer goal net held vertically,horizontal_stretch,the net hangs in its original shape and is completely still,draft_family_match:horizontal_stretch,"A realistic locked-camera close-up video in one continuous shot. During the first two seconds, the scene contains a taut white soccer goal net held vertically; the net hangs in its original shape and is completely still. The source object is not visible, and nothing changes. Then one small black-and-white soccer ball flies horizontally from left to right and contacts a taut white soccer goal net held vertically once. Only after this causal event, the scene shows a clearly visible temporary indentation or stretching of the receiver followed by elastic rebound. The camera, supports, lighting, and background remain fixed throughout. No cuts, camera motion, people, hands, text, or additional moving objects appear.",one small black-and-white soccer ball,a clearly visible temporary indentation or stretching of the receiver followed by elastic rebound,the source object is absent and the elastic receiver keeps its original undeformed shape,844031,840000 + 1000*mechanism_index + 10*combination_index + repetition_index,49,8,0,16
causal_role_erasure_8mechanism_capability_v1,cap8m04c03r02,cap8m04c03,4,3,2,elastic_deformation,Elastic deformation,draft_capability_only_not_training_ready,causal_role_erasure_8mechanism_capability_v1:embedded_capability_draft,original_capability_screening_only,original,pre_method_original_only,direct,soccer_ball,one small black-and-white soccer ball,horizontal_stretch,flies horizontally from left to right,soccer_goal_net,a taut white soccer goal net held vertically,horizontal_stretch,the net hangs in its original shape and is completely still,draft_family_match:horizontal_stretch,"A realistic locked-camera close-up video in one continuous shot. During the first two seconds, the scene contains a taut white soccer goal net held vertically; the net hangs in its original shape and is completely still. The source object is not visible, and nothing changes. Then one small black-and-white soccer ball flies horizontally from left to right and contacts a taut white soccer goal net held vertically once. Only after this causal event, the scene shows a clearly visible temporary indentation or stretching of the receiver followed by elastic rebound. The camera, supports, lighting, and background remain fixed throughout. No cuts, camera motion, people, hands, text, or additional moving objects appear.",one small black-and-white soccer ball,a clearly visible temporary indentation or stretching of the receiver followed by elastic rebound,the source object is absent and the elastic receiver keeps its original undeformed shape,844032,840000 + 1000*mechanism_index + 10*combination_index + repetition_index,49,8,0,16
causal_role_erasure_8mechanism_capability_v1,cap8m04c04r00,cap8m04c04,4,4,0,elastic_deformation,Elastic deformation,draft_capability_only_not_training_ready,causal_role_erasure_8mechanism_capability_v1:embedded_capability_draft,original_capability_screening_only,original,pre_method_original_only,natural,orange_basketball,one small orange basketball,vertical_deflection,falls vertically from above,blue_foam_cushion,a thick blue foam cushion resting on a table,vertical_deflection,"its top surface is level, undeformed, and motionless",draft_family_match:vertical_deflection,"A realistic locked-camera close-up video in one continuous shot. During the first two seconds, the scene contains a thick blue foam cushion resting on a table; its top surface is level, undeformed, and motionless. The source object is not visible, and nothing changes. After the quiet opening, one small orange basketball falls vertically from above and contacts a thick blue foam cushion resting on a table once. The event naturally produces a clearly visible temporary indentation or stretching of the receiver followed by elastic rebound. The camera, supports, lighting, and background remain fixed throughout. No cuts, camera motion, people, hands, text, or additional moving objects appear.",one small orange basketball,a clearly visible temporary indentation or stretching of the receiver followed by elastic rebound,the source object is absent and the elastic receiver keeps its original undeformed shape,844040,840000 + 1000*mechanism_index + 10*combination_index + repetition_index,49,8,0,16
causal_role_erasure_8mechanism_capability_v1,cap8m04c04r01,cap8m04c04,4,4,1,elastic_deformation,Elastic deformation,draft_capability_only_not_training_ready,causal_role_erasure_8mechanism_capability_v1:embedded_capability_draft,original_capability_screening_only,original,pre_method_original_only,natural,orange_basketball,one small orange basketball,vertical_deflection,falls vertically from above,blue_foam_cushion,a thick blue foam cushion resting on a table,vertical_deflection,"its top surface is level, undeformed, and motionless",draft_family_match:vertical_deflection,"A realistic locked-camera close-up video in one continuous shot. During the first two seconds, the scene contains a thick blue foam cushion resting on a table; its top surface is level, undeformed, and motionless. The source object is not visible, and nothing changes. After the quiet opening, one small orange basketball falls vertically from above and contacts a thick blue foam cushion resting on a table once. The event naturally produces a clearly visible temporary indentation or stretching of the receiver followed by elastic rebound. The camera, supports, lighting, and background remain fixed throughout. No cuts, camera motion, people, hands, text, or additional moving objects appear.",one small orange basketball,a clearly visible temporary indentation or stretching of the receiver followed by elastic rebound,the source object is absent and the elastic receiver keeps its original undeformed shape,844041,840000 + 1000*mechanism_index + 10*combination_index + repetition_index,49,8,0,16
causal_role_erasure_8mechanism_capability_v1,cap8m04c04r02,cap8m04c04,4,4,2,elastic_deformation,Elastic deformation,draft_capability_only_not_training_ready,causal_role_erasure_8mechanism_capability_v1:embedded_capability_draft,original_capability_screening_only,original,pre_method_original_only,natural,orange_basketball,one small orange basketball,vertical_deflection,falls vertically from above,blue_foam_cushion,a thick blue foam cushion resting on a table,vertical_deflection,"its top surface is level, undeformed, and motionless",draft_family_match:vertical_deflection,"A realistic locked-camera close-up video in one continuous shot. During the first two seconds, the scene contains a thick blue foam cushion resting on a table; its top surface is level, undeformed, and motionless. The source object is not visible, and nothing changes. After the quiet opening, one small orange basketball falls vertically from above and contacts a thick blue foam cushion resting on a table once. The event naturally produces a clearly visible temporary indentation or stretching of the receiver followed by elastic rebound. The camera, supports, lighting, and background remain fixed throughout. No cuts, camera motion, people, hands, text, or additional moving objects appear.",one small orange basketball,a clearly visible temporary indentation or stretching of the receiver followed by elastic rebound,the source object is absent and the elastic receiver keeps its original undeformed shape,844042,840000 + 1000*mechanism_index + 10*combination_index + repetition_index,49,8,0,16
causal_role_erasure_8mechanism_capability_v1,cap8m04c05r00,cap8m04c05,4,5,0,elastic_deformation,Elastic deformation,draft_capability_only_not_training_ready,causal_role_erasure_8mechanism_capability_v1:embedded_capability_draft,original_capability_screening_only,original,pre_method_original_only,natural,red_rubber_ball,one small red rubber ball,vertical_deflection,falls vertically from above,black_trampoline,a small black trampoline stretched horizontally,vertical_deflection,"its elastic surface is flat, taut, and motionless",draft_family_match:vertical_deflection,"A realistic locked-camera close-up video in one continuous shot. During the first two seconds, the scene contains a small black trampoline stretched horizontally; its elastic surface is flat, taut, and motionless. The source object is not visible, and nothing changes. After the quiet opening, one small red rubber ball falls vertically from above and contacts a small black trampoline stretched horizontally once. The event naturally produces a clearly visible temporary indentation or stretching of the receiver followed by elastic rebound. The camera, supports, lighting, and background remain fixed throughout. No cuts, camera motion, people, hands, text, or additional moving objects appear.",one small red rubber ball,a clearly visible temporary indentation or stretching of the receiver followed by elastic rebound,the source object is absent and the elastic receiver keeps its original undeformed shape,844050,840000 + 1000*mechanism_index + 10*combination_index + repetition_index,49,8,0,16
causal_role_erasure_8mechanism_capability_v1,cap8m04c05r01,cap8m04c05,4,5,1,elastic_deformation,Elastic deformation,draft_capability_only_not_training_ready,causal_role_erasure_8mechanism_capability_v1:embedded_capability_draft,original_capability_screening_only,original,pre_method_original_only,natural,red_rubber_ball,one small red rubber ball,vertical_deflection,falls vertically from above,black_trampoline,a small black trampoline stretched horizontally,vertical_deflection,"its elastic surface is flat, taut, and motionless",draft_family_match:vertical_deflection,"A realistic locked-camera close-up video in one continuous shot. During the first two seconds, the scene contains a small black trampoline stretched horizontally; its elastic surface is flat, taut, and motionless. The source object is not visible, and nothing changes. After the quiet opening, one small red rubber ball falls vertically from above and contacts a small black trampoline stretched horizontally once. The event naturally produces a clearly visible temporary indentation or stretching of the receiver followed by elastic rebound. The camera, supports, lighting, and background remain fixed throughout. No cuts, camera motion, people, hands, text, or additional moving objects appear.",one small red rubber ball,a clearly visible temporary indentation or stretching of the receiver followed by elastic rebound,the source object is absent and the elastic receiver keeps its original undeformed shape,844051,840000 + 1000*mechanism_index + 10*combination_index + repetition_index,49,8,0,16
causal_role_erasure_8mechanism_capability_v1,cap8m04c05r02,cap8m04c05,4,5,2,elastic_deformation,Elastic deformation,draft_capability_only_not_training_ready,causal_role_erasure_8mechanism_capability_v1:embedded_capability_draft,original_capability_screening_only,original,pre_method_original_only,natural,red_rubber_ball,one small red rubber ball,vertical_deflection,falls vertically from above,black_trampoline,a small black trampoline stretched horizontally,vertical_deflection,"its elastic surface is flat, taut, and motionless",draft_family_match:vertical_deflection,"A realistic locked-camera close-up video in one continuous shot. During the first two seconds, the scene contains a small black trampoline stretched horizontally; its elastic surface is flat, taut, and motionless. The source object is not visible, and nothing changes. After the quiet opening, one small red rubber ball falls vertically from above and contacts a small black trampoline stretched horizontally once. The event naturally produces a clearly visible temporary indentation or stretching of the receiver followed by elastic rebound. The camera, supports, lighting, and background remain fixed throughout. No cuts, camera motion, people, hands, text, or additional moving objects appear.",one small red rubber ball,a clearly visible temporary indentation or stretching of the receiver followed by elastic rebound,the source object is absent and the elastic receiver keeps its original undeformed shape,844052,840000 + 1000*mechanism_index + 10*combination_index + repetition_index,49,8,0,16
causal_role_erasure_8mechanism_capability_v1,cap8m04c06r00,cap8m04c06,4,6,0,elastic_deformation,Elastic deformation,draft_capability_only_not_training_ready,causal_role_erasure_8mechanism_capability_v1:embedded_capability_draft,original_capability_screening_only,original,pre_method_original_only,natural,green_tennis_ball,one green tennis ball,horizontal_stretch,flies horizontally from left to right,soccer_goal_net,a taut white soccer goal net held vertically,horizontal_stretch,the net hangs in its original shape and is completely still,draft_family_match:horizontal_stretch,"A realistic locked-camera close-up video in one continuous shot. During the first two seconds, the scene contains a taut white soccer goal net held vertically; the net hangs in its original shape and is completely still. The source object is not visible, and nothing changes. After the quiet opening, one green tennis ball flies horizontally from left to right and contacts a taut white soccer goal net held vertically once. The event naturally produces a clearly visible temporary indentation or stretching of the receiver followed by elastic rebound. The camera, supports, lighting, and background remain fixed throughout. No cuts, camera motion, people, hands, text, or additional moving objects appear.",one green tennis ball,a clearly visible temporary indentation or stretching of the receiver followed by elastic rebound,the source object is absent and the elastic receiver keeps its original undeformed shape,844060,840000 + 1000*mechanism_index + 10*combination_index + repetition_index,49,8,0,16
causal_role_erasure_8mechanism_capability_v1,cap8m04c06r01,cap8m04c06,4,6,1,elastic_deformation,Elastic deformation,draft_capability_only_not_training_ready,causal_role_erasure_8mechanism_capability_v1:embedded_capability_draft,original_capability_screening_only,original,pre_method_original_only,natural,green_tennis_ball,one green tennis ball,horizontal_stretch,flies horizontally from left to right,soccer_goal_net,a taut white soccer goal net held vertically,horizontal_stretch,the net hangs in its original shape and is completely still,draft_family_match:horizontal_stretch,"A realistic locked-camera close-up video in one continuous shot. During the first two seconds, the scene contains a taut white soccer goal net held vertically; the net hangs in its original shape and is completely still. The source object is not visible, and nothing changes. After the quiet opening, one green tennis ball flies horizontally from left to right and contacts a taut white soccer goal net held vertically once. The event naturally produces a clearly visible temporary indentation or stretching of the receiver followed by elastic rebound. The camera, supports, lighting, and background remain fixed throughout. No cuts, camera motion, people, hands, text, or additional moving objects appear.",one green tennis ball,a clearly visible temporary indentation or stretching of the receiver followed by elastic rebound,the source object is absent and the elastic receiver keeps its original undeformed shape,844061,840000 + 1000*mechanism_index + 10*combination_index + repetition_index,49,8,0,16
causal_role_erasure_8mechanism_capability_v1,cap8m04c06r02,cap8m04c06,4,6,2,elastic_deformation,Elastic deformation,draft_capability_only_not_training_ready,causal_role_erasure_8mechanism_capability_v1:embedded_capability_draft,original_capability_screening_only,original,pre_method_original_only,natural,green_tennis_ball,one green tennis ball,horizontal_stretch,flies horizontally from left to right,soccer_goal_net,a taut white soccer goal net held vertically,horizontal_stretch,the net hangs in its original shape and is completely still,draft_family_match:horizontal_stretch,"A realistic locked-camera close-up video in one continuous shot. During the first two seconds, the scene contains a taut white soccer goal net held vertically; the net hangs in its original shape and is completely still. The source object is not visible, and nothing changes. After the quiet opening, one green tennis ball flies horizontally from left to right and contacts a taut white soccer goal net held vertically once. The event naturally produces a clearly visible temporary indentation or stretching of the receiver followed by elastic rebound. The camera, supports, lighting, and background remain fixed throughout. No cuts, camera motion, people, hands, text, or additional moving objects appear.",one green tennis ball,a clearly visible temporary indentation or stretching of the receiver followed by elastic rebound,the source object is absent and the elastic receiver keeps its original undeformed shape,844062,840000 + 1000*mechanism_index + 10*combination_index + repetition_index,49,8,0,16
causal_role_erasure_8mechanism_capability_v1,cap8m04c07r00,cap8m04c07,4,7,0,elastic_deformation,Elastic deformation,draft_capability_only_not_training_ready,causal_role_erasure_8mechanism_capability_v1:embedded_capability_draft,original_capability_screening_only,original,pre_method_original_only,natural,soccer_ball,one small black-and-white soccer ball,horizontal_stretch,flies horizontally from left to right,tennis_practice_net,a taut square tennis practice net held vertically,horizontal_stretch,"the net is straight, evenly tensioned, and motionless",draft_family_match:horizontal_stretch,"A realistic locked-camera close-up video in one continuous shot. During the first two seconds, the scene contains a taut square tennis practice net held vertically; the net is straight, evenly tensioned, and motionless. The source object is not visible, and nothing changes. After the quiet opening, one small black-and-white soccer ball flies horizontally from left to right and contacts a taut square tennis practice net held vertically once. The event naturally produces a clearly visible temporary indentation or stretching of the receiver followed by elastic rebound. The camera, supports, lighting, and background remain fixed throughout. No cuts, camera motion, people, hands, text, or additional moving objects appear.",one small black-and-white soccer ball,a clearly visible temporary indentation or stretching of the receiver followed by elastic rebound,the source object is absent and the elastic receiver keeps its original undeformed shape,844070,840000 + 1000*mechanism_index + 10*combination_index + repetition_index,49,8,0,16
causal_role_erasure_8mechanism_capability_v1,cap8m04c07r01,cap8m04c07,4,7,1,elastic_deformation,Elastic deformation,draft_capability_only_not_training_ready,causal_role_erasure_8mechanism_capability_v1:embedded_capability_draft,original_capability_screening_only,original,pre_method_original_only,natural,soccer_ball,one small black-and-white soccer ball,horizontal_stretch,flies horizontally from left to right,tennis_practice_net,a taut square tennis practice net held vertically,horizontal_stretch,"the net is straight, evenly tensioned, and motionless",draft_family_match:horizontal_stretch,"A realistic locked-camera close-up video in one continuous shot. During the first two seconds, the scene contains a taut square tennis practice net held vertically; the net is straight, evenly tensioned, and motionless. The source object is not visible, and nothing changes. After the quiet opening, one small black-and-white soccer ball flies horizontally from left to right and contacts a taut square tennis practice net held vertically once. The event naturally produces a clearly visible temporary indentation or stretching of the receiver followed by elastic rebound. The camera, supports, lighting, and background remain fixed throughout. No cuts, camera motion, people, hands, text, or additional moving objects appear.",one small black-and-white soccer ball,a clearly visible temporary indentation or stretching of the receiver followed by elastic rebound,the source object is absent and the elastic receiver keeps its original undeformed shape,844071,840000 + 1000*mechanism_index + 10*combination_index + repetition_index,49,8,0,16
causal_role_erasure_8mechanism_capability_v1,cap8m04c07r02,cap8m04c07,4,7,2,elastic_deformation,Elastic deformation,draft_capability_only_not_training_ready,causal_role_erasure_8mechanism_capability_v1:embedded_capability_draft,original_capability_screening_only,original,pre_method_original_only,natural,soccer_ball,one small black-and-white soccer ball,horizontal_stretch,flies horizontally from left to right,tennis_practice_net,a taut square tennis practice net held vertically,horizontal_stretch,"the net is straight, evenly tensioned, and motionless",draft_family_match:horizontal_stretch,"A realistic locked-camera close-up video in one continuous shot. During the first two seconds, the scene contains a taut square tennis practice net held vertically; the net is straight, evenly tensioned, and motionless. The source object is not visible, and nothing changes. After the quiet opening, one small black-and-white soccer ball flies horizontally from left to right and contacts a taut square tennis practice net held vertically once. The event naturally produces a clearly visible temporary indentation or stretching of the receiver followed by elastic rebound. The camera, supports, lighting, and background remain fixed throughout. No cuts, camera motion, people, hands, text, or additional moving objects appear.",one small black-and-white soccer ball,a clearly visible temporary indentation or stretching of the receiver followed by elastic rebound,the source object is absent and the elastic receiver keeps its original undeformed shape,844072,840000 + 1000*mechanism_index + 10*combination_index + repetition_index,49,8,0,16
causal_role_erasure_8mechanism_capability_v1,cap8m05c00r00,cap8m05c00,5,0,0,field_mediated_response,Field-mediated response,draft_capability_only_not_training_ready,causal_role_erasure_8mechanism_capability_v1:embedded_capability_draft,original_capability_screening_only,original,pre_method_original_only,direct,charged_blue_balloon,one charged blue balloon,electrostatic,moves slowly into view from the left and stops nearby without touching,paper_confetti,several tiny colored paper pieces resting on a dark tabletop,electrostatic,every paper piece is flat and completely motionless,draft_family_match:electrostatic,"A realistic locked-camera close-up video in one continuous shot. During the first two seconds, the scene contains several tiny colored paper pieces resting on a dark tabletop; every paper piece is flat and completely motionless. The source object is not visible, and nothing changes. Then one charged blue balloon moves slowly into view from the left and stops nearby without touching; while a clear gap remains, it causes several tiny colored paper pieces resting on a dark tabletop to move. Only after this causal event, the scene shows clear receiver motion toward or away from the source while a visible gap remains between them. The camera, support, lighting, and background remain fixed, and no direct contact occurs. No cuts, camera motion, people, hands, text, or additional moving objects appear.",one charged blue balloon,clear receiver motion toward or away from the source while a visible gap remains between them,the source is absent and the lightweight receiver remains in its original position without induced motion,845000,840000 + 1000*mechanism_index + 10*combination_index + repetition_index,49,8,0,16
causal_role_erasure_8mechanism_capability_v1,cap8m05c00r01,cap8m05c00,5,0,1,field_mediated_response,Field-mediated response,draft_capability_only_not_training_ready,causal_role_erasure_8mechanism_capability_v1:embedded_capability_draft,original_capability_screening_only,original,pre_method_original_only,direct,charged_blue_balloon,one charged blue balloon,electrostatic,moves slowly into view from the left and stops nearby without touching,paper_confetti,several tiny colored paper pieces resting on a dark tabletop,electrostatic,every paper piece is flat and completely motionless,draft_family_match:electrostatic,"A realistic locked-camera close-up video in one continuous shot. During the first two seconds, the scene contains several tiny colored paper pieces resting on a dark tabletop; every paper piece is flat and completely motionless. The source object is not visible, and nothing changes. Then one charged blue balloon moves slowly into view from the left and stops nearby without touching; while a clear gap remains, it causes several tiny colored paper pieces resting on a dark tabletop to move. Only after this causal event, the scene shows clear receiver motion toward or away from the source while a visible gap remains between them. The camera, support, lighting, and background remain fixed, and no direct contact occurs. No cuts, camera motion, people, hands, text, or additional moving objects appear.",one charged blue balloon,clear receiver motion toward or away from the source while a visible gap remains between them,the source is absent and the lightweight receiver remains in its original position without induced motion,845001,840000 + 1000*mechanism_index + 10*combination_index + repetition_index,49,8,0,16
causal_role_erasure_8mechanism_capability_v1,cap8m05c00r02,cap8m05c00,5,0,2,field_mediated_response,Field-mediated response,draft_capability_only_not_training_ready,causal_role_erasure_8mechanism_capability_v1:embedded_capability_draft,original_capability_screening_only,original,pre_method_original_only,direct,charged_blue_balloon,one charged blue balloon,electrostatic,moves slowly into view from the left and stops nearby without touching,paper_confetti,several tiny colored paper pieces resting on a dark tabletop,electrostatic,every paper piece is flat and completely motionless,draft_family_match:electrostatic,"A realistic locked-camera close-up video in one continuous shot. During the first two seconds, the scene contains several tiny colored paper pieces resting on a dark tabletop; every paper piece is flat and completely motionless. The source object is not visible, and nothing changes. Then one charged blue balloon moves slowly into view from the left and stops nearby without touching; while a clear gap remains, it causes several tiny colored paper pieces resting on a dark tabletop to move. Only after this causal event, the scene shows clear receiver motion toward or away from the source while a visible gap remains between them. The camera, support, lighting, and background remain fixed, and no direct contact occurs. No cuts, camera motion, people, hands, text, or additional moving objects appear.",one charged blue balloon,clear receiver motion toward or away from the source while a visible gap remains between them,the source is absent and the lightweight receiver remains in its original position without induced motion,845002,840000 + 1000*mechanism_index + 10*combination_index + repetition_index,49,8,0,16
causal_role_erasure_8mechanism_capability_v1,cap8m05c01r00,cap8m05c01,5,1,0,field_mediated_response,Field-mediated response,draft_capability_only_not_training_ready,causal_role_erasure_8mechanism_capability_v1:embedded_capability_draft,original_capability_screening_only,original,pre_method_original_only,direct,charged_black_comb,one charged black plastic comb,electrostatic,moves slowly into view from the left and stops nearby without touching,foam_beads,several tiny white foam beads resting on a black tray,electrostatic,every bead is separated and completely motionless,draft_family_match:electrostatic,"A realistic locked-camera close-up video in one continuous shot. During the first two seconds, the scene contains several tiny white foam beads resting on a black tray; every bead is separated and completely motionless. The source object is not visible, and nothing changes. Then one charged black plastic comb moves slowly into view from the left and stops nearby without touching; while a clear gap remains, it causes several tiny white foam beads resting on a black tray to move. Only after this causal event, the scene shows clear receiver motion toward or away from the source while a visible gap remains between them. The camera, support, lighting, and background remain fixed, and no direct contact occurs. No cuts, camera motion, people, hands, text, or additional moving objects appear.",one charged black plastic comb,clear receiver motion toward or away from the source while a visible gap remains between them,the source is absent and the lightweight receiver remains in its original position without induced motion,845010,840000 + 1000*mechanism_index + 10*combination_index + repetition_index,49,8,0,16
causal_role_erasure_8mechanism_capability_v1,cap8m05c01r01,cap8m05c01,5,1,1,field_mediated_response,Field-mediated response,draft_capability_only_not_training_ready,causal_role_erasure_8mechanism_capability_v1:embedded_capability_draft,original_capability_screening_only,original,pre_method_original_only,direct,charged_black_comb,one charged black plastic comb,electrostatic,moves slowly into view from the left and stops nearby without touching,foam_beads,several tiny white foam beads resting on a black tray,electrostatic,every bead is separated and completely motionless,draft_family_match:electrostatic,"A realistic locked-camera close-up video in one continuous shot. During the first two seconds, the scene contains several tiny white foam beads resting on a black tray; every bead is separated and completely motionless. The source object is not visible, and nothing changes. Then one charged black plastic comb moves slowly into view from the left and stops nearby without touching; while a clear gap remains, it causes several tiny white foam beads resting on a black tray to move. Only after this causal event, the scene shows clear receiver motion toward or away from the source while a visible gap remains between them. The camera, support, lighting, and background remain fixed, and no direct contact occurs. No cuts, camera motion, people, hands, text, or additional moving objects appear.",one charged black plastic comb,clear receiver motion toward or away from the source while a visible gap remains between them,the source is absent and the lightweight receiver remains in its original position without induced motion,845011,840000 + 1000*mechanism_index + 10*combination_index + repetition_index,49,8,0,16
causal_role_erasure_8mechanism_capability_v1,cap8m05c01r02,cap8m05c01,5,1,2,field_mediated_response,Field-mediated response,draft_capability_only_not_training_ready,causal_role_erasure_8mechanism_capability_v1:embedded_capability_draft,original_capability_screening_only,original,pre_method_original_only,direct,charged_black_comb,one charged black plastic comb,electrostatic,moves slowly into view from the left and stops nearby without touching,foam_beads,several tiny white foam beads resting on a black tray,electrostatic,every bead is separated and completely motionless,draft_family_match:electrostatic,"A realistic locked-camera close-up video in one continuous shot. During the first two seconds, the scene contains several tiny white foam beads resting on a black tray; every bead is separated and completely motionless. The source object is not visible, and nothing changes. Then one charged black plastic comb moves slowly into view from the left and stops nearby without touching; while a clear gap remains, it causes several tiny white foam beads resting on a black tray to move. Only after this causal event, the scene shows clear receiver motion toward or away from the source while a visible gap remains between them. The camera, support, lighting, and background remain fixed, and no direct contact occurs. No cuts, camera motion, people, hands, text, or additional moving objects appear.",one charged black plastic comb,clear receiver motion toward or away from the source while a visible gap remains between them,the source is absent and the lightweight receiver remains in its original position without induced motion,845012,840000 + 1000*mechanism_index + 10*combination_index + repetition_index,49,8,0,16
causal_role_erasure_8mechanism_capability_v1,cap8m05c02r00,cap8m05c02,5,2,0,field_mediated_response,Field-mediated response,draft_capability_only_not_training_ready,causal_role_erasure_8mechanism_capability_v1:embedded_capability_draft,original_capability_screening_only,original,pre_method_original_only,direct,charged_clear_acrylic_rod,one charged clear acrylic rod,electrostatic,moves slowly into view from the left and stops nearby without touching,tissue_squares,several tiny white tissue-paper squares resting on a black tray,electrostatic,every tissue square lies flat and is completely motionless,draft_family_match:electrostatic,"A realistic locked-camera close-up video in one continuous shot. During the first two seconds, the scene contains several tiny white tissue-paper squares resting on a black tray; every tissue square lies flat and is completely motionless. The source object is not visible, and nothing changes. Then one charged clear acrylic rod moves slowly into view from the left and stops nearby without touching; while a clear gap remains, it causes several tiny white tissue-paper squares resting on a black tray to move. Only after this causal event, the scene shows clear receiver motion toward or away from the source while a visible gap remains between them. The camera, support, lighting, and background remain fixed, and no direct contact occurs. No cuts, camera motion, people, hands, text, or additional moving objects appear.",one charged clear acrylic rod,clear receiver motion toward or away from the source while a visible gap remains between them,the source is absent and the lightweight receiver remains in its original position without induced motion,845020,840000 + 1000*mechanism_index + 10*combination_index + repetition_index,49,8,0,16
causal_role_erasure_8mechanism_capability_v1,cap8m05c02r01,cap8m05c02,5,2,1,field_mediated_response,Field-mediated response,draft_capability_only_not_training_ready,causal_role_erasure_8mechanism_capability_v1:embedded_capability_draft,original_capability_screening_only,original,pre_method_original_only,direct,charged_clear_acrylic_rod,one charged clear acrylic rod,electrostatic,moves slowly into view from the left and stops nearby without touching,tissue_squares,several tiny white tissue-paper squares resting on a black tray,electrostatic,every tissue square lies flat and is completely motionless,draft_family_match:electrostatic,"A realistic locked-camera close-up video in one continuous shot. During the first two seconds, the scene contains several tiny white tissue-paper squares resting on a black tray; every tissue square lies flat and is completely motionless. The source object is not visible, and nothing changes. Then one charged clear acrylic rod moves slowly into view from the left and stops nearby without touching; while a clear gap remains, it causes several tiny white tissue-paper squares resting on a black tray to move. Only after this causal event, the scene shows clear receiver motion toward or away from the source while a visible gap remains between them. The camera, support, lighting, and background remain fixed, and no direct contact occurs. No cuts, camera motion, people, hands, text, or additional moving objects appear.",one charged clear acrylic rod,clear receiver motion toward or away from the source while a visible gap remains between them,the source is absent and the lightweight receiver remains in its original position without induced motion,845021,840000 + 1000*mechanism_index + 10*combination_index + repetition_index,49,8,0,16
causal_role_erasure_8mechanism_capability_v1,cap8m05c02r02,cap8m05c02,5,2,2,field_mediated_response,Field-mediated response,draft_capability_only_not_training_ready,causal_role_erasure_8mechanism_capability_v1:embedded_capability_draft,original_capability_screening_only,original,pre_method_original_only,direct,charged_clear_acrylic_rod,one charged clear acrylic rod,electrostatic,moves slowly into view from the left and stops nearby without touching,tissue_squares,several tiny white tissue-paper squares resting on a black tray,electrostatic,every tissue square lies flat and is completely motionless,draft_family_match:electrostatic,"A realistic locked-camera close-up video in one continuous shot. During the first two seconds, the scene contains several tiny white tissue-paper squares resting on a black tray; every tissue square lies flat and is completely motionless. The source object is not visible, and nothing changes. Then one charged clear acrylic rod moves slowly into view from the left and stops nearby without touching; while a clear gap remains, it causes several tiny white tissue-paper squares resting on a black tray to move. Only after this causal event, the scene shows clear receiver motion toward or away from the source while a visible gap remains between them. The camera, support, lighting, and background remain fixed, and no direct contact occurs. No cuts, camera motion, people, hands, text, or additional moving objects appear.",one charged clear acrylic rod,clear receiver motion toward or away from the source while a visible gap remains between them,the source is absent and the lightweight receiver remains in its original position without induced motion,845022,840000 + 1000*mechanism_index + 10*combination_index + repetition_index,49,8,0,16
causal_role_erasure_8mechanism_capability_v1,cap8m05c03r00,cap8m05c03,5,3,0,field_mediated_response,Field-mediated response,draft_capability_only_not_training_ready,causal_role_erasure_8mechanism_capability_v1:embedded_capability_draft,original_capability_screening_only,original,pre_method_original_only,direct,charged_red_plastic_ruler,one charged red plastic ruler,electrostatic,moves slowly into view from the left and stops nearby without touching,foil_strips,several narrow lightweight aluminum-foil strips resting on a dark tray,electrostatic,every foil strip lies flat and is completely motionless,draft_family_match:electrostatic,"A realistic locked-camera close-up video in one continuous shot. During the first two seconds, the scene contains several narrow lightweight aluminum-foil strips resting on a dark tray; every foil strip lies flat and is completely motionless. The source object is not visible, and nothing changes. Then one charged red plastic ruler moves slowly into view from the left and stops nearby without touching; while a clear gap remains, it causes several narrow lightweight aluminum-foil strips resting on a dark tray to move. Only after this causal event, the scene shows clear receiver motion toward or away from the source while a visible gap remains between them. The camera, support, lighting, and background remain fixed, and no direct contact occurs. No cuts, camera motion, people, hands, text, or additional moving objects appear.",one charged red plastic ruler,clear receiver motion toward or away from the source while a visible gap remains between them,the source is absent and the lightweight receiver remains in its original position without induced motion,845030,840000 + 1000*mechanism_index + 10*combination_index + repetition_index,49,8,0,16
causal_role_erasure_8mechanism_capability_v1,cap8m05c03r01,cap8m05c03,5,3,1,field_mediated_response,Field-mediated response,draft_capability_only_not_training_ready,causal_role_erasure_8mechanism_capability_v1:embedded_capability_draft,original_capability_screening_only,original,pre_method_original_only,direct,charged_red_plastic_ruler,one charged red plastic ruler,electrostatic,moves slowly into view from the left and stops nearby without touching,foil_strips,several narrow lightweight aluminum-foil strips resting on a dark tray,electrostatic,every foil strip lies flat and is completely motionless,draft_family_match:electrostatic,"A realistic locked-camera close-up video in one continuous shot. During the first two seconds, the scene contains several narrow lightweight aluminum-foil strips resting on a dark tray; every foil strip lies flat and is completely motionless. The source object is not visible, and nothing changes. Then one charged red plastic ruler moves slowly into view from the left and stops nearby without touching; while a clear gap remains, it causes several narrow lightweight aluminum-foil strips resting on a dark tray to move. Only after this causal event, the scene shows clear receiver motion toward or away from the source while a visible gap remains between them. The camera, support, lighting, and background remain fixed, and no direct contact occurs. No cuts, camera motion, people, hands, text, or additional moving objects appear.",one charged red plastic ruler,clear receiver motion toward or away from the source while a visible gap remains between them,the source is absent and the lightweight receiver remains in its original position without induced motion,845031,840000 + 1000*mechanism_index + 10*combination_index + repetition_index,49,8,0,16
causal_role_erasure_8mechanism_capability_v1,cap8m05c03r02,cap8m05c03,5,3,2,field_mediated_response,Field-mediated response,draft_capability_only_not_training_ready,causal_role_erasure_8mechanism_capability_v1:embedded_capability_draft,original_capability_screening_only,original,pre_method_original_only,direct,charged_red_plastic_ruler,one charged red plastic ruler,electrostatic,moves slowly into view from the left and stops nearby without touching,foil_strips,several narrow lightweight aluminum-foil strips resting on a dark tray,electrostatic,every foil strip lies flat and is completely motionless,draft_family_match:electrostatic,"A realistic locked-camera close-up video in one continuous shot. During the first two seconds, the scene contains several narrow lightweight aluminum-foil strips resting on a dark tray; every foil strip lies flat and is completely motionless. The source object is not visible, and nothing changes. Then one charged red plastic ruler moves slowly into view from the left and stops nearby without touching; while a clear gap remains, it causes several narrow lightweight aluminum-foil strips resting on a dark tray to move. Only after this causal event, the scene shows clear receiver motion toward or away from the source while a visible gap remains between them. The camera, support, lighting, and background remain fixed, and no direct contact occurs. No cuts, camera motion, people, hands, text, or additional moving objects appear.",one charged red plastic ruler,clear receiver motion toward or away from the source while a visible gap remains between them,the source is absent and the lightweight receiver remains in its original position without induced motion,845032,840000 + 1000*mechanism_index + 10*combination_index + repetition_index,49,8,0,16
causal_role_erasure_8mechanism_capability_v1,cap8m05c04r00,cap8m05c04,5,4,0,field_mediated_response,Field-mediated response,draft_capability_only_not_training_ready,causal_role_erasure_8mechanism_capability_v1:embedded_capability_draft,original_capability_screening_only,original,pre_method_original_only,natural,charged_blue_balloon,one charged blue balloon,electrostatic,moves slowly into view from the left and stops nearby without touching,foam_beads,several tiny white foam beads resting on a black tray,electrostatic,every bead is separated and completely motionless,draft_family_match:electrostatic,"A realistic locked-camera close-up video in one continuous shot. During the first two seconds, the scene contains several tiny white foam beads resting on a black tray; every bead is separated and completely motionless. The source object is not visible, and nothing changes. After the quiet opening, one charged blue balloon moves slowly into view from the left and stops nearby without touching; while a clear gap remains, it causes several tiny white foam beads resting on a black tray to move. The event naturally produces clear receiver motion toward or away from the source while a visible gap remains between them. The camera, support, lighting, and background remain fixed, and no direct contact occurs. No cuts, camera motion, people, hands, text, or additional moving objects appear.",one charged blue balloon,clear receiver motion toward or away from the source while a visible gap remains between them,the source is absent and the lightweight receiver remains in its original position without induced motion,845040,840000 + 1000*mechanism_index + 10*combination_index + repetition_index,49,8,0,16
causal_role_erasure_8mechanism_capability_v1,cap8m05c04r01,cap8m05c04,5,4,1,field_mediated_response,Field-mediated response,draft_capability_only_not_training_ready,causal_role_erasure_8mechanism_capability_v1:embedded_capability_draft,original_capability_screening_only,original,pre_method_original_only,natural,charged_blue_balloon,one charged blue balloon,electrostatic,moves slowly into view from the left and stops nearby without touching,foam_beads,several tiny white foam beads resting on a black tray,electrostatic,every bead is separated and completely motionless,draft_family_match:electrostatic,"A realistic locked-camera close-up video in one continuous shot. During the first two seconds, the scene contains several tiny white foam beads resting on a black tray; every bead is separated and completely motionless. The source object is not visible, and nothing changes. After the quiet opening, one charged blue balloon moves slowly into view from the left and stops nearby without touching; while a clear gap remains, it causes several tiny white foam beads resting on a black tray to move. The event naturally produces clear receiver motion toward or away from the source while a visible gap remains between them. The camera, support, lighting, and background remain fixed, and no direct contact occurs. No cuts, camera motion, people, hands, text, or additional moving objects appear.",one charged blue balloon,clear receiver motion toward or away from the source while a visible gap remains between them,the source is absent and the lightweight receiver remains in its original position without induced motion,845041,840000 + 1000*mechanism_index + 10*combination_index + repetition_index,49,8,0,16
causal_role_erasure_8mechanism_capability_v1,cap8m05c04r02,cap8m05c04,5,4,2,field_mediated_response,Field-mediated response,draft_capability_only_not_training_ready,causal_role_erasure_8mechanism_capability_v1:embedded_capability_draft,original_capability_screening_only,original,pre_method_original_only,natural,charged_blue_balloon,one charged blue balloon,electrostatic,moves slowly into view from the left and stops nearby without touching,foam_beads,several tiny white foam beads resting on a black tray,electrostatic,every bead is separated and completely motionless,draft_family_match:electrostatic,"A realistic locked-camera close-up video in one continuous shot. During the first two seconds, the scene contains several tiny white foam beads resting on a black tray; every bead is separated and completely motionless. The source object is not visible, and nothing changes. After the quiet opening, one charged blue balloon moves slowly into view from the left and stops nearby without touching; while a clear gap remains, it causes several tiny white foam beads resting on a black tray to move. The event naturally produces clear receiver motion toward or away from the source while a visible gap remains between them. The camera, support, lighting, and background remain fixed, and no direct contact occurs. No cuts, camera motion, people, hands, text, or additional moving objects appear.",one charged blue balloon,clear receiver motion toward or away from the source while a visible gap remains between them,the source is absent and the lightweight receiver remains in its original position without induced motion,845042,840000 + 1000*mechanism_index + 10*combination_index + repetition_index,49,8,0,16
causal_role_erasure_8mechanism_capability_v1,cap8m05c05r00,cap8m05c05,5,5,0,field_mediated_response,Field-mediated response,draft_capability_only_not_training_ready,causal_role_erasure_8mechanism_capability_v1:embedded_capability_draft,original_capability_screening_only,original,pre_method_original_only,natural,charged_black_comb,one charged black plastic comb,electrostatic,moves slowly into view from the left and stops nearby without touching,paper_confetti,several tiny colored paper pieces resting on a dark tabletop,electrostatic,every paper piece is flat and completely motionless,draft_family_match:electrostatic,"A realistic locked-camera close-up video in one continuous shot. During the first two seconds, the scene contains several tiny colored paper pieces resting on a dark tabletop; every paper piece is flat and completely motionless. The source object is not visible, and nothing changes. After the quiet opening, one charged black plastic comb moves slowly into view from the left and stops nearby without touching; while a clear gap remains, it causes several tiny colored paper pieces resting on a dark tabletop to move. The event naturally produces clear receiver motion toward or away from the source while a visible gap remains between them. The camera, support, lighting, and background remain fixed, and no direct contact occurs. No cuts, camera motion, people, hands, text, or additional moving objects appear.",one charged black plastic comb,clear receiver motion toward or away from the source while a visible gap remains between them,the source is absent and the lightweight receiver remains in its original position without induced motion,845050,840000 + 1000*mechanism_index + 10*combination_index + repetition_index,49,8,0,16
causal_role_erasure_8mechanism_capability_v1,cap8m05c05r01,cap8m05c05,5,5,1,field_mediated_response,Field-mediated response,draft_capability_only_not_training_ready,causal_role_erasure_8mechanism_capability_v1:embedded_capability_draft,original_capability_screening_only,original,pre_method_original_only,natural,charged_black_comb,one charged black plastic comb,electrostatic,moves slowly into view from the left and stops nearby without touching,paper_confetti,several tiny colored paper pieces resting on a dark tabletop,electrostatic,every paper piece is flat and completely motionless,draft_family_match:electrostatic,"A realistic locked-camera close-up video in one continuous shot. During the first two seconds, the scene contains several tiny colored paper pieces resting on a dark tabletop; every paper piece is flat and completely motionless. The source object is not visible, and nothing changes. After the quiet opening, one charged black plastic comb moves slowly into view from the left and stops nearby without touching; while a clear gap remains, it causes several tiny colored paper pieces resting on a dark tabletop to move. The event naturally produces clear receiver motion toward or away from the source while a visible gap remains between them. The camera, support, lighting, and background remain fixed, and no direct contact occurs. No cuts, camera motion, people, hands, text, or additional moving objects appear.",one charged black plastic comb,clear receiver motion toward or away from the source while a visible gap remains between them,the source is absent and the lightweight receiver remains in its original position without induced motion,845051,840000 + 1000*mechanism_index + 10*combination_index + repetition_index,49,8,0,16
causal_role_erasure_8mechanism_capability_v1,cap8m05c05r02,cap8m05c05,5,5,2,field_mediated_response,Field-mediated response,draft_capability_only_not_training_ready,causal_role_erasure_8mechanism_capability_v1:embedded_capability_draft,original_capability_screening_only,original,pre_method_original_only,natural,charged_black_comb,one charged black plastic comb,electrostatic,moves slowly into view from the left and stops nearby without touching,paper_confetti,several tiny colored paper pieces resting on a dark tabletop,electrostatic,every paper piece is flat and completely motionless,draft_family_match:electrostatic,"A realistic locked-camera close-up video in one continuous shot. During the first two seconds, the scene contains several tiny colored paper pieces resting on a dark tabletop; every paper piece is flat and completely motionless. The source object is not visible, and nothing changes. After the quiet opening, one charged black plastic comb moves slowly into view from the left and stops nearby without touching; while a clear gap remains, it causes several tiny colored paper pieces resting on a dark tabletop to move. The event naturally produces clear receiver motion toward or away from the source while a visible gap remains between them. The camera, support, lighting, and background remain fixed, and no direct contact occurs. No cuts, camera motion, people, hands, text, or additional moving objects appear.",one charged black plastic comb,clear receiver motion toward or away from the source while a visible gap remains between them,the source is absent and the lightweight receiver remains in its original position without induced motion,845052,840000 + 1000*mechanism_index + 10*combination_index + repetition_index,49,8,0,16
causal_role_erasure_8mechanism_capability_v1,cap8m05c06r00,cap8m05c06,5,6,0,field_mediated_response,Field-mediated response,draft_capability_only_not_training_ready,causal_role_erasure_8mechanism_capability_v1:embedded_capability_draft,original_capability_screening_only,original,pre_method_original_only,natural,charged_clear_acrylic_rod,one charged clear acrylic rod,electrostatic,moves slowly into view from the left and stops nearby without touching,foil_strips,several narrow lightweight aluminum-foil strips resting on a dark tray,electrostatic,every foil strip lies flat and is completely motionless,draft_family_match:electrostatic,"A realistic locked-camera close-up video in one continuous shot. During the first two seconds, the scene contains several narrow lightweight aluminum-foil strips resting on a dark tray; every foil strip lies flat and is completely motionless. The source object is not visible, and nothing changes. After the quiet opening, one charged clear acrylic rod moves slowly into view from the left and stops nearby without touching; while a clear gap remains, it causes several narrow lightweight aluminum-foil strips resting on a dark tray to move. The event naturally produces clear receiver motion toward or away from the source while a visible gap remains between them. The camera, support, lighting, and background remain fixed, and no direct contact occurs. No cuts, camera motion, people, hands, text, or additional moving objects appear.",one charged clear acrylic rod,clear receiver motion toward or away from the source while a visible gap remains between them,the source is absent and the lightweight receiver remains in its original position without induced motion,845060,840000 + 1000*mechanism_index + 10*combination_index + repetition_index,49,8,0,16
causal_role_erasure_8mechanism_capability_v1,cap8m05c06r01,cap8m05c06,5,6,1,field_mediated_response,Field-mediated response,draft_capability_only_not_training_ready,causal_role_erasure_8mechanism_capability_v1:embedded_capability_draft,original_capability_screening_only,original,pre_method_original_only,natural,charged_clear_acrylic_rod,one charged clear acrylic rod,electrostatic,moves slowly into view from the left and stops nearby without touching,foil_strips,several narrow lightweight aluminum-foil strips resting on a dark tray,electrostatic,every foil strip lies flat and is completely motionless,draft_family_match:electrostatic,"A realistic locked-camera close-up video in one continuous shot. During the first two seconds, the scene contains several narrow lightweight aluminum-foil strips resting on a dark tray; every foil strip lies flat and is completely motionless. The source object is not visible, and nothing changes. After the quiet opening, one charged clear acrylic rod moves slowly into view from the left and stops nearby without touching; while a clear gap remains, it causes several narrow lightweight aluminum-foil strips resting on a dark tray to move. The event naturally produces clear receiver motion toward or away from the source while a visible gap remains between them. The camera, support, lighting, and background remain fixed, and no direct contact occurs. No cuts, camera motion, people, hands, text, or additional moving objects appear.",one charged clear acrylic rod,clear receiver motion toward or away from the source while a visible gap remains between them,the source is absent and the lightweight receiver remains in its original position without induced motion,845061,840000 + 1000*mechanism_index + 10*combination_index + repetition_index,49,8,0,16
causal_role_erasure_8mechanism_capability_v1,cap8m05c06r02,cap8m05c06,5,6,2,field_mediated_response,Field-mediated response,draft_capability_only_not_training_ready,causal_role_erasure_8mechanism_capability_v1:embedded_capability_draft,original_capability_screening_only,original,pre_method_original_only,natural,charged_clear_acrylic_rod,one charged clear acrylic rod,electrostatic,moves slowly into view from the left and stops nearby without touching,foil_strips,several narrow lightweight aluminum-foil strips resting on a dark tray,electrostatic,every foil strip lies flat and is completely motionless,draft_family_match:electrostatic,"A realistic locked-camera close-up video in one continuous shot. During the first two seconds, the scene contains several narrow lightweight aluminum-foil strips resting on a dark tray; every foil strip lies flat and is completely motionless. The source object is not visible, and nothing changes. After the quiet opening, one charged clear acrylic rod moves slowly into view from the left and stops nearby without touching; while a clear gap remains, it causes several narrow lightweight aluminum-foil strips resting on a dark tray to move. The event naturally produces clear receiver motion toward or away from the source while a visible gap remains between them. The camera, support, lighting, and background remain fixed, and no direct contact occurs. No cuts, camera motion, people, hands, text, or additional moving objects appear.",one charged clear acrylic rod,clear receiver motion toward or away from the source while a visible gap remains between them,the source is absent and the lightweight receiver remains in its original position without induced motion,845062,840000 + 1000*mechanism_index + 10*combination_index + repetition_index,49,8,0,16
causal_role_erasure_8mechanism_capability_v1,cap8m05c07r00,cap8m05c07,5,7,0,field_mediated_response,Field-mediated response,draft_capability_only_not_training_ready,causal_role_erasure_8mechanism_capability_v1:embedded_capability_draft,original_capability_screening_only,original,pre_method_original_only,natural,charged_red_plastic_ruler,one charged red plastic ruler,electrostatic,moves slowly into view from the left and stops nearby without touching,tissue_squares,several tiny white tissue-paper squares resting on a black tray,electrostatic,every tissue square lies flat and is completely motionless,draft_family_match:electrostatic,"A realistic locked-camera close-up video in one continuous shot. During the first two seconds, the scene contains several tiny white tissue-paper squares resting on a black tray; every tissue square lies flat and is completely motionless. The source object is not visible, and nothing changes. After the quiet opening, one charged red plastic ruler moves slowly into view from the left and stops nearby without touching; while a clear gap remains, it causes several tiny white tissue-paper squares resting on a black tray to move. The event naturally produces clear receiver motion toward or away from the source while a visible gap remains between them. The camera, support, lighting, and background remain fixed, and no direct contact occurs. No cuts, camera motion, people, hands, text, or additional moving objects appear.",one charged red plastic ruler,clear receiver motion toward or away from the source while a visible gap remains between them,the source is absent and the lightweight receiver remains in its original position without induced motion,845070,840000 + 1000*mechanism_index + 10*combination_index + repetition_index,49,8,0,16
causal_role_erasure_8mechanism_capability_v1,cap8m05c07r01,cap8m05c07,5,7,1,field_mediated_response,Field-mediated response,draft_capability_only_not_training_ready,causal_role_erasure_8mechanism_capability_v1:embedded_capability_draft,original_capability_screening_only,original,pre_method_original_only,natural,charged_red_plastic_ruler,one charged red plastic ruler,electrostatic,moves slowly into view from the left and stops nearby without touching,tissue_squares,several tiny white tissue-paper squares resting on a black tray,electrostatic,every tissue square lies flat and is completely motionless,draft_family_match:electrostatic,"A realistic locked-camera close-up video in one continuous shot. During the first two seconds, the scene contains several tiny white tissue-paper squares resting on a black tray; every tissue square lies flat and is completely motionless. The source object is not visible, and nothing changes. After the quiet opening, one charged red plastic ruler moves slowly into view from the left and stops nearby without touching; while a clear gap remains, it causes several tiny white tissue-paper squares resting on a black tray to move. The event naturally produces clear receiver motion toward or away from the source while a visible gap remains between them. The camera, support, lighting, and background remain fixed, and no direct contact occurs. No cuts, camera motion, people, hands, text, or additional moving objects appear.",one charged red plastic ruler,clear receiver motion toward or away from the source while a visible gap remains between them,the source is absent and the lightweight receiver remains in its original position without induced motion,845071,840000 + 1000*mechanism_index + 10*combination_index + repetition_index,49,8,0,16
causal_role_erasure_8mechanism_capability_v1,cap8m05c07r02,cap8m05c07,5,7,2,field_mediated_response,Field-mediated response,draft_capability_only_not_training_ready,causal_role_erasure_8mechanism_capability_v1:embedded_capability_draft,original_capability_screening_only,original,pre_method_original_only,natural,charged_red_plastic_ruler,one charged red plastic ruler,electrostatic,moves slowly into view from the left and stops nearby without touching,tissue_squares,several tiny white tissue-paper squares resting on a black tray,electrostatic,every tissue square lies flat and is completely motionless,draft_family_match:electrostatic,"A realistic locked-camera close-up video in one continuous shot. During the first two seconds, the scene contains several tiny white tissue-paper squares resting on a black tray; every tissue square lies flat and is completely motionless. The source object is not visible, and nothing changes. After the quiet opening, one charged red plastic ruler moves slowly into view from the left and stops nearby without touching; while a clear gap remains, it causes several tiny white tissue-paper squares resting on a black tray to move. The event naturally produces clear receiver motion toward or away from the source while a visible gap remains between them. The camera, support, lighting, and background remain fixed, and no direct contact occurs. No cuts, camera motion, people, hands, text, or additional moving objects appear.",one charged red plastic ruler,clear receiver motion toward or away from the source while a visible gap remains between them,the source is absent and the lightweight receiver remains in its original position without induced motion,845072,840000 + 1000*mechanism_index + 10*combination_index + repetition_index,49,8,0,16
causal_role_erasure_8mechanism_capability_v1,cap8m06c00r00,cap8m06c00,6,0,0,material_release,Material release and particle dispersion,draft_capability_only_not_training_ready,causal_role_erasure_8mechanism_capability_v1:embedded_capability_draft,original_capability_screening_only,original,pre_method_original_only,direct,pointed_wood_dowel,one pointed wooden dowel,puncture_release,descends vertically from above,lentil_paper_pouch,a thin suspended paper pouch filled with yellow lentils,puncture_release,"the pouch is sealed, intact, and motionless with no material outside",draft_family_match:puncture_release,"A realistic locked-camera close-up video in one continuous shot. During the first two seconds, the scene contains a thin suspended paper pouch filled with yellow lentils; the pouch is sealed, intact, and motionless with no material outside. The source object is not visible, and nothing changes. Then one pointed wooden dowel descends vertically from above and punctures a thin suspended paper pouch filled with yellow lentils once. Only after this causal event, the scene shows opening of the receiver followed by a visible outward pour or scatter of its contained particles. The camera, receiver support, lighting, and background remain fixed throughout. No cuts, camera motion, people, hands, text, or additional moving objects appear.",one pointed wooden dowel,opening of the receiver followed by a visible outward pour or scatter of its contained particles,"the source is absent, the receiver remains closed and intact, and no contained material is released",846000,840000 + 1000*mechanism_index + 10*combination_index + repetition_index,49,8,0,16
causal_role_erasure_8mechanism_capability_v1,cap8m06c00r01,cap8m06c00,6,0,1,material_release,Material release and particle dispersion,draft_capability_only_not_training_ready,causal_role_erasure_8mechanism_capability_v1:embedded_capability_draft,original_capability_screening_only,original,pre_method_original_only,direct,pointed_wood_dowel,one pointed wooden dowel,puncture_release,descends vertically from above,lentil_paper_pouch,a thin suspended paper pouch filled with yellow lentils,puncture_release,"the pouch is sealed, intact, and motionless with no material outside",draft_family_match:puncture_release,"A realistic locked-camera close-up video in one continuous shot. During the first two seconds, the scene contains a thin suspended paper pouch filled with yellow lentils; the pouch is sealed, intact, and motionless with no material outside. The source object is not visible, and nothing changes. Then one pointed wooden dowel descends vertically from above and punctures a thin suspended paper pouch filled with yellow lentils once. Only after this causal event, the scene shows opening of the receiver followed by a visible outward pour or scatter of its contained particles. The camera, receiver support, lighting, and background remain fixed throughout. No cuts, camera motion, people, hands, text, or additional moving objects appear.",one pointed wooden dowel,opening of the receiver followed by a visible outward pour or scatter of its contained particles,"the source is absent, the receiver remains closed and intact, and no contained material is released",846001,840000 + 1000*mechanism_index + 10*combination_index + repetition_index,49,8,0,16
causal_role_erasure_8mechanism_capability_v1,cap8m06c00r02,cap8m06c00,6,0,2,material_release,Material release and particle dispersion,draft_capability_only_not_training_ready,causal_role_erasure_8mechanism_capability_v1:embedded_capability_draft,original_capability_screening_only,original,pre_method_original_only,direct,pointed_wood_dowel,one pointed wooden dowel,puncture_release,descends vertically from above,lentil_paper_pouch,a thin suspended paper pouch filled with yellow lentils,puncture_release,"the pouch is sealed, intact, and motionless with no material outside",draft_family_match:puncture_release,"A realistic locked-camera close-up video in one continuous shot. During the first two seconds, the scene contains a thin suspended paper pouch filled with yellow lentils; the pouch is sealed, intact, and motionless with no material outside. The source object is not visible, and nothing changes. Then one pointed wooden dowel descends vertically from above and punctures a thin suspended paper pouch filled with yellow lentils once. Only after this causal event, the scene shows opening of the receiver followed by a visible outward pour or scatter of its contained particles. The camera, receiver support, lighting, and background remain fixed throughout. No cuts, camera motion, people, hands, text, or additional moving objects appear.",one pointed wooden dowel,opening of the receiver followed by a visible outward pour or scatter of its contained particles,"the source is absent, the receiver remains closed and intact, and no contained material is released",846002,840000 + 1000*mechanism_index + 10*combination_index + repetition_index,49,8,0,16
causal_role_erasure_8mechanism_capability_v1,cap8m06c01r00,cap8m06c01,6,1,0,material_release,Material release and particle dispersion,draft_capability_only_not_training_ready,causal_role_erasure_8mechanism_capability_v1:embedded_capability_draft,original_capability_screening_only,original,pre_method_original_only,direct,pointed_metal_rod,one pointed silver metal rod,puncture_release,descends vertically from above,bead_paper_sachet,a thin suspended paper sachet filled with blue beads,puncture_release,"the sachet is sealed, intact, and motionless with no material outside",draft_family_match:puncture_release,"A realistic locked-camera close-up video in one continuous shot. During the first two seconds, the scene contains a thin suspended paper sachet filled with blue beads; the sachet is sealed, intact, and motionless with no material outside. The source object is not visible, and nothing changes. Then one pointed silver metal rod descends vertically from above and punctures a thin suspended paper sachet filled with blue beads once. Only after this causal event, the scene shows opening of the receiver followed by a visible outward pour or scatter of its contained particles. The camera, receiver support, lighting, and background remain fixed throughout. No cuts, camera motion, people, hands, text, or additional moving objects appear.",one pointed silver metal rod,opening of the receiver followed by a visible outward pour or scatter of its contained particles,"the source is absent, the receiver remains closed and intact, and no contained material is released",846010,840000 + 1000*mechanism_index + 10*combination_index + repetition_index,49,8,0,16
causal_role_erasure_8mechanism_capability_v1,cap8m06c01r01,cap8m06c01,6,1,1,material_release,Material release and particle dispersion,draft_capability_only_not_training_ready,causal_role_erasure_8mechanism_capability_v1:embedded_capability_draft,original_capability_screening_only,original,pre_method_original_only,direct,pointed_metal_rod,one pointed silver metal rod,puncture_release,descends vertically from above,bead_paper_sachet,a thin suspended paper sachet filled with blue beads,puncture_release,"the sachet is sealed, intact, and motionless with no material outside",draft_family_match:puncture_release,"A realistic locked-camera close-up video in one continuous shot. During the first two seconds, the scene contains a thin suspended paper sachet filled with blue beads; the sachet is sealed, intact, and motionless with no material outside. The source object is not visible, and nothing changes. Then one pointed silver metal rod descends vertically from above and punctures a thin suspended paper sachet filled with blue beads once. Only after this causal event, the scene shows opening of the receiver followed by a visible outward pour or scatter of its contained particles. The camera, receiver support, lighting, and background remain fixed throughout. No cuts, camera motion, people, hands, text, or additional moving objects appear.",one pointed silver metal rod,opening of the receiver followed by a visible outward pour or scatter of its contained particles,"the source is absent, the receiver remains closed and intact, and no contained material is released",846011,840000 + 1000*mechanism_index + 10*combination_index + repetition_index,49,8,0,16
causal_role_erasure_8mechanism_capability_v1,cap8m06c01r02,cap8m06c01,6,1,2,material_release,Material release and particle dispersion,draft_capability_only_not_training_ready,causal_role_erasure_8mechanism_capability_v1:embedded_capability_draft,original_capability_screening_only,original,pre_method_original_only,direct,pointed_metal_rod,one pointed silver metal rod,puncture_release,descends vertically from above,bead_paper_sachet,a thin suspended paper sachet filled with blue beads,puncture_release,"the sachet is sealed, intact, and motionless with no material outside",draft_family_match:puncture_release,"A realistic locked-camera close-up video in one continuous shot. During the first two seconds, the scene contains a thin suspended paper sachet filled with blue beads; the sachet is sealed, intact, and motionless with no material outside. The source object is not visible, and nothing changes. Then one pointed silver metal rod descends vertically from above and punctures a thin suspended paper sachet filled with blue beads once. Only after this causal event, the scene shows opening of the receiver followed by a visible outward pour or scatter of its contained particles. The camera, receiver support, lighting, and background remain fixed throughout. No cuts, camera motion, people, hands, text, or additional moving objects appear.",one pointed silver metal rod,opening of the receiver followed by a visible outward pour or scatter of its contained particles,"the source is absent, the receiver remains closed and intact, and no contained material is released",846012,840000 + 1000*mechanism_index + 10*combination_index + repetition_index,49,8,0,16
causal_role_erasure_8mechanism_capability_v1,cap8m06c02r00,cap8m06c02,6,2,0,material_release,Material release and particle dispersion,draft_capability_only_not_training_ready,causal_role_erasure_8mechanism_capability_v1:embedded_capability_draft,original_capability_screening_only,original,pre_method_original_only,direct,small_wood_mallet,one small wooden mallet,impact_release,moves vertically into frame from above,rice_clay_capsule,a brittle hollow clay capsule filled with white rice grains,impact_release,"the capsule is closed, intact, and motionless with no grains outside",draft_family_match:impact_release,"A realistic locked-camera close-up video in one continuous shot. During the first two seconds, the scene contains a brittle hollow clay capsule filled with white rice grains; the capsule is closed, intact, and motionless with no grains outside. The source object is not visible, and nothing changes. Then one small wooden mallet moves vertically into frame from above and strikes a brittle hollow clay capsule filled with white rice grains once. Only after this causal event, the scene shows opening of the receiver followed by a visible outward pour or scatter of its contained particles. The camera, receiver support, lighting, and background remain fixed throughout. No cuts, camera motion, people, hands, text, or additional moving objects appear.",one small wooden mallet,opening of the receiver followed by a visible outward pour or scatter of its contained particles,"the source is absent, the receiver remains closed and intact, and no contained material is released",846020,840000 + 1000*mechanism_index + 10*combination_index + repetition_index,49,8,0,16
causal_role_erasure_8mechanism_capability_v1,cap8m06c02r01,cap8m06c02,6,2,1,material_release,Material release and particle dispersion,draft_capability_only_not_training_ready,causal_role_erasure_8mechanism_capability_v1:embedded_capability_draft,original_capability_screening_only,original,pre_method_original_only,direct,small_wood_mallet,one small wooden mallet,impact_release,moves vertically into frame from above,rice_clay_capsule,a brittle hollow clay capsule filled with white rice grains,impact_release,"the capsule is closed, intact, and motionless with no grains outside",draft_family_match:impact_release,"A realistic locked-camera close-up video in one continuous shot. During the first two seconds, the scene contains a brittle hollow clay capsule filled with white rice grains; the capsule is closed, intact, and motionless with no grains outside. The source object is not visible, and nothing changes. Then one small wooden mallet moves vertically into frame from above and strikes a brittle hollow clay capsule filled with white rice grains once. Only after this causal event, the scene shows opening of the receiver followed by a visible outward pour or scatter of its contained particles. The camera, receiver support, lighting, and background remain fixed throughout. No cuts, camera motion, people, hands, text, or additional moving objects appear.",one small wooden mallet,opening of the receiver followed by a visible outward pour or scatter of its contained particles,"the source is absent, the receiver remains closed and intact, and no contained material is released",846021,840000 + 1000*mechanism_index + 10*combination_index + repetition_index,49,8,0,16
causal_role_erasure_8mechanism_capability_v1,cap8m06c02r02,cap8m06c02,6,2,2,material_release,Material release and particle dispersion,draft_capability_only_not_training_ready,causal_role_erasure_8mechanism_capability_v1:embedded_capability_draft,original_capability_screening_only,original,pre_method_original_only,direct,small_wood_mallet,one small wooden mallet,impact_release,moves vertically into frame from above,rice_clay_capsule,a brittle hollow clay capsule filled with white rice grains,impact_release,"the capsule is closed, intact, and motionless with no grains outside",draft_family_match:impact_release,"A realistic locked-camera close-up video in one continuous shot. During the first two seconds, the scene contains a brittle hollow clay capsule filled with white rice grains; the capsule is closed, intact, and motionless with no grains outside. The source object is not visible, and nothing changes. Then one small wooden mallet moves vertically into frame from above and strikes a brittle hollow clay capsule filled with white rice grains once. Only after this causal event, the scene shows opening of the receiver followed by a visible outward pour or scatter of its contained particles. The camera, receiver support, lighting, and background remain fixed throughout. No cuts, camera motion, people, hands, text, or additional moving objects appear.",one small wooden mallet,opening of the receiver followed by a visible outward pour or scatter of its contained particles,"the source is absent, the receiver remains closed and intact, and no contained material is released",846022,840000 + 1000*mechanism_index + 10*combination_index + repetition_index,49,8,0,16
causal_role_erasure_8mechanism_capability_v1,cap8m06c03r00,cap8m06c03,6,3,0,material_release,Material release and particle dispersion,draft_capability_only_not_training_ready,causal_role_erasure_8mechanism_capability_v1:embedded_capability_draft,original_capability_screening_only,original,pre_method_original_only,direct,polished_steel_ball,one polished steel ball,impact_release,falls vertically from above,sand_chalk_shell,a brittle hollow chalk shell filled with red sand,impact_release,"the shell is closed, intact, and motionless with no sand outside",draft_family_match:impact_release,"A realistic locked-camera close-up video in one continuous shot. During the first two seconds, the scene contains a brittle hollow chalk shell filled with red sand; the shell is closed, intact, and motionless with no sand outside. The source object is not visible, and nothing changes. Then one polished steel ball falls vertically from above and strikes a brittle hollow chalk shell filled with red sand once. Only after this causal event, the scene shows opening of the receiver followed by a visible outward pour or scatter of its contained particles. The camera, receiver support, lighting, and background remain fixed throughout. No cuts, camera motion, people, hands, text, or additional moving objects appear.",one polished steel ball,opening of the receiver followed by a visible outward pour or scatter of its contained particles,"the source is absent, the receiver remains closed and intact, and no contained material is released",846030,840000 + 1000*mechanism_index + 10*combination_index + repetition_index,49,8,0,16
causal_role_erasure_8mechanism_capability_v1,cap8m06c03r01,cap8m06c03,6,3,1,material_release,Material release and particle dispersion,draft_capability_only_not_training_ready,causal_role_erasure_8mechanism_capability_v1:embedded_capability_draft,original_capability_screening_only,original,pre_method_original_only,direct,polished_steel_ball,one polished steel ball,impact_release,falls vertically from above,sand_chalk_shell,a brittle hollow chalk shell filled with red sand,impact_release,"the shell is closed, intact, and motionless with no sand outside",draft_family_match:impact_release,"A realistic locked-camera close-up video in one continuous shot. During the first two seconds, the scene contains a brittle hollow chalk shell filled with red sand; the shell is closed, intact, and motionless with no sand outside. The source object is not visible, and nothing changes. Then one polished steel ball falls vertically from above and strikes a brittle hollow chalk shell filled with red sand once. Only after this causal event, the scene shows opening of the receiver followed by a visible outward pour or scatter of its contained particles. The camera, receiver support, lighting, and background remain fixed throughout. No cuts, camera motion, people, hands, text, or additional moving objects appear.",one polished steel ball,opening of the receiver followed by a visible outward pour or scatter of its contained particles,"the source is absent, the receiver remains closed and intact, and no contained material is released",846031,840000 + 1000*mechanism_index + 10*combination_index + repetition_index,49,8,0,16
causal_role_erasure_8mechanism_capability_v1,cap8m06c03r02,cap8m06c03,6,3,2,material_release,Material release and particle dispersion,draft_capability_only_not_training_ready,causal_role_erasure_8mechanism_capability_v1:embedded_capability_draft,original_capability_screening_only,original,pre_method_original_only,direct,polished_steel_ball,one polished steel ball,impact_release,falls vertically from above,sand_chalk_shell,a brittle hollow chalk shell filled with red sand,impact_release,"the shell is closed, intact, and motionless with no sand outside",draft_family_match:impact_release,"A realistic locked-camera close-up video in one continuous shot. During the first two seconds, the scene contains a brittle hollow chalk shell filled with red sand; the shell is closed, intact, and motionless with no sand outside. The source object is not visible, and nothing changes. Then one polished steel ball falls vertically from above and strikes a brittle hollow chalk shell filled with red sand once. Only after this causal event, the scene shows opening of the receiver followed by a visible outward pour or scatter of its contained particles. The camera, receiver support, lighting, and background remain fixed throughout. No cuts, camera motion, people, hands, text, or additional moving objects appear.",one polished steel ball,opening of the receiver followed by a visible outward pour or scatter of its contained particles,"the source is absent, the receiver remains closed and intact, and no contained material is released",846032,840000 + 1000*mechanism_index + 10*combination_index + repetition_index,49,8,0,16
causal_role_erasure_8mechanism_capability_v1,cap8m06c04r00,cap8m06c04,6,4,0,material_release,Material release and particle dispersion,draft_capability_only_not_training_ready,causal_role_erasure_8mechanism_capability_v1:embedded_capability_draft,original_capability_screening_only,original,pre_method_original_only,natural,pointed_wood_dowel,one pointed wooden dowel,puncture_release,descends vertically from above,bead_paper_sachet,a thin suspended paper sachet filled with blue beads,puncture_release,"the sachet is sealed, intact, and motionless with no material outside",draft_family_match:puncture_release,"A realistic locked-camera close-up video in one continuous shot. During the first two seconds, the scene contains a thin suspended paper sachet filled with blue beads; the sachet is sealed, intact, and motionless with no material outside. The source object is not visible, and nothing changes. After the quiet opening, one pointed wooden dowel descends vertically from above and punctures a thin suspended paper sachet filled with blue beads once. The event naturally produces opening of the receiver followed by a visible outward pour or scatter of its contained particles. The camera, receiver support, lighting, and background remain fixed throughout. No cuts, camera motion, people, hands, text, or additional moving objects appear.",one pointed wooden dowel,opening of the receiver followed by a visible outward pour or scatter of its contained particles,"the source is absent, the receiver remains closed and intact, and no contained material is released",846040,840000 + 1000*mechanism_index + 10*combination_index + repetition_index,49,8,0,16
causal_role_erasure_8mechanism_capability_v1,cap8m06c04r01,cap8m06c04,6,4,1,material_release,Material release and particle dispersion,draft_capability_only_not_training_ready,causal_role_erasure_8mechanism_capability_v1:embedded_capability_draft,original_capability_screening_only,original,pre_method_original_only,natural,pointed_wood_dowel,one pointed wooden dowel,puncture_release,descends vertically from above,bead_paper_sachet,a thin suspended paper sachet filled with blue beads,puncture_release,"the sachet is sealed, intact, and motionless with no material outside",draft_family_match:puncture_release,"A realistic locked-camera close-up video in one continuous shot. During the first two seconds, the scene contains a thin suspended paper sachet filled with blue beads; the sachet is sealed, intact, and motionless with no material outside. The source object is not visible, and nothing changes. After the quiet opening, one pointed wooden dowel descends vertically from above and punctures a thin suspended paper sachet filled with blue beads once. The event naturally produces opening of the receiver followed by a visible outward pour or scatter of its contained particles. The camera, receiver support, lighting, and background remain fixed throughout. No cuts, camera motion, people, hands, text, or additional moving objects appear.",one pointed wooden dowel,opening of the receiver followed by a visible outward pour or scatter of its contained particles,"the source is absent, the receiver remains closed and intact, and no contained material is released",846041,840000 + 1000*mechanism_index + 10*combination_index + repetition_index,49,8,0,16
causal_role_erasure_8mechanism_capability_v1,cap8m06c04r02,cap8m06c04,6,4,2,material_release,Material release and particle dispersion,draft_capability_only_not_training_ready,causal_role_erasure_8mechanism_capability_v1:embedded_capability_draft,original_capability_screening_only,original,pre_method_original_only,natural,pointed_wood_dowel,one pointed wooden dowel,puncture_release,descends vertically from above,bead_paper_sachet,a thin suspended paper sachet filled with blue beads,puncture_release,"the sachet is sealed, intact, and motionless with no material outside",draft_family_match:puncture_release,"A realistic locked-camera close-up video in one continuous shot. During the first two seconds, the scene contains a thin suspended paper sachet filled with blue beads; the sachet is sealed, intact, and motionless with no material outside. The source object is not visible, and nothing changes. After the quiet opening, one pointed wooden dowel descends vertically from above and punctures a thin suspended paper sachet filled with blue beads once. The event naturally produces opening of the receiver followed by a visible outward pour or scatter of its contained particles. The camera, receiver support, lighting, and background remain fixed throughout. No cuts, camera motion, people, hands, text, or additional moving objects appear.",one pointed wooden dowel,opening of the receiver followed by a visible outward pour or scatter of its contained particles,"the source is absent, the receiver remains closed and intact, and no contained material is released",846042,840000 + 1000*mechanism_index + 10*combination_index + repetition_index,49,8,0,16
causal_role_erasure_8mechanism_capability_v1,cap8m06c05r00,cap8m06c05,6,5,0,material_release,Material release and particle dispersion,draft_capability_only_not_training_ready,causal_role_erasure_8mechanism_capability_v1:embedded_capability_draft,original_capability_screening_only,original,pre_method_original_only,natural,pointed_metal_rod,one pointed silver metal rod,puncture_release,descends vertically from above,lentil_paper_pouch,a thin suspended paper pouch filled with yellow lentils,puncture_release,"the pouch is sealed, intact, and motionless with no material outside",draft_family_match:puncture_release,"A realistic locked-camera close-up video in one continuous shot. During the first two seconds, the scene contains a thin suspended paper pouch filled with yellow lentils; the pouch is sealed, intact, and motionless with no material outside. The source object is not visible, and nothing changes. After the quiet opening, one pointed silver metal rod descends vertically from above and punctures a thin suspended paper pouch filled with yellow lentils once. The event naturally produces opening of the receiver followed by a visible outward pour or scatter of its contained particles. The camera, receiver support, lighting, and background remain fixed throughout. No cuts, camera motion, people, hands, text, or additional moving objects appear.",one pointed silver metal rod,opening of the receiver followed by a visible outward pour or scatter of its contained particles,"the source is absent, the receiver remains closed and intact, and no contained material is released",846050,840000 + 1000*mechanism_index + 10*combination_index + repetition_index,49,8,0,16
causal_role_erasure_8mechanism_capability_v1,cap8m06c05r01,cap8m06c05,6,5,1,material_release,Material release and particle dispersion,draft_capability_only_not_training_ready,causal_role_erasure_8mechanism_capability_v1:embedded_capability_draft,original_capability_screening_only,original,pre_method_original_only,natural,pointed_metal_rod,one pointed silver metal rod,puncture_release,descends vertically from above,lentil_paper_pouch,a thin suspended paper pouch filled with yellow lentils,puncture_release,"the pouch is sealed, intact, and motionless with no material outside",draft_family_match:puncture_release,"A realistic locked-camera close-up video in one continuous shot. During the first two seconds, the scene contains a thin suspended paper pouch filled with yellow lentils; the pouch is sealed, intact, and motionless with no material outside. The source object is not visible, and nothing changes. After the quiet opening, one pointed silver metal rod descends vertically from above and punctures a thin suspended paper pouch filled with yellow lentils once. The event naturally produces opening of the receiver followed by a visible outward pour or scatter of its contained particles. The camera, receiver support, lighting, and background remain fixed throughout. No cuts, camera motion, people, hands, text, or additional moving objects appear.",one pointed silver metal rod,opening of the receiver followed by a visible outward pour or scatter of its contained particles,"the source is absent, the receiver remains closed and intact, and no contained material is released",846051,840000 + 1000*mechanism_index + 10*combination_index + repetition_index,49,8,0,16
causal_role_erasure_8mechanism_capability_v1,cap8m06c05r02,cap8m06c05,6,5,2,material_release,Material release and particle dispersion,draft_capability_only_not_training_ready,causal_role_erasure_8mechanism_capability_v1:embedded_capability_draft,original_capability_screening_only,original,pre_method_original_only,natural,pointed_metal_rod,one pointed silver metal rod,puncture_release,descends vertically from above,lentil_paper_pouch,a thin suspended paper pouch filled with yellow lentils,puncture_release,"the pouch is sealed, intact, and motionless with no material outside",draft_family_match:puncture_release,"A realistic locked-camera close-up video in one continuous shot. During the first two seconds, the scene contains a thin suspended paper pouch filled with yellow lentils; the pouch is sealed, intact, and motionless with no material outside. The source object is not visible, and nothing changes. After the quiet opening, one pointed silver metal rod descends vertically from above and punctures a thin suspended paper pouch filled with yellow lentils once. The event naturally produces opening of the receiver followed by a visible outward pour or scatter of its contained particles. The camera, receiver support, lighting, and background remain fixed throughout. No cuts, camera motion, people, hands, text, or additional moving objects appear.",one pointed silver metal rod,opening of the receiver followed by a visible outward pour or scatter of its contained particles,"the source is absent, the receiver remains closed and intact, and no contained material is released",846052,840000 + 1000*mechanism_index + 10*combination_index + repetition_index,49,8,0,16
causal_role_erasure_8mechanism_capability_v1,cap8m06c06r00,cap8m06c06,6,6,0,material_release,Material release and particle dispersion,draft_capability_only_not_training_ready,causal_role_erasure_8mechanism_capability_v1:embedded_capability_draft,original_capability_screening_only,original,pre_method_original_only,natural,small_wood_mallet,one small wooden mallet,impact_release,moves vertically into frame from above,sand_chalk_shell,a brittle hollow chalk shell filled with red sand,impact_release,"the shell is closed, intact, and motionless with no sand outside",draft_family_match:impact_release,"A realistic locked-camera close-up video in one continuous shot. During the first two seconds, the scene contains a brittle hollow chalk shell filled with red sand; the shell is closed, intact, and motionless with no sand outside. The source object is not visible, and nothing changes. After the quiet opening, one small wooden mallet moves vertically into frame from above and strikes a brittle hollow chalk shell filled with red sand once. The event naturally produces opening of the receiver followed by a visible outward pour or scatter of its contained particles. The camera, receiver support, lighting, and background remain fixed throughout. No cuts, camera motion, people, hands, text, or additional moving objects appear.",one small wooden mallet,opening of the receiver followed by a visible outward pour or scatter of its contained particles,"the source is absent, the receiver remains closed and intact, and no contained material is released",846060,840000 + 1000*mechanism_index + 10*combination_index + repetition_index,49,8,0,16
causal_role_erasure_8mechanism_capability_v1,cap8m06c06r01,cap8m06c06,6,6,1,material_release,Material release and particle dispersion,draft_capability_only_not_training_ready,causal_role_erasure_8mechanism_capability_v1:embedded_capability_draft,original_capability_screening_only,original,pre_method_original_only,natural,small_wood_mallet,one small wooden mallet,impact_release,moves vertically into frame from above,sand_chalk_shell,a brittle hollow chalk shell filled with red sand,impact_release,"the shell is closed, intact, and motionless with no sand outside",draft_family_match:impact_release,"A realistic locked-camera close-up video in one continuous shot. During the first two seconds, the scene contains a brittle hollow chalk shell filled with red sand; the shell is closed, intact, and motionless with no sand outside. The source object is not visible, and nothing changes. After the quiet opening, one small wooden mallet moves vertically into frame from above and strikes a brittle hollow chalk shell filled with red sand once. The event naturally produces opening of the receiver followed by a visible outward pour or scatter of its contained particles. The camera, receiver support, lighting, and background remain fixed throughout. No cuts, camera motion, people, hands, text, or additional moving objects appear.",one small wooden mallet,opening of the receiver followed by a visible outward pour or scatter of its contained particles,"the source is absent, the receiver remains closed and intact, and no contained material is released",846061,840000 + 1000*mechanism_index + 10*combination_index + repetition_index,49,8,0,16
causal_role_erasure_8mechanism_capability_v1,cap8m06c06r02,cap8m06c06,6,6,2,material_release,Material release and particle dispersion,draft_capability_only_not_training_ready,causal_role_erasure_8mechanism_capability_v1:embedded_capability_draft,original_capability_screening_only,original,pre_method_original_only,natural,small_wood_mallet,one small wooden mallet,impact_release,moves vertically into frame from above,sand_chalk_shell,a brittle hollow chalk shell filled with red sand,impact_release,"the shell is closed, intact, and motionless with no sand outside",draft_family_match:impact_release,"A realistic locked-camera close-up video in one continuous shot. During the first two seconds, the scene contains a brittle hollow chalk shell filled with red sand; the shell is closed, intact, and motionless with no sand outside. The source object is not visible, and nothing changes. After the quiet opening, one small wooden mallet moves vertically into frame from above and strikes a brittle hollow chalk shell filled with red sand once. The event naturally produces opening of the receiver followed by a visible outward pour or scatter of its contained particles. The camera, receiver support, lighting, and background remain fixed throughout. No cuts, camera motion, people, hands, text, or additional moving objects appear.",one small wooden mallet,opening of the receiver followed by a visible outward pour or scatter of its contained particles,"the source is absent, the receiver remains closed and intact, and no contained material is released",846062,840000 + 1000*mechanism_index + 10*combination_index + repetition_index,49,8,0,16
causal_role_erasure_8mechanism_capability_v1,cap8m06c07r00,cap8m06c07,6,7,0,material_release,Material release and particle dispersion,draft_capability_only_not_training_ready,causal_role_erasure_8mechanism_capability_v1:embedded_capability_draft,original_capability_screening_only,original,pre_method_original_only,natural,polished_steel_ball,one polished steel ball,impact_release,falls vertically from above,rice_clay_capsule,a brittle hollow clay capsule filled with white rice grains,impact_release,"the capsule is closed, intact, and motionless with no grains outside",draft_family_match:impact_release,"A realistic locked-camera close-up video in one continuous shot. During the first two seconds, the scene contains a brittle hollow clay capsule filled with white rice grains; the capsule is closed, intact, and motionless with no grains outside. The source object is not visible, and nothing changes. After the quiet opening, one polished steel ball falls vertically from above and strikes a brittle hollow clay capsule filled with white rice grains once. The event naturally produces opening of the receiver followed by a visible outward pour or scatter of its contained particles. The camera, receiver support, lighting, and background remain fixed throughout. No cuts, camera motion, people, hands, text, or additional moving objects appear.",one polished steel ball,opening of the receiver followed by a visible outward pour or scatter of its contained particles,"the source is absent, the receiver remains closed and intact, and no contained material is released",846070,840000 + 1000*mechanism_index + 10*combination_index + repetition_index,49,8,0,16
causal_role_erasure_8mechanism_capability_v1,cap8m06c07r01,cap8m06c07,6,7,1,material_release,Material release and particle dispersion,draft_capability_only_not_training_ready,causal_role_erasure_8mechanism_capability_v1:embedded_capability_draft,original_capability_screening_only,original,pre_method_original_only,natural,polished_steel_ball,one polished steel ball,impact_release,falls vertically from above,rice_clay_capsule,a brittle hollow clay capsule filled with white rice grains,impact_release,"the capsule is closed, intact, and motionless with no grains outside",draft_family_match:impact_release,"A realistic locked-camera close-up video in one continuous shot. During the first two seconds, the scene contains a brittle hollow clay capsule filled with white rice grains; the capsule is closed, intact, and motionless with no grains outside. The source object is not visible, and nothing changes. After the quiet opening, one polished steel ball falls vertically from above and strikes a brittle hollow clay capsule filled with white rice grains once. The event naturally produces opening of the receiver followed by a visible outward pour or scatter of its contained particles. The camera, receiver support, lighting, and background remain fixed throughout. No cuts, camera motion, people, hands, text, or additional moving objects appear.",one polished steel ball,opening of the receiver followed by a visible outward pour or scatter of its contained particles,"the source is absent, the receiver remains closed and intact, and no contained material is released",846071,840000 + 1000*mechanism_index + 10*combination_index + repetition_index,49,8,0,16
causal_role_erasure_8mechanism_capability_v1,cap8m06c07r02,cap8m06c07,6,7,2,material_release,Material release and particle dispersion,draft_capability_only_not_training_ready,causal_role_erasure_8mechanism_capability_v1:embedded_capability_draft,original_capability_screening_only,original,pre_method_original_only,natural,polished_steel_ball,one polished steel ball,impact_release,falls vertically from above,rice_clay_capsule,a brittle hollow clay capsule filled with white rice grains,impact_release,"the capsule is closed, intact, and motionless with no grains outside",draft_family_match:impact_release,"A realistic locked-camera close-up video in one continuous shot. During the first two seconds, the scene contains a brittle hollow clay capsule filled with white rice grains; the capsule is closed, intact, and motionless with no grains outside. The source object is not visible, and nothing changes. After the quiet opening, one polished steel ball falls vertically from above and strikes a brittle hollow clay capsule filled with white rice grains once. The event naturally produces opening of the receiver followed by a visible outward pour or scatter of its contained particles. The camera, receiver support, lighting, and background remain fixed throughout. No cuts, camera motion, people, hands, text, or additional moving objects appear.",one polished steel ball,opening of the receiver followed by a visible outward pour or scatter of its contained particles,"the source is absent, the receiver remains closed and intact, and no contained material is released",846072,840000 + 1000*mechanism_index + 10*combination_index + repetition_index,49,8,0,16
causal_role_erasure_8mechanism_capability_v1,cap8m07c00r00,cap8m07c00,7,0,0,surface_trace,Surface trace,draft_capability_only_not_training_ready,causal_role_erasure_8mechanism_capability_v1:embedded_capability_draft,original_capability_screening_only,original,pre_method_original_only,direct,boot_shaped_stamp,one small boot-shaped rubber stamp,press_trace,descends vertically from above,damp_sand_bed,a flat bed of fine damp sand,press_trace,"its surface is smooth, level, motionless, and completely unmarked",draft_family_match:press_trace,"A realistic locked-camera close-up video in one continuous shot. During the first two seconds, the scene contains a flat bed of fine damp sand; its surface is smooth, level, motionless, and completely unmarked. The source object is not visible, and nothing changes. Then one small boot-shaped rubber stamp descends vertically from above and presses once into a flat bed of fine damp sand. Only after this causal event, the scene shows a new localized imprint or groove confined to the source contact path. The camera, surface support, lighting, and background remain fixed throughout. No cuts, camera motion, people, hands, text, or additional moving objects appear.",one small boot-shaped rubber stamp,a new localized imprint or groove confined to the source contact path,"the source is absent and the receiver surface remains smooth, clean, and completely unmarked",847000,840000 + 1000*mechanism_index + 10*combination_index + repetition_index,49,8,0,16
causal_role_erasure_8mechanism_capability_v1,cap8m07c00r01,cap8m07c00,7,0,1,surface_trace,Surface trace,draft_capability_only_not_training_ready,causal_role_erasure_8mechanism_capability_v1:embedded_capability_draft,original_capability_screening_only,original,pre_method_original_only,direct,boot_shaped_stamp,one small boot-shaped rubber stamp,press_trace,descends vertically from above,damp_sand_bed,a flat bed of fine damp sand,press_trace,"its surface is smooth, level, motionless, and completely unmarked",draft_family_match:press_trace,"A realistic locked-camera close-up video in one continuous shot. During the first two seconds, the scene contains a flat bed of fine damp sand; its surface is smooth, level, motionless, and completely unmarked. The source object is not visible, and nothing changes. Then one small boot-shaped rubber stamp descends vertically from above and presses once into a flat bed of fine damp sand. Only after this causal event, the scene shows a new localized imprint or groove confined to the source contact path. The camera, surface support, lighting, and background remain fixed throughout. No cuts, camera motion, people, hands, text, or additional moving objects appear.",one small boot-shaped rubber stamp,a new localized imprint or groove confined to the source contact path,"the source is absent and the receiver surface remains smooth, clean, and completely unmarked",847001,840000 + 1000*mechanism_index + 10*combination_index + repetition_index,49,8,0,16
causal_role_erasure_8mechanism_capability_v1,cap8m07c00r02,cap8m07c00,7,0,2,surface_trace,Surface trace,draft_capability_only_not_training_ready,causal_role_erasure_8mechanism_capability_v1:embedded_capability_draft,original_capability_screening_only,original,pre_method_original_only,direct,boot_shaped_stamp,one small boot-shaped rubber stamp,press_trace,descends vertically from above,damp_sand_bed,a flat bed of fine damp sand,press_trace,"its surface is smooth, level, motionless, and completely unmarked",draft_family_match:press_trace,"A realistic locked-camera close-up video in one continuous shot. During the first two seconds, the scene contains a flat bed of fine damp sand; its surface is smooth, level, motionless, and completely unmarked. The source object is not visible, and nothing changes. Then one small boot-shaped rubber stamp descends vertically from above and presses once into a flat bed of fine damp sand. Only after this causal event, the scene shows a new localized imprint or groove confined to the source contact path. The camera, surface support, lighting, and background remain fixed throughout. No cuts, camera motion, people, hands, text, or additional moving objects appear.",one small boot-shaped rubber stamp,a new localized imprint or groove confined to the source contact path,"the source is absent and the receiver surface remains smooth, clean, and completely unmarked",847002,840000 + 1000*mechanism_index + 10*combination_index + repetition_index,49,8,0,16
causal_role_erasure_8mechanism_capability_v1,cap8m07c01r00,cap8m07c01,7,1,0,surface_trace,Surface trace,draft_capability_only_not_training_ready,causal_role_erasure_8mechanism_capability_v1:embedded_capability_draft,original_capability_screening_only,original,pre_method_original_only,direct,round_rubber_stamp,one round rubber stamp,press_trace,descends vertically from above,soft_clay_pad,a flat pad of soft gray clay,press_trace,"its surface is smooth, level, motionless, and completely unmarked",draft_family_match:press_trace,"A realistic locked-camera close-up video in one continuous shot. During the first two seconds, the scene contains a flat pad of soft gray clay; its surface is smooth, level, motionless, and completely unmarked. The source object is not visible, and nothing changes. Then one round rubber stamp descends vertically from above and presses once into a flat pad of soft gray clay. Only after this causal event, the scene shows a new localized imprint or groove confined to the source contact path. The camera, surface support, lighting, and background remain fixed throughout. No cuts, camera motion, people, hands, text, or additional moving objects appear.",one round rubber stamp,a new localized imprint or groove confined to the source contact path,"the source is absent and the receiver surface remains smooth, clean, and completely unmarked",847010,840000 + 1000*mechanism_index + 10*combination_index + repetition_index,49,8,0,16
causal_role_erasure_8mechanism_capability_v1,cap8m07c01r01,cap8m07c01,7,1,1,surface_trace,Surface trace,draft_capability_only_not_training_ready,causal_role_erasure_8mechanism_capability_v1:embedded_capability_draft,original_capability_screening_only,original,pre_method_original_only,direct,round_rubber_stamp,one round rubber stamp,press_trace,descends vertically from above,soft_clay_pad,a flat pad of soft gray clay,press_trace,"its surface is smooth, level, motionless, and completely unmarked",draft_family_match:press_trace,"A realistic locked-camera close-up video in one continuous shot. During the first two seconds, the scene contains a flat pad of soft gray clay; its surface is smooth, level, motionless, and completely unmarked. The source object is not visible, and nothing changes. Then one round rubber stamp descends vertically from above and presses once into a flat pad of soft gray clay. Only after this causal event, the scene shows a new localized imprint or groove confined to the source contact path. The camera, surface support, lighting, and background remain fixed throughout. No cuts, camera motion, people, hands, text, or additional moving objects appear.",one round rubber stamp,a new localized imprint or groove confined to the source contact path,"the source is absent and the receiver surface remains smooth, clean, and completely unmarked",847011,840000 + 1000*mechanism_index + 10*combination_index + repetition_index,49,8,0,16
causal_role_erasure_8mechanism_capability_v1,cap8m07c01r02,cap8m07c01,7,1,2,surface_trace,Surface trace,draft_capability_only_not_training_ready,causal_role_erasure_8mechanism_capability_v1:embedded_capability_draft,original_capability_screening_only,original,pre_method_original_only,direct,round_rubber_stamp,one round rubber stamp,press_trace,descends vertically from above,soft_clay_pad,a flat pad of soft gray clay,press_trace,"its surface is smooth, level, motionless, and completely unmarked",draft_family_match:press_trace,"A realistic locked-camera close-up video in one continuous shot. During the first two seconds, the scene contains a flat pad of soft gray clay; its surface is smooth, level, motionless, and completely unmarked. The source object is not visible, and nothing changes. Then one round rubber stamp descends vertically from above and presses once into a flat pad of soft gray clay. Only after this causal event, the scene shows a new localized imprint or groove confined to the source contact path. The camera, surface support, lighting, and background remain fixed throughout. No cuts, camera motion, people, hands, text, or additional moving objects appear.",one round rubber stamp,a new localized imprint or groove confined to the source contact path,"the source is absent and the receiver surface remains smooth, clean, and completely unmarked",847012,840000 + 1000*mechanism_index + 10*combination_index + repetition_index,49,8,0,16
causal_role_erasure_8mechanism_capability_v1,cap8m07c02r00,cap8m07c02,7,2,0,surface_trace,Surface trace,draft_capability_only_not_training_ready,causal_role_erasure_8mechanism_capability_v1:embedded_capability_draft,original_capability_screening_only,original,pre_method_original_only,direct,rounded_wood_stylus,one rounded wooden stylus,drag_trace,moves into view from the left,modeling_wax_slab,a flat slab of soft pale modeling wax,drag_trace,"its surface is smooth, level, motionless, and completely unmarked",draft_family_match:drag_trace,"A realistic locked-camera close-up video in one continuous shot. During the first two seconds, the scene contains a flat slab of soft pale modeling wax; its surface is smooth, level, motionless, and completely unmarked. The source object is not visible, and nothing changes. Then one rounded wooden stylus moves into view from the left and drags once across a flat slab of soft pale modeling wax. Only after this causal event, the scene shows a new localized imprint or groove confined to the source contact path. The camera, surface support, lighting, and background remain fixed throughout. No cuts, camera motion, people, hands, text, or additional moving objects appear.",one rounded wooden stylus,a new localized imprint or groove confined to the source contact path,"the source is absent and the receiver surface remains smooth, clean, and completely unmarked",847020,840000 + 1000*mechanism_index + 10*combination_index + repetition_index,49,8,0,16
causal_role_erasure_8mechanism_capability_v1,cap8m07c02r01,cap8m07c02,7,2,1,surface_trace,Surface trace,draft_capability_only_not_training_ready,causal_role_erasure_8mechanism_capability_v1:embedded_capability_draft,original_capability_screening_only,original,pre_method_original_only,direct,rounded_wood_stylus,one rounded wooden stylus,drag_trace,moves into view from the left,modeling_wax_slab,a flat slab of soft pale modeling wax,drag_trace,"its surface is smooth, level, motionless, and completely unmarked",draft_family_match:drag_trace,"A realistic locked-camera close-up video in one continuous shot. During the first two seconds, the scene contains a flat slab of soft pale modeling wax; its surface is smooth, level, motionless, and completely unmarked. The source object is not visible, and nothing changes. Then one rounded wooden stylus moves into view from the left and drags once across a flat slab of soft pale modeling wax. Only after this causal event, the scene shows a new localized imprint or groove confined to the source contact path. The camera, surface support, lighting, and background remain fixed throughout. No cuts, camera motion, people, hands, text, or additional moving objects appear.",one rounded wooden stylus,a new localized imprint or groove confined to the source contact path,"the source is absent and the receiver surface remains smooth, clean, and completely unmarked",847021,840000 + 1000*mechanism_index + 10*combination_index + repetition_index,49,8,0,16
causal_role_erasure_8mechanism_capability_v1,cap8m07c02r02,cap8m07c02,7,2,2,surface_trace,Surface trace,draft_capability_only_not_training_ready,causal_role_erasure_8mechanism_capability_v1:embedded_capability_draft,original_capability_screening_only,original,pre_method_original_only,direct,rounded_wood_stylus,one rounded wooden stylus,drag_trace,moves into view from the left,modeling_wax_slab,a flat slab of soft pale modeling wax,drag_trace,"its surface is smooth, level, motionless, and completely unmarked",draft_family_match:drag_trace,"A realistic locked-camera close-up video in one continuous shot. During the first two seconds, the scene contains a flat slab of soft pale modeling wax; its surface is smooth, level, motionless, and completely unmarked. The source object is not visible, and nothing changes. Then one rounded wooden stylus moves into view from the left and drags once across a flat slab of soft pale modeling wax. Only after this causal event, the scene shows a new localized imprint or groove confined to the source contact path. The camera, surface support, lighting, and background remain fixed throughout. No cuts, camera motion, people, hands, text, or additional moving objects appear.",one rounded wooden stylus,a new localized imprint or groove confined to the source contact path,"the source is absent and the receiver surface remains smooth, clean, and completely unmarked",847022,840000 + 1000*mechanism_index + 10*combination_index + repetition_index,49,8,0,16
causal_role_erasure_8mechanism_capability_v1,cap8m07c03r00,cap8m07c03,7,3,0,surface_trace,Surface trace,draft_capability_only_not_training_ready,causal_role_erasure_8mechanism_capability_v1:embedded_capability_draft,original_capability_screening_only,original,pre_method_original_only,direct,blunt_metal_stylus,one blunt silver metal stylus,drag_trace,moves into view from the left,red_clay_strip,a long flat strip of soft red clay,drag_trace,"its surface is smooth, level, motionless, and completely unmarked",draft_family_match:drag_trace,"A realistic locked-camera close-up video in one continuous shot. During the first two seconds, the scene contains a long flat strip of soft red clay; its surface is smooth, level, motionless, and completely unmarked. The source object is not visible, and nothing changes. Then one blunt silver metal stylus moves into view from the left and drags once across a long flat strip of soft red clay. Only after this causal event, the scene shows a new localized imprint or groove confined to the source contact path. The camera, surface support, lighting, and background remain fixed throughout. No cuts, camera motion, people, hands, text, or additional moving objects appear.",one blunt silver metal stylus,a new localized imprint or groove confined to the source contact path,"the source is absent and the receiver surface remains smooth, clean, and completely unmarked",847030,840000 + 1000*mechanism_index + 10*combination_index + repetition_index,49,8,0,16
causal_role_erasure_8mechanism_capability_v1,cap8m07c03r01,cap8m07c03,7,3,1,surface_trace,Surface trace,draft_capability_only_not_training_ready,causal_role_erasure_8mechanism_capability_v1:embedded_capability_draft,original_capability_screening_only,original,pre_method_original_only,direct,blunt_metal_stylus,one blunt silver metal stylus,drag_trace,moves into view from the left,red_clay_strip,a long flat strip of soft red clay,drag_trace,"its surface is smooth, level, motionless, and completely unmarked",draft_family_match:drag_trace,"A realistic locked-camera close-up video in one continuous shot. During the first two seconds, the scene contains a long flat strip of soft red clay; its surface is smooth, level, motionless, and completely unmarked. The source object is not visible, and nothing changes. Then one blunt silver metal stylus moves into view from the left and drags once across a long flat strip of soft red clay. Only after this causal event, the scene shows a new localized imprint or groove confined to the source contact path. The camera, surface support, lighting, and background remain fixed throughout. No cuts, camera motion, people, hands, text, or additional moving objects appear.",one blunt silver metal stylus,a new localized imprint or groove confined to the source contact path,"the source is absent and the receiver surface remains smooth, clean, and completely unmarked",847031,840000 + 1000*mechanism_index + 10*combination_index + repetition_index,49,8,0,16
causal_role_erasure_8mechanism_capability_v1,cap8m07c03r02,cap8m07c03,7,3,2,surface_trace,Surface trace,draft_capability_only_not_training_ready,causal_role_erasure_8mechanism_capability_v1:embedded_capability_draft,original_capability_screening_only,original,pre_method_original_only,direct,blunt_metal_stylus,one blunt silver metal stylus,drag_trace,moves into view from the left,red_clay_strip,a long flat strip of soft red clay,drag_trace,"its surface is smooth, level, motionless, and completely unmarked",draft_family_match:drag_trace,"A realistic locked-camera close-up video in one continuous shot. During the first two seconds, the scene contains a long flat strip of soft red clay; its surface is smooth, level, motionless, and completely unmarked. The source object is not visible, and nothing changes. Then one blunt silver metal stylus moves into view from the left and drags once across a long flat strip of soft red clay. Only after this causal event, the scene shows a new localized imprint or groove confined to the source contact path. The camera, surface support, lighting, and background remain fixed throughout. No cuts, camera motion, people, hands, text, or additional moving objects appear.",one blunt silver metal stylus,a new localized imprint or groove confined to the source contact path,"the source is absent and the receiver surface remains smooth, clean, and completely unmarked",847032,840000 + 1000*mechanism_index + 10*combination_index + repetition_index,49,8,0,16
causal_role_erasure_8mechanism_capability_v1,cap8m07c04r00,cap8m07c04,7,4,0,surface_trace,Surface trace,draft_capability_only_not_training_ready,causal_role_erasure_8mechanism_capability_v1:embedded_capability_draft,original_capability_screening_only,original,pre_method_original_only,natural,boot_shaped_stamp,one small boot-shaped rubber stamp,press_trace,descends vertically from above,soft_clay_pad,a flat pad of soft gray clay,press_trace,"its surface is smooth, level, motionless, and completely unmarked",draft_family_match:press_trace,"A realistic locked-camera close-up video in one continuous shot. During the first two seconds, the scene contains a flat pad of soft gray clay; its surface is smooth, level, motionless, and completely unmarked. The source object is not visible, and nothing changes. After the quiet opening, one small boot-shaped rubber stamp descends vertically from above and presses once into a flat pad of soft gray clay. The event naturally produces a new localized imprint or groove confined to the source contact path. The camera, surface support, lighting, and background remain fixed throughout. No cuts, camera motion, people, hands, text, or additional moving objects appear.",one small boot-shaped rubber stamp,a new localized imprint or groove confined to the source contact path,"the source is absent and the receiver surface remains smooth, clean, and completely unmarked",847040,840000 + 1000*mechanism_index + 10*combination_index + repetition_index,49,8,0,16
causal_role_erasure_8mechanism_capability_v1,cap8m07c04r01,cap8m07c04,7,4,1,surface_trace,Surface trace,draft_capability_only_not_training_ready,causal_role_erasure_8mechanism_capability_v1:embedded_capability_draft,original_capability_screening_only,original,pre_method_original_only,natural,boot_shaped_stamp,one small boot-shaped rubber stamp,press_trace,descends vertically from above,soft_clay_pad,a flat pad of soft gray clay,press_trace,"its surface is smooth, level, motionless, and completely unmarked",draft_family_match:press_trace,"A realistic locked-camera close-up video in one continuous shot. During the first two seconds, the scene contains a flat pad of soft gray clay; its surface is smooth, level, motionless, and completely unmarked. The source object is not visible, and nothing changes. After the quiet opening, one small boot-shaped rubber stamp descends vertically from above and presses once into a flat pad of soft gray clay. The event naturally produces a new localized imprint or groove confined to the source contact path. The camera, surface support, lighting, and background remain fixed throughout. No cuts, camera motion, people, hands, text, or additional moving objects appear.",one small boot-shaped rubber stamp,a new localized imprint or groove confined to the source contact path,"the source is absent and the receiver surface remains smooth, clean, and completely unmarked",847041,840000 + 1000*mechanism_index + 10*combination_index + repetition_index,49,8,0,16
causal_role_erasure_8mechanism_capability_v1,cap8m07c04r02,cap8m07c04,7,4,2,surface_trace,Surface trace,draft_capability_only_not_training_ready,causal_role_erasure_8mechanism_capability_v1:embedded_capability_draft,original_capability_screening_only,original,pre_method_original_only,natural,boot_shaped_stamp,one small boot-shaped rubber stamp,press_trace,descends vertically from above,soft_clay_pad,a flat pad of soft gray clay,press_trace,"its surface is smooth, level, motionless, and completely unmarked",draft_family_match:press_trace,"A realistic locked-camera close-up video in one continuous shot. During the first two seconds, the scene contains a flat pad of soft gray clay; its surface is smooth, level, motionless, and completely unmarked. The source object is not visible, and nothing changes. After the quiet opening, one small boot-shaped rubber stamp descends vertically from above and presses once into a flat pad of soft gray clay. The event naturally produces a new localized imprint or groove confined to the source contact path. The camera, surface support, lighting, and background remain fixed throughout. No cuts, camera motion, people, hands, text, or additional moving objects appear.",one small boot-shaped rubber stamp,a new localized imprint or groove confined to the source contact path,"the source is absent and the receiver surface remains smooth, clean, and completely unmarked",847042,840000 + 1000*mechanism_index + 10*combination_index + repetition_index,49,8,0,16
causal_role_erasure_8mechanism_capability_v1,cap8m07c05r00,cap8m07c05,7,5,0,surface_trace,Surface trace,draft_capability_only_not_training_ready,causal_role_erasure_8mechanism_capability_v1:embedded_capability_draft,original_capability_screening_only,original,pre_method_original_only,natural,round_rubber_stamp,one round rubber stamp,press_trace,descends vertically from above,damp_sand_bed,a flat bed of fine damp sand,press_trace,"its surface is smooth, level, motionless, and completely unmarked",draft_family_match:press_trace,"A realistic locked-camera close-up video in one continuous shot. During the first two seconds, the scene contains a flat bed of fine damp sand; its surface is smooth, level, motionless, and completely unmarked. The source object is not visible, and nothing changes. After the quiet opening, one round rubber stamp descends vertically from above and presses once into a flat bed of fine damp sand. The event naturally produces a new localized imprint or groove confined to the source contact path. The camera, surface support, lighting, and background remain fixed throughout. No cuts, camera motion, people, hands, text, or additional moving objects appear.",one round rubber stamp,a new localized imprint or groove confined to the source contact path,"the source is absent and the receiver surface remains smooth, clean, and completely unmarked",847050,840000 + 1000*mechanism_index + 10*combination_index + repetition_index,49,8,0,16
causal_role_erasure_8mechanism_capability_v1,cap8m07c05r01,cap8m07c05,7,5,1,surface_trace,Surface trace,draft_capability_only_not_training_ready,causal_role_erasure_8mechanism_capability_v1:embedded_capability_draft,original_capability_screening_only,original,pre_method_original_only,natural,round_rubber_stamp,one round rubber stamp,press_trace,descends vertically from above,damp_sand_bed,a flat bed of fine damp sand,press_trace,"its surface is smooth, level, motionless, and completely unmarked",draft_family_match:press_trace,"A realistic locked-camera close-up video in one continuous shot. During the first two seconds, the scene contains a flat bed of fine damp sand; its surface is smooth, level, motionless, and completely unmarked. The source object is not visible, and nothing changes. After the quiet opening, one round rubber stamp descends vertically from above and presses once into a flat bed of fine damp sand. The event naturally produces a new localized imprint or groove confined to the source contact path. The camera, surface support, lighting, and background remain fixed throughout. No cuts, camera motion, people, hands, text, or additional moving objects appear.",one round rubber stamp,a new localized imprint or groove confined to the source contact path,"the source is absent and the receiver surface remains smooth, clean, and completely unmarked",847051,840000 + 1000*mechanism_index + 10*combination_index + repetition_index,49,8,0,16
causal_role_erasure_8mechanism_capability_v1,cap8m07c05r02,cap8m07c05,7,5,2,surface_trace,Surface trace,draft_capability_only_not_training_ready,causal_role_erasure_8mechanism_capability_v1:embedded_capability_draft,original_capability_screening_only,original,pre_method_original_only,natural,round_rubber_stamp,one round rubber stamp,press_trace,descends vertically from above,damp_sand_bed,a flat bed of fine damp sand,press_trace,"its surface is smooth, level, motionless, and completely unmarked",draft_family_match:press_trace,"A realistic locked-camera close-up video in one continuous shot. During the first two seconds, the scene contains a flat bed of fine damp sand; its surface is smooth, level, motionless, and completely unmarked. The source object is not visible, and nothing changes. After the quiet opening, one round rubber stamp descends vertically from above and presses once into a flat bed of fine damp sand. The event naturally produces a new localized imprint or groove confined to the source contact path. The camera, surface support, lighting, and background remain fixed throughout. No cuts, camera motion, people, hands, text, or additional moving objects appear.",one round rubber stamp,a new localized imprint or groove confined to the source contact path,"the source is absent and the receiver surface remains smooth, clean, and completely unmarked",847052,840000 + 1000*mechanism_index + 10*combination_index + repetition_index,49,8,0,16
causal_role_erasure_8mechanism_capability_v1,cap8m07c06r00,cap8m07c06,7,6,0,surface_trace,Surface trace,draft_capability_only_not_training_ready,causal_role_erasure_8mechanism_capability_v1:embedded_capability_draft,original_capability_screening_only,original,pre_method_original_only,natural,rounded_wood_stylus,one rounded wooden stylus,drag_trace,moves into view from the left,red_clay_strip,a long flat strip of soft red clay,drag_trace,"its surface is smooth, level, motionless, and completely unmarked",draft_family_match:drag_trace,"A realistic locked-camera close-up video in one continuous shot. During the first two seconds, the scene contains a long flat strip of soft red clay; its surface is smooth, level, motionless, and completely unmarked. The source object is not visible, and nothing changes. After the quiet opening, one rounded wooden stylus moves into view from the left and drags once across a long flat strip of soft red clay. The event naturally produces a new localized imprint or groove confined to the source contact path. The camera, surface support, lighting, and background remain fixed throughout. No cuts, camera motion, people, hands, text, or additional moving objects appear.",one rounded wooden stylus,a new localized imprint or groove confined to the source contact path,"the source is absent and the receiver surface remains smooth, clean, and completely unmarked",847060,840000 + 1000*mechanism_index + 10*combination_index + repetition_index,49,8,0,16
causal_role_erasure_8mechanism_capability_v1,cap8m07c06r01,cap8m07c06,7,6,1,surface_trace,Surface trace,draft_capability_only_not_training_ready,causal_role_erasure_8mechanism_capability_v1:embedded_capability_draft,original_capability_screening_only,original,pre_method_original_only,natural,rounded_wood_stylus,one rounded wooden stylus,drag_trace,moves into view from the left,red_clay_strip,a long flat strip of soft red clay,drag_trace,"its surface is smooth, level, motionless, and completely unmarked",draft_family_match:drag_trace,"A realistic locked-camera close-up video in one continuous shot. During the first two seconds, the scene contains a long flat strip of soft red clay; its surface is smooth, level, motionless, and completely unmarked. The source object is not visible, and nothing changes. After the quiet opening, one rounded wooden stylus moves into view from the left and drags once across a long flat strip of soft red clay. The event naturally produces a new localized imprint or groove confined to the source contact path. The camera, surface support, lighting, and background remain fixed throughout. No cuts, camera motion, people, hands, text, or additional moving objects appear.",one rounded wooden stylus,a new localized imprint or groove confined to the source contact path,"the source is absent and the receiver surface remains smooth, clean, and completely unmarked",847061,840000 + 1000*mechanism_index + 10*combination_index + repetition_index,49,8,0,16
causal_role_erasure_8mechanism_capability_v1,cap8m07c06r02,cap8m07c06,7,6,2,surface_trace,Surface trace,draft_capability_only_not_training_ready,causal_role_erasure_8mechanism_capability_v1:embedded_capability_draft,original_capability_screening_only,original,pre_method_original_only,natural,rounded_wood_stylus,one rounded wooden stylus,drag_trace,moves into view from the left,red_clay_strip,a long flat strip of soft red clay,drag_trace,"its surface is smooth, level, motionless, and completely unmarked",draft_family_match:drag_trace,"A realistic locked-camera close-up video in one continuous shot. During the first two seconds, the scene contains a long flat strip of soft red clay; its surface is smooth, level, motionless, and completely unmarked. The source object is not visible, and nothing changes. After the quiet opening, one rounded wooden stylus moves into view from the left and drags once across a long flat strip of soft red clay. The event naturally produces a new localized imprint or groove confined to the source contact path. The camera, surface support, lighting, and background remain fixed throughout. No cuts, camera motion, people, hands, text, or additional moving objects appear.",one rounded wooden stylus,a new localized imprint or groove confined to the source contact path,"the source is absent and the receiver surface remains smooth, clean, and completely unmarked",847062,840000 + 1000*mechanism_index + 10*combination_index + repetition_index,49,8,0,16
causal_role_erasure_8mechanism_capability_v1,cap8m07c07r00,cap8m07c07,7,7,0,surface_trace,Surface trace,draft_capability_only_not_training_ready,causal_role_erasure_8mechanism_capability_v1:embedded_capability_draft,original_capability_screening_only,original,pre_method_original_only,natural,blunt_metal_stylus,one blunt silver metal stylus,drag_trace,moves into view from the left,modeling_wax_slab,a flat slab of soft pale modeling wax,drag_trace,"its surface is smooth, level, motionless, and completely unmarked",draft_family_match:drag_trace,"A realistic locked-camera close-up video in one continuous shot. During the first two seconds, the scene contains a flat slab of soft pale modeling wax; its surface is smooth, level, motionless, and completely unmarked. The source object is not visible, and nothing changes. After the quiet opening, one blunt silver metal stylus moves into view from the left and drags once across a flat slab of soft pale modeling wax. The event naturally produces a new localized imprint or groove confined to the source contact path. The camera, surface support, lighting, and background remain fixed throughout. No cuts, camera motion, people, hands, text, or additional moving objects appear.",one blunt silver metal stylus,a new localized imprint or groove confined to the source contact path,"the source is absent and the receiver surface remains smooth, clean, and completely unmarked",847070,840000 + 1000*mechanism_index + 10*combination_index + repetition_index,49,8,0,16
causal_role_erasure_8mechanism_capability_v1,cap8m07c07r01,cap8m07c07,7,7,1,surface_trace,Surface trace,draft_capability_only_not_training_ready,causal_role_erasure_8mechanism_capability_v1:embedded_capability_draft,original_capability_screening_only,original,pre_method_original_only,natural,blunt_metal_stylus,one blunt silver metal stylus,drag_trace,moves into view from the left,modeling_wax_slab,a flat slab of soft pale modeling wax,drag_trace,"its surface is smooth, level, motionless, and completely unmarked",draft_family_match:drag_trace,"A realistic locked-camera close-up video in one continuous shot. During the first two seconds, the scene contains a flat slab of soft pale modeling wax; its surface is smooth, level, motionless, and completely unmarked. The source object is not visible, and nothing changes. After the quiet opening, one blunt silver metal stylus moves into view from the left and drags once across a flat slab of soft pale modeling wax. The event naturally produces a new localized imprint or groove confined to the source contact path. The camera, surface support, lighting, and background remain fixed throughout. No cuts, camera motion, people, hands, text, or additional moving objects appear.",one blunt silver metal stylus,a new localized imprint or groove confined to the source contact path,"the source is absent and the receiver surface remains smooth, clean, and completely unmarked",847071,840000 + 1000*mechanism_index + 10*combination_index + repetition_index,49,8,0,16
causal_role_erasure_8mechanism_capability_v1,cap8m07c07r02,cap8m07c07,7,7,2,surface_trace,Surface trace,draft_capability_only_not_training_ready,causal_role_erasure_8mechanism_capability_v1:embedded_capability_draft,original_capability_screening_only,original,pre_method_original_only,natural,blunt_metal_stylus,one blunt silver metal stylus,drag_trace,moves into view from the left,modeling_wax_slab,a flat slab of soft pale modeling wax,drag_trace,"its surface is smooth, level, motionless, and completely unmarked",draft_family_match:drag_trace,"A realistic locked-camera close-up video in one continuous shot. During the first two seconds, the scene contains a flat slab of soft pale modeling wax; its surface is smooth, level, motionless, and completely unmarked. The source object is not visible, and nothing changes. After the quiet opening, one blunt silver metal stylus moves into view from the left and drags once across a flat slab of soft pale modeling wax. The event naturally produces a new localized imprint or groove confined to the source contact path. The camera, surface support, lighting, and background remain fixed throughout. No cuts, camera motion, people, hands, text, or additional moving objects appear.",one blunt silver metal stylus,a new localized imprint or groove confined to the source contact path,"the source is absent and the receiver surface remains smooth, clean, and completely unmarked",847072,840000 + 1000*mechanism_index + 10*combination_index + repetition_index,49,8,0,16
