scene_id,source_scene_id,family,receiver,variant,shard,shard_index,fixed_seed,video_path,frame_count,fps,estimated_clean_end_exclusive,clean_prefix_max_mae_255,peak_frame0_mae_255,peak_changed_fraction,final_changed_fraction,auto_status,contact_sheet,error
wdsimple0000,wdp0000,liquid_surface,a calm shallow pond,0,0,0,9000,outputs/waterdrop_prompt_bank_v2_simple_wan/shard_0/videos/000_a-realistic-fixed-camera-macro-video-in-one-continuous-shot-during-the-f_seed9000.mp4,49,8.0,5,0.6580595619658118,20.048187099358973,0.5383363381410257,0.5294126852964743,candidate,outputs/waterdrop_prompt_bank_v2_auto_contact_sheets/wdsimple0000_liquid_surface_shard0_000.jpg,
wdsimple0006,wdp0008,liquid_surface,a plain white ceramic cup filled with water,0,0,1,9000,outputs/waterdrop_prompt_bank_v2_simple_wan/shard_0/videos/001_a-realistic-fixed-camera-macro-video-in-one-continuous-shot-during-the-f_seed9000.mp4,49,8.0,24,1.169762453258547,10.103632478632479,0.1297726362179487,0.12222305689102564,candidate,outputs/waterdrop_prompt_bank_v2_auto_contact_sheets/wdsimple0006_liquid_surface_shard0_001.jpg,
wdsimple0012,wdp0016,liquid_surface,a shallow rain puddle on level pavement,0,0,2,9000,outputs/waterdrop_prompt_bank_v2_simple_wan/shard_0/videos/002_a-realistic-fixed-camera-macro-video-in-one-continuous-shot-during-the-f_seed9000.mp4,49,8.0,1,nan,29.86779013087607,0.4673377403846154,0.4605543870192308,reject_no_clean_prefix,outputs/waterdrop_prompt_bank_v2_auto_contact_sheets/wdsimple0012_liquid_surface_shard0_002.jpg,
wdsimple0018,wdp0024,liquid_surface,a stainless-steel kitchen sink basin filled with water,0,0,3,9000,outputs/waterdrop_prompt_bank_v2_simple_wan/shard_0/videos/003_a-realistic-fixed-camera-macro-video-in-one-continuous-shot-during-the-f_seed9000.mp4,49,8.0,10,0.8456722422542734,9.229635750534188,0.24764873798076922,0.2089305388621795,candidate,outputs/waterdrop_prompt_bank_v2_auto_contact_sheets/wdsimple0018_liquid_surface_shard0_003.jpg,
wdsimple0024,wdp0032,liquid_surface,a round stone birdbath filled with water,0,0,4,9000,outputs/waterdrop_prompt_bank_v2_simple_wan/shard_0/videos/004_a-realistic-fixed-camera-macro-video-in-one-continuous-shot-during-the-f_seed9000.mp4,49,8.0,1,nan,22.39326672676282,0.34799178685897436,0.33953763521634617,reject_no_clean_prefix,outputs/waterdrop_prompt_bank_v2_auto_contact_sheets/wdsimple0024_liquid_surface_shard0_004.jpg,
wdsimple0030,wdp0040,liquid_surface,a laboratory beaker filled with clear water,0,0,5,9000,outputs/waterdrop_prompt_bank_v2_simple_wan/shard_0/videos/005_a-realistic-fixed-camera-macro-video-in-one-continuous-shot-during-the-f_seed9000.mp4,49,8.0,5,1.0945729834401707,23.682204026442307,0.37903145032051283,0.3757781199919872,candidate,outputs/waterdrop_prompt_bank_v2_auto_contact_sheets/wdsimple0030_liquid_surface_shard0_005.jpg,
wdsimple0036,wdp0048,liquid_surface,a stainless-steel saucepan filled with water,0,0,6,9000,outputs/waterdrop_prompt_bank_v2_simple_wan/shard_0/videos/006_a-realistic-fixed-camera-macro-video-in-one-continuous-shot-during-the-f_seed9000.mp4,49,8.0,7,0.9157042935363249,18.525547542735048,0.39006660657051284,0.30215907952724363,candidate,outputs/waterdrop_prompt_bank_v2_auto_contact_sheets/wdsimple0036_liquid_surface_shard0_006.jpg,
wdsimple0042,wdp0056,liquid_surface,a porcelain soup bowl filled with water,0,0,7,9000,outputs/waterdrop_prompt_bank_v2_simple_wan/shard_0/videos/007_a-realistic-fixed-camera-macro-video-in-one-continuous-shot-during-the-f_seed9000.mp4,49,8.0,14,0.8311548477564102,9.876459001068376,0.23387169471153846,0.1378975110176282,candidate,outputs/waterdrop_prompt_bank_v2_auto_contact_sheets/wdsimple0042_liquid_surface_shard0_007.jpg,
wdsimple0048,wdp0064,liquid_surface,a clear stemmed wine glass filled with water,0,0,8,9000,outputs/waterdrop_prompt_bank_v2_simple_wan/shard_0/videos/008_a-realistic-fixed-camera-macro-video-in-one-continuous-shot-during-the-f_seed9000.mp4,49,8.0,1,nan,22.811305588942307,0.4916416266025641,0.485205078125,reject_no_clean_prefix,outputs/waterdrop_prompt_bank_v2_auto_contact_sheets/wdsimple0048_liquid_surface_shard0_008.jpg,
wdsimple0054,wdp0072,liquid_surface,a wide-mouth mason jar filled with water,0,0,9,9000,outputs/waterdrop_prompt_bank_v2_simple_wan/shard_0/videos/009_a-realistic-fixed-camera-macro-video-in-one-continuous-shot-during-the-f_seed9000.mp4,49,8.0,1,nan,26.08788812099359,0.4057066306089744,0.39501201923076923,reject_no_clean_prefix,outputs/waterdrop_prompt_bank_v2_auto_contact_sheets/wdsimple0054_liquid_surface_shard0_009.jpg,
wdsimple0060,wdp0080,liquid_surface,a wide porcelain basin filled with water,0,0,10,9000,outputs/waterdrop_prompt_bank_v2_simple_wan/shard_0/videos/010_a-realistic-fixed-camera-macro-video-in-one-continuous-shot-during-the-f_seed9000.mp4,49,8.0,25,2.080308493589744,9.398065237713675,0.23442007211538463,0.1544677734375,candidate,outputs/waterdrop_prompt_bank_v2_auto_contact_sheets/wdsimple0060_liquid_surface_shard0_010.jpg,
wdsimple0066,wdp0088,liquid_surface,a shallow white shower tray holding a thin layer of water,0,0,11,9000,outputs/waterdrop_prompt_bank_v2_simple_wan/shard_0/videos/011_a-realistic-fixed-camera-macro-video-in-one-continuous-shot-during-the-f_seed9000.mp4,49,8.0,24,0.754219250801282,6.22281483707265,0.1484550280448718,0.10519393529647436,candidate,outputs/waterdrop_prompt_bank_v2_auto_contact_sheets/wdsimple0066_liquid_surface_shard0_011.jpg,
wdsimple0072,wdp0096,liquid_surface,an open metal pail filled with water,0,0,12,9000,outputs/waterdrop_prompt_bank_v2_simple_wan/shard_0/videos/012_a-realistic-fixed-camera-macro-video-in-one-continuous-shot-during-the-f_seed9000.mp4,49,8.0,6,1.0707106370192307,17.620535356570514,0.38106720753205126,0.3479229266826923,candidate,outputs/waterdrop_prompt_bank_v2_auto_contact_sheets/wdsimple0072_liquid_surface_shard0_012.jpg,
wdsimple0078,wdp0104,liquid_surface,one compartment of a white ice-cube tray filled with water,0,0,13,9000,outputs/waterdrop_prompt_bank_v2_simple_wan/shard_0/videos/013_a-realistic-fixed-camera-macro-video-in-one-continuous-shot-during-the-f_seed9000.mp4,49,8.0,1,nan,6.071413428151709,0.07413611778846153,0.06630921975160256,reject_no_clean_prefix,outputs/waterdrop_prompt_bank_v2_auto_contact_sheets/wdsimple0078_liquid_surface_shard0_013.jpg,
wdsimple0084,wdp0112,liquid_surface,a carved granite basin filled with water,0,0,14,9000,outputs/waterdrop_prompt_bank_v2_simple_wan/shard_0/videos/014_a-realistic-fixed-camera-macro-video-in-one-continuous-shot-during-the-f_seed9000.mp4,49,8.0,1,nan,13.166888688568374,0.2526842948717949,0.24635103665865385,reject_no_clean_prefix,outputs/waterdrop_prompt_bank_v2_auto_contact_sheets/wdsimple0084_liquid_surface_shard0_014.jpg,
wdsimple0090,wdp0120,liquid_surface,a polished brass bowl filled with water,0,0,15,9000,outputs/waterdrop_prompt_bank_v2_simple_wan/shard_0/videos/015_a-realistic-fixed-camera-macro-video-in-one-continuous-shot-during-the-f_seed9000.mp4,49,8.0,12,1.0228832799145298,12.880593950320513,0.3256209935897436,0.3241317357772436,candidate,outputs/waterdrop_prompt_bank_v2_auto_contact_sheets/wdsimple0090_liquid_surface_shard0_015.jpg,
wdsimple0096,wdp0128,liquid_surface,a rectangular glass baking dish filled with water,0,0,16,9000,outputs/waterdrop_prompt_bank_v2_simple_wan/shard_0/videos/016_a-realistic-fixed-camera-macro-video-in-one-continuous-shot-during-the-f_seed9000.mp4,49,8.0,1,nan,10.643903579059831,0.24848758012820513,0.15370655548878204,reject_no_clean_prefix,outputs/waterdrop_prompt_bank_v2_auto_contact_sheets/wdsimple0096_liquid_surface_shard0_016.jpg,
wdsimple0102,wdp0136,liquid_surface,a shallow laboratory glass tray filled with water,0,0,17,9000,outputs/waterdrop_prompt_bank_v2_simple_wan/shard_0/videos/017_a-realistic-fixed-camera-macro-video-in-one-continuous-shot-during-the-f_seed9000.mp4,49,8.0,4,0.7755033052884616,15.628049045138887,0.381563000801282,0.3483310797275641,candidate,outputs/waterdrop_prompt_bank_v2_auto_contact_sheets/wdsimple0102_liquid_surface_shard0_017.jpg,
wdsimple0108,wdp0144,liquid_surface,a black stone bowl filled with water,0,0,18,9000,outputs/waterdrop_prompt_bank_v2_simple_wan/shard_0/videos/018_a-realistic-fixed-camera-macro-video-in-one-continuous-shot-during-the-f_seed9000.mp4,49,8.0,7,0.6777961404914529,47.29317073985043,0.7195863381410257,0.7084541516426281,candidate,outputs/waterdrop_prompt_bank_v2_auto_contact_sheets/wdsimple0108_liquid_surface_shard0_018.jpg,
wdsimple0114,wdp0152,liquid_surface,a clean coconut-shell cup filled with water,0,0,19,9000,outputs/waterdrop_prompt_bank_v2_simple_wan/shard_0/videos/019_a-realistic-fixed-camera-macro-video-in-one-continuous-shot-during-the-f_seed9000.mp4,49,8.0,1,nan,46.938593416132484,0.649208733974359,0.6470934745592949,reject_no_clean_prefix,outputs/waterdrop_prompt_bank_v2_auto_contact_sheets/wdsimple0114_liquid_surface_shard0_019.jpg,
wdsimple0120,wdp0160,liquid_surface,a natural rock depression holding rainwater,0,0,20,9000,outputs/waterdrop_prompt_bank_v2_simple_wan/shard_0/videos/020_a-realistic-fixed-camera-macro-video-in-one-continuous-shot-during-the-f_seed9000.mp4,49,8.0,1,nan,24.220238214476502,0.3854191706730769,0.37813814603365387,reject_no_clean_prefix,outputs/waterdrop_prompt_bank_v2_auto_contact_sheets/wdsimple0120_liquid_surface_shard0_020.jpg,
wdsimple0126,wdp0168,liquid_surface,a laboratory petri dish filled with water,0,0,21,9000,outputs/waterdrop_prompt_bank_v2_simple_wan/shard_0/videos/021_a-realistic-fixed-camera-macro-video-in-one-continuous-shot-during-the-f_seed9000.mp4,49,8.0,5,1.049784655448718,17.363721120459406,0.41027644230769234,0.35255659054487176,candidate,outputs/waterdrop_prompt_bank_v2_auto_contact_sheets/wdsimple0126_liquid_surface_shard0_021.jpg,
wdsimple0132,wdp0176,liquid_surface,a shallow puddle on a microscope glass slide,0,0,22,9000,outputs/waterdrop_prompt_bank_v2_simple_wan/shard_0/videos/022_a-realistic-fixed-camera-macro-video-in-one-continuous-shot-during-the-f_seed9000.mp4,49,8.0,5,0.8390808627136753,30.683686398237178,0.5128004807692308,0.4252535306490385,candidate,outputs/waterdrop_prompt_bank_v2_auto_contact_sheets/wdsimple0132_liquid_surface_shard0_022.jpg,
wdsimple0138,wdp0184,liquid_surface,a rain-filled road pothole,0,0,23,9000,outputs/waterdrop_prompt_bank_v2_simple_wan/shard_0/videos/023_a-realistic-fixed-camera-macro-video-in-one-continuous-shot-during-the-f_seed9000.mp4,49,8.0,1,nan,29.48680889423077,0.36893529647435896,0.36584660456730766,reject_no_clean_prefix,outputs/waterdrop_prompt_bank_v2_auto_contact_sheets/wdsimple0138_liquid_surface_shard0_023.jpg,
wdsimple0144,wdp0192,liquid_surface,a still indoor decorative pool,0,0,24,9000,outputs/waterdrop_prompt_bank_v2_simple_wan/shard_0/videos/024_a-realistic-fixed-camera-macro-video-in-one-continuous-shot-during-the-f_seed9000.mp4,49,8.0,2,0.9947324051816239,8.334703859508545,0.20277944711538462,0.14401730268429488,review_short_prefix,outputs/waterdrop_prompt_bank_v2_auto_contact_sheets/wdsimple0144_liquid_surface_shard0_024.jpg,
wdsimple0150,wdp0200,hard_surface,dark-gray ceramic tile,0,0,25,9000,outputs/waterdrop_prompt_bank_v2_simple_wan/shard_0/videos/025_a-realistic-fixed-camera-macro-video-in-one-continuous-shot-during-the-f_seed9000.mp4,49,8.0,1,nan,5.120203158386753,0.06303335336538461,0.06194786658653846,reject_no_clean_prefix,outputs/waterdrop_prompt_bank_v2_auto_contact_sheets/wdsimple0150_hard_surface_shard0_025.jpg,
wdsimple0156,wdp0215,hard_surface,polished dark marble slab,0,0,26,9000,outputs/waterdrop_prompt_bank_v2_simple_wan/shard_0/videos/026_a-realistic-fixed-camera-macro-video-in-one-continuous-shot-during-the-f_seed9000.mp4,49,8.0,1,nan,8.057899305555555,0.14183944310897437,0.13551432291666668,reject_no_clean_prefix,outputs/waterdrop_prompt_bank_v2_auto_contact_sheets/wdsimple0156_hard_surface_shard0_026.jpg,
wdsimple0162,wdp0230,hard_surface,granite countertop,0,0,27,9000,outputs/waterdrop_prompt_bank_v2_simple_wan/shard_0/videos/027_a-realistic-fixed-camera-macro-video-in-one-continuous-shot-during-the-f_seed9000.mp4,49,8.0,1,nan,11.367172475961539,0.24019931891025642,0.2250763721955128,reject_no_clean_prefix,outputs/waterdrop_prompt_bank_v2_auto_contact_sheets/wdsimple0162_hard_surface_shard0_027.jpg,
wdsimple0168,wdp0245,hard_surface,polished concrete slab,0,0,28,9000,outputs/waterdrop_prompt_bank_v2_simple_wan/shard_0/videos/028_a-realistic-fixed-camera-macro-video-in-one-continuous-shot-during-the-f_seed9000.mp4,49,8.0,1,nan,12.532919337606836,0.23078175080128205,0.2197772686298077,reject_no_clean_prefix,outputs/waterdrop_prompt_bank_v2_auto_contact_sheets/wdsimple0168_hard_surface_shard0_028.jpg,
wdsimple0174,wdp0260,hard_surface,porcelain sink ledge,0,0,29,9000,outputs/waterdrop_prompt_bank_v2_simple_wan/shard_0/videos/029_a-realistic-fixed-camera-macro-video-in-one-continuous-shot-during-the-f_seed9000.mp4,49,8.0,25,1.0488915598290598,2.8817825186965806,0.050776241987179484,0.04937337239583333,candidate,outputs/waterdrop_prompt_bank_v2_auto_contact_sheets/wdsimple0174_hard_surface_shard0_029.jpg,
wdsimple0180,wdp0275,hard_surface,brushed aluminum sheet,0,0,30,9000,outputs/waterdrop_prompt_bank_v2_simple_wan/shard_0/videos/030_a-realistic-fixed-camera-macro-video-in-one-continuous-shot-during-the-f_seed9000.mp4,49,8.0,1,nan,4.560298143696581,0.0679512219551282,0.05911395733173077,reject_no_clean_prefix,outputs/waterdrop_prompt_bank_v2_auto_contact_sheets/wdsimple0180_hard_surface_shard0_030.jpg,
wdsimple0186,wdp0290,hard_surface,steel workbench top,0,0,31,9000,outputs/waterdrop_prompt_bank_v2_simple_wan/shard_0/videos/031_a-realistic-fixed-camera-macro-video-in-one-continuous-shot-during-the-f_seed9000.mp4,49,8.0,21,1.5319527911324786,4.655706630608973,0.061057692307692306,0.05716709234775641,candidate,outputs/waterdrop_prompt_bank_v2_auto_contact_sheets/wdsimple0186_hard_surface_shard0_031.jpg,
wdsimple0192,wdp0305,hard_surface,clear glass plate,0,0,32,9000,outputs/waterdrop_prompt_bank_v2_simple_wan/shard_0/videos/032_a-realistic-fixed-camera-macro-video-in-one-continuous-shot-during-the-f_seed9000.mp4,49,8.0,7,0.8753881209935898,18.998813100961538,0.45823567708333335,0.45225423177083335,candidate,outputs/waterdrop_prompt_bank_v2_auto_contact_sheets/wdsimple0192_hard_surface_shard0_032.jpg,
wdsimple0198,wdp0320,hard_surface,rigid white PVC board,0,0,33,9000,outputs/waterdrop_prompt_bank_v2_simple_wan/shard_0/videos/033_a-realistic-fixed-camera-macro-video-in-one-continuous-shot-during-the-f_seed9000.mp4,49,8.0,25,1.58408203125,6.027464776976496,0.08464042467948718,0.06889398036858975,candidate,outputs/waterdrop_prompt_bank_v2_auto_contact_sheets/wdsimple0198_hard_surface_shard0_033.jpg,
wdsimple0204,wdp0335,hard_surface,lacquered wood panel,0,0,34,9000,outputs/waterdrop_prompt_bank_v2_simple_wan/shard_0/videos/034_a-realistic-fixed-camera-macro-video-in-one-continuous-shot-during-the-f_seed9000.mp4,49,8.0,1,nan,10.703897903311967,0.31927584134615383,0.29928009815705126,reject_no_clean_prefix,outputs/waterdrop_prompt_bank_v2_auto_contact_sheets/wdsimple0204_hard_surface_shard0_034.jpg,
wdsimple0210,wdp0350,hard_surface,flat wall mirror,0,0,35,9000,outputs/waterdrop_prompt_bank_v2_simple_wan/shard_0/videos/035_a-realistic-fixed-camera-macro-video-in-one-continuous-shot-during-the-f_seed9000.mp4,49,8.0,14,0.9448292267628206,3.6282560430021364,0.05133213141025641,0.05080816806891025,candidate,outputs/waterdrop_prompt_bank_v2_auto_contact_sheets/wdsimple0210_hard_surface_shard0_035.jpg,
wdsimple0216,wdp0365,hard_surface,polished stone coaster,0,0,36,9000,outputs/waterdrop_prompt_bank_v2_simple_wan/shard_0/videos/036_a-realistic-fixed-camera-macro-video-in-one-continuous-shot-during-the-f_seed9000.mp4,49,8.0,1,nan,14.294839242788461,0.2577874599358974,0.24076772836538463,reject_no_clean_prefix,outputs/waterdrop_prompt_bank_v2_auto_contact_sheets/wdsimple0216_hard_surface_shard0_036.jpg,
wdsimple0222,wdp0380,hard_surface,stainless-steel coaster,0,0,37,9000,outputs/waterdrop_prompt_bank_v2_simple_wan/shard_0/videos/037_a-realistic-fixed-camera-macro-video-in-one-continuous-shot-during-the-f_seed9000.mp4,49,8.0,1,nan,8.492626535790599,0.1914463141025641,0.182265374599359,reject_no_clean_prefix,outputs/waterdrop_prompt_bank_v2_auto_contact_sheets/wdsimple0222_hard_surface_shard0_037.jpg,
wdsimple0228,wdp0395,hard_surface,flat section of a painted car hood,0,0,38,9000,outputs/waterdrop_prompt_bank_v2_simple_wan/shard_0/videos/038_a-realistic-fixed-camera-macro-video-in-one-continuous-shot-during-the-f_seed9000.mp4,49,8.0,4,1.0156016292735044,4.362132745726495,0.06407001201923077,0.059443234174679484,candidate,outputs/waterdrop_prompt_bank_v2_auto_contact_sheets/wdsimple0228_hard_surface_shard0_038.jpg,
wdsimple0234,wdp0410,hard_surface,camera filter glass,0,0,39,9000,outputs/waterdrop_prompt_bank_v2_simple_wan/shard_0/videos/039_a-realistic-fixed-camera-macro-video-in-one-continuous-shot-during-the-f_seed9000.mp4,49,8.0,1,nan,20.10679253472222,0.31728515625,0.11225147736378206,reject_no_clean_prefix,outputs/waterdrop_prompt_bank_v2_auto_contact_sheets/wdsimple0234_hard_surface_shard0_039.jpg,
wdsimple0240,wdp0425,hard_surface,polished obsidian slab,0,0,40,9000,outputs/waterdrop_prompt_bank_v2_simple_wan/shard_0/videos/040_a-realistic-fixed-camera-macro-video-in-one-continuous-shot-during-the-f_seed9000.mp4,49,8.0,1,nan,13.52033420138889,0.19116586538461539,0.17933756510416665,reject_no_clean_prefix,outputs/waterdrop_prompt_bank_v2_auto_contact_sheets/wdsimple0240_hard_surface_shard0_040.jpg,
wdsimple0246,wdp0440,hard_surface,glazed porcelain floor tile,0,0,41,9000,outputs/waterdrop_prompt_bank_v2_simple_wan/shard_0/videos/041_a-realistic-fixed-camera-macro-video-in-one-continuous-shot-during-the-f_seed9000.mp4,49,8.0,36,1.061796374198718,3.892118222489316,0.06357672275641026,0.05134840745192308,candidate,outputs/waterdrop_prompt_bank_v2_auto_contact_sheets/wdsimple0246_hard_surface_shard0_041.jpg,
wdsimple0001,wdp0001,liquid_surface,a calm shallow pond,1,1,0,9000,outputs/waterdrop_prompt_bank_v2_simple_wan/shard_1/videos/000_a-realistic-fixed-camera-macro-video-in-one-continuous-shot-during-the-f_seed9000.mp4,49,8.0,5,0.6418285924145299,19.69918035523504,0.5263746995192308,0.5188526642628205,candidate,outputs/waterdrop_prompt_bank_v2_auto_contact_sheets/wdsimple0001_liquid_surface_shard1_000.jpg,
wdsimple0007,wdp0009,liquid_surface,a plain white ceramic cup filled with water,1,1,1,9000,outputs/waterdrop_prompt_bank_v2_simple_wan/shard_1/videos/001_a-realistic-fixed-camera-macro-video-in-one-continuous-shot-during-the-f_seed9000.mp4,49,8.0,24,0.879681657318376,11.677339576655985,0.1293369391025641,0.1240459735576923,candidate,outputs/waterdrop_prompt_bank_v2_auto_contact_sheets/wdsimple0007_liquid_surface_shard1_001.jpg,
wdsimple0013,wdp0017,liquid_surface,a shallow rain puddle on level pavement,1,1,2,9000,outputs/waterdrop_prompt_bank_v2_simple_wan/shard_1/videos/002_a-realistic-fixed-camera-macro-video-in-one-continuous-shot-during-the-f_seed9000.mp4,49,8.0,3,1.3646000267094018,25.630155749198718,0.42940705128205126,0.4247339493189103,review_short_prefix,outputs/waterdrop_prompt_bank_v2_auto_contact_sheets/wdsimple0013_liquid_surface_shard1_002.jpg,
wdsimple0019,wdp0025,liquid_surface,a stainless-steel kitchen sink basin filled with water,1,1,3,9000,outputs/waterdrop_prompt_bank_v2_simple_wan/shard_1/videos/003_a-realistic-fixed-camera-macro-video-in-one-continuous-shot-during-the-f_seed9000.mp4,49,8.0,24,1.2166942107371794,9.668472055288463,0.2834485176282051,0.2620680588942308,candidate,outputs/waterdrop_prompt_bank_v2_auto_contact_sheets/wdsimple0019_liquid_surface_shard1_003.jpg,
wdsimple0025,wdp0033,liquid_surface,a round stone birdbath filled with water,1,1,4,9000,outputs/waterdrop_prompt_bank_v2_simple_wan/shard_1/videos/004_a-realistic-fixed-camera-macro-video-in-one-continuous-shot-during-the-f_seed9000.mp4,49,8.0,1,nan,27.173602764423077,0.436631109775641,0.34916741786858974,reject_no_clean_prefix,outputs/waterdrop_prompt_bank_v2_auto_contact_sheets/wdsimple0025_liquid_surface_shard1_004.jpg,
wdsimple0031,wdp0041,liquid_surface,a laboratory beaker filled with clear water,1,1,5,9000,outputs/waterdrop_prompt_bank_v2_simple_wan/shard_1/videos/005_a-realistic-fixed-camera-macro-video-in-one-continuous-shot-during-the-f_seed9000.mp4,49,8.0,1,nan,24.773714610042738,0.4307166466346154,0.4137288411458333,reject_no_clean_prefix,outputs/waterdrop_prompt_bank_v2_auto_contact_sheets/wdsimple0031_liquid_surface_shard1_005.jpg,
wdsimple0037,wdp0049,liquid_surface,a stainless-steel saucepan filled with water,1,1,6,9000,outputs/waterdrop_prompt_bank_v2_simple_wan/shard_1/videos/006_a-realistic-fixed-camera-macro-video-in-one-continuous-shot-during-the-f_seed9000.mp4,49,8.0,7,0.9059970953525641,12.802408854166666,0.34742337740384616,0.27813439002403845,candidate,outputs/waterdrop_prompt_bank_v2_auto_contact_sheets/wdsimple0037_liquid_surface_shard1_006.jpg,
wdsimple0043,wdp0057,liquid_surface,a porcelain soup bowl filled with water,1,1,7,9000,outputs/waterdrop_prompt_bank_v2_simple_wan/shard_1/videos/007_a-realistic-fixed-camera-macro-video-in-one-continuous-shot-during-the-f_seed9000.mp4,49,8.0,12,0.6666883680555556,8.797892461271367,0.1754256810897436,0.041904547275641024,candidate,outputs/waterdrop_prompt_bank_v2_auto_contact_sheets/wdsimple0043_liquid_surface_shard1_007.jpg,
wdsimple0049,wdp0065,liquid_surface,a clear stemmed wine glass filled with water,1,1,8,9000,outputs/waterdrop_prompt_bank_v2_simple_wan/shard_1/videos/008_a-realistic-fixed-camera-macro-video-in-one-continuous-shot-during-the-f_seed9000.mp4,49,8.0,2,0.6814027443910257,18.86414513221154,0.360624499198718,0.33298089443108975,review_short_prefix,outputs/waterdrop_prompt_bank_v2_auto_contact_sheets/wdsimple0049_liquid_surface_shard1_008.jpg,
wdsimple0055,wdp0073,liquid_surface,a wide-mouth mason jar filled with water,1,1,9,9000,outputs/waterdrop_prompt_bank_v2_simple_wan/shard_1/videos/009_a-realistic-fixed-camera-macro-video-in-one-continuous-shot-during-the-f_seed9000.mp4,49,8.0,1,nan,24.07730034722222,0.41589042467948717,0.3983874198717949,reject_no_clean_prefix,outputs/waterdrop_prompt_bank_v2_auto_contact_sheets/wdsimple0055_liquid_surface_shard1_009.jpg,
wdsimple0061,wdp0081,liquid_surface,a wide porcelain basin filled with water,1,1,10,9000,outputs/waterdrop_prompt_bank_v2_simple_wan/shard_1/videos/010_a-realistic-fixed-camera-macro-video-in-one-continuous-shot-during-the-f_seed9000.mp4,49,8.0,25,1.065014857104701,8.138668536324786,0.1345653044871795,0.0436698717948718,candidate,outputs/waterdrop_prompt_bank_v2_auto_contact_sheets/wdsimple0061_liquid_surface_shard1_010.jpg,
wdsimple0067,wdp0089,liquid_surface,a shallow white shower tray holding a thin layer of water,1,1,11,9000,outputs/waterdrop_prompt_bank_v2_simple_wan/shard_1/videos/011_a-realistic-fixed-camera-macro-video-in-one-continuous-shot-during-the-f_seed9000.mp4,49,8.0,24,0.6584009415064103,6.369118923611111,0.1832256610576923,0.1003555689102564,candidate,outputs/waterdrop_prompt_bank_v2_auto_contact_sheets/wdsimple0067_liquid_surface_shard1_011.jpg,
wdsimple0073,wdp0097,liquid_surface,an open metal pail filled with water,1,1,12,9000,outputs/waterdrop_prompt_bank_v2_simple_wan/shard_1/videos/012_a-realistic-fixed-camera-macro-video-in-one-continuous-shot-during-the-f_seed9000.mp4,49,8.0,6,0.9633822449252137,15.344530415331198,0.39356219951923077,0.38713942307692306,candidate,outputs/waterdrop_prompt_bank_v2_auto_contact_sheets/wdsimple0073_liquid_surface_shard1_012.jpg,
wdsimple0079,wdp0105,liquid_surface,one compartment of a white ice-cube tray filled with water,1,1,13,9000,outputs/waterdrop_prompt_bank_v2_simple_wan/shard_1/videos/013_a-realistic-fixed-camera-macro-video-in-one-continuous-shot-during-the-f_seed9000.mp4,49,8.0,1,nan,7.304085703792733,0.10510817307692308,0.09365922976762822,reject_no_clean_prefix,outputs/waterdrop_prompt_bank_v2_auto_contact_sheets/wdsimple0079_liquid_surface_shard1_013.jpg,
wdsimple0085,wdp0113,liquid_surface,a carved granite basin filled with water,1,1,14,9000,outputs/waterdrop_prompt_bank_v2_simple_wan/shard_1/videos/014_a-realistic-fixed-camera-macro-video-in-one-continuous-shot-during-the-f_seed9000.mp4,49,8.0,1,nan,10.154417901976496,0.20225360576923077,0.1946708483573718,reject_no_clean_prefix,outputs/waterdrop_prompt_bank_v2_auto_contact_sheets/wdsimple0085_liquid_surface_shard1_014.jpg,
wdsimple0091,wdp0121,liquid_surface,a polished brass bowl filled with water,1,1,15,9000,outputs/waterdrop_prompt_bank_v2_simple_wan/shard_1/videos/015_a-realistic-fixed-camera-macro-video-in-one-continuous-shot-during-the-f_seed9000.mp4,49,8.0,11,0.960819811698718,7.888040865384616,0.19800931490384616,0.1948624048477564,candidate,outputs/waterdrop_prompt_bank_v2_auto_contact_sheets/wdsimple0091_liquid_surface_shard1_015.jpg,
wdsimple0097,wdp0129,liquid_surface,a rectangular glass baking dish filled with water,1,1,16,9000,outputs/waterdrop_prompt_bank_v2_simple_wan/shard_1/videos/016_a-realistic-fixed-camera-macro-video-in-one-continuous-shot-during-the-f_seed9000.mp4,49,8.0,1,nan,7.193861010950855,0.18255208333333334,0.09680613982371794,reject_no_clean_prefix,outputs/waterdrop_prompt_bank_v2_auto_contact_sheets/wdsimple0097_liquid_surface_shard1_016.jpg,
wdsimple0103,wdp0137,liquid_surface,a shallow laboratory glass tray filled with water,1,1,17,9000,outputs/waterdrop_prompt_bank_v2_simple_wan/shard_1/videos/017_a-realistic-fixed-camera-macro-video-in-one-continuous-shot-during-the-f_seed9000.mp4,49,8.0,5,0.7338391426282052,11.25229700854701,0.3073467548076923,0.18278745993589743,candidate,outputs/waterdrop_prompt_bank_v2_auto_contact_sheets/wdsimple0103_liquid_surface_shard1_017.jpg,
wdsimple0109,wdp0145,liquid_surface,a black stone bowl filled with water,1,1,18,9000,outputs/waterdrop_prompt_bank_v2_simple_wan/shard_1/videos/018_a-realistic-fixed-camera-macro-video-in-one-continuous-shot-during-the-f_seed9000.mp4,49,8.0,8,0.7231203258547008,40.24412560096154,0.5687850560897436,0.5611077724358975,candidate,outputs/waterdrop_prompt_bank_v2_auto_contact_sheets/wdsimple0109_liquid_surface_shard1_018.jpg,
wdsimple0115,wdp0153,liquid_surface,a clean coconut-shell cup filled with water,1,1,19,9000,outputs/waterdrop_prompt_bank_v2_simple_wan/shard_1/videos/019_a-realistic-fixed-camera-macro-video-in-one-continuous-shot-during-the-f_seed9000.mp4,49,8.0,1,nan,44.11834101228633,0.6835336538461538,0.6753937550080128,reject_no_clean_prefix,outputs/waterdrop_prompt_bank_v2_auto_contact_sheets/wdsimple0115_liquid_surface_shard1_019.jpg,
wdsimple0121,wdp0161,liquid_surface,a natural rock depression holding rainwater,1,1,20,9000,outputs/waterdrop_prompt_bank_v2_simple_wan/shard_1/videos/020_a-realistic-fixed-camera-macro-video-in-one-continuous-shot-during-the-f_seed9000.mp4,49,8.0,1,nan,20.753550681089745,0.31047926682692306,0.2979786408253205,reject_no_clean_prefix,outputs/waterdrop_prompt_bank_v2_auto_contact_sheets/wdsimple0121_liquid_surface_shard1_020.jpg,
wdsimple0127,wdp0169,liquid_surface,a laboratory petri dish filled with water,1,1,21,9000,outputs/waterdrop_prompt_bank_v2_simple_wan/shard_1/videos/021_a-realistic-fixed-camera-macro-video-in-one-continuous-shot-during-the-f_seed9000.mp4,49,8.0,4,0.8771551148504273,12.219696514423077,0.2705378605769231,0.1707068810096154,candidate,outputs/waterdrop_prompt_bank_v2_auto_contact_sheets/wdsimple0127_liquid_surface_shard1_021.jpg,
wdsimple0133,wdp0177,liquid_surface,a shallow puddle on a microscope glass slide,1,1,22,9000,outputs/waterdrop_prompt_bank_v2_simple_wan/shard_1/videos/022_a-realistic-fixed-camera-macro-video-in-one-continuous-shot-during-the-f_seed9000.mp4,49,8.0,5,0.7488932291666667,25.690662560096154,0.44529747596153846,0.25750075120192306,candidate,outputs/waterdrop_prompt_bank_v2_auto_contact_sheets/wdsimple0133_liquid_surface_shard1_022.jpg,
wdsimple0139,wdp0185,liquid_surface,a rain-filled road pothole,1,1,23,9000,outputs/waterdrop_prompt_bank_v2_simple_wan/shard_1/videos/023_a-realistic-fixed-camera-macro-video-in-one-continuous-shot-during-the-f_seed9000.mp4,49,8.0,1,nan,20.752669270833337,0.301865484775641,0.30001565004006414,reject_no_clean_prefix,outputs/waterdrop_prompt_bank_v2_auto_contact_sheets/wdsimple0139_liquid_surface_shard1_023.jpg,
wdsimple0145,wdp0193,liquid_surface,a still indoor decorative pool,1,1,24,9000,outputs/waterdrop_prompt_bank_v2_simple_wan/shard_1/videos/024_a-realistic-fixed-camera-macro-video-in-one-continuous-shot-during-the-f_seed9000.mp4,49,8.0,2,0.926964810363248,7.221880842681625,0.16978665865384615,0.10990084134615385,review_short_prefix,outputs/waterdrop_prompt_bank_v2_auto_contact_sheets/wdsimple0145_liquid_surface_shard1_024.jpg,
wdsimple0151,wdp0201,hard_surface,dark-gray ceramic tile,1,1,25,9000,outputs/waterdrop_prompt_bank_v2_simple_wan/shard_1/videos/025_a-realistic-fixed-camera-macro-video-in-one-continuous-shot-during-the-f_seed9000.mp4,49,8.0,1,nan,5.031816740117521,0.05770232371794872,0.05622308193108975,reject_no_clean_prefix,outputs/waterdrop_prompt_bank_v2_auto_contact_sheets/wdsimple0151_hard_surface_shard1_025.jpg,
wdsimple0157,wdp0216,hard_surface,polished dark marble slab,1,1,26,9000,outputs/waterdrop_prompt_bank_v2_simple_wan/shard_1/videos/026_a-realistic-fixed-camera-macro-video-in-one-continuous-shot-during-the-f_seed9000.mp4,49,8.0,1,nan,7.157414362980769,0.1593574719551282,0.14809945913461536,reject_no_clean_prefix,outputs/waterdrop_prompt_bank_v2_auto_contact_sheets/wdsimple0157_hard_surface_shard1_026.jpg,
wdsimple0163,wdp0231,hard_surface,granite countertop,1,1,27,9000,outputs/waterdrop_prompt_bank_v2_simple_wan/shard_1/videos/027_a-realistic-fixed-camera-macro-video-in-one-continuous-shot-during-the-f_seed9000.mp4,49,8.0,1,nan,5.360722155448718,0.0991561498397436,0.09710536858974358,reject_no_clean_prefix,outputs/waterdrop_prompt_bank_v2_auto_contact_sheets/wdsimple0163_hard_surface_shard1_027.jpg,
wdsimple0169,wdp0246,hard_surface,polished concrete slab,1,1,28,9000,outputs/waterdrop_prompt_bank_v2_simple_wan/shard_1/videos/028_a-realistic-fixed-camera-macro-video-in-one-continuous-shot-during-the-f_seed9000.mp4,49,8.0,1,nan,6.282090511485044,0.09080779246794872,0.08644831730769231,reject_no_clean_prefix,outputs/waterdrop_prompt_bank_v2_auto_contact_sheets/wdsimple0169_hard_surface_shard1_028.jpg,
wdsimple0175,wdp0261,hard_surface,porcelain sink ledge,1,1,29,9000,outputs/waterdrop_prompt_bank_v2_simple_wan/shard_1/videos/029_a-realistic-fixed-camera-macro-video-in-one-continuous-shot-during-the-f_seed9000.mp4,49,8.0,25,0.9278103298611111,1.2864357972756413,0.013606770833333334,0.012728490584935897,candidate,outputs/waterdrop_prompt_bank_v2_auto_contact_sheets/wdsimple0175_hard_surface_shard1_029.jpg,
wdsimple0181,wdp0276,hard_surface,brushed aluminum sheet,1,1,30,9000,outputs/waterdrop_prompt_bank_v2_simple_wan/shard_1/videos/030_a-realistic-fixed-camera-macro-video-in-one-continuous-shot-during-the-f_seed9000.mp4,49,8.0,1,nan,4.048997562767093,0.03991636618589744,0.034433844150641026,reject_no_clean_prefix,outputs/waterdrop_prompt_bank_v2_auto_contact_sheets/wdsimple0181_hard_surface_shard1_030.jpg,
wdsimple0187,wdp0291,hard_surface,steel workbench top,1,1,31,9000,outputs/waterdrop_prompt_bank_v2_simple_wan/shard_1/videos/031_a-realistic-fixed-camera-macro-video-in-one-continuous-shot-during-the-f_seed9000.mp4,49,8.0,31,1.6495776575854701,3.1787167801816243,0.02716095753205128,0.025754331931089742,candidate,outputs/waterdrop_prompt_bank_v2_auto_contact_sheets/wdsimple0187_hard_surface_shard1_031.jpg,
wdsimple0193,wdp0306,hard_surface,clear glass plate,1,1,32,9000,outputs/waterdrop_prompt_bank_v2_simple_wan/shard_1/videos/032_a-realistic-fixed-camera-macro-video-in-one-continuous-shot-during-the-f_seed9000.mp4,49,8.0,6,0.826772001869658,7.625418169070513,0.10951021634615385,0.0360821063701923,candidate,outputs/waterdrop_prompt_bank_v2_auto_contact_sheets/wdsimple0193_hard_surface_shard1_032.jpg,
wdsimple0199,wdp0321,hard_surface,rigid white PVC board,1,1,33,9000,outputs/waterdrop_prompt_bank_v2_simple_wan/shard_1/videos/033_a-realistic-fixed-camera-macro-video-in-one-continuous-shot-during-the-f_seed9000.mp4,49,8.0,12,0.8821915064102565,2.2265850360576924,0.031132311698717947,0.027768805088141023,candidate,outputs/waterdrop_prompt_bank_v2_auto_contact_sheets/wdsimple0199_hard_surface_shard1_033.jpg,
wdsimple0205,wdp0336,hard_surface,lacquered wood panel,1,1,34,9000,outputs/waterdrop_prompt_bank_v2_simple_wan/shard_1/videos/034_a-realistic-fixed-camera-macro-video-in-one-continuous-shot-during-the-f_seed9000.mp4,49,8.0,1,nan,10.827664262820512,0.2743840144230769,0.26715745192307694,reject_no_clean_prefix,outputs/waterdrop_prompt_bank_v2_auto_contact_sheets/wdsimple0205_hard_surface_shard1_034.jpg,
wdsimple0211,wdp0351,hard_surface,flat wall mirror,1,1,35,9000,outputs/waterdrop_prompt_bank_v2_simple_wan/shard_1/videos/035_a-realistic-fixed-camera-macro-video-in-one-continuous-shot-during-the-f_seed9000.mp4,49,8.0,25,1.0873313969017095,1.9468140691773501,0.024221254006410255,0.017046023637820512,candidate,outputs/waterdrop_prompt_bank_v2_auto_contact_sheets/wdsimple0211_hard_surface_shard1_035.jpg,
wdsimple0217,wdp0366,hard_surface,polished stone coaster,1,1,36,9000,outputs/waterdrop_prompt_bank_v2_simple_wan/shard_1/videos/036_a-realistic-fixed-camera-macro-video-in-one-continuous-shot-during-the-f_seed9000.mp4,49,8.0,1,nan,4.343075587606838,0.08045622996794871,0.07922112880608974,reject_no_clean_prefix,outputs/waterdrop_prompt_bank_v2_auto_contact_sheets/wdsimple0217_hard_surface_shard1_036.jpg,
wdsimple0223,wdp0381,hard_surface,stainless-steel coaster,1,1,37,9000,outputs/waterdrop_prompt_bank_v2_simple_wan/shard_1/videos/037_a-realistic-fixed-camera-macro-video-in-one-continuous-shot-during-the-f_seed9000.mp4,49,8.0,5,0.6469417735042735,4.066373697916666,0.058378405448717946,0.010309620392628204,candidate,outputs/waterdrop_prompt_bank_v2_auto_contact_sheets/wdsimple0223_hard_surface_shard1_037.jpg,
wdsimple0229,wdp0396,hard_surface,flat section of a painted car hood,1,1,38,9000,outputs/waterdrop_prompt_bank_v2_simple_wan/shard_1/videos/038_a-realistic-fixed-camera-macro-video-in-one-continuous-shot-during-the-f_seed9000.mp4,49,8.0,8,1.0642987112713675,2.310683760683761,0.025282952724358973,0.024139873798076923,candidate,outputs/waterdrop_prompt_bank_v2_auto_contact_sheets/wdsimple0229_hard_surface_shard1_038.jpg,
wdsimple0235,wdp0411,hard_surface,camera filter glass,1,1,39,9000,outputs/waterdrop_prompt_bank_v2_simple_wan/shard_1/videos/039_a-realistic-fixed-camera-macro-video-in-one-continuous-shot-during-the-f_seed9000.mp4,49,8.0,1,nan,11.489549946581196,0.20227113381410255,0.021532577123397435,reject_no_clean_prefix,outputs/waterdrop_prompt_bank_v2_auto_contact_sheets/wdsimple0235_hard_surface_shard1_039.jpg,
wdsimple0241,wdp0426,hard_surface,polished obsidian slab,1,1,40,9000,outputs/waterdrop_prompt_bank_v2_simple_wan/shard_1/videos/040_a-realistic-fixed-camera-macro-video-in-one-continuous-shot-during-the-f_seed9000.mp4,49,8.0,1,nan,3.222872429220086,0.050636017628205125,0.05022786458333333,reject_no_clean_prefix,outputs/waterdrop_prompt_bank_v2_auto_contact_sheets/wdsimple0241_hard_surface_shard1_040.jpg,
wdsimple0247,wdp0441,hard_surface,glazed porcelain floor tile,1,1,41,9000,outputs/waterdrop_prompt_bank_v2_simple_wan/shard_1/videos/041_a-realistic-fixed-camera-macro-video-in-one-continuous-shot-during-the-f_seed9000.mp4,49,8.0,3,0.6875367254273504,1.6116427951388888,0.017578125,0.015869766626602562,review_short_prefix,outputs/waterdrop_prompt_bank_v2_auto_contact_sheets/wdsimple0247_hard_surface_shard1_041.jpg,
wdsimple0002,wdp0002,liquid_surface,a calm shallow pond,2,2,0,9000,outputs/waterdrop_prompt_bank_v2_simple_wan/shard_2/videos/000_a-realistic-fixed-camera-macro-video-in-one-continuous-shot-during-the-f_seed9000.mp4,49,8.0,5,0.5788035857371795,25.159237279647435,0.5866286057692308,0.5784067007211539,candidate,outputs/waterdrop_prompt_bank_v2_auto_contact_sheets/wdsimple0002_liquid_surface_shard2_000.jpg,
wdsimple0008,wdp0010,liquid_surface,a plain white ceramic cup filled with water,2,2,1,9000,outputs/waterdrop_prompt_bank_v2_simple_wan/shard_2/videos/001_a-realistic-fixed-camera-macro-video-in-one-continuous-shot-during-the-f_seed9000.mp4,49,8.0,15,0.9426849626068375,8.01749048477564,0.08084685496794872,0.07837853064903846,candidate,outputs/waterdrop_prompt_bank_v2_auto_contact_sheets/wdsimple0008_liquid_surface_shard2_001.jpg,
wdsimple0014,wdp0018,liquid_surface,a shallow rain puddle on level pavement,2,2,2,9000,outputs/waterdrop_prompt_bank_v2_simple_wan/shard_2/videos/002_a-realistic-fixed-camera-macro-video-in-one-continuous-shot-during-the-f_seed9000.mp4,49,8.0,1,nan,24.37274138621795,0.4217372796474359,0.417041015625,reject_no_clean_prefix,outputs/waterdrop_prompt_bank_v2_auto_contact_sheets/wdsimple0014_liquid_surface_shard2_002.jpg,
wdsimple0020,wdp0026,liquid_surface,a stainless-steel kitchen sink basin filled with water,2,2,3,9000,outputs/waterdrop_prompt_bank_v2_simple_wan/shard_2/videos/003_a-realistic-fixed-camera-macro-video-in-one-continuous-shot-during-the-f_seed9000.mp4,49,8.0,14,1.0679812700320512,11.970523671207266,0.38248197115384613,0.20634515224358976,candidate,outputs/waterdrop_prompt_bank_v2_auto_contact_sheets/wdsimple0020_liquid_surface_shard2_003.jpg,
wdsimple0026,wdp0034,liquid_surface,a round stone birdbath filled with water,2,2,4,9000,outputs/waterdrop_prompt_bank_v2_simple_wan/shard_2/videos/004_a-realistic-fixed-camera-macro-video-in-one-continuous-shot-during-the-f_seed9000.mp4,49,8.0,1,nan,48.34020182291667,0.5180338541666667,0.18945625500801283,reject_no_clean_prefix,outputs/waterdrop_prompt_bank_v2_auto_contact_sheets/wdsimple0026_liquid_surface_shard2_004.jpg,
wdsimple0032,wdp0042,liquid_surface,a laboratory beaker filled with clear water,2,2,5,9000,outputs/waterdrop_prompt_bank_v2_simple_wan/shard_2/videos/005_a-realistic-fixed-camera-macro-video-in-one-continuous-shot-during-the-f_seed9000.mp4,49,8.0,1,nan,10.072376635950855,0.14115584935897435,0.13994328425480768,reject_no_clean_prefix,outputs/waterdrop_prompt_bank_v2_auto_contact_sheets/wdsimple0032_liquid_surface_shard2_005.jpg,
wdsimple0038,wdp0050,liquid_surface,a stainless-steel saucepan filled with water,2,2,6,9000,outputs/waterdrop_prompt_bank_v2_simple_wan/shard_2/videos/006_a-realistic-fixed-camera-macro-video-in-one-continuous-shot-during-the-f_seed9000.mp4,49,8.0,5,0.7685329861111111,13.197766426282051,0.300508313301282,0.132470703125,candidate,outputs/waterdrop_prompt_bank_v2_auto_contact_sheets/wdsimple0038_liquid_surface_shard2_006.jpg,
wdsimple0044,wdp0058,liquid_surface,a porcelain soup bowl filled with water,2,2,7,9000,outputs/waterdrop_prompt_bank_v2_simple_wan/shard_2/videos/007_a-realistic-fixed-camera-macro-video-in-one-continuous-shot-during-the-f_seed9000.mp4,49,8.0,12,0.6881886017628205,6.135660389957264,0.13784054487179487,0.010273938301282053,candidate,outputs/waterdrop_prompt_bank_v2_auto_contact_sheets/wdsimple0044_liquid_surface_shard2_007.jpg,
wdsimple0050,wdp0066,liquid_surface,a clear stemmed wine glass filled with water,2,2,8,9000,outputs/waterdrop_prompt_bank_v2_simple_wan/shard_2/videos/008_a-realistic-fixed-camera-macro-video-in-one-continuous-shot-during-the-f_seed9000.mp4,49,8.0,1,nan,12.455228365384615,0.15225360576923078,0.11151279547275642,reject_no_clean_prefix,outputs/waterdrop_prompt_bank_v2_auto_contact_sheets/wdsimple0050_liquid_surface_shard2_008.jpg,
wdsimple0056,wdp0074,liquid_surface,a wide-mouth mason jar filled with water,2,2,9,9000,outputs/waterdrop_prompt_bank_v2_simple_wan/shard_2/videos/009_a-realistic-fixed-camera-macro-video-in-one-continuous-shot-during-the-f_seed9000.mp4,49,8.0,1,nan,23.832779113247863,0.4223607772435897,0.3626727764423077,reject_no_clean_prefix,outputs/waterdrop_prompt_bank_v2_auto_contact_sheets/wdsimple0056_liquid_surface_shard2_009.jpg,
wdsimple0062,wdp0082,liquid_surface,a wide porcelain basin filled with water,2,2,10,9000,outputs/waterdrop_prompt_bank_v2_simple_wan/shard_2/videos/010_a-realistic-fixed-camera-macro-video-in-one-continuous-shot-during-the-f_seed9000.mp4,49,8.0,12,0.7622162126068377,5.13960920806624,0.10405398637820513,0.03752316205929487,candidate,outputs/waterdrop_prompt_bank_v2_auto_contact_sheets/wdsimple0062_liquid_surface_shard2_010.jpg,
wdsimple0068,wdp0090,liquid_surface,a shallow white shower tray holding a thin layer of water,2,2,11,9000,outputs/waterdrop_prompt_bank_v2_simple_wan/shard_2/videos/011_a-realistic-fixed-camera-macro-video-in-one-continuous-shot-during-the-f_seed9000.mp4,49,8.0,5,0.5386802216880341,3.5518346020299143,0.062009214743589745,0.06037472455929487,candidate,outputs/waterdrop_prompt_bank_v2_auto_contact_sheets/wdsimple0068_liquid_surface_shard2_011.jpg,
wdsimple0074,wdp0098,liquid_surface,an open metal pail filled with water,2,2,12,9000,outputs/waterdrop_prompt_bank_v2_simple_wan/shard_2/videos/012_a-realistic-fixed-camera-macro-video-in-one-continuous-shot-during-the-f_seed9000.mp4,49,8.0,5,1.1333742321047007,29.97605335202991,0.4286858974358974,0.2294815454727564,candidate,outputs/waterdrop_prompt_bank_v2_auto_contact_sheets/wdsimple0074_liquid_surface_shard2_012.jpg,
wdsimple0080,wdp0106,liquid_surface,one compartment of a white ice-cube tray filled with water,2,2,13,9000,outputs/waterdrop_prompt_bank_v2_simple_wan/shard_2/videos/013_a-realistic-fixed-camera-macro-video-in-one-continuous-shot-during-the-f_seed9000.mp4,49,8.0,1,nan,4.618878538995727,0.08024338942307692,0.07787084334935897,reject_no_clean_prefix,outputs/waterdrop_prompt_bank_v2_auto_contact_sheets/wdsimple0080_liquid_surface_shard2_013.jpg,
wdsimple0086,wdp0114,liquid_surface,a carved granite basin filled with water,2,2,14,9000,outputs/waterdrop_prompt_bank_v2_simple_wan/shard_2/videos/014_a-realistic-fixed-camera-macro-video-in-one-continuous-shot-during-the-f_seed9000.mp4,49,8.0,1,nan,11.665942174145298,0.23098958333333333,0.22154760116185895,reject_no_clean_prefix,outputs/waterdrop_prompt_bank_v2_auto_contact_sheets/wdsimple0086_liquid_surface_shard2_014.jpg,
wdsimple0092,wdp0122,liquid_surface,a polished brass bowl filled with water,2,2,15,9000,outputs/waterdrop_prompt_bank_v2_simple_wan/shard_2/videos/015_a-realistic-fixed-camera-macro-video-in-one-continuous-shot-during-the-f_seed9000.mp4,49,8.0,11,0.9113848824786324,12.3205320178953,0.26142327724358977,0.030833708934294872,candidate,outputs/waterdrop_prompt_bank_v2_auto_contact_sheets/wdsimple0092_liquid_surface_shard2_015.jpg,
wdsimple0098,wdp0130,liquid_surface,a rectangular glass baking dish filled with water,2,2,16,9000,outputs/waterdrop_prompt_bank_v2_simple_wan/shard_2/videos/016_a-realistic-fixed-camera-macro-video-in-one-continuous-shot-during-the-f_seed9000.mp4,49,8.0,1,nan,4.84837406517094,0.09574569310897436,0.0232265374599359,reject_no_clean_prefix,outputs/waterdrop_prompt_bank_v2_auto_contact_sheets/wdsimple0098_liquid_surface_shard2_016.jpg,
wdsimple0104,wdp0138,liquid_surface,a shallow laboratory glass tray filled with water,2,2,17,9000,outputs/waterdrop_prompt_bank_v2_simple_wan/shard_2/videos/017_a-realistic-fixed-camera-macro-video-in-one-continuous-shot-during-the-f_seed9000.mp4,49,8.0,7,1.0505917801816238,17.38215645032051,0.3672626201923077,0.16002604166666665,candidate,outputs/waterdrop_prompt_bank_v2_auto_contact_sheets/wdsimple0104_liquid_surface_shard2_017.jpg,
wdsimple0110,wdp0146,liquid_surface,a black stone bowl filled with water,2,2,18,9000,outputs/waterdrop_prompt_bank_v2_simple_wan/shard_2/videos/018_a-realistic-fixed-camera-macro-video-in-one-continuous-shot-during-the-f_seed9000.mp4,49,8.0,6,0.6487254607371795,43.51714827056624,0.5825796274038462,0.5631666917067307,candidate,outputs/waterdrop_prompt_bank_v2_auto_contact_sheets/wdsimple0110_liquid_surface_shard2_018.jpg,
wdsimple0116,wdp0154,liquid_surface,a clean coconut-shell cup filled with water,2,2,19,9000,outputs/waterdrop_prompt_bank_v2_simple_wan/shard_2/videos/019_a-realistic-fixed-camera-macro-video-in-one-continuous-shot-during-the-f_seed9000.mp4,49,8.0,1,nan,30.837519197382477,0.4646885016025641,0.45815680088141025,reject_no_clean_prefix,outputs/waterdrop_prompt_bank_v2_auto_contact_sheets/wdsimple0116_liquid_surface_shard2_019.jpg,
wdsimple0122,wdp0162,liquid_surface,a natural rock depression holding rainwater,2,2,20,9000,outputs/waterdrop_prompt_bank_v2_simple_wan/shard_2/videos/020_a-realistic-fixed-camera-macro-video-in-one-continuous-shot-during-the-f_seed9000.mp4,49,8.0,1,nan,24.906734942574786,0.37214292868589743,0.3680157001201923,reject_no_clean_prefix,outputs/waterdrop_prompt_bank_v2_auto_contact_sheets/wdsimple0122_liquid_surface_shard2_020.jpg,
wdsimple0128,wdp0170,liquid_surface,a laboratory petri dish filled with water,2,2,21,9000,outputs/waterdrop_prompt_bank_v2_simple_wan/shard_2/videos/021_a-realistic-fixed-camera-macro-video-in-one-continuous-shot-during-the-f_seed9000.mp4,49,8.0,1,nan,15.523966680021369,0.37837540064102565,0.22445788261217947,reject_no_clean_prefix,outputs/waterdrop_prompt_bank_v2_auto_contact_sheets/wdsimple0128_liquid_surface_shard2_021.jpg,
wdsimple0134,wdp0178,liquid_surface,a shallow puddle on a microscope glass slide,2,2,22,9000,outputs/waterdrop_prompt_bank_v2_simple_wan/shard_2/videos/022_a-realistic-fixed-camera-macro-video-in-one-continuous-shot-during-the-f_seed9000.mp4,49,8.0,5,0.6968098958333333,33.46614499866453,0.5383188100961539,0.19692132411858976,candidate,outputs/waterdrop_prompt_bank_v2_auto_contact_sheets/wdsimple0134_liquid_surface_shard2_022.jpg,
wdsimple0140,wdp0186,liquid_surface,a rain-filled road pothole,2,2,23,9000,outputs/waterdrop_prompt_bank_v2_simple_wan/shard_2/videos/023_a-realistic-fixed-camera-macro-video-in-one-continuous-shot-during-the-f_seed9000.mp4,49,8.0,1,nan,21.212578458867522,0.29186698717948717,0.2907733623798077,reject_no_clean_prefix,outputs/waterdrop_prompt_bank_v2_auto_contact_sheets/wdsimple0140_liquid_surface_shard2_023.jpg,
wdsimple0146,wdp0194,liquid_surface,a still indoor decorative pool,2,2,24,9000,outputs/waterdrop_prompt_bank_v2_simple_wan/shard_2/videos/024_a-realistic-fixed-camera-macro-video-in-one-continuous-shot-during-the-f_seed9000.mp4,49,8.0,1,nan,6.866278545673077,0.1560546875,0.020736303084935896,reject_no_clean_prefix,outputs/waterdrop_prompt_bank_v2_auto_contact_sheets/wdsimple0146_liquid_surface_shard2_024.jpg,
wdsimple0152,wdp0205,hard_surface,stainless-steel tray,0,2,25,9000,outputs/waterdrop_prompt_bank_v2_simple_wan/shard_2/videos/025_a-realistic-fixed-camera-macro-video-in-one-continuous-shot-during-the-f_seed9000.mp4,49,8.0,24,1.1244691506410256,4.43551766159188,0.08125,0.06573955829326923,candidate,outputs/waterdrop_prompt_bank_v2_auto_contact_sheets/wdsimple0152_hard_surface_shard2_025.jpg,
wdsimple0158,wdp0220,hard_surface,plain white ceramic plate,0,2,26,9000,outputs/waterdrop_prompt_bank_v2_simple_wan/shard_2/videos/026_a-realistic-fixed-camera-macro-video-in-one-continuous-shot-during-the-f_seed9000.mp4,49,8.0,25,1.2211863982371796,4.288877203525641,0.034998497596153845,0.03206505408653846,candidate,outputs/waterdrop_prompt_bank_v2_auto_contact_sheets/wdsimple0158_hard_surface_shard2_026.jpg,
wdsimple0164,wdp0235,hard_surface,white quartz countertop,0,2,27,9000,outputs/waterdrop_prompt_bank_v2_simple_wan/shard_2/videos/027_a-realistic-fixed-camera-macro-video-in-one-continuous-shot-during-the-f_seed9000.mp4,49,8.0,24,0.8765249399038462,3.0237079326923078,0.021905048076923075,0.01068271734775641,candidate,outputs/waterdrop_prompt_bank_v2_auto_contact_sheets/wdsimple0164_hard_surface_shard2_027.jpg,
wdsimple0170,wdp0250,hard_surface,smooth epoxy floor sample,0,2,28,9000,outputs/waterdrop_prompt_bank_v2_simple_wan/shard_2/videos/028_a-realistic-fixed-camera-macro-video-in-one-continuous-shot-during-the-f_seed9000.mp4,49,8.0,1,nan,8.292125734508547,0.16666165865384616,0.1510811047676282,reject_no_clean_prefix,outputs/waterdrop_prompt_bank_v2_auto_contact_sheets/wdsimple0170_hard_surface_shard2_028.jpg,
wdsimple0176,wdp0265,hard_surface,white enamel stove surface,0,2,29,9000,outputs/waterdrop_prompt_bank_v2_simple_wan/shard_2/videos/029_a-realistic-fixed-camera-macro-video-in-one-continuous-shot-during-the-f_seed9000.mp4,49,8.0,5,0.708336672008547,13.90488030849359,0.2927458934294872,0.2847637469951923,candidate,outputs/waterdrop_prompt_bank_v2_auto_contact_sheets/wdsimple0176_hard_surface_shard2_029.jpg,
wdsimple0182,wdp0280,hard_surface,polished copper plate,0,2,30,9000,outputs/waterdrop_prompt_bank_v2_simple_wan/shard_2/videos/030_a-realistic-fixed-camera-macro-video-in-one-continuous-shot-during-the-f_seed9000.mp4,49,8.0,35,1.6233815771901712,8.733318309294871,0.1699494190705128,0.1494046724759615,candidate,outputs/waterdrop_prompt_bank_v2_auto_contact_sheets/wdsimple0182_hard_surface_shard2_030.jpg,
wdsimple0188,wdp0295,hard_surface,flat cast-iron griddle,0,2,31,9000,outputs/waterdrop_prompt_bank_v2_simple_wan/shard_2/videos/031_a-realistic-fixed-camera-macro-video-in-one-continuous-shot-during-the-f_seed9000.mp4,49,8.0,1,nan,9.958536992521369,0.17445663060897437,0.15755709134615384,reject_no_clean_prefix,outputs/waterdrop_prompt_bank_v2_auto_contact_sheets/wdsimple0188_hard_surface_shard2_031.jpg,
wdsimple0194,wdp0310,hard_surface,clear acrylic sheet,0,2,32,9000,outputs/waterdrop_prompt_bank_v2_simple_wan/shard_2/videos/032_a-realistic-fixed-camera-macro-video-in-one-continuous-shot-during-the-f_seed9000.mp4,49,8.0,5,0.9820754874465812,21.94433092948718,0.5332156450320513,0.5271446814903846,candidate,outputs/waterdrop_prompt_bank_v2_auto_contact_sheets/wdsimple0194_hard_surface_shard2_032.jpg,
wdsimple0200,wdp0325,hard_surface,sealed hardwood tabletop,0,2,33,9000,outputs/waterdrop_prompt_bank_v2_simple_wan/shard_2/videos/033_a-realistic-fixed-camera-macro-video-in-one-continuous-shot-during-the-f_seed9000.mp4,49,8.0,4,1.7999399038461539,5.251466513087607,0.09245292467948718,0.08206755809294872,candidate,outputs/waterdrop_prompt_bank_v2_auto_contact_sheets/wdsimple0200_hard_surface_shard2_033.jpg,
wdsimple0206,wdp0340,hard_surface,painted metal cabinet top,0,2,34,9000,outputs/waterdrop_prompt_bank_v2_simple_wan/shard_2/videos/034_a-realistic-fixed-camera-macro-video-in-one-continuous-shot-during-the-f_seed9000.mp4,49,8.0,24,1.0582565438034188,4.482616352831196,0.08368389423076923,0.07811936598557692,candidate,outputs/waterdrop_prompt_bank_v2_auto_contact_sheets/wdsimple0206_hard_surface_shard2_034.jpg,
wdsimple0212,wdp0355,hard_surface,glazed brick,0,2,35,9000,outputs/waterdrop_prompt_bank_v2_simple_wan/shard_2/videos/035_a-realistic-fixed-camera-macro-video-in-one-continuous-shot-during-the-f_seed9000.mp4,49,8.0,2,1.6621978498931622,8.716912059294872,0.14041716746794872,0.12966058193108976,review_short_prefix,outputs/waterdrop_prompt_bank_v2_auto_contact_sheets/wdsimple0212_hard_surface_shard2_035.jpg,
wdsimple0218,wdp0370,hard_surface,glazed ceramic coaster,0,2,36,9000,outputs/waterdrop_prompt_bank_v2_simple_wan/shard_2/videos/036_a-realistic-fixed-camera-macro-video-in-one-continuous-shot-during-the-f_seed9000.mp4,49,8.0,13,0.7786708733974359,11.61326706063034,0.29827473958333334,0.20163636818910255,candidate,outputs/waterdrop_prompt_bank_v2_auto_contact_sheets/wdsimple0218_hard_surface_shard2_036.jpg,
wdsimple0224,wdp0385,hard_surface,rigid plastic cafeteria tray,0,2,37,9000,outputs/waterdrop_prompt_bank_v2_simple_wan/shard_2/videos/037_a-realistic-fixed-camera-macro-video-in-one-continuous-shot-during-the-f_seed9000.mp4,49,8.0,2,0.7885692107371794,4.825517494658119,0.0533779046474359,0.050638521634615394,review_short_prefix,outputs/waterdrop_prompt_bank_v2_auto_contact_sheets/wdsimple0224_hard_surface_shard2_037.jpg,
wdsimple0230,wdp0400,hard_surface,flat smartphone glass screen,0,2,38,9000,outputs/waterdrop_prompt_bank_v2_simple_wan/shard_2/videos/038_a-realistic-fixed-camera-macro-video-in-one-continuous-shot-during-the-f_seed9000.mp4,49,8.0,4,0.8032301682692308,20.794171507745723,0.5709410056089743,0.358486077724359,candidate,outputs/waterdrop_prompt_bank_v2_auto_contact_sheets/wdsimple0230_hard_surface_shard2_038.jpg,
wdsimple0236,wdp0415,hard_surface,laboratory resin worktop,0,2,39,9000,outputs/waterdrop_prompt_bank_v2_simple_wan/shard_2/videos/039_a-realistic-fixed-camera-macro-video-in-one-continuous-shot-during-the-f_seed9000.mp4,49,8.0,12,1.3744825053418805,10.460486778846153,0.23872195512820513,0.12735689603365383,candidate,outputs/waterdrop_prompt_bank_v2_auto_contact_sheets/wdsimple0236_hard_surface_shard2_039.jpg,
wdsimple0242,wdp0430,hard_surface,polished jade slab,0,2,40,9000,outputs/waterdrop_prompt_bank_v2_simple_wan/shard_2/videos/040_a-realistic-fixed-camera-macro-video-in-one-continuous-shot-during-the-f_seed9000.mp4,49,8.0,11,0.9451489049145299,18.76267528044872,0.39814703525641026,0.3883595002003205,candidate,outputs/waterdrop_prompt_bank_v2_auto_contact_sheets/wdsimple0242_hard_surface_shard2_040.jpg,
wdsimple0248,wdp0445,hard_surface,sealed concrete paver,0,2,41,9000,outputs/waterdrop_prompt_bank_v2_simple_wan/shard_2/videos/041_a-realistic-fixed-camera-macro-video-in-one-continuous-shot-during-the-f_seed9000.mp4,49,8.0,1,nan,9.035112012553418,0.2139347956730769,0.20476575020032053,reject_no_clean_prefix,outputs/waterdrop_prompt_bank_v2_auto_contact_sheets/wdsimple0248_hard_surface_shard2_041.jpg,
wdsimple0003,wdp0004,liquid_surface,a transparent glass mixing bowl filled with water,0,3,0,9000,outputs/waterdrop_prompt_bank_v2_simple_wan/shard_3/videos/000_a-realistic-fixed-camera-macro-video-in-one-continuous-shot-during-the-f_seed9000.mp4,49,8.0,7,1.0793928619123931,18.65720569577991,0.42162459935897434,0.40279447115384615,candidate,outputs/waterdrop_prompt_bank_v2_auto_contact_sheets/wdsimple0003_liquid_surface_shard3_000.jpg,
wdsimple0009,wdp0012,liquid_surface,a clean metal bucket filled with water,0,3,1,9000,outputs/waterdrop_prompt_bank_v2_simple_wan/shard_3/videos/001_a-realistic-fixed-camera-macro-video-in-one-continuous-shot-during-the-f_seed9000.mp4,49,8.0,7,1.005905281784188,16.77602831196581,0.371309094551282,0.31854028946314106,candidate,outputs/waterdrop_prompt_bank_v2_auto_contact_sheets/wdsimple0009_liquid_surface_shard3_001.jpg,
wdsimple0015,wdp0020,liquid_surface,a rectangular glass aquarium filled with water,0,3,2,9000,outputs/waterdrop_prompt_bank_v2_simple_wan/shard_3/videos/002_a-realistic-fixed-camera-macro-video-in-one-continuous-shot-during-the-f_seed9000.mp4,49,8.0,1,nan,15.809265658386751,0.2065955528846154,0.19565805288461538,reject_no_clean_prefix,outputs/waterdrop_prompt_bank_v2_auto_contact_sheets/wdsimple0015_liquid_surface_shard3_002.jpg,
wdsimple0021,wdp0028,liquid_surface,a white enamel washbasin filled with water,0,3,3,9000,outputs/waterdrop_prompt_bank_v2_simple_wan/shard_3/videos/003_a-realistic-fixed-camera-macro-video-in-one-continuous-shot-during-the-f_seed9000.mp4,49,8.0,24,1.148303952991453,4.116021467681624,0.07254106570512821,0.0673008062900641,candidate,outputs/waterdrop_prompt_bank_v2_auto_contact_sheets/wdsimple0021_liquid_surface_shard3_003.jpg,
wdsimple0027,wdp0036,liquid_surface,a small garden fountain basin with the pump turned off,0,3,4,9000,outputs/waterdrop_prompt_bank_v2_simple_wan/shard_3/videos/004_a-realistic-fixed-camera-macro-video-in-one-continuous-shot-during-the-f_seed9000.mp4,49,8.0,7,1.2959510216346153,25.831401075053417,0.4861728766025641,0.4687612680288462,candidate,outputs/waterdrop_prompt_bank_v2_auto_contact_sheets/wdsimple0027_liquid_surface_shard3_004.jpg,
wdsimple0033,wdp0044,liquid_surface,a transparent measuring jug filled with water,0,3,5,9000,outputs/waterdrop_prompt_bank_v2_simple_wan/shard_3/videos/005_a-realistic-fixed-camera-macro-video-in-one-continuous-shot-during-the-f_seed9000.mp4,49,8.0,1,nan,20.975441539797007,0.43211638621794873,0.3981476612580128,reject_no_clean_prefix,outputs/waterdrop_prompt_bank_v2_auto_contact_sheets/wdsimple0033_liquid_surface_shard3_005.jpg,
wdsimple0039,wdp0052,liquid_surface,a black cooking pot filled with water,0,3,6,9000,outputs/waterdrop_prompt_bank_v2_simple_wan/shard_3/videos/006_a-realistic-fixed-camera-macro-video-in-one-continuous-shot-during-the-f_seed9000.mp4,49,8.0,2,0.8340720152243589,10.858023671207263,0.1847305689102564,0.1800800030048077,review_short_prefix,outputs/waterdrop_prompt_bank_v2_auto_contact_sheets/wdsimple0039_liquid_surface_shard3_006.jpg,
wdsimple0045,wdp0060,liquid_surface,a small porcelain teacup filled with water,0,3,7,9000,outputs/waterdrop_prompt_bank_v2_simple_wan/shard_3/videos/007_a-realistic-fixed-camera-macro-video-in-one-continuous-shot-during-the-f_seed9000.mp4,49,8.0,19,0.8665506477029914,11.636899038461538,0.2028145032051282,0.19529747596153846,candidate,outputs/waterdrop_prompt_bank_v2_auto_contact_sheets/wdsimple0045_liquid_surface_shard3_007.jpg,
wdsimple0051,wdp0068,liquid_surface,a plain glass tumbler filled with water,0,3,8,9000,outputs/waterdrop_prompt_bank_v2_simple_wan/shard_3/videos/008_a-realistic-fixed-camera-macro-video-in-one-continuous-shot-during-the-f_seed9000.mp4,49,8.0,1,nan,29.961463341346153,0.4755809294871795,0.4413505358573718,reject_no_clean_prefix,outputs/waterdrop_prompt_bank_v2_auto_contact_sheets/wdsimple0051_liquid_surface_shard3_008.jpg,
wdsimple0057,wdp0076,liquid_surface,a short glass flower vase filled with water,0,3,9,9000,outputs/waterdrop_prompt_bank_v2_simple_wan/shard_3/videos/009_a-realistic-fixed-camera-macro-video-in-one-continuous-shot-during-the-f_seed9000.mp4,49,8.0,1,nan,14.94622145432692,0.1796173878205128,0.17297488481570514,reject_no_clean_prefix,outputs/waterdrop_prompt_bank_v2_auto_contact_sheets/wdsimple0057_liquid_surface_shard3_009.jpg,
wdsimple0063,wdp0084,liquid_surface,a white bathtub filled with still water,0,3,10,9000,outputs/waterdrop_prompt_bank_v2_simple_wan/shard_3/videos/010_a-realistic-fixed-camera-macro-video-in-one-continuous-shot-during-the-f_seed9000.mp4,49,8.0,25,1.2140808627136752,3.432444411057692,0.029221754807692308,0.026040414663461537,candidate,outputs/waterdrop_prompt_bank_v2_auto_contact_sheets/wdsimple0063_liquid_surface_shard3_010.jpg,
wdsimple0069,wdp0092,liquid_surface,an open rain barrel filled with water,0,3,11,9000,outputs/waterdrop_prompt_bank_v2_simple_wan/shard_3/videos/011_a-realistic-fixed-camera-macro-video-in-one-continuous-shot-during-the-f_seed9000.mp4,49,8.0,2,0.7645482772435898,18.596190571581197,0.4423828125,0.42804674979967944,review_short_prefix,outputs/waterdrop_prompt_bank_v2_auto_contact_sheets/wdsimple0069_liquid_surface_shard3_011.jpg,
wdsimple0075,wdp0100,liquid_surface,a blue plastic storage tub filled with water,0,3,12,9000,outputs/waterdrop_prompt_bank_v2_simple_wan/shard_3/videos/012_a-realistic-fixed-camera-macro-video-in-one-continuous-shot-during-the-f_seed9000.mp4,49,8.0,17,1.9031333466880342,4.712925681089744,0.054439603365384615,0.044968825120192304,candidate,outputs/waterdrop_prompt_bank_v2_auto_contact_sheets/wdsimple0075_liquid_surface_shard3_012.jpg,
wdsimple0081,wdp0108,liquid_surface,a stainless-steel pet water bowl,0,3,13,9000,outputs/waterdrop_prompt_bank_v2_simple_wan/shard_3/videos/013_a-realistic-fixed-camera-macro-video-in-one-continuous-shot-during-the-f_seed9000.mp4,49,8.0,7,0.9751544137286325,16.658635483440168,0.4408353365384615,0.43255396133814095,candidate,outputs/waterdrop_prompt_bank_v2_auto_contact_sheets/wdsimple0081_liquid_surface_shard3_013.jpg,
wdsimple0087,wdp0116,liquid_surface,a polished copper bowl filled with water,0,3,14,9000,outputs/waterdrop_prompt_bank_v2_simple_wan/shard_3/videos/014_a-realistic-fixed-camera-macro-video-in-one-continuous-shot-during-the-f_seed9000.mp4,49,8.0,12,1.053499766292735,17.0776851295406,0.384375,0.36906049679487185,candidate,outputs/waterdrop_prompt_bank_v2_auto_contact_sheets/wdsimple0087_liquid_surface_shard3_014.jpg,
wdsimple0093,wdp0124,liquid_surface,a shallow aluminum pan filled with water,0,3,15,9000,outputs/waterdrop_prompt_bank_v2_simple_wan/shard_3/videos/015_a-realistic-fixed-camera-macro-video-in-one-continuous-shot-during-the-f_seed9000.mp4,49,8.0,5,0.7079836071047008,20.14015675080128,0.3772586137820513,0.36763446514423076,candidate,outputs/waterdrop_prompt_bank_v2_auto_contact_sheets/wdsimple0093_liquid_surface_shard3_015.jpg,
wdsimple0099,wdp0132,liquid_surface,a clear acrylic tank filled with water,0,3,16,9000,outputs/waterdrop_prompt_bank_v2_simple_wan/shard_3/videos/016_a-realistic-fixed-camera-macro-video-in-one-continuous-shot-during-the-f_seed9000.mp4,49,8.0,1,nan,10.611236311431625,0.18509615384615385,0.11756560496794871,reject_no_clean_prefix,outputs/waterdrop_prompt_bank_v2_auto_contact_sheets/wdsimple0099_liquid_surface_shard3_016.jpg,
wdsimple0105,wdp0140,liquid_surface,a glazed ceramic baking dish filled with water,0,3,17,9000,outputs/waterdrop_prompt_bank_v2_simple_wan/shard_3/videos/017_a-realistic-fixed-camera-macro-video-in-one-continuous-shot-during-the-f_seed9000.mp4,49,8.0,12,0.6807567107371795,7.010404146634615,0.14032201522435897,0.0601856720753205,candidate,outputs/waterdrop_prompt_bank_v2_auto_contact_sheets/wdsimple0105_liquid_surface_shard3_017.jpg,
wdsimple0111,wdp0148,liquid_surface,a sealed wooden bowl filled with water,0,3,18,9000,outputs/waterdrop_prompt_bank_v2_simple_wan/shard_3/videos/018_a-realistic-fixed-camera-macro-video-in-one-continuous-shot-during-the-f_seed9000.mp4,49,8.0,19,1.4304144965277776,6.372544404380342,0.09251051682692307,0.0851913060897436,candidate,outputs/waterdrop_prompt_bank_v2_auto_contact_sheets/wdsimple0111_liquid_surface_shard3_018.jpg,
wdsimple0117,wdp0156,liquid_surface,a large seashell holding a pool of water,0,3,19,9000,outputs/waterdrop_prompt_bank_v2_simple_wan/shard_3/videos/019_a-realistic-fixed-camera-macro-video-in-one-continuous-shot-during-the-f_seed9000.mp4,49,8.0,2,1.0507895966880343,26.20307074652778,0.4738731971153846,0.4664012419871795,review_short_prefix,outputs/waterdrop_prompt_bank_v2_auto_contact_sheets/wdsimple0117_liquid_surface_shard3_019.jpg,
wdsimple0123,wdp0164,liquid_surface,a leaf-shaped ceramic dish filled with water,0,3,20,9000,outputs/waterdrop_prompt_bank_v2_simple_wan/shard_3/videos/020_a-realistic-fixed-camera-macro-video-in-one-continuous-shot-during-the-f_seed9000.mp4,49,8.0,9,0.898411625267094,10.516824419070513,0.2431640625,0.19698768028846153,candidate,outputs/waterdrop_prompt_bank_v2_auto_contact_sheets/wdsimple0123_liquid_surface_shard3_020.jpg,
wdsimple0129,wdp0172,liquid_surface,a concave laboratory watch glass holding water,0,3,21,9000,outputs/waterdrop_prompt_bank_v2_simple_wan/shard_3/videos/021_a-realistic-fixed-camera-macro-video-in-one-continuous-shot-during-the-f_seed9000.mp4,49,8.0,3,0.929703358707265,20.51653311965812,0.3969225761217949,0.3965882912660257,review_short_prefix,outputs/waterdrop_prompt_bank_v2_auto_contact_sheets/wdsimple0129_liquid_surface_shard3_021.jpg,
wdsimple0135,wdp0180,liquid_surface,a rooftop puddle on a flat membrane surface,0,3,22,9000,outputs/waterdrop_prompt_bank_v2_simple_wan/shard_3/videos/022_a-realistic-fixed-camera-macro-video-in-one-continuous-shot-during-the-f_seed9000.mp4,49,8.0,4,1.282110543536325,7.221665498130341,0.07048778044871795,0.06446314102564103,candidate,outputs/waterdrop_prompt_bank_v2_auto_contact_sheets/wdsimple0135_liquid_surface_shard3_022.jpg,
wdsimple0141,wdp0188,liquid_surface,a shallow puddle on a flat stone step,0,3,23,9000,outputs/waterdrop_prompt_bank_v2_simple_wan/shard_3/videos/023_a-realistic-fixed-camera-macro-video-in-one-continuous-shot-during-the-f_seed9000.mp4,49,8.0,14,1.8446330795940173,11.35886000934829,0.152724358974359,0.144677734375,candidate,outputs/waterdrop_prompt_bank_v2_auto_contact_sheets/wdsimple0141_liquid_surface_shard3_023.jpg,
wdsimple0147,wdp0196,liquid_surface,a small rectangular water trough,0,3,24,9000,outputs/waterdrop_prompt_bank_v2_simple_wan/shard_3/videos/024_a-realistic-fixed-camera-macro-video-in-one-continuous-shot-during-the-f_seed9000.mp4,49,8.0,5,0.8804971287393162,10.310357405181625,0.18428485576923076,0.16138008313301283,candidate,outputs/waterdrop_prompt_bank_v2_auto_contact_sheets/wdsimple0147_liquid_surface_shard3_024.jpg,
wdsimple0153,wdp0206,hard_surface,stainless-steel tray,1,3,25,9000,outputs/waterdrop_prompt_bank_v2_simple_wan/shard_3/videos/025_a-realistic-fixed-camera-macro-video-in-one-continuous-shot-during-the-f_seed9000.mp4,49,8.0,13,0.9397227230235041,2.933905916132478,0.04519981971153846,0.04455754206730769,candidate,outputs/waterdrop_prompt_bank_v2_auto_contact_sheets/wdsimple0153_hard_surface_shard3_025.jpg,
wdsimple0159,wdp0221,hard_surface,plain white ceramic plate,1,3,26,9000,outputs/waterdrop_prompt_bank_v2_simple_wan/shard_3/videos/026_a-realistic-fixed-camera-macro-video-in-one-continuous-shot-during-the-f_seed9000.mp4,49,8.0,15,0.7169103899572651,3.258888388087607,0.019603866185897437,0.004831480368589743,candidate,outputs/waterdrop_prompt_bank_v2_auto_contact_sheets/wdsimple0159_hard_surface_shard3_026.jpg,
wdsimple0165,wdp0236,hard_surface,white quartz countertop,1,3,27,9000,outputs/waterdrop_prompt_bank_v2_simple_wan/shard_3/videos/027_a-realistic-fixed-camera-macro-video-in-one-continuous-shot-during-the-f_seed9000.mp4,49,8.0,24,1.0051332131410255,3.5372479300213673,0.04089793669871795,0.03455716646634615,candidate,outputs/waterdrop_prompt_bank_v2_auto_contact_sheets/wdsimple0165_hard_surface_shard3_027.jpg,
wdsimple0171,wdp0251,hard_surface,smooth epoxy floor sample,1,3,28,9000,outputs/waterdrop_prompt_bank_v2_simple_wan/shard_3/videos/028_a-realistic-fixed-camera-macro-video-in-one-continuous-shot-during-the-f_seed9000.mp4,49,8.0,42,1.5427525707799143,1.9945621327457264,0.00986328125,0.008404071514423078,candidate,outputs/waterdrop_prompt_bank_v2_auto_contact_sheets/wdsimple0171_hard_surface_shard3_028.jpg,
wdsimple0177,wdp0266,hard_surface,white enamel stove surface,1,3,29,9000,outputs/waterdrop_prompt_bank_v2_simple_wan/shard_3/videos/029_a-realistic-fixed-camera-macro-video-in-one-continuous-shot-during-the-f_seed9000.mp4,49,8.0,5,0.6807600494123932,14.26262019230769,0.28300280448717946,0.2753455528846154,candidate,outputs/waterdrop_prompt_bank_v2_auto_contact_sheets/wdsimple0177_hard_surface_shard3_029.jpg,
wdsimple0183,wdp0281,hard_surface,polished copper plate,1,3,30,9000,outputs/waterdrop_prompt_bank_v2_simple_wan/shard_3/videos/030_a-realistic-fixed-camera-macro-video-in-one-continuous-shot-during-the-f_seed9000.mp4,49,8.0,21,1.4457098023504276,2.39655031383547,0.01815905448717949,0.017448542668269233,candidate,outputs/waterdrop_prompt_bank_v2_auto_contact_sheets/wdsimple0183_hard_surface_shard3_030.jpg,
wdsimple0189,wdp0296,hard_surface,flat cast-iron griddle,1,3,31,9000,outputs/waterdrop_prompt_bank_v2_simple_wan/shard_3/videos/031_a-realistic-fixed-camera-macro-video-in-one-continuous-shot-during-the-f_seed9000.mp4,49,8.0,1,nan,4.396956797542735,0.07720102163461538,0.07405035556891025,reject_no_clean_prefix,outputs/waterdrop_prompt_bank_v2_auto_contact_sheets/wdsimple0189_hard_surface_shard3_031.jpg,
wdsimple0195,wdp0311,hard_surface,clear acrylic sheet,1,3,32,9000,outputs/waterdrop_prompt_bank_v2_simple_wan/shard_3/videos/032_a-realistic-fixed-camera-macro-video-in-one-continuous-shot-during-the-f_seed9000.mp4,49,8.0,2,1.0787610176282052,5.309876635950854,0.07823517628205129,0.010092397836538461,review_short_prefix,outputs/waterdrop_prompt_bank_v2_auto_contact_sheets/wdsimple0195_hard_surface_shard3_032.jpg,
wdsimple0201,wdp0326,hard_surface,sealed hardwood tabletop,1,3,33,9000,outputs/waterdrop_prompt_bank_v2_simple_wan/shard_3/videos/033_a-realistic-fixed-camera-macro-video-in-one-continuous-shot-during-the-f_seed9000.mp4,49,8.0,1,nan,4.556470352564102,0.04208233173076923,0.030183293269230766,reject_no_clean_prefix,outputs/waterdrop_prompt_bank_v2_auto_contact_sheets/wdsimple0201_hard_surface_shard3_033.jpg,
wdsimple0207,wdp0341,hard_surface,painted metal cabinet top,1,3,34,9000,outputs/waterdrop_prompt_bank_v2_simple_wan/shard_3/videos/034_a-realistic-fixed-camera-macro-video-in-one-continuous-shot-during-the-f_seed9000.mp4,49,8.0,11,0.8706547142094017,2.0147694644764957,0.03232421875,0.029462765424679488,candidate,outputs/waterdrop_prompt_bank_v2_auto_contact_sheets/wdsimple0207_hard_surface_shard3_034.jpg,
wdsimple0213,wdp0356,hard_surface,glazed brick,1,3,35,9000,outputs/waterdrop_prompt_bank_v2_simple_wan/shard_3/videos/035_a-realistic-fixed-camera-macro-video-in-one-continuous-shot-during-the-f_seed9000.mp4,49,8.0,1,nan,5.062590978899573,0.06684695512820513,0.06308155548878205,reject_no_clean_prefix,outputs/waterdrop_prompt_bank_v2_auto_contact_sheets/wdsimple0213_hard_surface_shard3_035.jpg,
wdsimple0219,wdp0371,hard_surface,glazed ceramic coaster,1,3,36,9000,outputs/waterdrop_prompt_bank_v2_simple_wan/shard_3/videos/036_a-realistic-fixed-camera-macro-video-in-one-continuous-shot-during-the-f_seed9000.mp4,49,8.0,12,0.7265074118589744,10.327308693910256,0.30280448717948716,0.2888934795673077,candidate,outputs/waterdrop_prompt_bank_v2_auto_contact_sheets/wdsimple0219_hard_surface_shard3_036.jpg,
wdsimple0225,wdp0386,hard_surface,rigid plastic cafeteria tray,1,3,37,9000,outputs/waterdrop_prompt_bank_v2_simple_wan/shard_3/videos/037_a-realistic-fixed-camera-macro-video-in-one-continuous-shot-during-the-f_seed9000.mp4,49,8.0,6,0.941206764155983,2.7629039797008543,0.028986378205128206,0.0284999749599359,candidate,outputs/waterdrop_prompt_bank_v2_auto_contact_sheets/wdsimple0225_hard_surface_shard3_037.jpg,
wdsimple0231,wdp0401,hard_surface,flat smartphone glass screen,1,3,38,9000,outputs/waterdrop_prompt_bank_v2_simple_wan/shard_3/videos/038_a-realistic-fixed-camera-macro-video-in-one-continuous-shot-during-the-f_seed9000.mp4,49,8.0,1,nan,19.792689970619655,0.5490960536858974,0.15023662860576922,reject_no_clean_prefix,outputs/waterdrop_prompt_bank_v2_auto_contact_sheets/wdsimple0231_hard_surface_shard3_038.jpg,
wdsimple0237,wdp0416,hard_surface,laboratory resin worktop,1,3,39,9000,outputs/waterdrop_prompt_bank_v2_simple_wan/shard_3/videos/039_a-realistic-fixed-camera-macro-video-in-one-continuous-shot-during-the-f_seed9000.mp4,49,8.0,8,0.8577457264957264,2.26592047275641,0.019736578525641025,0.001477989783653846,candidate,outputs/waterdrop_prompt_bank_v2_auto_contact_sheets/wdsimple0237_hard_surface_shard3_039.jpg,
wdsimple0243,wdp0431,hard_surface,polished jade slab,1,3,40,9000,outputs/waterdrop_prompt_bank_v2_simple_wan/shard_3/videos/040_a-realistic-fixed-camera-macro-video-in-one-continuous-shot-during-the-f_seed9000.mp4,49,8.0,8,0.8213842147435897,2.962763755341881,0.04032451923076923,0.040094776642628206,candidate,outputs/waterdrop_prompt_bank_v2_auto_contact_sheets/wdsimple0243_hard_surface_shard3_040.jpg,
wdsimple0249,wdp0446,hard_surface,sealed concrete paver,1,3,41,9000,outputs/waterdrop_prompt_bank_v2_simple_wan/shard_3/videos/041_a-realistic-fixed-camera-macro-video-in-one-continuous-shot-during-the-f_seed9000.mp4,49,8.0,1,nan,9.03479233440171,0.15709635416666667,0.15530661558493591,reject_no_clean_prefix,outputs/waterdrop_prompt_bank_v2_auto_contact_sheets/wdsimple0249_hard_surface_shard3_041.jpg,
wdsimple0004,wdp0005,liquid_surface,a transparent glass mixing bowl filled with water,1,4,0,9000,outputs/waterdrop_prompt_bank_v2_simple_wan/shard_4/videos/000_a-realistic-fixed-camera-macro-video-in-one-continuous-shot-during-the-f_seed9000.mp4,49,8.0,4,0.8976587540064103,16.49287610176282,0.42147686298076925,0.3112736628605769,candidate,outputs/waterdrop_prompt_bank_v2_auto_contact_sheets/wdsimple0004_liquid_surface_shard4_000.jpg,
wdsimple0010,wdp0013,liquid_surface,a clean metal bucket filled with water,1,4,1,9000,outputs/waterdrop_prompt_bank_v2_simple_wan/shard_4/videos/001_a-realistic-fixed-camera-macro-video-in-one-continuous-shot-during-the-f_seed9000.mp4,49,8.0,7,0.9994991987179487,14.55613314636752,0.373154547275641,0.3495962289663461,candidate,outputs/waterdrop_prompt_bank_v2_auto_contact_sheets/wdsimple0010_liquid_surface_shard4_001.jpg,
wdsimple0016,wdp0021,liquid_surface,a rectangular glass aquarium filled with water,1,4,2,9000,outputs/waterdrop_prompt_bank_v2_simple_wan/shard_4/videos/002_a-realistic-fixed-camera-macro-video-in-one-continuous-shot-during-the-f_seed9000.mp4,49,8.0,1,nan,6.222025240384616,0.12609174679487178,0.12279334435096154,reject_no_clean_prefix,outputs/waterdrop_prompt_bank_v2_auto_contact_sheets/wdsimple0016_liquid_surface_shard4_002.jpg,
wdsimple0022,wdp0029,liquid_surface,a white enamel washbasin filled with water,1,4,3,9000,outputs/waterdrop_prompt_bank_v2_simple_wan/shard_4/videos/003_a-realistic-fixed-camera-macro-video-in-one-continuous-shot-during-the-f_seed9000.mp4,49,8.0,25,0.9363523303952991,9.036001769497863,0.2571514423076923,0.2432873848157051,candidate,outputs/waterdrop_prompt_bank_v2_auto_contact_sheets/wdsimple0022_liquid_surface_shard4_003.jpg,
wdsimple0028,wdp0037,liquid_surface,a small garden fountain basin with the pump turned off,1,4,4,9000,outputs/waterdrop_prompt_bank_v2_simple_wan/shard_4/videos/004_a-realistic-fixed-camera-macro-video-in-one-continuous-shot-during-the-f_seed9000.mp4,49,8.0,7,1.5401509081196583,21.347508513621793,0.4082331730769231,0.343515875400641,candidate,outputs/waterdrop_prompt_bank_v2_auto_contact_sheets/wdsimple0028_liquid_surface_shard4_004.jpg,
wdsimple0034,wdp0045,liquid_surface,a transparent measuring jug filled with water,1,4,5,9000,outputs/waterdrop_prompt_bank_v2_simple_wan/shard_4/videos/005_a-realistic-fixed-camera-macro-video-in-one-continuous-shot-during-the-f_seed9000.mp4,49,8.0,1,nan,23.456707398504278,0.4609825721153846,0.43360501802884616,reject_no_clean_prefix,outputs/waterdrop_prompt_bank_v2_auto_contact_sheets/wdsimple0034_liquid_surface_shard4_005.jpg,
wdsimple0040,wdp0053,liquid_surface,a black cooking pot filled with water,1,4,6,9000,outputs/waterdrop_prompt_bank_v2_simple_wan/shard_4/videos/006_a-realistic-fixed-camera-macro-video-in-one-continuous-shot-during-the-f_seed9000.mp4,49,8.0,3,0.7194803352029914,19.789272001869655,0.27142427884615383,0.2638577974759615,review_short_prefix,outputs/waterdrop_prompt_bank_v2_auto_contact_sheets/wdsimple0040_liquid_surface_shard4_006.jpg,
wdsimple0046,wdp0061,liquid_surface,a small porcelain teacup filled with water,1,4,7,9000,outputs/waterdrop_prompt_bank_v2_simple_wan/shard_4/videos/007_a-realistic-fixed-camera-macro-video-in-one-continuous-shot-during-the-f_seed9000.mp4,49,8.0,17,0.8969651442307692,10.149334768963675,0.19219501201923078,0.187367913661859,candidate,outputs/waterdrop_prompt_bank_v2_auto_contact_sheets/wdsimple0046_liquid_surface_shard4_007.jpg,
wdsimple0052,wdp0069,liquid_surface,a plain glass tumbler filled with water,1,4,8,9000,outputs/waterdrop_prompt_bank_v2_simple_wan/shard_4/videos/008_a-realistic-fixed-camera-macro-video-in-one-continuous-shot-during-the-f_seed9000.mp4,49,8.0,1,nan,31.601815404647436,0.47852814503205127,0.44019744090544866,reject_no_clean_prefix,outputs/waterdrop_prompt_bank_v2_auto_contact_sheets/wdsimple0052_liquid_surface_shard4_008.jpg,
wdsimple0058,wdp0077,liquid_surface,a short glass flower vase filled with water,1,4,9,9000,outputs/waterdrop_prompt_bank_v2_simple_wan/shard_4/videos/009_a-realistic-fixed-camera-macro-video-in-one-continuous-shot-during-the-f_seed9000.mp4,49,8.0,2,0.6708458533653846,13.380588107638888,0.18114232772435898,0.17765675080128204,review_short_prefix,outputs/waterdrop_prompt_bank_v2_auto_contact_sheets/wdsimple0058_liquid_surface_shard4_009.jpg,
wdsimple0064,wdp0085,liquid_surface,a white bathtub filled with still water,1,4,10,9000,outputs/waterdrop_prompt_bank_v2_simple_wan/shard_4/videos/010_a-realistic-fixed-camera-macro-video-in-one-continuous-shot-during-the-f_seed9000.mp4,49,8.0,25,0.7012086004273503,2.298870693108974,0.031978665865384615,0.029700646033653848,candidate,outputs/waterdrop_prompt_bank_v2_auto_contact_sheets/wdsimple0064_liquid_surface_shard4_010.jpg,
wdsimple0070,wdp0093,liquid_surface,an open rain barrel filled with water,1,4,11,9000,outputs/waterdrop_prompt_bank_v2_simple_wan/shard_4/videos/011_a-realistic-fixed-camera-macro-video-in-one-continuous-shot-during-the-f_seed9000.mp4,49,8.0,6,0.9725978231837605,22.57338157719017,0.520565404647436,0.4439960186298077,candidate,outputs/waterdrop_prompt_bank_v2_auto_contact_sheets/wdsimple0070_liquid_surface_shard4_011.jpg,
wdsimple0076,wdp0101,liquid_surface,a blue plastic storage tub filled with water,1,4,12,9000,outputs/waterdrop_prompt_bank_v2_simple_wan/shard_4/videos/012_a-realistic-fixed-camera-macro-video-in-one-continuous-shot-during-the-f_seed9000.mp4,49,8.0,15,1.9421791533119661,5.025981570512821,0.11494891826923077,0.11008738982371795,candidate,outputs/waterdrop_prompt_bank_v2_auto_contact_sheets/wdsimple0076_liquid_surface_shard4_012.jpg,
wdsimple0082,wdp0109,liquid_surface,a stainless-steel pet water bowl,1,4,13,9000,outputs/waterdrop_prompt_bank_v2_simple_wan/shard_4/videos/013_a-realistic-fixed-camera-macro-video-in-one-continuous-shot-during-the-f_seed9000.mp4,49,8.0,12,0.928402110042735,14.151519931891025,0.3706079727564103,0.26422526041666666,candidate,outputs/waterdrop_prompt_bank_v2_auto_contact_sheets/wdsimple0082_liquid_surface_shard4_013.jpg,
wdsimple0088,wdp0117,liquid_surface,a polished copper bowl filled with water,1,4,14,9000,outputs/waterdrop_prompt_bank_v2_simple_wan/shard_4/videos/014_a-realistic-fixed-camera-macro-video-in-one-continuous-shot-during-the-f_seed9000.mp4,49,8.0,11,0.9700287126068377,9.11026642628205,0.1997596153846154,0.1738644330929487,candidate,outputs/waterdrop_prompt_bank_v2_auto_contact_sheets/wdsimple0088_liquid_surface_shard4_014.jpg,
wdsimple0094,wdp0125,liquid_surface,a shallow aluminum pan filled with water,1,4,15,9000,outputs/waterdrop_prompt_bank_v2_simple_wan/shard_4/videos/015_a-realistic-fixed-camera-macro-video-in-one-continuous-shot-during-the-f_seed9000.mp4,49,8.0,12,0.9371327457264959,16.97711421607906,0.43694411057692306,0.38048878205128206,candidate,outputs/waterdrop_prompt_bank_v2_auto_contact_sheets/wdsimple0094_liquid_surface_shard4_015.jpg,
wdsimple0100,wdp0133,liquid_surface,a clear acrylic tank filled with water,1,4,16,9000,outputs/waterdrop_prompt_bank_v2_simple_wan/shard_4/videos/016_a-realistic-fixed-camera-macro-video-in-one-continuous-shot-during-the-f_seed9000.mp4,49,8.0,1,nan,11.69687249599359,0.2505984575320513,0.1624893579727564,reject_no_clean_prefix,outputs/waterdrop_prompt_bank_v2_auto_contact_sheets/wdsimple0100_liquid_surface_shard4_016.jpg,
wdsimple0106,wdp0141,liquid_surface,a glazed ceramic baking dish filled with water,1,4,17,9000,outputs/waterdrop_prompt_bank_v2_simple_wan/shard_4/videos/017_a-realistic-fixed-camera-macro-video-in-one-continuous-shot-during-the-f_seed9000.mp4,49,8.0,12,0.786188735309829,8.783093783386752,0.2774188701923077,0.17312387319711536,candidate,outputs/waterdrop_prompt_bank_v2_auto_contact_sheets/wdsimple0106_liquid_surface_shard4_017.jpg,
wdsimple0112,wdp0149,liquid_surface,a sealed wooden bowl filled with water,1,4,18,9000,outputs/waterdrop_prompt_bank_v2_simple_wan/shard_4/videos/018_a-realistic-fixed-camera-macro-video-in-one-continuous-shot-during-the-f_seed9000.mp4,49,8.0,22,1.6076280381944443,4.330038060897436,0.056818409455128206,0.02925994090544872,candidate,outputs/waterdrop_prompt_bank_v2_auto_contact_sheets/wdsimple0112_liquid_surface_shard4_018.jpg,
wdsimple0118,wdp0157,liquid_surface,a large seashell holding a pool of water,1,4,19,9000,outputs/waterdrop_prompt_bank_v2_simple_wan/shard_4/videos/019_a-realistic-fixed-camera-macro-video-in-one-continuous-shot-during-the-f_seed9000.mp4,49,8.0,1,nan,21.836204594017094,0.4562199519230769,0.4456079727564103,reject_no_clean_prefix,outputs/waterdrop_prompt_bank_v2_auto_contact_sheets/wdsimple0118_liquid_surface_shard4_019.jpg,
wdsimple0124,wdp0165,liquid_surface,a leaf-shaped ceramic dish filled with water,1,4,20,9000,outputs/waterdrop_prompt_bank_v2_simple_wan/shard_4/videos/020_a-realistic-fixed-camera-macro-video-in-one-continuous-shot-during-the-f_seed9000.mp4,49,8.0,15,1.002656750801282,11.301584201388888,0.2133112980769231,0.13646208934294873,candidate,outputs/waterdrop_prompt_bank_v2_auto_contact_sheets/wdsimple0124_liquid_surface_shard4_020.jpg,
wdsimple0130,wdp0173,liquid_surface,a concave laboratory watch glass holding water,1,4,21,9000,outputs/waterdrop_prompt_bank_v2_simple_wan/shard_4/videos/021_a-realistic-fixed-camera-macro-video-in-one-continuous-shot-during-the-f_seed9000.mp4,49,8.0,2,0.7085887419871795,21.501702724358974,0.36940104166666665,0.3559363731971154,review_short_prefix,outputs/waterdrop_prompt_bank_v2_auto_contact_sheets/wdsimple0130_liquid_surface_shard4_021.jpg,
wdsimple0136,wdp0181,liquid_surface,a rooftop puddle on a flat membrane surface,1,4,22,9000,outputs/waterdrop_prompt_bank_v2_simple_wan/shard_4/videos/022_a-realistic-fixed-camera-macro-video-in-one-continuous-shot-during-the-f_seed9000.mp4,49,8.0,7,1.4985935830662394,10.20108423477564,0.11729266826923077,0.11354291866987179,candidate,outputs/waterdrop_prompt_bank_v2_auto_contact_sheets/wdsimple0136_liquid_surface_shard4_022.jpg,
wdsimple0142,wdp0189,liquid_surface,a shallow puddle on a flat stone step,1,4,23,9000,outputs/waterdrop_prompt_bank_v2_simple_wan/shard_4/videos/023_a-realistic-fixed-camera-macro-video-in-one-continuous-shot-during-the-f_seed9000.mp4,49,8.0,15,1.6820913461538463,11.86650641025641,0.13881209935897437,0.13460912459935898,candidate,outputs/waterdrop_prompt_bank_v2_auto_contact_sheets/wdsimple0142_liquid_surface_shard4_023.jpg,
wdsimple0148,wdp0197,liquid_surface,a small rectangular water trough,1,4,24,9000,outputs/waterdrop_prompt_bank_v2_simple_wan/shard_4/videos/024_a-realistic-fixed-camera-macro-video-in-one-continuous-shot-during-the-f_seed9000.mp4,49,8.0,5,0.5908595419337608,18.211090244391027,0.3936122796474359,0.3212496243990385,candidate,outputs/waterdrop_prompt_bank_v2_auto_contact_sheets/wdsimple0148_liquid_surface_shard4_024.jpg,
wdsimple0154,wdp0210,hard_surface,transparent glass tabletop,0,4,25,9000,outputs/waterdrop_prompt_bank_v2_simple_wan/shard_4/videos/025_a-realistic-fixed-camera-macro-video-in-one-continuous-shot-during-the-f_seed9000.mp4,49,8.0,12,1.0165381276709402,11.774560964209403,0.2729467147435897,0.25943134014423075,candidate,outputs/waterdrop_prompt_bank_v2_auto_contact_sheets/wdsimple0154_hard_surface_shard4_025.jpg,
wdsimple0160,wdp0225,hard_surface,blue plastic cutting board,0,4,26,9000,outputs/waterdrop_prompt_bank_v2_simple_wan/shard_4/videos/026_a-realistic-fixed-camera-macro-video-in-one-continuous-shot-during-the-f_seed9000.mp4,49,8.0,32,2.87718265892094,3.2796115451388896,0.03250450721153846,0.024229392027243588,candidate,outputs/waterdrop_prompt_bank_v2_auto_contact_sheets/wdsimple0160_hard_surface_shard4_026.jpg,
wdsimple0166,wdp0240,hard_surface,dark slate tile,0,4,27,9000,outputs/waterdrop_prompt_bank_v2_simple_wan/shard_4/videos/027_a-realistic-fixed-camera-macro-video-in-one-continuous-shot-during-the-f_seed9000.mp4,49,8.0,1,nan,9.071430956196581,0.15791766826923076,0.14639923878205127,reject_no_clean_prefix,outputs/waterdrop_prompt_bank_v2_auto_contact_sheets/wdsimple0166_hard_surface_shard4_027.jpg,
wdsimple0172,wdp0255,hard_surface,vinyl flooring sample,0,4,28,9000,outputs/waterdrop_prompt_bank_v2_simple_wan/shard_4/videos/028_a-realistic-fixed-camera-macro-video-in-one-continuous-shot-during-the-f_seed9000.mp4,49,8.0,1,nan,13.590890424679488,0.21407502003205128,0.20966796875,reject_no_clean_prefix,outputs/waterdrop_prompt_bank_v2_auto_contact_sheets/wdsimple0172_hard_surface_shard4_028.jpg,
wdsimple0178,wdp0270,hard_surface,flat chrome-plated shelf,0,4,29,9000,outputs/waterdrop_prompt_bank_v2_simple_wan/shard_4/videos/029_a-realistic-fixed-camera-macro-video-in-one-continuous-shot-during-the-f_seed9000.mp4,49,8.0,4,0.7955612313034187,6.566703392094016,0.0861328125,0.0850654797676282,candidate,outputs/waterdrop_prompt_bank_v2_auto_contact_sheets/wdsimple0178_hard_surface_shard4_029.jpg,
wdsimple0184,wdp0285,hard_surface,polished brass plate,0,4,30,9000,outputs/waterdrop_prompt_bank_v2_simple_wan/shard_4/videos/030_a-realistic-fixed-camera-macro-video-in-one-continuous-shot-during-the-f_seed9000.mp4,49,8.0,35,1.4791649973290597,8.260587773771368,0.15180789262820513,0.13982058794070512,candidate,outputs/waterdrop_prompt_bank_v2_auto_contact_sheets/wdsimple0184_hard_surface_shard4_030.jpg,
wdsimple0190,wdp0300,hard_surface,black nonstick baking tray,0,4,31,9000,outputs/waterdrop_prompt_bank_v2_simple_wan/shard_4/videos/031_a-realistic-fixed-camera-macro-video-in-one-continuous-shot-during-the-f_seed9000.mp4,49,8.0,1,nan,33.612620192307695,0.39749849759615385,0.39247671274038465,reject_no_clean_prefix,outputs/waterdrop_prompt_bank_v2_auto_contact_sheets/wdsimple0190_hard_surface_shard4_031.jpg,
wdsimple0196,wdp0315,hard_surface,polycarbonate panel,0,4,32,9000,outputs/waterdrop_prompt_bank_v2_simple_wan/shard_4/videos/032_a-realistic-fixed-camera-macro-video-in-one-continuous-shot-during-the-f_seed9000.mp4,49,8.0,1,nan,4.49612296340812,0.043607271634615384,0.041572766426282055,reject_no_clean_prefix,outputs/waterdrop_prompt_bank_v2_auto_contact_sheets/wdsimple0196_hard_surface_shard4_032.jpg,
wdsimple0202,wdp0330,hard_surface,laminated office desk,0,4,33,9000,outputs/waterdrop_prompt_bank_v2_simple_wan/shard_4/videos/033_a-realistic-fixed-camera-macro-video-in-one-continuous-shot-during-the-f_seed9000.mp4,49,8.0,43,1.4270257411858975,3.0846537793803415,0.05301231971153846,0.048839393028846156,candidate,outputs/waterdrop_prompt_bank_v2_auto_contact_sheets/wdsimple0202_hard_surface_shard4_033.jpg,
wdsimple0208,wdp0345,hard_surface,tempered-glass refrigerator shelf,0,4,34,9000,outputs/waterdrop_prompt_bank_v2_simple_wan/shard_4/videos/034_a-realistic-fixed-camera-macro-video-in-one-continuous-shot-during-the-f_seed9000.mp4,49,8.0,12,1.0233748998397436,7.475970719818377,0.15243389423076922,0.04441543970352564,candidate,outputs/waterdrop_prompt_bank_v2_auto_contact_sheets/wdsimple0208_hard_surface_shard4_034.jpg,
wdsimple0214,wdp0360,hard_surface,glazed pottery lid,0,4,35,9000,outputs/waterdrop_prompt_bank_v2_simple_wan/shard_4/videos/035_a-realistic-fixed-camera-macro-video-in-one-continuous-shot-during-the-f_seed9000.mp4,49,8.0,26,1.0402160122863249,6.270501135149572,0.13134515224358975,0.12284092047275641,candidate,outputs/waterdrop_prompt_bank_v2_auto_contact_sheets/wdsimple0214_hard_surface_shard4_035.jpg,
wdsimple0220,wdp0375,hard_surface,clear glass coaster,0,4,36,9000,outputs/waterdrop_prompt_bank_v2_simple_wan/shard_4/videos/036_a-realistic-fixed-camera-macro-video-in-one-continuous-shot-during-the-f_seed9000.mp4,49,8.0,5,0.5969342614850427,14.98126001602564,0.3416316105769231,0.33079677483974357,candidate,outputs/waterdrop_prompt_bank_v2_auto_contact_sheets/wdsimple0220_hard_surface_shard4_036.jpg,
wdsimple0226,wdp0390,hard_surface,porcelain bathtub ledge,0,4,37,9000,outputs/waterdrop_prompt_bank_v2_simple_wan/shard_4/videos/037_a-realistic-fixed-camera-macro-video-in-one-continuous-shot-during-the-f_seed9000.mp4,49,8.0,21,0.9181056356837606,2.6094826722756412,0.03176832932692308,0.029171048677884615,candidate,outputs/waterdrop_prompt_bank_v2_auto_contact_sheets/wdsimple0226_hard_surface_shard4_037.jpg,
wdsimple0232,wdp0405,hard_surface,laptop glass trackpad,0,4,38,9000,outputs/waterdrop_prompt_bank_v2_simple_wan/shard_4/videos/038_a-realistic-fixed-camera-macro-video-in-one-continuous-shot-during-the-f_seed9000.mp4,49,8.0,7,0.9828300280448717,21.033627136752138,0.37283904246794874,0.1354667467948718,candidate,outputs/waterdrop_prompt_bank_v2_auto_contact_sheets/wdsimple0232_hard_surface_shard4_038.jpg,
wdsimple0238,wdp0420,hard_surface,smooth whiteboard panel,0,4,39,9000,outputs/waterdrop_prompt_bank_v2_simple_wan/shard_4/videos/039_a-realistic-fixed-camera-macro-video-in-one-continuous-shot-during-the-f_seed9000.mp4,49,8.0,19,1.1977330395299144,1.4402802817841878,0.013168569711538462,0.01258701422275641,candidate,outputs/waterdrop_prompt_bank_v2_auto_contact_sheets/wdsimple0238_hard_surface_shard4_039.jpg,
wdsimple0244,wdp0435,hard_surface,terrazzo tile,0,4,40,9000,outputs/waterdrop_prompt_bank_v2_simple_wan/shard_4/videos/040_a-realistic-fixed-camera-macro-video-in-one-continuous-shot-during-the-f_seed9000.mp4,49,8.0,1,nan,7.211689536591879,0.1523162059294872,0.13451209435096154,reject_no_clean_prefix,outputs/waterdrop_prompt_bank_v2_auto_contact_sheets/wdsimple0244_hard_surface_shard4_040.jpg,
wdsimple0005,wdp0006,liquid_surface,a transparent glass mixing bowl filled with water,2,5,0,9000,outputs/waterdrop_prompt_bank_v2_simple_wan/shard_5/videos/000_a-realistic-fixed-camera-macro-video-in-one-continuous-shot-during-the-f_seed9000.mp4,49,8.0,1,nan,27.23046374198718,0.6042392828525641,0.5057679787660256,reject_no_clean_prefix,outputs/waterdrop_prompt_bank_v2_auto_contact_sheets/wdsimple0005_liquid_surface_shard5_000.jpg,
wdsimple0011,wdp0014,liquid_surface,a clean metal bucket filled with water,2,5,1,9000,outputs/waterdrop_prompt_bank_v2_simple_wan/shard_5/videos/001_a-realistic-fixed-camera-macro-video-in-one-continuous-shot-during-the-f_seed9000.mp4,49,8.0,7,0.8376093416132477,17.42246761485043,0.3443434495192308,0.18874949919871795,candidate,outputs/waterdrop_prompt_bank_v2_auto_contact_sheets/wdsimple0011_liquid_surface_shard5_001.jpg,
wdsimple0017,wdp0022,liquid_surface,a rectangular glass aquarium filled with water,2,5,2,9000,outputs/waterdrop_prompt_bank_v2_simple_wan/shard_5/videos/002_a-realistic-fixed-camera-macro-video-in-one-continuous-shot-during-the-f_seed9000.mp4,49,8.0,1,nan,10.469279180021369,0.18452273637820513,0.17877228565705128,reject_no_clean_prefix,outputs/waterdrop_prompt_bank_v2_auto_contact_sheets/wdsimple0017_liquid_surface_shard5_002.jpg,
wdsimple0023,wdp0030,liquid_surface,a white enamel washbasin filled with water,2,5,3,9000,outputs/waterdrop_prompt_bank_v2_simple_wan/shard_5/videos/003_a-realistic-fixed-camera-macro-video-in-one-continuous-shot-during-the-f_seed9000.mp4,49,8.0,5,0.6922242254273505,2.5132545405982905,0.029469651442307693,0.027453300280448716,candidate,outputs/waterdrop_prompt_bank_v2_auto_contact_sheets/wdsimple0023_liquid_surface_shard5_003.jpg,
wdsimple0029,wdp0038,liquid_surface,a small garden fountain basin with the pump turned off,2,5,4,9000,outputs/waterdrop_prompt_bank_v2_simple_wan/shard_5/videos/004_a-realistic-fixed-camera-macro-video-in-one-continuous-shot-during-the-f_seed9000.mp4,49,8.0,6,1.1924504206730768,27.597761418269226,0.49944411057692306,0.46122921674679485,candidate,outputs/waterdrop_prompt_bank_v2_auto_contact_sheets/wdsimple0029_liquid_surface_shard5_004.jpg,
wdsimple0035,wdp0046,liquid_surface,a transparent measuring jug filled with water,2,5,5,9000,outputs/waterdrop_prompt_bank_v2_simple_wan/shard_5/videos/005_a-realistic-fixed-camera-macro-video-in-one-continuous-shot-during-the-f_seed9000.mp4,49,8.0,1,nan,9.604822716346154,0.1385341546474359,0.13297338241185896,reject_no_clean_prefix,outputs/waterdrop_prompt_bank_v2_auto_contact_sheets/wdsimple0035_liquid_surface_shard5_005.jpg,
wdsimple0041,wdp0054,liquid_surface,a black cooking pot filled with water,2,5,6,9000,outputs/waterdrop_prompt_bank_v2_simple_wan/shard_5/videos/006_a-realistic-fixed-camera-macro-video-in-one-continuous-shot-during-the-f_seed9000.mp4,49,8.0,5,0.8095911792200856,20.403451355502135,0.2913887219551282,0.27233448517628206,candidate,outputs/waterdrop_prompt_bank_v2_auto_contact_sheets/wdsimple0041_liquid_surface_shard5_006.jpg,
wdsimple0047,wdp0062,liquid_surface,a small porcelain teacup filled with water,2,5,7,9000,outputs/waterdrop_prompt_bank_v2_simple_wan/shard_5/videos/007_a-realistic-fixed-camera-macro-video-in-one-continuous-shot-during-the-f_seed9000.mp4,49,8.0,1,nan,16.32946547809829,0.22225060096153845,0.22060672075320512,reject_no_clean_prefix,outputs/waterdrop_prompt_bank_v2_auto_contact_sheets/wdsimple0047_liquid_surface_shard5_007.jpg,
wdsimple0053,wdp0070,liquid_surface,a plain glass tumbler filled with water,2,5,8,9000,outputs/waterdrop_prompt_bank_v2_simple_wan/shard_5/videos/008_a-realistic-fixed-camera-macro-video-in-one-continuous-shot-during-the-f_seed9000.mp4,49,8.0,1,nan,14.095683927617523,0.20420422676282052,0.19732446915064106,reject_no_clean_prefix,outputs/waterdrop_prompt_bank_v2_auto_contact_sheets/wdsimple0053_liquid_surface_shard5_008.jpg,
wdsimple0059,wdp0078,liquid_surface,a short glass flower vase filled with water,2,5,9,9000,outputs/waterdrop_prompt_bank_v2_simple_wan/shard_5/videos/009_a-realistic-fixed-camera-macro-video-in-one-continuous-shot-during-the-f_seed9000.mp4,49,8.0,1,nan,9.276081730769231,0.12890625,0.06833621294070512,reject_no_clean_prefix,outputs/waterdrop_prompt_bank_v2_auto_contact_sheets/wdsimple0059_liquid_surface_shard5_009.jpg,
wdsimple0065,wdp0086,liquid_surface,a white bathtub filled with still water,2,5,10,9000,outputs/waterdrop_prompt_bank_v2_simple_wan/shard_5/videos/010_a-realistic-fixed-camera-macro-video-in-one-continuous-shot-during-the-f_seed9000.mp4,49,8.0,14,0.9375442374465811,3.0133004473824787,0.0484550280448718,0.046227714342948714,candidate,outputs/waterdrop_prompt_bank_v2_auto_contact_sheets/wdsimple0065_liquid_surface_shard5_010.jpg,
wdsimple0071,wdp0094,liquid_surface,an open rain barrel filled with water,2,5,11,9000,outputs/waterdrop_prompt_bank_v2_simple_wan/shard_5/videos/011_a-realistic-fixed-camera-macro-video-in-one-continuous-shot-during-the-f_seed9000.mp4,49,8.0,5,0.8788469885149574,30.03546674679487,0.6046073717948718,0.5982140174278846,candidate,outputs/waterdrop_prompt_bank_v2_auto_contact_sheets/wdsimple0071_liquid_surface_shard5_011.jpg,
wdsimple0077,wdp0102,liquid_surface,a blue plastic storage tub filled with water,2,5,12,9000,outputs/waterdrop_prompt_bank_v2_simple_wan/shard_5/videos/012_a-realistic-fixed-camera-macro-video-in-one-continuous-shot-during-the-f_seed9000.mp4,49,8.0,10,1.6257779113247863,4.307151442307692,0.06859975961538461,0.06530886919070512,candidate,outputs/waterdrop_prompt_bank_v2_auto_contact_sheets/wdsimple0077_liquid_surface_shard5_012.jpg,
wdsimple0083,wdp0110,liquid_surface,a stainless-steel pet water bowl,2,5,13,9000,outputs/waterdrop_prompt_bank_v2_simple_wan/shard_5/videos/013_a-realistic-fixed-camera-macro-video-in-one-continuous-shot-during-the-f_seed9000.mp4,49,8.0,12,0.9106219951923077,7.506782518696582,0.18289012419871795,0.07076697716346154,candidate,outputs/waterdrop_prompt_bank_v2_auto_contact_sheets/wdsimple0083_liquid_surface_shard5_013.jpg,
wdsimple0089,wdp0118,liquid_surface,a polished copper bowl filled with water,2,5,14,9000,outputs/waterdrop_prompt_bank_v2_simple_wan/shard_5/videos/014_a-realistic-fixed-camera-macro-video-in-one-continuous-shot-during-the-f_seed9000.mp4,49,8.0,4,0.9116244324252136,16.47330144898504,0.33646834935897435,0.17616248497596154,candidate,outputs/waterdrop_prompt_bank_v2_auto_contact_sheets/wdsimple0089_liquid_surface_shard5_014.jpg,
wdsimple0095,wdp0126,liquid_surface,a shallow aluminum pan filled with water,2,5,15,9000,outputs/waterdrop_prompt_bank_v2_simple_wan/shard_5/videos/015_a-realistic-fixed-camera-macro-video-in-one-continuous-shot-during-the-f_seed9000.mp4,49,8.0,7,0.7922534388354701,13.59814703525641,0.31754056490384613,0.1603252704326923,candidate,outputs/waterdrop_prompt_bank_v2_auto_contact_sheets/wdsimple0095_liquid_surface_shard5_015.jpg,
wdsimple0101,wdp0134,liquid_surface,a clear acrylic tank filled with water,2,5,16,9000,outputs/waterdrop_prompt_bank_v2_simple_wan/shard_5/videos/016_a-realistic-fixed-camera-macro-video-in-one-continuous-shot-during-the-f_seed9000.mp4,49,8.0,1,nan,13.314256143162394,0.26563752003205127,0.1427052033253205,reject_no_clean_prefix,outputs/waterdrop_prompt_bank_v2_auto_contact_sheets/wdsimple0101_liquid_surface_shard5_016.jpg,
wdsimple0107,wdp0142,liquid_surface,a glazed ceramic baking dish filled with water,2,5,17,9000,outputs/waterdrop_prompt_bank_v2_simple_wan/shard_5/videos/017_a-realistic-fixed-camera-macro-video-in-one-continuous-shot-during-the-f_seed9000.mp4,49,8.0,12,0.6829185029380342,4.754625734508547,0.1115584935897436,0.026588166065705125,candidate,outputs/waterdrop_prompt_bank_v2_auto_contact_sheets/wdsimple0107_liquid_surface_shard5_017.jpg,
wdsimple0113,wdp0150,liquid_surface,a sealed wooden bowl filled with water,2,5,18,9000,outputs/waterdrop_prompt_bank_v2_simple_wan/shard_5/videos/018_a-realistic-fixed-camera-macro-video-in-one-continuous-shot-during-the-f_seed9000.mp4,49,8.0,12,0.958910924145299,19.396324118589742,0.37675280448717946,0.24856457832532053,candidate,outputs/waterdrop_prompt_bank_v2_auto_contact_sheets/wdsimple0113_liquid_surface_shard5_018.jpg,
wdsimple0119,wdp0158,liquid_surface,a large seashell holding a pool of water,2,5,19,9000,outputs/waterdrop_prompt_bank_v2_simple_wan/shard_5/videos/019_a-realistic-fixed-camera-macro-video-in-one-continuous-shot-during-the-f_seed9000.mp4,49,8.0,1,nan,19.575246227297008,0.3676131810897436,0.3618032602163462,reject_no_clean_prefix,outputs/waterdrop_prompt_bank_v2_auto_contact_sheets/wdsimple0119_liquid_surface_shard5_019.jpg,
wdsimple0125,wdp0166,liquid_surface,a leaf-shaped ceramic dish filled with water,2,5,20,9000,outputs/waterdrop_prompt_bank_v2_simple_wan/shard_5/videos/020_a-realistic-fixed-camera-macro-video-in-one-continuous-shot-during-the-f_seed9000.mp4,49,8.0,12,0.9278645833333333,7.184348290598291,0.1783203125,0.07410606971153846,candidate,outputs/waterdrop_prompt_bank_v2_auto_contact_sheets/wdsimple0125_liquid_surface_shard5_020.jpg,
wdsimple0131,wdp0174,liquid_surface,a concave laboratory watch glass holding water,2,5,21,9000,outputs/waterdrop_prompt_bank_v2_simple_wan/shard_5/videos/021_a-realistic-fixed-camera-macro-video-in-one-continuous-shot-during-the-f_seed9000.mp4,49,8.0,1,nan,13.026823751335469,0.23290264423076923,0.23001677684294872,reject_no_clean_prefix,outputs/waterdrop_prompt_bank_v2_auto_contact_sheets/wdsimple0131_liquid_surface_shard5_021.jpg,
wdsimple0137,wdp0182,liquid_surface,a rooftop puddle on a flat membrane surface,2,5,22,9000,outputs/waterdrop_prompt_bank_v2_simple_wan/shard_5/videos/022_a-realistic-fixed-camera-macro-video-in-one-continuous-shot-during-the-f_seed9000.mp4,49,8.0,3,1.3460253071581196,5.712967414529914,0.05269931891025641,0.047143554687500006,review_short_prefix,outputs/waterdrop_prompt_bank_v2_auto_contact_sheets/wdsimple0137_liquid_surface_shard5_022.jpg,
wdsimple0143,wdp0190,liquid_surface,a shallow puddle on a flat stone step,2,5,23,9000,outputs/waterdrop_prompt_bank_v2_simple_wan/shard_5/videos/023_a-realistic-fixed-camera-macro-video-in-one-continuous-shot-during-the-f_seed9000.mp4,49,8.0,12,1.5954886151175214,10.421270699786325,0.17028245192307692,0.16140574919871795,candidate,outputs/waterdrop_prompt_bank_v2_auto_contact_sheets/wdsimple0143_liquid_surface_shard5_023.jpg,
wdsimple0149,wdp0198,liquid_surface,a small rectangular water trough,2,5,24,9000,outputs/waterdrop_prompt_bank_v2_simple_wan/shard_5/videos/024_a-realistic-fixed-camera-macro-video-in-one-continuous-shot-during-the-f_seed9000.mp4,49,8.0,5,0.8504573985042734,15.146037827190169,0.3116861979166667,0.28370517828525643,candidate,outputs/waterdrop_prompt_bank_v2_auto_contact_sheets/wdsimple0149_liquid_surface_shard5_024.jpg,
wdsimple0155,wdp0211,hard_surface,transparent glass tabletop,1,5,25,9000,outputs/waterdrop_prompt_bank_v2_simple_wan/shard_5/videos/025_a-realistic-fixed-camera-macro-video-in-one-continuous-shot-during-the-f_seed9000.mp4,49,8.0,5,0.534462640224359,2.806844284188034,0.01994190705128205,0.0021077473958333332,candidate,outputs/waterdrop_prompt_bank_v2_auto_contact_sheets/wdsimple0155_hard_surface_shard5_025.jpg,
wdsimple0161,wdp0226,hard_surface,blue plastic cutting board,1,5,26,9000,outputs/waterdrop_prompt_bank_v2_simple_wan/shard_5/videos/026_a-realistic-fixed-camera-macro-video-in-one-continuous-shot-during-the-f_seed9000.mp4,49,8.0,8,2.375502470619658,5.548460036057692,0.0934520232371795,0.09306828425480769,candidate,outputs/waterdrop_prompt_bank_v2_auto_contact_sheets/wdsimple0161_hard_surface_shard5_026.jpg,
wdsimple0167,wdp0241,hard_surface,dark slate tile,1,5,27,9000,outputs/waterdrop_prompt_bank_v2_simple_wan/shard_5/videos/027_a-realistic-fixed-camera-macro-video-in-one-continuous-shot-during-the-f_seed9000.mp4,49,8.0,1,nan,5.213701923076923,0.047964242788461536,0.04213491586538461,reject_no_clean_prefix,outputs/waterdrop_prompt_bank_v2_auto_contact_sheets/wdsimple0167_hard_surface_shard5_027.jpg,
wdsimple0173,wdp0256,hard_surface,vinyl flooring sample,1,5,28,9000,outputs/waterdrop_prompt_bank_v2_simple_wan/shard_5/videos/028_a-realistic-fixed-camera-macro-video-in-one-continuous-shot-during-the-f_seed9000.mp4,49,8.0,1,nan,13.65087640224359,0.41230218349358977,0.40555388621794874,reject_no_clean_prefix,outputs/waterdrop_prompt_bank_v2_auto_contact_sheets/wdsimple0173_hard_surface_shard5_028.jpg,
wdsimple0179,wdp0271,hard_surface,flat chrome-plated shelf,1,5,29,9000,outputs/waterdrop_prompt_bank_v2_simple_wan/shard_5/videos/029_a-realistic-fixed-camera-macro-video-in-one-continuous-shot-during-the-f_seed9000.mp4,49,8.0,4,0.6591229300213676,2.9914479834401706,0.026089242788461538,0.019231395232371794,candidate,outputs/waterdrop_prompt_bank_v2_auto_contact_sheets/wdsimple0179_hard_surface_shard5_029.jpg,
wdsimple0185,wdp0286,hard_surface,polished brass plate,1,5,30,9000,outputs/waterdrop_prompt_bank_v2_simple_wan/shard_5/videos/030_a-realistic-fixed-camera-macro-video-in-one-continuous-shot-during-the-f_seed9000.mp4,49,8.0,19,1.5287710336538463,3.4923519297542738,0.029124098557692307,0.010690855368589743,candidate,outputs/waterdrop_prompt_bank_v2_auto_contact_sheets/wdsimple0185_hard_surface_shard5_030.jpg,
wdsimple0191,wdp0301,hard_surface,black nonstick baking tray,1,5,31,9000,outputs/waterdrop_prompt_bank_v2_simple_wan/shard_5/videos/031_a-realistic-fixed-camera-macro-video-in-one-continuous-shot-during-the-f_seed9000.mp4,49,8.0,12,1.0780315170940171,2.4588065905448717,0.021997696314102564,0.015462239583333332,candidate,outputs/waterdrop_prompt_bank_v2_auto_contact_sheets/wdsimple0191_hard_surface_shard5_031.jpg,
wdsimple0197,wdp0316,hard_surface,polycarbonate panel,1,5,32,9000,outputs/waterdrop_prompt_bank_v2_simple_wan/shard_5/videos/032_a-realistic-fixed-camera-macro-video-in-one-continuous-shot-during-the-f_seed9000.mp4,49,8.0,1,nan,5.059425914797009,0.06367938701923077,0.055371093749999996,reject_no_clean_prefix,outputs/waterdrop_prompt_bank_v2_auto_contact_sheets/wdsimple0197_hard_surface_shard5_032.jpg,
wdsimple0203,wdp0331,hard_surface,laminated office desk,1,5,33,9000,outputs/waterdrop_prompt_bank_v2_simple_wan/shard_5/videos/033_a-realistic-fixed-camera-macro-video-in-one-continuous-shot-during-the-f_seed9000.mp4,49,8.0,41,1.4006485376602564,2.79628655849359,0.03891476362179487,0.03046875,candidate,outputs/waterdrop_prompt_bank_v2_auto_contact_sheets/wdsimple0203_hard_surface_shard5_033.jpg,
wdsimple0209,wdp0346,hard_surface,tempered-glass refrigerator shelf,1,5,34,9000,outputs/waterdrop_prompt_bank_v2_simple_wan/shard_5/videos/034_a-realistic-fixed-camera-macro-video-in-one-continuous-shot-during-the-f_seed9000.mp4,49,8.0,12,1.0059945913461539,3.5958016159188024,0.058661358173076925,0.0076459835737179484,candidate,outputs/waterdrop_prompt_bank_v2_auto_contact_sheets/wdsimple0209_hard_surface_shard5_034.jpg,
wdsimple0215,wdp0361,hard_surface,glazed pottery lid,1,5,35,9000,outputs/waterdrop_prompt_bank_v2_simple_wan/shard_5/videos/035_a-realistic-fixed-camera-macro-video-in-one-continuous-shot-during-the-f_seed9000.mp4,49,8.0,24,1.1930613982371794,2.357045439369658,0.028455528846153846,0.021648387419871795,candidate,outputs/waterdrop_prompt_bank_v2_auto_contact_sheets/wdsimple0215_hard_surface_shard5_035.jpg,
wdsimple0221,wdp0376,hard_surface,clear glass coaster,1,5,36,9000,outputs/waterdrop_prompt_bank_v2_simple_wan/shard_5/videos/036_a-realistic-fixed-camera-macro-video-in-one-continuous-shot-during-the-f_seed9000.mp4,49,8.0,4,0.7151976495726495,7.210031049679487,0.07329977964743589,0.049883563701923074,candidate,outputs/waterdrop_prompt_bank_v2_auto_contact_sheets/wdsimple0221_hard_surface_shard5_036.jpg,
wdsimple0227,wdp0391,hard_surface,porcelain bathtub ledge,1,5,37,9000,outputs/waterdrop_prompt_bank_v2_simple_wan/shard_5/videos/037_a-realistic-fixed-camera-macro-video-in-one-continuous-shot-during-the-f_seed9000.mp4,49,8.0,11,0.8601495726495726,2.06985593616453,0.027967247596153846,0.025496419270833334,candidate,outputs/waterdrop_prompt_bank_v2_auto_contact_sheets/wdsimple0227_hard_surface_shard5_037.jpg,
wdsimple0233,wdp0406,hard_surface,laptop glass trackpad,1,5,38,9000,outputs/waterdrop_prompt_bank_v2_simple_wan/shard_5/videos/038_a-realistic-fixed-camera-macro-video-in-one-continuous-shot-during-the-f_seed9000.mp4,49,8.0,6,1.1944068843482905,14.789261151175216,0.24072516025641025,0.04819899338942307,candidate,outputs/waterdrop_prompt_bank_v2_auto_contact_sheets/wdsimple0233_hard_surface_shard5_038.jpg,
wdsimple0239,wdp0421,hard_surface,smooth whiteboard panel,1,5,39,9000,outputs/waterdrop_prompt_bank_v2_simple_wan/shard_5/videos/039_a-realistic-fixed-camera-macro-video-in-one-continuous-shot-during-the-f_seed9000.mp4,49,8.0,32,1.2890641693376068,1.4981111444978632,0.007219050480769231,0.005486278044871795,candidate,outputs/waterdrop_prompt_bank_v2_auto_contact_sheets/wdsimple0239_hard_surface_shard5_039.jpg,
wdsimple0245,wdp0436,hard_surface,terrazzo tile,1,5,40,9000,outputs/waterdrop_prompt_bank_v2_simple_wan/shard_5/videos/040_a-realistic-fixed-camera-macro-video-in-one-continuous-shot-during-the-f_seed9000.mp4,49,8.0,19,1.651383046207265,4.532993623130341,0.09064503205128205,0.08733911758814103,candidate,outputs/waterdrop_prompt_bank_v2_auto_contact_sheets/wdsimple0245_hard_surface_shard5_040.jpg,
