scene_id,family,mechanism,receiver_id,receiver,variant,surface_condition,impact_location,causal_footprint,seed_policy,prompt
wdp0000,liquid_surface,surface_flow,liquid_surface_00,a calm shallow pond,0,"completely still, with a perfectly flat water surface",the center of the water surface,a small crown splash rises and concentric ripples spread outward,one_seed_only,"A realistic fixed-camera macro video in one continuous shot. During the first two seconds, a calm shallow pond is completely still, with a perfectly flat water surface. No falling droplet, splash, impact cavity, or ripple is visible during these first two seconds. Then exactly one large clear water droplet enters from the top of the frame, falls visibly downward, and contacts the center of the water surface. Only after contact, a small crown splash rises and concentric ripples spread outward. The camera, lighting, background, receiver geometry, and all other objects remain unchanged."
wdp0001,liquid_surface,surface_flow,liquid_surface_00,a calm shallow pond,1,"completely still, with a calm level water surface",slightly left of the center of the water surface,a brief impact cavity closes and circular ripples cross the surface,one_seed_only,"A realistic fixed-camera macro video in one continuous shot. During the first two seconds, a calm shallow pond is completely still, with a calm level water surface. No falling droplet, splash, impact cavity, or ripple is visible during these first two seconds. Then exactly one large clear water droplet enters from the top of the frame, falls visibly downward, and contacts slightly left of the center of the water surface. Only after contact, a brief impact cavity closes and circular ripples cross the surface. The camera, lighting, background, receiver geometry, and all other objects remain unchanged."
wdp0002,liquid_surface,surface_flow,liquid_surface_00,a calm shallow pond,2,"completely still, with a shallow motionless water surface",slightly right of center,a low radial splash forms and several shallow ripples expand outward,one_seed_only,"A realistic fixed-camera macro video in one continuous shot. During the first two seconds, a calm shallow pond is completely still, with a shallow motionless water surface. No falling droplet, splash, impact cavity, or ripple is visible during these first two seconds. Then exactly one large clear water droplet enters from the top of the frame, falls visibly downward, and contacts slightly right of center. Only after contact, a low radial splash forms and several shallow ripples expand outward. The camera, lighting, background, receiver geometry, and all other objects remain unchanged."
wdp0003,liquid_surface,surface_flow,liquid_surface_00,a calm shallow pond,3,"completely still, with the water surface and its nearest edge clearly visible",near the visible inner edge of the water surface,an asymmetric splash forms and curved ripples travel toward the opposite edge,one_seed_only,"A realistic fixed-camera macro video in one continuous shot. During the first two seconds, a calm shallow pond is completely still, with the water surface and its nearest edge clearly visible. No falling droplet, splash, impact cavity, or ripple is visible during these first two seconds. Then exactly one large clear water droplet enters from the top of the frame, falls visibly downward, and contacts near the visible inner edge of the water surface. Only after contact, an asymmetric splash forms and curved ripples travel toward the opposite edge. The camera, lighting, background, receiver geometry, and all other objects remain unchanged."
wdp0004,liquid_surface,surface_flow,liquid_surface_01,a transparent glass mixing bowl filled with water,0,"completely still, with a perfectly flat water surface",the center of the water surface,a small crown splash rises and concentric ripples spread outward,one_seed_only,"A realistic fixed-camera macro video in one continuous shot. During the first two seconds, a transparent glass mixing bowl filled with water is completely still, with a perfectly flat water surface. No falling droplet, splash, impact cavity, or ripple is visible during these first two seconds. Then exactly one large clear water droplet enters from the top of the frame, falls visibly downward, and contacts the center of the water surface. Only after contact, a small crown splash rises and concentric ripples spread outward. The camera, lighting, background, receiver geometry, and all other objects remain unchanged."
wdp0005,liquid_surface,surface_flow,liquid_surface_01,a transparent glass mixing bowl filled with water,1,"completely still, with a calm level water surface",slightly left of the center of the water surface,a brief impact cavity closes and circular ripples cross the surface,one_seed_only,"A realistic fixed-camera macro video in one continuous shot. During the first two seconds, a transparent glass mixing bowl filled with water is completely still, with a calm level water surface. No falling droplet, splash, impact cavity, or ripple is visible during these first two seconds. Then exactly one large clear water droplet enters from the top of the frame, falls visibly downward, and contacts slightly left of the center of the water surface. Only after contact, a brief impact cavity closes and circular ripples cross the surface. The camera, lighting, background, receiver geometry, and all other objects remain unchanged."
wdp0006,liquid_surface,surface_flow,liquid_surface_01,a transparent glass mixing bowl filled with water,2,"completely still, with a shallow motionless water surface",slightly right of center,a low radial splash forms and several shallow ripples expand outward,one_seed_only,"A realistic fixed-camera macro video in one continuous shot. During the first two seconds, a transparent glass mixing bowl filled with water is completely still, with a shallow motionless water surface. No falling droplet, splash, impact cavity, or ripple is visible during these first two seconds. Then exactly one large clear water droplet enters from the top of the frame, falls visibly downward, and contacts slightly right of center. Only after contact, a low radial splash forms and several shallow ripples expand outward. The camera, lighting, background, receiver geometry, and all other objects remain unchanged."
wdp0007,liquid_surface,surface_flow,liquid_surface_01,a transparent glass mixing bowl filled with water,3,"completely still, with the water surface and its nearest edge clearly visible",near the visible inner edge of the water surface,an asymmetric splash forms and curved ripples travel toward the opposite edge,one_seed_only,"A realistic fixed-camera macro video in one continuous shot. During the first two seconds, a transparent glass mixing bowl filled with water is completely still, with the water surface and its nearest edge clearly visible. No falling droplet, splash, impact cavity, or ripple is visible during these first two seconds. Then exactly one large clear water droplet enters from the top of the frame, falls visibly downward, and contacts near the visible inner edge of the water surface. Only after contact, an asymmetric splash forms and curved ripples travel toward the opposite edge. The camera, lighting, background, receiver geometry, and all other objects remain unchanged."
wdp0008,liquid_surface,surface_flow,liquid_surface_02,a plain white ceramic cup filled with water,0,"completely still, with a perfectly flat water surface",the center of the water surface,a small crown splash rises and concentric ripples spread outward,one_seed_only,"A realistic fixed-camera macro video in one continuous shot. During the first two seconds, a plain white ceramic cup filled with water is completely still, with a perfectly flat water surface. No falling droplet, splash, impact cavity, or ripple is visible during these first two seconds. Then exactly one large clear water droplet enters from the top of the frame, falls visibly downward, and contacts the center of the water surface. Only after contact, a small crown splash rises and concentric ripples spread outward. The camera, lighting, background, receiver geometry, and all other objects remain unchanged."
wdp0009,liquid_surface,surface_flow,liquid_surface_02,a plain white ceramic cup filled with water,1,"completely still, with a calm level water surface",slightly left of the center of the water surface,a brief impact cavity closes and circular ripples cross the surface,one_seed_only,"A realistic fixed-camera macro video in one continuous shot. During the first two seconds, a plain white ceramic cup filled with water is completely still, with a calm level water surface. No falling droplet, splash, impact cavity, or ripple is visible during these first two seconds. Then exactly one large clear water droplet enters from the top of the frame, falls visibly downward, and contacts slightly left of the center of the water surface. Only after contact, a brief impact cavity closes and circular ripples cross the surface. The camera, lighting, background, receiver geometry, and all other objects remain unchanged."
wdp0010,liquid_surface,surface_flow,liquid_surface_02,a plain white ceramic cup filled with water,2,"completely still, with a shallow motionless water surface",slightly right of center,a low radial splash forms and several shallow ripples expand outward,one_seed_only,"A realistic fixed-camera macro video in one continuous shot. During the first two seconds, a plain white ceramic cup filled with water is completely still, with a shallow motionless water surface. No falling droplet, splash, impact cavity, or ripple is visible during these first two seconds. Then exactly one large clear water droplet enters from the top of the frame, falls visibly downward, and contacts slightly right of center. Only after contact, a low radial splash forms and several shallow ripples expand outward. The camera, lighting, background, receiver geometry, and all other objects remain unchanged."
wdp0011,liquid_surface,surface_flow,liquid_surface_02,a plain white ceramic cup filled with water,3,"completely still, with the water surface and its nearest edge clearly visible",near the visible inner edge of the water surface,an asymmetric splash forms and curved ripples travel toward the opposite edge,one_seed_only,"A realistic fixed-camera macro video in one continuous shot. During the first two seconds, a plain white ceramic cup filled with water is completely still, with the water surface and its nearest edge clearly visible. No falling droplet, splash, impact cavity, or ripple is visible during these first two seconds. Then exactly one large clear water droplet enters from the top of the frame, falls visibly downward, and contacts near the visible inner edge of the water surface. Only after contact, an asymmetric splash forms and curved ripples travel toward the opposite edge. The camera, lighting, background, receiver geometry, and all other objects remain unchanged."
wdp0012,liquid_surface,surface_flow,liquid_surface_03,a clean metal bucket filled with water,0,"completely still, with a perfectly flat water surface",the center of the water surface,a small crown splash rises and concentric ripples spread outward,one_seed_only,"A realistic fixed-camera macro video in one continuous shot. During the first two seconds, a clean metal bucket filled with water is completely still, with a perfectly flat water surface. No falling droplet, splash, impact cavity, or ripple is visible during these first two seconds. Then exactly one large clear water droplet enters from the top of the frame, falls visibly downward, and contacts the center of the water surface. Only after contact, a small crown splash rises and concentric ripples spread outward. The camera, lighting, background, receiver geometry, and all other objects remain unchanged."
wdp0013,liquid_surface,surface_flow,liquid_surface_03,a clean metal bucket filled with water,1,"completely still, with a calm level water surface",slightly left of the center of the water surface,a brief impact cavity closes and circular ripples cross the surface,one_seed_only,"A realistic fixed-camera macro video in one continuous shot. During the first two seconds, a clean metal bucket filled with water is completely still, with a calm level water surface. No falling droplet, splash, impact cavity, or ripple is visible during these first two seconds. Then exactly one large clear water droplet enters from the top of the frame, falls visibly downward, and contacts slightly left of the center of the water surface. Only after contact, a brief impact cavity closes and circular ripples cross the surface. The camera, lighting, background, receiver geometry, and all other objects remain unchanged."
wdp0014,liquid_surface,surface_flow,liquid_surface_03,a clean metal bucket filled with water,2,"completely still, with a shallow motionless water surface",slightly right of center,a low radial splash forms and several shallow ripples expand outward,one_seed_only,"A realistic fixed-camera macro video in one continuous shot. During the first two seconds, a clean metal bucket filled with water is completely still, with a shallow motionless water surface. No falling droplet, splash, impact cavity, or ripple is visible during these first two seconds. Then exactly one large clear water droplet enters from the top of the frame, falls visibly downward, and contacts slightly right of center. Only after contact, a low radial splash forms and several shallow ripples expand outward. The camera, lighting, background, receiver geometry, and all other objects remain unchanged."
wdp0015,liquid_surface,surface_flow,liquid_surface_03,a clean metal bucket filled with water,3,"completely still, with the water surface and its nearest edge clearly visible",near the visible inner edge of the water surface,an asymmetric splash forms and curved ripples travel toward the opposite edge,one_seed_only,"A realistic fixed-camera macro video in one continuous shot. During the first two seconds, a clean metal bucket filled with water is completely still, with the water surface and its nearest edge clearly visible. No falling droplet, splash, impact cavity, or ripple is visible during these first two seconds. Then exactly one large clear water droplet enters from the top of the frame, falls visibly downward, and contacts near the visible inner edge of the water surface. Only after contact, an asymmetric splash forms and curved ripples travel toward the opposite edge. The camera, lighting, background, receiver geometry, and all other objects remain unchanged."
wdp0016,liquid_surface,surface_flow,liquid_surface_04,a shallow rain puddle on level pavement,0,"completely still, with a perfectly flat water surface",the center of the water surface,a small crown splash rises and concentric ripples spread outward,one_seed_only,"A realistic fixed-camera macro video in one continuous shot. During the first two seconds, a shallow rain puddle on level pavement is completely still, with a perfectly flat water surface. No falling droplet, splash, impact cavity, or ripple is visible during these first two seconds. Then exactly one large clear water droplet enters from the top of the frame, falls visibly downward, and contacts the center of the water surface. Only after contact, a small crown splash rises and concentric ripples spread outward. The camera, lighting, background, receiver geometry, and all other objects remain unchanged."
wdp0017,liquid_surface,surface_flow,liquid_surface_04,a shallow rain puddle on level pavement,1,"completely still, with a calm level water surface",slightly left of the center of the water surface,a brief impact cavity closes and circular ripples cross the surface,one_seed_only,"A realistic fixed-camera macro video in one continuous shot. During the first two seconds, a shallow rain puddle on level pavement is completely still, with a calm level water surface. No falling droplet, splash, impact cavity, or ripple is visible during these first two seconds. Then exactly one large clear water droplet enters from the top of the frame, falls visibly downward, and contacts slightly left of the center of the water surface. Only after contact, a brief impact cavity closes and circular ripples cross the surface. The camera, lighting, background, receiver geometry, and all other objects remain unchanged."
wdp0018,liquid_surface,surface_flow,liquid_surface_04,a shallow rain puddle on level pavement,2,"completely still, with a shallow motionless water surface",slightly right of center,a low radial splash forms and several shallow ripples expand outward,one_seed_only,"A realistic fixed-camera macro video in one continuous shot. During the first two seconds, a shallow rain puddle on level pavement is completely still, with a shallow motionless water surface. No falling droplet, splash, impact cavity, or ripple is visible during these first two seconds. Then exactly one large clear water droplet enters from the top of the frame, falls visibly downward, and contacts slightly right of center. Only after contact, a low radial splash forms and several shallow ripples expand outward. The camera, lighting, background, receiver geometry, and all other objects remain unchanged."
wdp0019,liquid_surface,surface_flow,liquid_surface_04,a shallow rain puddle on level pavement,3,"completely still, with the water surface and its nearest edge clearly visible",near the visible inner edge of the water surface,an asymmetric splash forms and curved ripples travel toward the opposite edge,one_seed_only,"A realistic fixed-camera macro video in one continuous shot. During the first two seconds, a shallow rain puddle on level pavement is completely still, with the water surface and its nearest edge clearly visible. No falling droplet, splash, impact cavity, or ripple is visible during these first two seconds. Then exactly one large clear water droplet enters from the top of the frame, falls visibly downward, and contacts near the visible inner edge of the water surface. Only after contact, an asymmetric splash forms and curved ripples travel toward the opposite edge. The camera, lighting, background, receiver geometry, and all other objects remain unchanged."
wdp0020,liquid_surface,surface_flow,liquid_surface_05,a rectangular glass aquarium filled with water,0,"completely still, with a perfectly flat water surface",the center of the water surface,a small crown splash rises and concentric ripples spread outward,one_seed_only,"A realistic fixed-camera macro video in one continuous shot. During the first two seconds, a rectangular glass aquarium filled with water is completely still, with a perfectly flat water surface. No falling droplet, splash, impact cavity, or ripple is visible during these first two seconds. Then exactly one large clear water droplet enters from the top of the frame, falls visibly downward, and contacts the center of the water surface. Only after contact, a small crown splash rises and concentric ripples spread outward. The camera, lighting, background, receiver geometry, and all other objects remain unchanged."
wdp0021,liquid_surface,surface_flow,liquid_surface_05,a rectangular glass aquarium filled with water,1,"completely still, with a calm level water surface",slightly left of the center of the water surface,a brief impact cavity closes and circular ripples cross the surface,one_seed_only,"A realistic fixed-camera macro video in one continuous shot. During the first two seconds, a rectangular glass aquarium filled with water is completely still, with a calm level water surface. No falling droplet, splash, impact cavity, or ripple is visible during these first two seconds. Then exactly one large clear water droplet enters from the top of the frame, falls visibly downward, and contacts slightly left of the center of the water surface. Only after contact, a brief impact cavity closes and circular ripples cross the surface. The camera, lighting, background, receiver geometry, and all other objects remain unchanged."
wdp0022,liquid_surface,surface_flow,liquid_surface_05,a rectangular glass aquarium filled with water,2,"completely still, with a shallow motionless water surface",slightly right of center,a low radial splash forms and several shallow ripples expand outward,one_seed_only,"A realistic fixed-camera macro video in one continuous shot. During the first two seconds, a rectangular glass aquarium filled with water is completely still, with a shallow motionless water surface. No falling droplet, splash, impact cavity, or ripple is visible during these first two seconds. Then exactly one large clear water droplet enters from the top of the frame, falls visibly downward, and contacts slightly right of center. Only after contact, a low radial splash forms and several shallow ripples expand outward. The camera, lighting, background, receiver geometry, and all other objects remain unchanged."
wdp0023,liquid_surface,surface_flow,liquid_surface_05,a rectangular glass aquarium filled with water,3,"completely still, with the water surface and its nearest edge clearly visible",near the visible inner edge of the water surface,an asymmetric splash forms and curved ripples travel toward the opposite edge,one_seed_only,"A realistic fixed-camera macro video in one continuous shot. During the first two seconds, a rectangular glass aquarium filled with water is completely still, with the water surface and its nearest edge clearly visible. No falling droplet, splash, impact cavity, or ripple is visible during these first two seconds. Then exactly one large clear water droplet enters from the top of the frame, falls visibly downward, and contacts near the visible inner edge of the water surface. Only after contact, an asymmetric splash forms and curved ripples travel toward the opposite edge. The camera, lighting, background, receiver geometry, and all other objects remain unchanged."
wdp0024,liquid_surface,surface_flow,liquid_surface_06,a stainless-steel kitchen sink basin filled with water,0,"completely still, with a perfectly flat water surface",the center of the water surface,a small crown splash rises and concentric ripples spread outward,one_seed_only,"A realistic fixed-camera macro video in one continuous shot. During the first two seconds, a stainless-steel kitchen sink basin filled with water is completely still, with a perfectly flat water surface. No falling droplet, splash, impact cavity, or ripple is visible during these first two seconds. Then exactly one large clear water droplet enters from the top of the frame, falls visibly downward, and contacts the center of the water surface. Only after contact, a small crown splash rises and concentric ripples spread outward. The camera, lighting, background, receiver geometry, and all other objects remain unchanged."
wdp0025,liquid_surface,surface_flow,liquid_surface_06,a stainless-steel kitchen sink basin filled with water,1,"completely still, with a calm level water surface",slightly left of the center of the water surface,a brief impact cavity closes and circular ripples cross the surface,one_seed_only,"A realistic fixed-camera macro video in one continuous shot. During the first two seconds, a stainless-steel kitchen sink basin filled with water is completely still, with a calm level water surface. No falling droplet, splash, impact cavity, or ripple is visible during these first two seconds. Then exactly one large clear water droplet enters from the top of the frame, falls visibly downward, and contacts slightly left of the center of the water surface. Only after contact, a brief impact cavity closes and circular ripples cross the surface. The camera, lighting, background, receiver geometry, and all other objects remain unchanged."
wdp0026,liquid_surface,surface_flow,liquid_surface_06,a stainless-steel kitchen sink basin filled with water,2,"completely still, with a shallow motionless water surface",slightly right of center,a low radial splash forms and several shallow ripples expand outward,one_seed_only,"A realistic fixed-camera macro video in one continuous shot. During the first two seconds, a stainless-steel kitchen sink basin filled with water is completely still, with a shallow motionless water surface. No falling droplet, splash, impact cavity, or ripple is visible during these first two seconds. Then exactly one large clear water droplet enters from the top of the frame, falls visibly downward, and contacts slightly right of center. Only after contact, a low radial splash forms and several shallow ripples expand outward. The camera, lighting, background, receiver geometry, and all other objects remain unchanged."
wdp0027,liquid_surface,surface_flow,liquid_surface_06,a stainless-steel kitchen sink basin filled with water,3,"completely still, with the water surface and its nearest edge clearly visible",near the visible inner edge of the water surface,an asymmetric splash forms and curved ripples travel toward the opposite edge,one_seed_only,"A realistic fixed-camera macro video in one continuous shot. During the first two seconds, a stainless-steel kitchen sink basin filled with water is completely still, with the water surface and its nearest edge clearly visible. No falling droplet, splash, impact cavity, or ripple is visible during these first two seconds. Then exactly one large clear water droplet enters from the top of the frame, falls visibly downward, and contacts near the visible inner edge of the water surface. Only after contact, an asymmetric splash forms and curved ripples travel toward the opposite edge. The camera, lighting, background, receiver geometry, and all other objects remain unchanged."
wdp0028,liquid_surface,surface_flow,liquid_surface_07,a white enamel washbasin filled with water,0,"completely still, with a perfectly flat water surface",the center of the water surface,a small crown splash rises and concentric ripples spread outward,one_seed_only,"A realistic fixed-camera macro video in one continuous shot. During the first two seconds, a white enamel washbasin filled with water is completely still, with a perfectly flat water surface. No falling droplet, splash, impact cavity, or ripple is visible during these first two seconds. Then exactly one large clear water droplet enters from the top of the frame, falls visibly downward, and contacts the center of the water surface. Only after contact, a small crown splash rises and concentric ripples spread outward. The camera, lighting, background, receiver geometry, and all other objects remain unchanged."
wdp0029,liquid_surface,surface_flow,liquid_surface_07,a white enamel washbasin filled with water,1,"completely still, with a calm level water surface",slightly left of the center of the water surface,a brief impact cavity closes and circular ripples cross the surface,one_seed_only,"A realistic fixed-camera macro video in one continuous shot. During the first two seconds, a white enamel washbasin filled with water is completely still, with a calm level water surface. No falling droplet, splash, impact cavity, or ripple is visible during these first two seconds. Then exactly one large clear water droplet enters from the top of the frame, falls visibly downward, and contacts slightly left of the center of the water surface. Only after contact, a brief impact cavity closes and circular ripples cross the surface. The camera, lighting, background, receiver geometry, and all other objects remain unchanged."
wdp0030,liquid_surface,surface_flow,liquid_surface_07,a white enamel washbasin filled with water,2,"completely still, with a shallow motionless water surface",slightly right of center,a low radial splash forms and several shallow ripples expand outward,one_seed_only,"A realistic fixed-camera macro video in one continuous shot. During the first two seconds, a white enamel washbasin filled with water is completely still, with a shallow motionless water surface. No falling droplet, splash, impact cavity, or ripple is visible during these first two seconds. Then exactly one large clear water droplet enters from the top of the frame, falls visibly downward, and contacts slightly right of center. Only after contact, a low radial splash forms and several shallow ripples expand outward. The camera, lighting, background, receiver geometry, and all other objects remain unchanged."
wdp0031,liquid_surface,surface_flow,liquid_surface_07,a white enamel washbasin filled with water,3,"completely still, with the water surface and its nearest edge clearly visible",near the visible inner edge of the water surface,an asymmetric splash forms and curved ripples travel toward the opposite edge,one_seed_only,"A realistic fixed-camera macro video in one continuous shot. During the first two seconds, a white enamel washbasin filled with water is completely still, with the water surface and its nearest edge clearly visible. No falling droplet, splash, impact cavity, or ripple is visible during these first two seconds. Then exactly one large clear water droplet enters from the top of the frame, falls visibly downward, and contacts near the visible inner edge of the water surface. Only after contact, an asymmetric splash forms and curved ripples travel toward the opposite edge. The camera, lighting, background, receiver geometry, and all other objects remain unchanged."
wdp0032,liquid_surface,surface_flow,liquid_surface_08,a round stone birdbath filled with water,0,"completely still, with a perfectly flat water surface",the center of the water surface,a small crown splash rises and concentric ripples spread outward,one_seed_only,"A realistic fixed-camera macro video in one continuous shot. During the first two seconds, a round stone birdbath filled with water is completely still, with a perfectly flat water surface. No falling droplet, splash, impact cavity, or ripple is visible during these first two seconds. Then exactly one large clear water droplet enters from the top of the frame, falls visibly downward, and contacts the center of the water surface. Only after contact, a small crown splash rises and concentric ripples spread outward. The camera, lighting, background, receiver geometry, and all other objects remain unchanged."
wdp0033,liquid_surface,surface_flow,liquid_surface_08,a round stone birdbath filled with water,1,"completely still, with a calm level water surface",slightly left of the center of the water surface,a brief impact cavity closes and circular ripples cross the surface,one_seed_only,"A realistic fixed-camera macro video in one continuous shot. During the first two seconds, a round stone birdbath filled with water is completely still, with a calm level water surface. No falling droplet, splash, impact cavity, or ripple is visible during these first two seconds. Then exactly one large clear water droplet enters from the top of the frame, falls visibly downward, and contacts slightly left of the center of the water surface. Only after contact, a brief impact cavity closes and circular ripples cross the surface. The camera, lighting, background, receiver geometry, and all other objects remain unchanged."
wdp0034,liquid_surface,surface_flow,liquid_surface_08,a round stone birdbath filled with water,2,"completely still, with a shallow motionless water surface",slightly right of center,a low radial splash forms and several shallow ripples expand outward,one_seed_only,"A realistic fixed-camera macro video in one continuous shot. During the first two seconds, a round stone birdbath filled with water is completely still, with a shallow motionless water surface. No falling droplet, splash, impact cavity, or ripple is visible during these first two seconds. Then exactly one large clear water droplet enters from the top of the frame, falls visibly downward, and contacts slightly right of center. Only after contact, a low radial splash forms and several shallow ripples expand outward. The camera, lighting, background, receiver geometry, and all other objects remain unchanged."
wdp0035,liquid_surface,surface_flow,liquid_surface_08,a round stone birdbath filled with water,3,"completely still, with the water surface and its nearest edge clearly visible",near the visible inner edge of the water surface,an asymmetric splash forms and curved ripples travel toward the opposite edge,one_seed_only,"A realistic fixed-camera macro video in one continuous shot. During the first two seconds, a round stone birdbath filled with water is completely still, with the water surface and its nearest edge clearly visible. No falling droplet, splash, impact cavity, or ripple is visible during these first two seconds. Then exactly one large clear water droplet enters from the top of the frame, falls visibly downward, and contacts near the visible inner edge of the water surface. Only after contact, an asymmetric splash forms and curved ripples travel toward the opposite edge. The camera, lighting, background, receiver geometry, and all other objects remain unchanged."
wdp0036,liquid_surface,surface_flow,liquid_surface_09,a small garden fountain basin with the pump turned off,0,"completely still, with a perfectly flat water surface",the center of the water surface,a small crown splash rises and concentric ripples spread outward,one_seed_only,"A realistic fixed-camera macro video in one continuous shot. During the first two seconds, a small garden fountain basin with the pump turned off is completely still, with a perfectly flat water surface. No falling droplet, splash, impact cavity, or ripple is visible during these first two seconds. Then exactly one large clear water droplet enters from the top of the frame, falls visibly downward, and contacts the center of the water surface. Only after contact, a small crown splash rises and concentric ripples spread outward. The camera, lighting, background, receiver geometry, and all other objects remain unchanged."
wdp0037,liquid_surface,surface_flow,liquid_surface_09,a small garden fountain basin with the pump turned off,1,"completely still, with a calm level water surface",slightly left of the center of the water surface,a brief impact cavity closes and circular ripples cross the surface,one_seed_only,"A realistic fixed-camera macro video in one continuous shot. During the first two seconds, a small garden fountain basin with the pump turned off is completely still, with a calm level water surface. No falling droplet, splash, impact cavity, or ripple is visible during these first two seconds. Then exactly one large clear water droplet enters from the top of the frame, falls visibly downward, and contacts slightly left of the center of the water surface. Only after contact, a brief impact cavity closes and circular ripples cross the surface. The camera, lighting, background, receiver geometry, and all other objects remain unchanged."
wdp0038,liquid_surface,surface_flow,liquid_surface_09,a small garden fountain basin with the pump turned off,2,"completely still, with a shallow motionless water surface",slightly right of center,a low radial splash forms and several shallow ripples expand outward,one_seed_only,"A realistic fixed-camera macro video in one continuous shot. During the first two seconds, a small garden fountain basin with the pump turned off is completely still, with a shallow motionless water surface. No falling droplet, splash, impact cavity, or ripple is visible during these first two seconds. Then exactly one large clear water droplet enters from the top of the frame, falls visibly downward, and contacts slightly right of center. Only after contact, a low radial splash forms and several shallow ripples expand outward. The camera, lighting, background, receiver geometry, and all other objects remain unchanged."
wdp0039,liquid_surface,surface_flow,liquid_surface_09,a small garden fountain basin with the pump turned off,3,"completely still, with the water surface and its nearest edge clearly visible",near the visible inner edge of the water surface,an asymmetric splash forms and curved ripples travel toward the opposite edge,one_seed_only,"A realistic fixed-camera macro video in one continuous shot. During the first two seconds, a small garden fountain basin with the pump turned off is completely still, with the water surface and its nearest edge clearly visible. No falling droplet, splash, impact cavity, or ripple is visible during these first two seconds. Then exactly one large clear water droplet enters from the top of the frame, falls visibly downward, and contacts near the visible inner edge of the water surface. Only after contact, an asymmetric splash forms and curved ripples travel toward the opposite edge. The camera, lighting, background, receiver geometry, and all other objects remain unchanged."
wdp0040,liquid_surface,surface_flow,liquid_surface_10,a laboratory beaker filled with clear water,0,"completely still, with a perfectly flat water surface",the center of the water surface,a small crown splash rises and concentric ripples spread outward,one_seed_only,"A realistic fixed-camera macro video in one continuous shot. During the first two seconds, a laboratory beaker filled with clear water is completely still, with a perfectly flat water surface. No falling droplet, splash, impact cavity, or ripple is visible during these first two seconds. Then exactly one large clear water droplet enters from the top of the frame, falls visibly downward, and contacts the center of the water surface. Only after contact, a small crown splash rises and concentric ripples spread outward. The camera, lighting, background, receiver geometry, and all other objects remain unchanged."
wdp0041,liquid_surface,surface_flow,liquid_surface_10,a laboratory beaker filled with clear water,1,"completely still, with a calm level water surface",slightly left of the center of the water surface,a brief impact cavity closes and circular ripples cross the surface,one_seed_only,"A realistic fixed-camera macro video in one continuous shot. During the first two seconds, a laboratory beaker filled with clear water is completely still, with a calm level water surface. No falling droplet, splash, impact cavity, or ripple is visible during these first two seconds. Then exactly one large clear water droplet enters from the top of the frame, falls visibly downward, and contacts slightly left of the center of the water surface. Only after contact, a brief impact cavity closes and circular ripples cross the surface. The camera, lighting, background, receiver geometry, and all other objects remain unchanged."
wdp0042,liquid_surface,surface_flow,liquid_surface_10,a laboratory beaker filled with clear water,2,"completely still, with a shallow motionless water surface",slightly right of center,a low radial splash forms and several shallow ripples expand outward,one_seed_only,"A realistic fixed-camera macro video in one continuous shot. During the first two seconds, a laboratory beaker filled with clear water is completely still, with a shallow motionless water surface. No falling droplet, splash, impact cavity, or ripple is visible during these first two seconds. Then exactly one large clear water droplet enters from the top of the frame, falls visibly downward, and contacts slightly right of center. Only after contact, a low radial splash forms and several shallow ripples expand outward. The camera, lighting, background, receiver geometry, and all other objects remain unchanged."
wdp0043,liquid_surface,surface_flow,liquid_surface_10,a laboratory beaker filled with clear water,3,"completely still, with the water surface and its nearest edge clearly visible",near the visible inner edge of the water surface,an asymmetric splash forms and curved ripples travel toward the opposite edge,one_seed_only,"A realistic fixed-camera macro video in one continuous shot. During the first two seconds, a laboratory beaker filled with clear water is completely still, with the water surface and its nearest edge clearly visible. No falling droplet, splash, impact cavity, or ripple is visible during these first two seconds. Then exactly one large clear water droplet enters from the top of the frame, falls visibly downward, and contacts near the visible inner edge of the water surface. Only after contact, an asymmetric splash forms and curved ripples travel toward the opposite edge. The camera, lighting, background, receiver geometry, and all other objects remain unchanged."
wdp0044,liquid_surface,surface_flow,liquid_surface_11,a transparent measuring jug filled with water,0,"completely still, with a perfectly flat water surface",the center of the water surface,a small crown splash rises and concentric ripples spread outward,one_seed_only,"A realistic fixed-camera macro video in one continuous shot. During the first two seconds, a transparent measuring jug filled with water is completely still, with a perfectly flat water surface. No falling droplet, splash, impact cavity, or ripple is visible during these first two seconds. Then exactly one large clear water droplet enters from the top of the frame, falls visibly downward, and contacts the center of the water surface. Only after contact, a small crown splash rises and concentric ripples spread outward. The camera, lighting, background, receiver geometry, and all other objects remain unchanged."
wdp0045,liquid_surface,surface_flow,liquid_surface_11,a transparent measuring jug filled with water,1,"completely still, with a calm level water surface",slightly left of the center of the water surface,a brief impact cavity closes and circular ripples cross the surface,one_seed_only,"A realistic fixed-camera macro video in one continuous shot. During the first two seconds, a transparent measuring jug filled with water is completely still, with a calm level water surface. No falling droplet, splash, impact cavity, or ripple is visible during these first two seconds. Then exactly one large clear water droplet enters from the top of the frame, falls visibly downward, and contacts slightly left of the center of the water surface. Only after contact, a brief impact cavity closes and circular ripples cross the surface. The camera, lighting, background, receiver geometry, and all other objects remain unchanged."
wdp0046,liquid_surface,surface_flow,liquid_surface_11,a transparent measuring jug filled with water,2,"completely still, with a shallow motionless water surface",slightly right of center,a low radial splash forms and several shallow ripples expand outward,one_seed_only,"A realistic fixed-camera macro video in one continuous shot. During the first two seconds, a transparent measuring jug filled with water is completely still, with a shallow motionless water surface. No falling droplet, splash, impact cavity, or ripple is visible during these first two seconds. Then exactly one large clear water droplet enters from the top of the frame, falls visibly downward, and contacts slightly right of center. Only after contact, a low radial splash forms and several shallow ripples expand outward. The camera, lighting, background, receiver geometry, and all other objects remain unchanged."
wdp0047,liquid_surface,surface_flow,liquid_surface_11,a transparent measuring jug filled with water,3,"completely still, with the water surface and its nearest edge clearly visible",near the visible inner edge of the water surface,an asymmetric splash forms and curved ripples travel toward the opposite edge,one_seed_only,"A realistic fixed-camera macro video in one continuous shot. During the first two seconds, a transparent measuring jug filled with water is completely still, with the water surface and its nearest edge clearly visible. No falling droplet, splash, impact cavity, or ripple is visible during these first two seconds. Then exactly one large clear water droplet enters from the top of the frame, falls visibly downward, and contacts near the visible inner edge of the water surface. Only after contact, an asymmetric splash forms and curved ripples travel toward the opposite edge. The camera, lighting, background, receiver geometry, and all other objects remain unchanged."
wdp0048,liquid_surface,surface_flow,liquid_surface_12,a stainless-steel saucepan filled with water,0,"completely still, with a perfectly flat water surface",the center of the water surface,a small crown splash rises and concentric ripples spread outward,one_seed_only,"A realistic fixed-camera macro video in one continuous shot. During the first two seconds, a stainless-steel saucepan filled with water is completely still, with a perfectly flat water surface. No falling droplet, splash, impact cavity, or ripple is visible during these first two seconds. Then exactly one large clear water droplet enters from the top of the frame, falls visibly downward, and contacts the center of the water surface. Only after contact, a small crown splash rises and concentric ripples spread outward. The camera, lighting, background, receiver geometry, and all other objects remain unchanged."
wdp0049,liquid_surface,surface_flow,liquid_surface_12,a stainless-steel saucepan filled with water,1,"completely still, with a calm level water surface",slightly left of the center of the water surface,a brief impact cavity closes and circular ripples cross the surface,one_seed_only,"A realistic fixed-camera macro video in one continuous shot. During the first two seconds, a stainless-steel saucepan filled with water is completely still, with a calm level water surface. No falling droplet, splash, impact cavity, or ripple is visible during these first two seconds. Then exactly one large clear water droplet enters from the top of the frame, falls visibly downward, and contacts slightly left of the center of the water surface. Only after contact, a brief impact cavity closes and circular ripples cross the surface. The camera, lighting, background, receiver geometry, and all other objects remain unchanged."
wdp0050,liquid_surface,surface_flow,liquid_surface_12,a stainless-steel saucepan filled with water,2,"completely still, with a shallow motionless water surface",slightly right of center,a low radial splash forms and several shallow ripples expand outward,one_seed_only,"A realistic fixed-camera macro video in one continuous shot. During the first two seconds, a stainless-steel saucepan filled with water is completely still, with a shallow motionless water surface. No falling droplet, splash, impact cavity, or ripple is visible during these first two seconds. Then exactly one large clear water droplet enters from the top of the frame, falls visibly downward, and contacts slightly right of center. Only after contact, a low radial splash forms and several shallow ripples expand outward. The camera, lighting, background, receiver geometry, and all other objects remain unchanged."
wdp0051,liquid_surface,surface_flow,liquid_surface_12,a stainless-steel saucepan filled with water,3,"completely still, with the water surface and its nearest edge clearly visible",near the visible inner edge of the water surface,an asymmetric splash forms and curved ripples travel toward the opposite edge,one_seed_only,"A realistic fixed-camera macro video in one continuous shot. During the first two seconds, a stainless-steel saucepan filled with water is completely still, with the water surface and its nearest edge clearly visible. No falling droplet, splash, impact cavity, or ripple is visible during these first two seconds. Then exactly one large clear water droplet enters from the top of the frame, falls visibly downward, and contacts near the visible inner edge of the water surface. Only after contact, an asymmetric splash forms and curved ripples travel toward the opposite edge. The camera, lighting, background, receiver geometry, and all other objects remain unchanged."
wdp0052,liquid_surface,surface_flow,liquid_surface_13,a black cooking pot filled with water,0,"completely still, with a perfectly flat water surface",the center of the water surface,a small crown splash rises and concentric ripples spread outward,one_seed_only,"A realistic fixed-camera macro video in one continuous shot. During the first two seconds, a black cooking pot filled with water is completely still, with a perfectly flat water surface. No falling droplet, splash, impact cavity, or ripple is visible during these first two seconds. Then exactly one large clear water droplet enters from the top of the frame, falls visibly downward, and contacts the center of the water surface. Only after contact, a small crown splash rises and concentric ripples spread outward. The camera, lighting, background, receiver geometry, and all other objects remain unchanged."
wdp0053,liquid_surface,surface_flow,liquid_surface_13,a black cooking pot filled with water,1,"completely still, with a calm level water surface",slightly left of the center of the water surface,a brief impact cavity closes and circular ripples cross the surface,one_seed_only,"A realistic fixed-camera macro video in one continuous shot. During the first two seconds, a black cooking pot filled with water is completely still, with a calm level water surface. No falling droplet, splash, impact cavity, or ripple is visible during these first two seconds. Then exactly one large clear water droplet enters from the top of the frame, falls visibly downward, and contacts slightly left of the center of the water surface. Only after contact, a brief impact cavity closes and circular ripples cross the surface. The camera, lighting, background, receiver geometry, and all other objects remain unchanged."
wdp0054,liquid_surface,surface_flow,liquid_surface_13,a black cooking pot filled with water,2,"completely still, with a shallow motionless water surface",slightly right of center,a low radial splash forms and several shallow ripples expand outward,one_seed_only,"A realistic fixed-camera macro video in one continuous shot. During the first two seconds, a black cooking pot filled with water is completely still, with a shallow motionless water surface. No falling droplet, splash, impact cavity, or ripple is visible during these first two seconds. Then exactly one large clear water droplet enters from the top of the frame, falls visibly downward, and contacts slightly right of center. Only after contact, a low radial splash forms and several shallow ripples expand outward. The camera, lighting, background, receiver geometry, and all other objects remain unchanged."
wdp0055,liquid_surface,surface_flow,liquid_surface_13,a black cooking pot filled with water,3,"completely still, with the water surface and its nearest edge clearly visible",near the visible inner edge of the water surface,an asymmetric splash forms and curved ripples travel toward the opposite edge,one_seed_only,"A realistic fixed-camera macro video in one continuous shot. During the first two seconds, a black cooking pot filled with water is completely still, with the water surface and its nearest edge clearly visible. No falling droplet, splash, impact cavity, or ripple is visible during these first two seconds. Then exactly one large clear water droplet enters from the top of the frame, falls visibly downward, and contacts near the visible inner edge of the water surface. Only after contact, an asymmetric splash forms and curved ripples travel toward the opposite edge. The camera, lighting, background, receiver geometry, and all other objects remain unchanged."
wdp0056,liquid_surface,surface_flow,liquid_surface_14,a porcelain soup bowl filled with water,0,"completely still, with a perfectly flat water surface",the center of the water surface,a small crown splash rises and concentric ripples spread outward,one_seed_only,"A realistic fixed-camera macro video in one continuous shot. During the first two seconds, a porcelain soup bowl filled with water is completely still, with a perfectly flat water surface. No falling droplet, splash, impact cavity, or ripple is visible during these first two seconds. Then exactly one large clear water droplet enters from the top of the frame, falls visibly downward, and contacts the center of the water surface. Only after contact, a small crown splash rises and concentric ripples spread outward. The camera, lighting, background, receiver geometry, and all other objects remain unchanged."
wdp0057,liquid_surface,surface_flow,liquid_surface_14,a porcelain soup bowl filled with water,1,"completely still, with a calm level water surface",slightly left of the center of the water surface,a brief impact cavity closes and circular ripples cross the surface,one_seed_only,"A realistic fixed-camera macro video in one continuous shot. During the first two seconds, a porcelain soup bowl filled with water is completely still, with a calm level water surface. No falling droplet, splash, impact cavity, or ripple is visible during these first two seconds. Then exactly one large clear water droplet enters from the top of the frame, falls visibly downward, and contacts slightly left of the center of the water surface. Only after contact, a brief impact cavity closes and circular ripples cross the surface. The camera, lighting, background, receiver geometry, and all other objects remain unchanged."
wdp0058,liquid_surface,surface_flow,liquid_surface_14,a porcelain soup bowl filled with water,2,"completely still, with a shallow motionless water surface",slightly right of center,a low radial splash forms and several shallow ripples expand outward,one_seed_only,"A realistic fixed-camera macro video in one continuous shot. During the first two seconds, a porcelain soup bowl filled with water is completely still, with a shallow motionless water surface. No falling droplet, splash, impact cavity, or ripple is visible during these first two seconds. Then exactly one large clear water droplet enters from the top of the frame, falls visibly downward, and contacts slightly right of center. Only after contact, a low radial splash forms and several shallow ripples expand outward. The camera, lighting, background, receiver geometry, and all other objects remain unchanged."
wdp0059,liquid_surface,surface_flow,liquid_surface_14,a porcelain soup bowl filled with water,3,"completely still, with the water surface and its nearest edge clearly visible",near the visible inner edge of the water surface,an asymmetric splash forms and curved ripples travel toward the opposite edge,one_seed_only,"A realistic fixed-camera macro video in one continuous shot. During the first two seconds, a porcelain soup bowl filled with water is completely still, with the water surface and its nearest edge clearly visible. No falling droplet, splash, impact cavity, or ripple is visible during these first two seconds. Then exactly one large clear water droplet enters from the top of the frame, falls visibly downward, and contacts near the visible inner edge of the water surface. Only after contact, an asymmetric splash forms and curved ripples travel toward the opposite edge. The camera, lighting, background, receiver geometry, and all other objects remain unchanged."
wdp0060,liquid_surface,surface_flow,liquid_surface_15,a small porcelain teacup filled with water,0,"completely still, with a perfectly flat water surface",the center of the water surface,a small crown splash rises and concentric ripples spread outward,one_seed_only,"A realistic fixed-camera macro video in one continuous shot. During the first two seconds, a small porcelain teacup filled with water is completely still, with a perfectly flat water surface. No falling droplet, splash, impact cavity, or ripple is visible during these first two seconds. Then exactly one large clear water droplet enters from the top of the frame, falls visibly downward, and contacts the center of the water surface. Only after contact, a small crown splash rises and concentric ripples spread outward. The camera, lighting, background, receiver geometry, and all other objects remain unchanged."
wdp0061,liquid_surface,surface_flow,liquid_surface_15,a small porcelain teacup filled with water,1,"completely still, with a calm level water surface",slightly left of the center of the water surface,a brief impact cavity closes and circular ripples cross the surface,one_seed_only,"A realistic fixed-camera macro video in one continuous shot. During the first two seconds, a small porcelain teacup filled with water is completely still, with a calm level water surface. No falling droplet, splash, impact cavity, or ripple is visible during these first two seconds. Then exactly one large clear water droplet enters from the top of the frame, falls visibly downward, and contacts slightly left of the center of the water surface. Only after contact, a brief impact cavity closes and circular ripples cross the surface. The camera, lighting, background, receiver geometry, and all other objects remain unchanged."
wdp0062,liquid_surface,surface_flow,liquid_surface_15,a small porcelain teacup filled with water,2,"completely still, with a shallow motionless water surface",slightly right of center,a low radial splash forms and several shallow ripples expand outward,one_seed_only,"A realistic fixed-camera macro video in one continuous shot. During the first two seconds, a small porcelain teacup filled with water is completely still, with a shallow motionless water surface. No falling droplet, splash, impact cavity, or ripple is visible during these first two seconds. Then exactly one large clear water droplet enters from the top of the frame, falls visibly downward, and contacts slightly right of center. Only after contact, a low radial splash forms and several shallow ripples expand outward. The camera, lighting, background, receiver geometry, and all other objects remain unchanged."
wdp0063,liquid_surface,surface_flow,liquid_surface_15,a small porcelain teacup filled with water,3,"completely still, with the water surface and its nearest edge clearly visible",near the visible inner edge of the water surface,an asymmetric splash forms and curved ripples travel toward the opposite edge,one_seed_only,"A realistic fixed-camera macro video in one continuous shot. During the first two seconds, a small porcelain teacup filled with water is completely still, with the water surface and its nearest edge clearly visible. No falling droplet, splash, impact cavity, or ripple is visible during these first two seconds. Then exactly one large clear water droplet enters from the top of the frame, falls visibly downward, and contacts near the visible inner edge of the water surface. Only after contact, an asymmetric splash forms and curved ripples travel toward the opposite edge. The camera, lighting, background, receiver geometry, and all other objects remain unchanged."
wdp0064,liquid_surface,surface_flow,liquid_surface_16,a clear stemmed wine glass filled with water,0,"completely still, with a perfectly flat water surface",the center of the water surface,a small crown splash rises and concentric ripples spread outward,one_seed_only,"A realistic fixed-camera macro video in one continuous shot. During the first two seconds, a clear stemmed wine glass filled with water is completely still, with a perfectly flat water surface. No falling droplet, splash, impact cavity, or ripple is visible during these first two seconds. Then exactly one large clear water droplet enters from the top of the frame, falls visibly downward, and contacts the center of the water surface. Only after contact, a small crown splash rises and concentric ripples spread outward. The camera, lighting, background, receiver geometry, and all other objects remain unchanged."
wdp0065,liquid_surface,surface_flow,liquid_surface_16,a clear stemmed wine glass filled with water,1,"completely still, with a calm level water surface",slightly left of the center of the water surface,a brief impact cavity closes and circular ripples cross the surface,one_seed_only,"A realistic fixed-camera macro video in one continuous shot. During the first two seconds, a clear stemmed wine glass filled with water is completely still, with a calm level water surface. No falling droplet, splash, impact cavity, or ripple is visible during these first two seconds. Then exactly one large clear water droplet enters from the top of the frame, falls visibly downward, and contacts slightly left of the center of the water surface. Only after contact, a brief impact cavity closes and circular ripples cross the surface. The camera, lighting, background, receiver geometry, and all other objects remain unchanged."
wdp0066,liquid_surface,surface_flow,liquid_surface_16,a clear stemmed wine glass filled with water,2,"completely still, with a shallow motionless water surface",slightly right of center,a low radial splash forms and several shallow ripples expand outward,one_seed_only,"A realistic fixed-camera macro video in one continuous shot. During the first two seconds, a clear stemmed wine glass filled with water is completely still, with a shallow motionless water surface. No falling droplet, splash, impact cavity, or ripple is visible during these first two seconds. Then exactly one large clear water droplet enters from the top of the frame, falls visibly downward, and contacts slightly right of center. Only after contact, a low radial splash forms and several shallow ripples expand outward. The camera, lighting, background, receiver geometry, and all other objects remain unchanged."
wdp0067,liquid_surface,surface_flow,liquid_surface_16,a clear stemmed wine glass filled with water,3,"completely still, with the water surface and its nearest edge clearly visible",near the visible inner edge of the water surface,an asymmetric splash forms and curved ripples travel toward the opposite edge,one_seed_only,"A realistic fixed-camera macro video in one continuous shot. During the first two seconds, a clear stemmed wine glass filled with water is completely still, with the water surface and its nearest edge clearly visible. No falling droplet, splash, impact cavity, or ripple is visible during these first two seconds. Then exactly one large clear water droplet enters from the top of the frame, falls visibly downward, and contacts near the visible inner edge of the water surface. Only after contact, an asymmetric splash forms and curved ripples travel toward the opposite edge. The camera, lighting, background, receiver geometry, and all other objects remain unchanged."
wdp0068,liquid_surface,surface_flow,liquid_surface_17,a plain glass tumbler filled with water,0,"completely still, with a perfectly flat water surface",the center of the water surface,a small crown splash rises and concentric ripples spread outward,one_seed_only,"A realistic fixed-camera macro video in one continuous shot. During the first two seconds, a plain glass tumbler filled with water is completely still, with a perfectly flat water surface. No falling droplet, splash, impact cavity, or ripple is visible during these first two seconds. Then exactly one large clear water droplet enters from the top of the frame, falls visibly downward, and contacts the center of the water surface. Only after contact, a small crown splash rises and concentric ripples spread outward. The camera, lighting, background, receiver geometry, and all other objects remain unchanged."
wdp0069,liquid_surface,surface_flow,liquid_surface_17,a plain glass tumbler filled with water,1,"completely still, with a calm level water surface",slightly left of the center of the water surface,a brief impact cavity closes and circular ripples cross the surface,one_seed_only,"A realistic fixed-camera macro video in one continuous shot. During the first two seconds, a plain glass tumbler filled with water is completely still, with a calm level water surface. No falling droplet, splash, impact cavity, or ripple is visible during these first two seconds. Then exactly one large clear water droplet enters from the top of the frame, falls visibly downward, and contacts slightly left of the center of the water surface. Only after contact, a brief impact cavity closes and circular ripples cross the surface. The camera, lighting, background, receiver geometry, and all other objects remain unchanged."
wdp0070,liquid_surface,surface_flow,liquid_surface_17,a plain glass tumbler filled with water,2,"completely still, with a shallow motionless water surface",slightly right of center,a low radial splash forms and several shallow ripples expand outward,one_seed_only,"A realistic fixed-camera macro video in one continuous shot. During the first two seconds, a plain glass tumbler filled with water is completely still, with a shallow motionless water surface. No falling droplet, splash, impact cavity, or ripple is visible during these first two seconds. Then exactly one large clear water droplet enters from the top of the frame, falls visibly downward, and contacts slightly right of center. Only after contact, a low radial splash forms and several shallow ripples expand outward. The camera, lighting, background, receiver geometry, and all other objects remain unchanged."
wdp0071,liquid_surface,surface_flow,liquid_surface_17,a plain glass tumbler filled with water,3,"completely still, with the water surface and its nearest edge clearly visible",near the visible inner edge of the water surface,an asymmetric splash forms and curved ripples travel toward the opposite edge,one_seed_only,"A realistic fixed-camera macro video in one continuous shot. During the first two seconds, a plain glass tumbler filled with water is completely still, with the water surface and its nearest edge clearly visible. No falling droplet, splash, impact cavity, or ripple is visible during these first two seconds. Then exactly one large clear water droplet enters from the top of the frame, falls visibly downward, and contacts near the visible inner edge of the water surface. Only after contact, an asymmetric splash forms and curved ripples travel toward the opposite edge. The camera, lighting, background, receiver geometry, and all other objects remain unchanged."
wdp0072,liquid_surface,surface_flow,liquid_surface_18,a wide-mouth mason jar filled with water,0,"completely still, with a perfectly flat water surface",the center of the water surface,a small crown splash rises and concentric ripples spread outward,one_seed_only,"A realistic fixed-camera macro video in one continuous shot. During the first two seconds, a wide-mouth mason jar filled with water is completely still, with a perfectly flat water surface. No falling droplet, splash, impact cavity, or ripple is visible during these first two seconds. Then exactly one large clear water droplet enters from the top of the frame, falls visibly downward, and contacts the center of the water surface. Only after contact, a small crown splash rises and concentric ripples spread outward. The camera, lighting, background, receiver geometry, and all other objects remain unchanged."
wdp0073,liquid_surface,surface_flow,liquid_surface_18,a wide-mouth mason jar filled with water,1,"completely still, with a calm level water surface",slightly left of the center of the water surface,a brief impact cavity closes and circular ripples cross the surface,one_seed_only,"A realistic fixed-camera macro video in one continuous shot. During the first two seconds, a wide-mouth mason jar filled with water is completely still, with a calm level water surface. No falling droplet, splash, impact cavity, or ripple is visible during these first two seconds. Then exactly one large clear water droplet enters from the top of the frame, falls visibly downward, and contacts slightly left of the center of the water surface. Only after contact, a brief impact cavity closes and circular ripples cross the surface. The camera, lighting, background, receiver geometry, and all other objects remain unchanged."
wdp0074,liquid_surface,surface_flow,liquid_surface_18,a wide-mouth mason jar filled with water,2,"completely still, with a shallow motionless water surface",slightly right of center,a low radial splash forms and several shallow ripples expand outward,one_seed_only,"A realistic fixed-camera macro video in one continuous shot. During the first two seconds, a wide-mouth mason jar filled with water is completely still, with a shallow motionless water surface. No falling droplet, splash, impact cavity, or ripple is visible during these first two seconds. Then exactly one large clear water droplet enters from the top of the frame, falls visibly downward, and contacts slightly right of center. Only after contact, a low radial splash forms and several shallow ripples expand outward. The camera, lighting, background, receiver geometry, and all other objects remain unchanged."
wdp0075,liquid_surface,surface_flow,liquid_surface_18,a wide-mouth mason jar filled with water,3,"completely still, with the water surface and its nearest edge clearly visible",near the visible inner edge of the water surface,an asymmetric splash forms and curved ripples travel toward the opposite edge,one_seed_only,"A realistic fixed-camera macro video in one continuous shot. During the first two seconds, a wide-mouth mason jar filled with water is completely still, with the water surface and its nearest edge clearly visible. No falling droplet, splash, impact cavity, or ripple is visible during these first two seconds. Then exactly one large clear water droplet enters from the top of the frame, falls visibly downward, and contacts near the visible inner edge of the water surface. Only after contact, an asymmetric splash forms and curved ripples travel toward the opposite edge. The camera, lighting, background, receiver geometry, and all other objects remain unchanged."
wdp0076,liquid_surface,surface_flow,liquid_surface_19,a short glass flower vase filled with water,0,"completely still, with a perfectly flat water surface",the center of the water surface,a small crown splash rises and concentric ripples spread outward,one_seed_only,"A realistic fixed-camera macro video in one continuous shot. During the first two seconds, a short glass flower vase filled with water is completely still, with a perfectly flat water surface. No falling droplet, splash, impact cavity, or ripple is visible during these first two seconds. Then exactly one large clear water droplet enters from the top of the frame, falls visibly downward, and contacts the center of the water surface. Only after contact, a small crown splash rises and concentric ripples spread outward. The camera, lighting, background, receiver geometry, and all other objects remain unchanged."
wdp0077,liquid_surface,surface_flow,liquid_surface_19,a short glass flower vase filled with water,1,"completely still, with a calm level water surface",slightly left of the center of the water surface,a brief impact cavity closes and circular ripples cross the surface,one_seed_only,"A realistic fixed-camera macro video in one continuous shot. During the first two seconds, a short glass flower vase filled with water is completely still, with a calm level water surface. No falling droplet, splash, impact cavity, or ripple is visible during these first two seconds. Then exactly one large clear water droplet enters from the top of the frame, falls visibly downward, and contacts slightly left of the center of the water surface. Only after contact, a brief impact cavity closes and circular ripples cross the surface. The camera, lighting, background, receiver geometry, and all other objects remain unchanged."
wdp0078,liquid_surface,surface_flow,liquid_surface_19,a short glass flower vase filled with water,2,"completely still, with a shallow motionless water surface",slightly right of center,a low radial splash forms and several shallow ripples expand outward,one_seed_only,"A realistic fixed-camera macro video in one continuous shot. During the first two seconds, a short glass flower vase filled with water is completely still, with a shallow motionless water surface. No falling droplet, splash, impact cavity, or ripple is visible during these first two seconds. Then exactly one large clear water droplet enters from the top of the frame, falls visibly downward, and contacts slightly right of center. Only after contact, a low radial splash forms and several shallow ripples expand outward. The camera, lighting, background, receiver geometry, and all other objects remain unchanged."
wdp0079,liquid_surface,surface_flow,liquid_surface_19,a short glass flower vase filled with water,3,"completely still, with the water surface and its nearest edge clearly visible",near the visible inner edge of the water surface,an asymmetric splash forms and curved ripples travel toward the opposite edge,one_seed_only,"A realistic fixed-camera macro video in one continuous shot. During the first two seconds, a short glass flower vase filled with water is completely still, with the water surface and its nearest edge clearly visible. No falling droplet, splash, impact cavity, or ripple is visible during these first two seconds. Then exactly one large clear water droplet enters from the top of the frame, falls visibly downward, and contacts near the visible inner edge of the water surface. Only after contact, an asymmetric splash forms and curved ripples travel toward the opposite edge. The camera, lighting, background, receiver geometry, and all other objects remain unchanged."
wdp0080,liquid_surface,surface_flow,liquid_surface_20,a wide porcelain basin filled with water,0,"completely still, with a perfectly flat water surface",the center of the water surface,a small crown splash rises and concentric ripples spread outward,one_seed_only,"A realistic fixed-camera macro video in one continuous shot. During the first two seconds, a wide porcelain basin filled with water is completely still, with a perfectly flat water surface. No falling droplet, splash, impact cavity, or ripple is visible during these first two seconds. Then exactly one large clear water droplet enters from the top of the frame, falls visibly downward, and contacts the center of the water surface. Only after contact, a small crown splash rises and concentric ripples spread outward. The camera, lighting, background, receiver geometry, and all other objects remain unchanged."
wdp0081,liquid_surface,surface_flow,liquid_surface_20,a wide porcelain basin filled with water,1,"completely still, with a calm level water surface",slightly left of the center of the water surface,a brief impact cavity closes and circular ripples cross the surface,one_seed_only,"A realistic fixed-camera macro video in one continuous shot. During the first two seconds, a wide porcelain basin filled with water is completely still, with a calm level water surface. No falling droplet, splash, impact cavity, or ripple is visible during these first two seconds. Then exactly one large clear water droplet enters from the top of the frame, falls visibly downward, and contacts slightly left of the center of the water surface. Only after contact, a brief impact cavity closes and circular ripples cross the surface. The camera, lighting, background, receiver geometry, and all other objects remain unchanged."
wdp0082,liquid_surface,surface_flow,liquid_surface_20,a wide porcelain basin filled with water,2,"completely still, with a shallow motionless water surface",slightly right of center,a low radial splash forms and several shallow ripples expand outward,one_seed_only,"A realistic fixed-camera macro video in one continuous shot. During the first two seconds, a wide porcelain basin filled with water is completely still, with a shallow motionless water surface. No falling droplet, splash, impact cavity, or ripple is visible during these first two seconds. Then exactly one large clear water droplet enters from the top of the frame, falls visibly downward, and contacts slightly right of center. Only after contact, a low radial splash forms and several shallow ripples expand outward. The camera, lighting, background, receiver geometry, and all other objects remain unchanged."
wdp0083,liquid_surface,surface_flow,liquid_surface_20,a wide porcelain basin filled with water,3,"completely still, with the water surface and its nearest edge clearly visible",near the visible inner edge of the water surface,an asymmetric splash forms and curved ripples travel toward the opposite edge,one_seed_only,"A realistic fixed-camera macro video in one continuous shot. During the first two seconds, a wide porcelain basin filled with water is completely still, with the water surface and its nearest edge clearly visible. No falling droplet, splash, impact cavity, or ripple is visible during these first two seconds. Then exactly one large clear water droplet enters from the top of the frame, falls visibly downward, and contacts near the visible inner edge of the water surface. Only after contact, an asymmetric splash forms and curved ripples travel toward the opposite edge. The camera, lighting, background, receiver geometry, and all other objects remain unchanged."
wdp0084,liquid_surface,surface_flow,liquid_surface_21,a white bathtub filled with still water,0,"completely still, with a perfectly flat water surface",the center of the water surface,a small crown splash rises and concentric ripples spread outward,one_seed_only,"A realistic fixed-camera macro video in one continuous shot. During the first two seconds, a white bathtub filled with still water is completely still, with a perfectly flat water surface. No falling droplet, splash, impact cavity, or ripple is visible during these first two seconds. Then exactly one large clear water droplet enters from the top of the frame, falls visibly downward, and contacts the center of the water surface. Only after contact, a small crown splash rises and concentric ripples spread outward. The camera, lighting, background, receiver geometry, and all other objects remain unchanged."
wdp0085,liquid_surface,surface_flow,liquid_surface_21,a white bathtub filled with still water,1,"completely still, with a calm level water surface",slightly left of the center of the water surface,a brief impact cavity closes and circular ripples cross the surface,one_seed_only,"A realistic fixed-camera macro video in one continuous shot. During the first two seconds, a white bathtub filled with still water is completely still, with a calm level water surface. No falling droplet, splash, impact cavity, or ripple is visible during these first two seconds. Then exactly one large clear water droplet enters from the top of the frame, falls visibly downward, and contacts slightly left of the center of the water surface. Only after contact, a brief impact cavity closes and circular ripples cross the surface. The camera, lighting, background, receiver geometry, and all other objects remain unchanged."
wdp0086,liquid_surface,surface_flow,liquid_surface_21,a white bathtub filled with still water,2,"completely still, with a shallow motionless water surface",slightly right of center,a low radial splash forms and several shallow ripples expand outward,one_seed_only,"A realistic fixed-camera macro video in one continuous shot. During the first two seconds, a white bathtub filled with still water is completely still, with a shallow motionless water surface. No falling droplet, splash, impact cavity, or ripple is visible during these first two seconds. Then exactly one large clear water droplet enters from the top of the frame, falls visibly downward, and contacts slightly right of center. Only after contact, a low radial splash forms and several shallow ripples expand outward. The camera, lighting, background, receiver geometry, and all other objects remain unchanged."
wdp0087,liquid_surface,surface_flow,liquid_surface_21,a white bathtub filled with still water,3,"completely still, with the water surface and its nearest edge clearly visible",near the visible inner edge of the water surface,an asymmetric splash forms and curved ripples travel toward the opposite edge,one_seed_only,"A realistic fixed-camera macro video in one continuous shot. During the first two seconds, a white bathtub filled with still water is completely still, with the water surface and its nearest edge clearly visible. No falling droplet, splash, impact cavity, or ripple is visible during these first two seconds. Then exactly one large clear water droplet enters from the top of the frame, falls visibly downward, and contacts near the visible inner edge of the water surface. Only after contact, an asymmetric splash forms and curved ripples travel toward the opposite edge. The camera, lighting, background, receiver geometry, and all other objects remain unchanged."
wdp0088,liquid_surface,surface_flow,liquid_surface_22,a shallow white shower tray holding a thin layer of water,0,"completely still, with a perfectly flat water surface",the center of the water surface,a small crown splash rises and concentric ripples spread outward,one_seed_only,"A realistic fixed-camera macro video in one continuous shot. During the first two seconds, a shallow white shower tray holding a thin layer of water is completely still, with a perfectly flat water surface. No falling droplet, splash, impact cavity, or ripple is visible during these first two seconds. Then exactly one large clear water droplet enters from the top of the frame, falls visibly downward, and contacts the center of the water surface. Only after contact, a small crown splash rises and concentric ripples spread outward. The camera, lighting, background, receiver geometry, and all other objects remain unchanged."
wdp0089,liquid_surface,surface_flow,liquid_surface_22,a shallow white shower tray holding a thin layer of water,1,"completely still, with a calm level water surface",slightly left of the center of the water surface,a brief impact cavity closes and circular ripples cross the surface,one_seed_only,"A realistic fixed-camera macro video in one continuous shot. During the first two seconds, a shallow white shower tray holding a thin layer of water is completely still, with a calm level water surface. No falling droplet, splash, impact cavity, or ripple is visible during these first two seconds. Then exactly one large clear water droplet enters from the top of the frame, falls visibly downward, and contacts slightly left of the center of the water surface. Only after contact, a brief impact cavity closes and circular ripples cross the surface. The camera, lighting, background, receiver geometry, and all other objects remain unchanged."
wdp0090,liquid_surface,surface_flow,liquid_surface_22,a shallow white shower tray holding a thin layer of water,2,"completely still, with a shallow motionless water surface",slightly right of center,a low radial splash forms and several shallow ripples expand outward,one_seed_only,"A realistic fixed-camera macro video in one continuous shot. During the first two seconds, a shallow white shower tray holding a thin layer of water is completely still, with a shallow motionless water surface. No falling droplet, splash, impact cavity, or ripple is visible during these first two seconds. Then exactly one large clear water droplet enters from the top of the frame, falls visibly downward, and contacts slightly right of center. Only after contact, a low radial splash forms and several shallow ripples expand outward. The camera, lighting, background, receiver geometry, and all other objects remain unchanged."
wdp0091,liquid_surface,surface_flow,liquid_surface_22,a shallow white shower tray holding a thin layer of water,3,"completely still, with the water surface and its nearest edge clearly visible",near the visible inner edge of the water surface,an asymmetric splash forms and curved ripples travel toward the opposite edge,one_seed_only,"A realistic fixed-camera macro video in one continuous shot. During the first two seconds, a shallow white shower tray holding a thin layer of water is completely still, with the water surface and its nearest edge clearly visible. No falling droplet, splash, impact cavity, or ripple is visible during these first two seconds. Then exactly one large clear water droplet enters from the top of the frame, falls visibly downward, and contacts near the visible inner edge of the water surface. Only after contact, an asymmetric splash forms and curved ripples travel toward the opposite edge. The camera, lighting, background, receiver geometry, and all other objects remain unchanged."
wdp0092,liquid_surface,surface_flow,liquid_surface_23,an open rain barrel filled with water,0,"completely still, with a perfectly flat water surface",the center of the water surface,a small crown splash rises and concentric ripples spread outward,one_seed_only,"A realistic fixed-camera macro video in one continuous shot. During the first two seconds, an open rain barrel filled with water is completely still, with a perfectly flat water surface. No falling droplet, splash, impact cavity, or ripple is visible during these first two seconds. Then exactly one large clear water droplet enters from the top of the frame, falls visibly downward, and contacts the center of the water surface. Only after contact, a small crown splash rises and concentric ripples spread outward. The camera, lighting, background, receiver geometry, and all other objects remain unchanged."
wdp0093,liquid_surface,surface_flow,liquid_surface_23,an open rain barrel filled with water,1,"completely still, with a calm level water surface",slightly left of the center of the water surface,a brief impact cavity closes and circular ripples cross the surface,one_seed_only,"A realistic fixed-camera macro video in one continuous shot. During the first two seconds, an open rain barrel filled with water is completely still, with a calm level water surface. No falling droplet, splash, impact cavity, or ripple is visible during these first two seconds. Then exactly one large clear water droplet enters from the top of the frame, falls visibly downward, and contacts slightly left of the center of the water surface. Only after contact, a brief impact cavity closes and circular ripples cross the surface. The camera, lighting, background, receiver geometry, and all other objects remain unchanged."
wdp0094,liquid_surface,surface_flow,liquid_surface_23,an open rain barrel filled with water,2,"completely still, with a shallow motionless water surface",slightly right of center,a low radial splash forms and several shallow ripples expand outward,one_seed_only,"A realistic fixed-camera macro video in one continuous shot. During the first two seconds, an open rain barrel filled with water is completely still, with a shallow motionless water surface. No falling droplet, splash, impact cavity, or ripple is visible during these first two seconds. Then exactly one large clear water droplet enters from the top of the frame, falls visibly downward, and contacts slightly right of center. Only after contact, a low radial splash forms and several shallow ripples expand outward. The camera, lighting, background, receiver geometry, and all other objects remain unchanged."
wdp0095,liquid_surface,surface_flow,liquid_surface_23,an open rain barrel filled with water,3,"completely still, with the water surface and its nearest edge clearly visible",near the visible inner edge of the water surface,an asymmetric splash forms and curved ripples travel toward the opposite edge,one_seed_only,"A realistic fixed-camera macro video in one continuous shot. During the first two seconds, an open rain barrel filled with water is completely still, with the water surface and its nearest edge clearly visible. No falling droplet, splash, impact cavity, or ripple is visible during these first two seconds. Then exactly one large clear water droplet enters from the top of the frame, falls visibly downward, and contacts near the visible inner edge of the water surface. Only after contact, an asymmetric splash forms and curved ripples travel toward the opposite edge. The camera, lighting, background, receiver geometry, and all other objects remain unchanged."
wdp0096,liquid_surface,surface_flow,liquid_surface_24,an open metal pail filled with water,0,"completely still, with a perfectly flat water surface",the center of the water surface,a small crown splash rises and concentric ripples spread outward,one_seed_only,"A realistic fixed-camera macro video in one continuous shot. During the first two seconds, an open metal pail filled with water is completely still, with a perfectly flat water surface. No falling droplet, splash, impact cavity, or ripple is visible during these first two seconds. Then exactly one large clear water droplet enters from the top of the frame, falls visibly downward, and contacts the center of the water surface. Only after contact, a small crown splash rises and concentric ripples spread outward. The camera, lighting, background, receiver geometry, and all other objects remain unchanged."
wdp0097,liquid_surface,surface_flow,liquid_surface_24,an open metal pail filled with water,1,"completely still, with a calm level water surface",slightly left of the center of the water surface,a brief impact cavity closes and circular ripples cross the surface,one_seed_only,"A realistic fixed-camera macro video in one continuous shot. During the first two seconds, an open metal pail filled with water is completely still, with a calm level water surface. No falling droplet, splash, impact cavity, or ripple is visible during these first two seconds. Then exactly one large clear water droplet enters from the top of the frame, falls visibly downward, and contacts slightly left of the center of the water surface. Only after contact, a brief impact cavity closes and circular ripples cross the surface. The camera, lighting, background, receiver geometry, and all other objects remain unchanged."
wdp0098,liquid_surface,surface_flow,liquid_surface_24,an open metal pail filled with water,2,"completely still, with a shallow motionless water surface",slightly right of center,a low radial splash forms and several shallow ripples expand outward,one_seed_only,"A realistic fixed-camera macro video in one continuous shot. During the first two seconds, an open metal pail filled with water is completely still, with a shallow motionless water surface. No falling droplet, splash, impact cavity, or ripple is visible during these first two seconds. Then exactly one large clear water droplet enters from the top of the frame, falls visibly downward, and contacts slightly right of center. Only after contact, a low radial splash forms and several shallow ripples expand outward. The camera, lighting, background, receiver geometry, and all other objects remain unchanged."
wdp0099,liquid_surface,surface_flow,liquid_surface_24,an open metal pail filled with water,3,"completely still, with the water surface and its nearest edge clearly visible",near the visible inner edge of the water surface,an asymmetric splash forms and curved ripples travel toward the opposite edge,one_seed_only,"A realistic fixed-camera macro video in one continuous shot. During the first two seconds, an open metal pail filled with water is completely still, with the water surface and its nearest edge clearly visible. No falling droplet, splash, impact cavity, or ripple is visible during these first two seconds. Then exactly one large clear water droplet enters from the top of the frame, falls visibly downward, and contacts near the visible inner edge of the water surface. Only after contact, an asymmetric splash forms and curved ripples travel toward the opposite edge. The camera, lighting, background, receiver geometry, and all other objects remain unchanged."
wdp0100,liquid_surface,surface_flow,liquid_surface_25,a blue plastic storage tub filled with water,0,"completely still, with a perfectly flat water surface",the center of the water surface,a small crown splash rises and concentric ripples spread outward,one_seed_only,"A realistic fixed-camera macro video in one continuous shot. During the first two seconds, a blue plastic storage tub filled with water is completely still, with a perfectly flat water surface. No falling droplet, splash, impact cavity, or ripple is visible during these first two seconds. Then exactly one large clear water droplet enters from the top of the frame, falls visibly downward, and contacts the center of the water surface. Only after contact, a small crown splash rises and concentric ripples spread outward. The camera, lighting, background, receiver geometry, and all other objects remain unchanged."
wdp0101,liquid_surface,surface_flow,liquid_surface_25,a blue plastic storage tub filled with water,1,"completely still, with a calm level water surface",slightly left of the center of the water surface,a brief impact cavity closes and circular ripples cross the surface,one_seed_only,"A realistic fixed-camera macro video in one continuous shot. During the first two seconds, a blue plastic storage tub filled with water is completely still, with a calm level water surface. No falling droplet, splash, impact cavity, or ripple is visible during these first two seconds. Then exactly one large clear water droplet enters from the top of the frame, falls visibly downward, and contacts slightly left of the center of the water surface. Only after contact, a brief impact cavity closes and circular ripples cross the surface. The camera, lighting, background, receiver geometry, and all other objects remain unchanged."
wdp0102,liquid_surface,surface_flow,liquid_surface_25,a blue plastic storage tub filled with water,2,"completely still, with a shallow motionless water surface",slightly right of center,a low radial splash forms and several shallow ripples expand outward,one_seed_only,"A realistic fixed-camera macro video in one continuous shot. During the first two seconds, a blue plastic storage tub filled with water is completely still, with a shallow motionless water surface. No falling droplet, splash, impact cavity, or ripple is visible during these first two seconds. Then exactly one large clear water droplet enters from the top of the frame, falls visibly downward, and contacts slightly right of center. Only after contact, a low radial splash forms and several shallow ripples expand outward. The camera, lighting, background, receiver geometry, and all other objects remain unchanged."
wdp0103,liquid_surface,surface_flow,liquid_surface_25,a blue plastic storage tub filled with water,3,"completely still, with the water surface and its nearest edge clearly visible",near the visible inner edge of the water surface,an asymmetric splash forms and curved ripples travel toward the opposite edge,one_seed_only,"A realistic fixed-camera macro video in one continuous shot. During the first two seconds, a blue plastic storage tub filled with water is completely still, with the water surface and its nearest edge clearly visible. No falling droplet, splash, impact cavity, or ripple is visible during these first two seconds. Then exactly one large clear water droplet enters from the top of the frame, falls visibly downward, and contacts near the visible inner edge of the water surface. Only after contact, an asymmetric splash forms and curved ripples travel toward the opposite edge. The camera, lighting, background, receiver geometry, and all other objects remain unchanged."
wdp0104,liquid_surface,surface_flow,liquid_surface_26,one compartment of a white ice-cube tray filled with water,0,"completely still, with a perfectly flat water surface",the center of the water surface,a small crown splash rises and concentric ripples spread outward,one_seed_only,"A realistic fixed-camera macro video in one continuous shot. During the first two seconds, one compartment of a white ice-cube tray filled with water is completely still, with a perfectly flat water surface. No falling droplet, splash, impact cavity, or ripple is visible during these first two seconds. Then exactly one large clear water droplet enters from the top of the frame, falls visibly downward, and contacts the center of the water surface. Only after contact, a small crown splash rises and concentric ripples spread outward. The camera, lighting, background, receiver geometry, and all other objects remain unchanged."
wdp0105,liquid_surface,surface_flow,liquid_surface_26,one compartment of a white ice-cube tray filled with water,1,"completely still, with a calm level water surface",slightly left of the center of the water surface,a brief impact cavity closes and circular ripples cross the surface,one_seed_only,"A realistic fixed-camera macro video in one continuous shot. During the first two seconds, one compartment of a white ice-cube tray filled with water is completely still, with a calm level water surface. No falling droplet, splash, impact cavity, or ripple is visible during these first two seconds. Then exactly one large clear water droplet enters from the top of the frame, falls visibly downward, and contacts slightly left of the center of the water surface. Only after contact, a brief impact cavity closes and circular ripples cross the surface. The camera, lighting, background, receiver geometry, and all other objects remain unchanged."
wdp0106,liquid_surface,surface_flow,liquid_surface_26,one compartment of a white ice-cube tray filled with water,2,"completely still, with a shallow motionless water surface",slightly right of center,a low radial splash forms and several shallow ripples expand outward,one_seed_only,"A realistic fixed-camera macro video in one continuous shot. During the first two seconds, one compartment of a white ice-cube tray filled with water is completely still, with a shallow motionless water surface. No falling droplet, splash, impact cavity, or ripple is visible during these first two seconds. Then exactly one large clear water droplet enters from the top of the frame, falls visibly downward, and contacts slightly right of center. Only after contact, a low radial splash forms and several shallow ripples expand outward. The camera, lighting, background, receiver geometry, and all other objects remain unchanged."
wdp0107,liquid_surface,surface_flow,liquid_surface_26,one compartment of a white ice-cube tray filled with water,3,"completely still, with the water surface and its nearest edge clearly visible",near the visible inner edge of the water surface,an asymmetric splash forms and curved ripples travel toward the opposite edge,one_seed_only,"A realistic fixed-camera macro video in one continuous shot. During the first two seconds, one compartment of a white ice-cube tray filled with water is completely still, with the water surface and its nearest edge clearly visible. No falling droplet, splash, impact cavity, or ripple is visible during these first two seconds. Then exactly one large clear water droplet enters from the top of the frame, falls visibly downward, and contacts near the visible inner edge of the water surface. Only after contact, an asymmetric splash forms and curved ripples travel toward the opposite edge. The camera, lighting, background, receiver geometry, and all other objects remain unchanged."
wdp0108,liquid_surface,surface_flow,liquid_surface_27,a stainless-steel pet water bowl,0,"completely still, with a perfectly flat water surface",the center of the water surface,a small crown splash rises and concentric ripples spread outward,one_seed_only,"A realistic fixed-camera macro video in one continuous shot. During the first two seconds, a stainless-steel pet water bowl is completely still, with a perfectly flat water surface. No falling droplet, splash, impact cavity, or ripple is visible during these first two seconds. Then exactly one large clear water droplet enters from the top of the frame, falls visibly downward, and contacts the center of the water surface. Only after contact, a small crown splash rises and concentric ripples spread outward. The camera, lighting, background, receiver geometry, and all other objects remain unchanged."
wdp0109,liquid_surface,surface_flow,liquid_surface_27,a stainless-steel pet water bowl,1,"completely still, with a calm level water surface",slightly left of the center of the water surface,a brief impact cavity closes and circular ripples cross the surface,one_seed_only,"A realistic fixed-camera macro video in one continuous shot. During the first two seconds, a stainless-steel pet water bowl is completely still, with a calm level water surface. No falling droplet, splash, impact cavity, or ripple is visible during these first two seconds. Then exactly one large clear water droplet enters from the top of the frame, falls visibly downward, and contacts slightly left of the center of the water surface. Only after contact, a brief impact cavity closes and circular ripples cross the surface. The camera, lighting, background, receiver geometry, and all other objects remain unchanged."
wdp0110,liquid_surface,surface_flow,liquid_surface_27,a stainless-steel pet water bowl,2,"completely still, with a shallow motionless water surface",slightly right of center,a low radial splash forms and several shallow ripples expand outward,one_seed_only,"A realistic fixed-camera macro video in one continuous shot. During the first two seconds, a stainless-steel pet water bowl is completely still, with a shallow motionless water surface. No falling droplet, splash, impact cavity, or ripple is visible during these first two seconds. Then exactly one large clear water droplet enters from the top of the frame, falls visibly downward, and contacts slightly right of center. Only after contact, a low radial splash forms and several shallow ripples expand outward. The camera, lighting, background, receiver geometry, and all other objects remain unchanged."
wdp0111,liquid_surface,surface_flow,liquid_surface_27,a stainless-steel pet water bowl,3,"completely still, with the water surface and its nearest edge clearly visible",near the visible inner edge of the water surface,an asymmetric splash forms and curved ripples travel toward the opposite edge,one_seed_only,"A realistic fixed-camera macro video in one continuous shot. During the first two seconds, a stainless-steel pet water bowl is completely still, with the water surface and its nearest edge clearly visible. No falling droplet, splash, impact cavity, or ripple is visible during these first two seconds. Then exactly one large clear water droplet enters from the top of the frame, falls visibly downward, and contacts near the visible inner edge of the water surface. Only after contact, an asymmetric splash forms and curved ripples travel toward the opposite edge. The camera, lighting, background, receiver geometry, and all other objects remain unchanged."
wdp0112,liquid_surface,surface_flow,liquid_surface_28,a carved granite basin filled with water,0,"completely still, with a perfectly flat water surface",the center of the water surface,a small crown splash rises and concentric ripples spread outward,one_seed_only,"A realistic fixed-camera macro video in one continuous shot. During the first two seconds, a carved granite basin filled with water is completely still, with a perfectly flat water surface. No falling droplet, splash, impact cavity, or ripple is visible during these first two seconds. Then exactly one large clear water droplet enters from the top of the frame, falls visibly downward, and contacts the center of the water surface. Only after contact, a small crown splash rises and concentric ripples spread outward. The camera, lighting, background, receiver geometry, and all other objects remain unchanged."
wdp0113,liquid_surface,surface_flow,liquid_surface_28,a carved granite basin filled with water,1,"completely still, with a calm level water surface",slightly left of the center of the water surface,a brief impact cavity closes and circular ripples cross the surface,one_seed_only,"A realistic fixed-camera macro video in one continuous shot. During the first two seconds, a carved granite basin filled with water is completely still, with a calm level water surface. No falling droplet, splash, impact cavity, or ripple is visible during these first two seconds. Then exactly one large clear water droplet enters from the top of the frame, falls visibly downward, and contacts slightly left of the center of the water surface. Only after contact, a brief impact cavity closes and circular ripples cross the surface. The camera, lighting, background, receiver geometry, and all other objects remain unchanged."
wdp0114,liquid_surface,surface_flow,liquid_surface_28,a carved granite basin filled with water,2,"completely still, with a shallow motionless water surface",slightly right of center,a low radial splash forms and several shallow ripples expand outward,one_seed_only,"A realistic fixed-camera macro video in one continuous shot. During the first two seconds, a carved granite basin filled with water is completely still, with a shallow motionless water surface. No falling droplet, splash, impact cavity, or ripple is visible during these first two seconds. Then exactly one large clear water droplet enters from the top of the frame, falls visibly downward, and contacts slightly right of center. Only after contact, a low radial splash forms and several shallow ripples expand outward. The camera, lighting, background, receiver geometry, and all other objects remain unchanged."
wdp0115,liquid_surface,surface_flow,liquid_surface_28,a carved granite basin filled with water,3,"completely still, with the water surface and its nearest edge clearly visible",near the visible inner edge of the water surface,an asymmetric splash forms and curved ripples travel toward the opposite edge,one_seed_only,"A realistic fixed-camera macro video in one continuous shot. During the first two seconds, a carved granite basin filled with water is completely still, with the water surface and its nearest edge clearly visible. No falling droplet, splash, impact cavity, or ripple is visible during these first two seconds. Then exactly one large clear water droplet enters from the top of the frame, falls visibly downward, and contacts near the visible inner edge of the water surface. Only after contact, an asymmetric splash forms and curved ripples travel toward the opposite edge. The camera, lighting, background, receiver geometry, and all other objects remain unchanged."
wdp0116,liquid_surface,surface_flow,liquid_surface_29,a polished copper bowl filled with water,0,"completely still, with a perfectly flat water surface",the center of the water surface,a small crown splash rises and concentric ripples spread outward,one_seed_only,"A realistic fixed-camera macro video in one continuous shot. During the first two seconds, a polished copper bowl filled with water is completely still, with a perfectly flat water surface. No falling droplet, splash, impact cavity, or ripple is visible during these first two seconds. Then exactly one large clear water droplet enters from the top of the frame, falls visibly downward, and contacts the center of the water surface. Only after contact, a small crown splash rises and concentric ripples spread outward. The camera, lighting, background, receiver geometry, and all other objects remain unchanged."
wdp0117,liquid_surface,surface_flow,liquid_surface_29,a polished copper bowl filled with water,1,"completely still, with a calm level water surface",slightly left of the center of the water surface,a brief impact cavity closes and circular ripples cross the surface,one_seed_only,"A realistic fixed-camera macro video in one continuous shot. During the first two seconds, a polished copper bowl filled with water is completely still, with a calm level water surface. No falling droplet, splash, impact cavity, or ripple is visible during these first two seconds. Then exactly one large clear water droplet enters from the top of the frame, falls visibly downward, and contacts slightly left of the center of the water surface. Only after contact, a brief impact cavity closes and circular ripples cross the surface. The camera, lighting, background, receiver geometry, and all other objects remain unchanged."
wdp0118,liquid_surface,surface_flow,liquid_surface_29,a polished copper bowl filled with water,2,"completely still, with a shallow motionless water surface",slightly right of center,a low radial splash forms and several shallow ripples expand outward,one_seed_only,"A realistic fixed-camera macro video in one continuous shot. During the first two seconds, a polished copper bowl filled with water is completely still, with a shallow motionless water surface. No falling droplet, splash, impact cavity, or ripple is visible during these first two seconds. Then exactly one large clear water droplet enters from the top of the frame, falls visibly downward, and contacts slightly right of center. Only after contact, a low radial splash forms and several shallow ripples expand outward. The camera, lighting, background, receiver geometry, and all other objects remain unchanged."
wdp0119,liquid_surface,surface_flow,liquid_surface_29,a polished copper bowl filled with water,3,"completely still, with the water surface and its nearest edge clearly visible",near the visible inner edge of the water surface,an asymmetric splash forms and curved ripples travel toward the opposite edge,one_seed_only,"A realistic fixed-camera macro video in one continuous shot. During the first two seconds, a polished copper bowl filled with water is completely still, with the water surface and its nearest edge clearly visible. No falling droplet, splash, impact cavity, or ripple is visible during these first two seconds. Then exactly one large clear water droplet enters from the top of the frame, falls visibly downward, and contacts near the visible inner edge of the water surface. Only after contact, an asymmetric splash forms and curved ripples travel toward the opposite edge. The camera, lighting, background, receiver geometry, and all other objects remain unchanged."
wdp0120,liquid_surface,surface_flow,liquid_surface_30,a polished brass bowl filled with water,0,"completely still, with a perfectly flat water surface",the center of the water surface,a small crown splash rises and concentric ripples spread outward,one_seed_only,"A realistic fixed-camera macro video in one continuous shot. During the first two seconds, a polished brass bowl filled with water is completely still, with a perfectly flat water surface. No falling droplet, splash, impact cavity, or ripple is visible during these first two seconds. Then exactly one large clear water droplet enters from the top of the frame, falls visibly downward, and contacts the center of the water surface. Only after contact, a small crown splash rises and concentric ripples spread outward. The camera, lighting, background, receiver geometry, and all other objects remain unchanged."
wdp0121,liquid_surface,surface_flow,liquid_surface_30,a polished brass bowl filled with water,1,"completely still, with a calm level water surface",slightly left of the center of the water surface,a brief impact cavity closes and circular ripples cross the surface,one_seed_only,"A realistic fixed-camera macro video in one continuous shot. During the first two seconds, a polished brass bowl filled with water is completely still, with a calm level water surface. No falling droplet, splash, impact cavity, or ripple is visible during these first two seconds. Then exactly one large clear water droplet enters from the top of the frame, falls visibly downward, and contacts slightly left of the center of the water surface. Only after contact, a brief impact cavity closes and circular ripples cross the surface. The camera, lighting, background, receiver geometry, and all other objects remain unchanged."
wdp0122,liquid_surface,surface_flow,liquid_surface_30,a polished brass bowl filled with water,2,"completely still, with a shallow motionless water surface",slightly right of center,a low radial splash forms and several shallow ripples expand outward,one_seed_only,"A realistic fixed-camera macro video in one continuous shot. During the first two seconds, a polished brass bowl filled with water is completely still, with a shallow motionless water surface. No falling droplet, splash, impact cavity, or ripple is visible during these first two seconds. Then exactly one large clear water droplet enters from the top of the frame, falls visibly downward, and contacts slightly right of center. Only after contact, a low radial splash forms and several shallow ripples expand outward. The camera, lighting, background, receiver geometry, and all other objects remain unchanged."
wdp0123,liquid_surface,surface_flow,liquid_surface_30,a polished brass bowl filled with water,3,"completely still, with the water surface and its nearest edge clearly visible",near the visible inner edge of the water surface,an asymmetric splash forms and curved ripples travel toward the opposite edge,one_seed_only,"A realistic fixed-camera macro video in one continuous shot. During the first two seconds, a polished brass bowl filled with water is completely still, with the water surface and its nearest edge clearly visible. No falling droplet, splash, impact cavity, or ripple is visible during these first two seconds. Then exactly one large clear water droplet enters from the top of the frame, falls visibly downward, and contacts near the visible inner edge of the water surface. Only after contact, an asymmetric splash forms and curved ripples travel toward the opposite edge. The camera, lighting, background, receiver geometry, and all other objects remain unchanged."
wdp0124,liquid_surface,surface_flow,liquid_surface_31,a shallow aluminum pan filled with water,0,"completely still, with a perfectly flat water surface",the center of the water surface,a small crown splash rises and concentric ripples spread outward,one_seed_only,"A realistic fixed-camera macro video in one continuous shot. During the first two seconds, a shallow aluminum pan filled with water is completely still, with a perfectly flat water surface. No falling droplet, splash, impact cavity, or ripple is visible during these first two seconds. Then exactly one large clear water droplet enters from the top of the frame, falls visibly downward, and contacts the center of the water surface. Only after contact, a small crown splash rises and concentric ripples spread outward. The camera, lighting, background, receiver geometry, and all other objects remain unchanged."
wdp0125,liquid_surface,surface_flow,liquid_surface_31,a shallow aluminum pan filled with water,1,"completely still, with a calm level water surface",slightly left of the center of the water surface,a brief impact cavity closes and circular ripples cross the surface,one_seed_only,"A realistic fixed-camera macro video in one continuous shot. During the first two seconds, a shallow aluminum pan filled with water is completely still, with a calm level water surface. No falling droplet, splash, impact cavity, or ripple is visible during these first two seconds. Then exactly one large clear water droplet enters from the top of the frame, falls visibly downward, and contacts slightly left of the center of the water surface. Only after contact, a brief impact cavity closes and circular ripples cross the surface. The camera, lighting, background, receiver geometry, and all other objects remain unchanged."
wdp0126,liquid_surface,surface_flow,liquid_surface_31,a shallow aluminum pan filled with water,2,"completely still, with a shallow motionless water surface",slightly right of center,a low radial splash forms and several shallow ripples expand outward,one_seed_only,"A realistic fixed-camera macro video in one continuous shot. During the first two seconds, a shallow aluminum pan filled with water is completely still, with a shallow motionless water surface. No falling droplet, splash, impact cavity, or ripple is visible during these first two seconds. Then exactly one large clear water droplet enters from the top of the frame, falls visibly downward, and contacts slightly right of center. Only after contact, a low radial splash forms and several shallow ripples expand outward. The camera, lighting, background, receiver geometry, and all other objects remain unchanged."
wdp0127,liquid_surface,surface_flow,liquid_surface_31,a shallow aluminum pan filled with water,3,"completely still, with the water surface and its nearest edge clearly visible",near the visible inner edge of the water surface,an asymmetric splash forms and curved ripples travel toward the opposite edge,one_seed_only,"A realistic fixed-camera macro video in one continuous shot. During the first two seconds, a shallow aluminum pan filled with water is completely still, with the water surface and its nearest edge clearly visible. No falling droplet, splash, impact cavity, or ripple is visible during these first two seconds. Then exactly one large clear water droplet enters from the top of the frame, falls visibly downward, and contacts near the visible inner edge of the water surface. Only after contact, an asymmetric splash forms and curved ripples travel toward the opposite edge. The camera, lighting, background, receiver geometry, and all other objects remain unchanged."
wdp0128,liquid_surface,surface_flow,liquid_surface_32,a rectangular glass baking dish filled with water,0,"completely still, with a perfectly flat water surface",the center of the water surface,a small crown splash rises and concentric ripples spread outward,one_seed_only,"A realistic fixed-camera macro video in one continuous shot. During the first two seconds, a rectangular glass baking dish filled with water is completely still, with a perfectly flat water surface. No falling droplet, splash, impact cavity, or ripple is visible during these first two seconds. Then exactly one large clear water droplet enters from the top of the frame, falls visibly downward, and contacts the center of the water surface. Only after contact, a small crown splash rises and concentric ripples spread outward. The camera, lighting, background, receiver geometry, and all other objects remain unchanged."
wdp0129,liquid_surface,surface_flow,liquid_surface_32,a rectangular glass baking dish filled with water,1,"completely still, with a calm level water surface",slightly left of the center of the water surface,a brief impact cavity closes and circular ripples cross the surface,one_seed_only,"A realistic fixed-camera macro video in one continuous shot. During the first two seconds, a rectangular glass baking dish filled with water is completely still, with a calm level water surface. No falling droplet, splash, impact cavity, or ripple is visible during these first two seconds. Then exactly one large clear water droplet enters from the top of the frame, falls visibly downward, and contacts slightly left of the center of the water surface. Only after contact, a brief impact cavity closes and circular ripples cross the surface. The camera, lighting, background, receiver geometry, and all other objects remain unchanged."
wdp0130,liquid_surface,surface_flow,liquid_surface_32,a rectangular glass baking dish filled with water,2,"completely still, with a shallow motionless water surface",slightly right of center,a low radial splash forms and several shallow ripples expand outward,one_seed_only,"A realistic fixed-camera macro video in one continuous shot. During the first two seconds, a rectangular glass baking dish filled with water is completely still, with a shallow motionless water surface. No falling droplet, splash, impact cavity, or ripple is visible during these first two seconds. Then exactly one large clear water droplet enters from the top of the frame, falls visibly downward, and contacts slightly right of center. Only after contact, a low radial splash forms and several shallow ripples expand outward. The camera, lighting, background, receiver geometry, and all other objects remain unchanged."
wdp0131,liquid_surface,surface_flow,liquid_surface_32,a rectangular glass baking dish filled with water,3,"completely still, with the water surface and its nearest edge clearly visible",near the visible inner edge of the water surface,an asymmetric splash forms and curved ripples travel toward the opposite edge,one_seed_only,"A realistic fixed-camera macro video in one continuous shot. During the first two seconds, a rectangular glass baking dish filled with water is completely still, with the water surface and its nearest edge clearly visible. No falling droplet, splash, impact cavity, or ripple is visible during these first two seconds. Then exactly one large clear water droplet enters from the top of the frame, falls visibly downward, and contacts near the visible inner edge of the water surface. Only after contact, an asymmetric splash forms and curved ripples travel toward the opposite edge. The camera, lighting, background, receiver geometry, and all other objects remain unchanged."
wdp0132,liquid_surface,surface_flow,liquid_surface_33,a clear acrylic tank filled with water,0,"completely still, with a perfectly flat water surface",the center of the water surface,a small crown splash rises and concentric ripples spread outward,one_seed_only,"A realistic fixed-camera macro video in one continuous shot. During the first two seconds, a clear acrylic tank filled with water is completely still, with a perfectly flat water surface. No falling droplet, splash, impact cavity, or ripple is visible during these first two seconds. Then exactly one large clear water droplet enters from the top of the frame, falls visibly downward, and contacts the center of the water surface. Only after contact, a small crown splash rises and concentric ripples spread outward. The camera, lighting, background, receiver geometry, and all other objects remain unchanged."
wdp0133,liquid_surface,surface_flow,liquid_surface_33,a clear acrylic tank filled with water,1,"completely still, with a calm level water surface",slightly left of the center of the water surface,a brief impact cavity closes and circular ripples cross the surface,one_seed_only,"A realistic fixed-camera macro video in one continuous shot. During the first two seconds, a clear acrylic tank filled with water is completely still, with a calm level water surface. No falling droplet, splash, impact cavity, or ripple is visible during these first two seconds. Then exactly one large clear water droplet enters from the top of the frame, falls visibly downward, and contacts slightly left of the center of the water surface. Only after contact, a brief impact cavity closes and circular ripples cross the surface. The camera, lighting, background, receiver geometry, and all other objects remain unchanged."
wdp0134,liquid_surface,surface_flow,liquid_surface_33,a clear acrylic tank filled with water,2,"completely still, with a shallow motionless water surface",slightly right of center,a low radial splash forms and several shallow ripples expand outward,one_seed_only,"A realistic fixed-camera macro video in one continuous shot. During the first two seconds, a clear acrylic tank filled with water is completely still, with a shallow motionless water surface. No falling droplet, splash, impact cavity, or ripple is visible during these first two seconds. Then exactly one large clear water droplet enters from the top of the frame, falls visibly downward, and contacts slightly right of center. Only after contact, a low radial splash forms and several shallow ripples expand outward. The camera, lighting, background, receiver geometry, and all other objects remain unchanged."
wdp0135,liquid_surface,surface_flow,liquid_surface_33,a clear acrylic tank filled with water,3,"completely still, with the water surface and its nearest edge clearly visible",near the visible inner edge of the water surface,an asymmetric splash forms and curved ripples travel toward the opposite edge,one_seed_only,"A realistic fixed-camera macro video in one continuous shot. During the first two seconds, a clear acrylic tank filled with water is completely still, with the water surface and its nearest edge clearly visible. No falling droplet, splash, impact cavity, or ripple is visible during these first two seconds. Then exactly one large clear water droplet enters from the top of the frame, falls visibly downward, and contacts near the visible inner edge of the water surface. Only after contact, an asymmetric splash forms and curved ripples travel toward the opposite edge. The camera, lighting, background, receiver geometry, and all other objects remain unchanged."
wdp0136,liquid_surface,surface_flow,liquid_surface_34,a shallow laboratory glass tray filled with water,0,"completely still, with a perfectly flat water surface",the center of the water surface,a small crown splash rises and concentric ripples spread outward,one_seed_only,"A realistic fixed-camera macro video in one continuous shot. During the first two seconds, a shallow laboratory glass tray filled with water is completely still, with a perfectly flat water surface. No falling droplet, splash, impact cavity, or ripple is visible during these first two seconds. Then exactly one large clear water droplet enters from the top of the frame, falls visibly downward, and contacts the center of the water surface. Only after contact, a small crown splash rises and concentric ripples spread outward. The camera, lighting, background, receiver geometry, and all other objects remain unchanged."
wdp0137,liquid_surface,surface_flow,liquid_surface_34,a shallow laboratory glass tray filled with water,1,"completely still, with a calm level water surface",slightly left of the center of the water surface,a brief impact cavity closes and circular ripples cross the surface,one_seed_only,"A realistic fixed-camera macro video in one continuous shot. During the first two seconds, a shallow laboratory glass tray filled with water is completely still, with a calm level water surface. No falling droplet, splash, impact cavity, or ripple is visible during these first two seconds. Then exactly one large clear water droplet enters from the top of the frame, falls visibly downward, and contacts slightly left of the center of the water surface. Only after contact, a brief impact cavity closes and circular ripples cross the surface. The camera, lighting, background, receiver geometry, and all other objects remain unchanged."
wdp0138,liquid_surface,surface_flow,liquid_surface_34,a shallow laboratory glass tray filled with water,2,"completely still, with a shallow motionless water surface",slightly right of center,a low radial splash forms and several shallow ripples expand outward,one_seed_only,"A realistic fixed-camera macro video in one continuous shot. During the first two seconds, a shallow laboratory glass tray filled with water is completely still, with a shallow motionless water surface. No falling droplet, splash, impact cavity, or ripple is visible during these first two seconds. Then exactly one large clear water droplet enters from the top of the frame, falls visibly downward, and contacts slightly right of center. Only after contact, a low radial splash forms and several shallow ripples expand outward. The camera, lighting, background, receiver geometry, and all other objects remain unchanged."
wdp0139,liquid_surface,surface_flow,liquid_surface_34,a shallow laboratory glass tray filled with water,3,"completely still, with the water surface and its nearest edge clearly visible",near the visible inner edge of the water surface,an asymmetric splash forms and curved ripples travel toward the opposite edge,one_seed_only,"A realistic fixed-camera macro video in one continuous shot. During the first two seconds, a shallow laboratory glass tray filled with water is completely still, with the water surface and its nearest edge clearly visible. No falling droplet, splash, impact cavity, or ripple is visible during these first two seconds. Then exactly one large clear water droplet enters from the top of the frame, falls visibly downward, and contacts near the visible inner edge of the water surface. Only after contact, an asymmetric splash forms and curved ripples travel toward the opposite edge. The camera, lighting, background, receiver geometry, and all other objects remain unchanged."
wdp0140,liquid_surface,surface_flow,liquid_surface_35,a glazed ceramic baking dish filled with water,0,"completely still, with a perfectly flat water surface",the center of the water surface,a small crown splash rises and concentric ripples spread outward,one_seed_only,"A realistic fixed-camera macro video in one continuous shot. During the first two seconds, a glazed ceramic baking dish filled with water is completely still, with a perfectly flat water surface. No falling droplet, splash, impact cavity, or ripple is visible during these first two seconds. Then exactly one large clear water droplet enters from the top of the frame, falls visibly downward, and contacts the center of the water surface. Only after contact, a small crown splash rises and concentric ripples spread outward. The camera, lighting, background, receiver geometry, and all other objects remain unchanged."
wdp0141,liquid_surface,surface_flow,liquid_surface_35,a glazed ceramic baking dish filled with water,1,"completely still, with a calm level water surface",slightly left of the center of the water surface,a brief impact cavity closes and circular ripples cross the surface,one_seed_only,"A realistic fixed-camera macro video in one continuous shot. During the first two seconds, a glazed ceramic baking dish filled with water is completely still, with a calm level water surface. No falling droplet, splash, impact cavity, or ripple is visible during these first two seconds. Then exactly one large clear water droplet enters from the top of the frame, falls visibly downward, and contacts slightly left of the center of the water surface. Only after contact, a brief impact cavity closes and circular ripples cross the surface. The camera, lighting, background, receiver geometry, and all other objects remain unchanged."
wdp0142,liquid_surface,surface_flow,liquid_surface_35,a glazed ceramic baking dish filled with water,2,"completely still, with a shallow motionless water surface",slightly right of center,a low radial splash forms and several shallow ripples expand outward,one_seed_only,"A realistic fixed-camera macro video in one continuous shot. During the first two seconds, a glazed ceramic baking dish filled with water is completely still, with a shallow motionless water surface. No falling droplet, splash, impact cavity, or ripple is visible during these first two seconds. Then exactly one large clear water droplet enters from the top of the frame, falls visibly downward, and contacts slightly right of center. Only after contact, a low radial splash forms and several shallow ripples expand outward. The camera, lighting, background, receiver geometry, and all other objects remain unchanged."
wdp0143,liquid_surface,surface_flow,liquid_surface_35,a glazed ceramic baking dish filled with water,3,"completely still, with the water surface and its nearest edge clearly visible",near the visible inner edge of the water surface,an asymmetric splash forms and curved ripples travel toward the opposite edge,one_seed_only,"A realistic fixed-camera macro video in one continuous shot. During the first two seconds, a glazed ceramic baking dish filled with water is completely still, with the water surface and its nearest edge clearly visible. No falling droplet, splash, impact cavity, or ripple is visible during these first two seconds. Then exactly one large clear water droplet enters from the top of the frame, falls visibly downward, and contacts near the visible inner edge of the water surface. Only after contact, an asymmetric splash forms and curved ripples travel toward the opposite edge. The camera, lighting, background, receiver geometry, and all other objects remain unchanged."
wdp0144,liquid_surface,surface_flow,liquid_surface_36,a black stone bowl filled with water,0,"completely still, with a perfectly flat water surface",the center of the water surface,a small crown splash rises and concentric ripples spread outward,one_seed_only,"A realistic fixed-camera macro video in one continuous shot. During the first two seconds, a black stone bowl filled with water is completely still, with a perfectly flat water surface. No falling droplet, splash, impact cavity, or ripple is visible during these first two seconds. Then exactly one large clear water droplet enters from the top of the frame, falls visibly downward, and contacts the center of the water surface. Only after contact, a small crown splash rises and concentric ripples spread outward. The camera, lighting, background, receiver geometry, and all other objects remain unchanged."
wdp0145,liquid_surface,surface_flow,liquid_surface_36,a black stone bowl filled with water,1,"completely still, with a calm level water surface",slightly left of the center of the water surface,a brief impact cavity closes and circular ripples cross the surface,one_seed_only,"A realistic fixed-camera macro video in one continuous shot. During the first two seconds, a black stone bowl filled with water is completely still, with a calm level water surface. No falling droplet, splash, impact cavity, or ripple is visible during these first two seconds. Then exactly one large clear water droplet enters from the top of the frame, falls visibly downward, and contacts slightly left of the center of the water surface. Only after contact, a brief impact cavity closes and circular ripples cross the surface. The camera, lighting, background, receiver geometry, and all other objects remain unchanged."
wdp0146,liquid_surface,surface_flow,liquid_surface_36,a black stone bowl filled with water,2,"completely still, with a shallow motionless water surface",slightly right of center,a low radial splash forms and several shallow ripples expand outward,one_seed_only,"A realistic fixed-camera macro video in one continuous shot. During the first two seconds, a black stone bowl filled with water is completely still, with a shallow motionless water surface. No falling droplet, splash, impact cavity, or ripple is visible during these first two seconds. Then exactly one large clear water droplet enters from the top of the frame, falls visibly downward, and contacts slightly right of center. Only after contact, a low radial splash forms and several shallow ripples expand outward. The camera, lighting, background, receiver geometry, and all other objects remain unchanged."
wdp0147,liquid_surface,surface_flow,liquid_surface_36,a black stone bowl filled with water,3,"completely still, with the water surface and its nearest edge clearly visible",near the visible inner edge of the water surface,an asymmetric splash forms and curved ripples travel toward the opposite edge,one_seed_only,"A realistic fixed-camera macro video in one continuous shot. During the first two seconds, a black stone bowl filled with water is completely still, with the water surface and its nearest edge clearly visible. No falling droplet, splash, impact cavity, or ripple is visible during these first two seconds. Then exactly one large clear water droplet enters from the top of the frame, falls visibly downward, and contacts near the visible inner edge of the water surface. Only after contact, an asymmetric splash forms and curved ripples travel toward the opposite edge. The camera, lighting, background, receiver geometry, and all other objects remain unchanged."
wdp0148,liquid_surface,surface_flow,liquid_surface_37,a sealed wooden bowl filled with water,0,"completely still, with a perfectly flat water surface",the center of the water surface,a small crown splash rises and concentric ripples spread outward,one_seed_only,"A realistic fixed-camera macro video in one continuous shot. During the first two seconds, a sealed wooden bowl filled with water is completely still, with a perfectly flat water surface. No falling droplet, splash, impact cavity, or ripple is visible during these first two seconds. Then exactly one large clear water droplet enters from the top of the frame, falls visibly downward, and contacts the center of the water surface. Only after contact, a small crown splash rises and concentric ripples spread outward. The camera, lighting, background, receiver geometry, and all other objects remain unchanged."
wdp0149,liquid_surface,surface_flow,liquid_surface_37,a sealed wooden bowl filled with water,1,"completely still, with a calm level water surface",slightly left of the center of the water surface,a brief impact cavity closes and circular ripples cross the surface,one_seed_only,"A realistic fixed-camera macro video in one continuous shot. During the first two seconds, a sealed wooden bowl filled with water is completely still, with a calm level water surface. No falling droplet, splash, impact cavity, or ripple is visible during these first two seconds. Then exactly one large clear water droplet enters from the top of the frame, falls visibly downward, and contacts slightly left of the center of the water surface. Only after contact, a brief impact cavity closes and circular ripples cross the surface. The camera, lighting, background, receiver geometry, and all other objects remain unchanged."
wdp0150,liquid_surface,surface_flow,liquid_surface_37,a sealed wooden bowl filled with water,2,"completely still, with a shallow motionless water surface",slightly right of center,a low radial splash forms and several shallow ripples expand outward,one_seed_only,"A realistic fixed-camera macro video in one continuous shot. During the first two seconds, a sealed wooden bowl filled with water is completely still, with a shallow motionless water surface. No falling droplet, splash, impact cavity, or ripple is visible during these first two seconds. Then exactly one large clear water droplet enters from the top of the frame, falls visibly downward, and contacts slightly right of center. Only after contact, a low radial splash forms and several shallow ripples expand outward. The camera, lighting, background, receiver geometry, and all other objects remain unchanged."
wdp0151,liquid_surface,surface_flow,liquid_surface_37,a sealed wooden bowl filled with water,3,"completely still, with the water surface and its nearest edge clearly visible",near the visible inner edge of the water surface,an asymmetric splash forms and curved ripples travel toward the opposite edge,one_seed_only,"A realistic fixed-camera macro video in one continuous shot. During the first two seconds, a sealed wooden bowl filled with water is completely still, with the water surface and its nearest edge clearly visible. No falling droplet, splash, impact cavity, or ripple is visible during these first two seconds. Then exactly one large clear water droplet enters from the top of the frame, falls visibly downward, and contacts near the visible inner edge of the water surface. Only after contact, an asymmetric splash forms and curved ripples travel toward the opposite edge. The camera, lighting, background, receiver geometry, and all other objects remain unchanged."
wdp0152,liquid_surface,surface_flow,liquid_surface_38,a clean coconut-shell cup filled with water,0,"completely still, with a perfectly flat water surface",the center of the water surface,a small crown splash rises and concentric ripples spread outward,one_seed_only,"A realistic fixed-camera macro video in one continuous shot. During the first two seconds, a clean coconut-shell cup filled with water is completely still, with a perfectly flat water surface. No falling droplet, splash, impact cavity, or ripple is visible during these first two seconds. Then exactly one large clear water droplet enters from the top of the frame, falls visibly downward, and contacts the center of the water surface. Only after contact, a small crown splash rises and concentric ripples spread outward. The camera, lighting, background, receiver geometry, and all other objects remain unchanged."
wdp0153,liquid_surface,surface_flow,liquid_surface_38,a clean coconut-shell cup filled with water,1,"completely still, with a calm level water surface",slightly left of the center of the water surface,a brief impact cavity closes and circular ripples cross the surface,one_seed_only,"A realistic fixed-camera macro video in one continuous shot. During the first two seconds, a clean coconut-shell cup filled with water is completely still, with a calm level water surface. No falling droplet, splash, impact cavity, or ripple is visible during these first two seconds. Then exactly one large clear water droplet enters from the top of the frame, falls visibly downward, and contacts slightly left of the center of the water surface. Only after contact, a brief impact cavity closes and circular ripples cross the surface. The camera, lighting, background, receiver geometry, and all other objects remain unchanged."
wdp0154,liquid_surface,surface_flow,liquid_surface_38,a clean coconut-shell cup filled with water,2,"completely still, with a shallow motionless water surface",slightly right of center,a low radial splash forms and several shallow ripples expand outward,one_seed_only,"A realistic fixed-camera macro video in one continuous shot. During the first two seconds, a clean coconut-shell cup filled with water is completely still, with a shallow motionless water surface. No falling droplet, splash, impact cavity, or ripple is visible during these first two seconds. Then exactly one large clear water droplet enters from the top of the frame, falls visibly downward, and contacts slightly right of center. Only after contact, a low radial splash forms and several shallow ripples expand outward. The camera, lighting, background, receiver geometry, and all other objects remain unchanged."
wdp0155,liquid_surface,surface_flow,liquid_surface_38,a clean coconut-shell cup filled with water,3,"completely still, with the water surface and its nearest edge clearly visible",near the visible inner edge of the water surface,an asymmetric splash forms and curved ripples travel toward the opposite edge,one_seed_only,"A realistic fixed-camera macro video in one continuous shot. During the first two seconds, a clean coconut-shell cup filled with water is completely still, with the water surface and its nearest edge clearly visible. No falling droplet, splash, impact cavity, or ripple is visible during these first two seconds. Then exactly one large clear water droplet enters from the top of the frame, falls visibly downward, and contacts near the visible inner edge of the water surface. Only after contact, an asymmetric splash forms and curved ripples travel toward the opposite edge. The camera, lighting, background, receiver geometry, and all other objects remain unchanged."
wdp0156,liquid_surface,surface_flow,liquid_surface_39,a large seashell holding a pool of water,0,"completely still, with a perfectly flat water surface",the center of the water surface,a small crown splash rises and concentric ripples spread outward,one_seed_only,"A realistic fixed-camera macro video in one continuous shot. During the first two seconds, a large seashell holding a pool of water is completely still, with a perfectly flat water surface. No falling droplet, splash, impact cavity, or ripple is visible during these first two seconds. Then exactly one large clear water droplet enters from the top of the frame, falls visibly downward, and contacts the center of the water surface. Only after contact, a small crown splash rises and concentric ripples spread outward. The camera, lighting, background, receiver geometry, and all other objects remain unchanged."
wdp0157,liquid_surface,surface_flow,liquid_surface_39,a large seashell holding a pool of water,1,"completely still, with a calm level water surface",slightly left of the center of the water surface,a brief impact cavity closes and circular ripples cross the surface,one_seed_only,"A realistic fixed-camera macro video in one continuous shot. During the first two seconds, a large seashell holding a pool of water is completely still, with a calm level water surface. No falling droplet, splash, impact cavity, or ripple is visible during these first two seconds. Then exactly one large clear water droplet enters from the top of the frame, falls visibly downward, and contacts slightly left of the center of the water surface. Only after contact, a brief impact cavity closes and circular ripples cross the surface. The camera, lighting, background, receiver geometry, and all other objects remain unchanged."
wdp0158,liquid_surface,surface_flow,liquid_surface_39,a large seashell holding a pool of water,2,"completely still, with a shallow motionless water surface",slightly right of center,a low radial splash forms and several shallow ripples expand outward,one_seed_only,"A realistic fixed-camera macro video in one continuous shot. During the first two seconds, a large seashell holding a pool of water is completely still, with a shallow motionless water surface. No falling droplet, splash, impact cavity, or ripple is visible during these first two seconds. Then exactly one large clear water droplet enters from the top of the frame, falls visibly downward, and contacts slightly right of center. Only after contact, a low radial splash forms and several shallow ripples expand outward. The camera, lighting, background, receiver geometry, and all other objects remain unchanged."
wdp0159,liquid_surface,surface_flow,liquid_surface_39,a large seashell holding a pool of water,3,"completely still, with the water surface and its nearest edge clearly visible",near the visible inner edge of the water surface,an asymmetric splash forms and curved ripples travel toward the opposite edge,one_seed_only,"A realistic fixed-camera macro video in one continuous shot. During the first two seconds, a large seashell holding a pool of water is completely still, with the water surface and its nearest edge clearly visible. No falling droplet, splash, impact cavity, or ripple is visible during these first two seconds. Then exactly one large clear water droplet enters from the top of the frame, falls visibly downward, and contacts near the visible inner edge of the water surface. Only after contact, an asymmetric splash forms and curved ripples travel toward the opposite edge. The camera, lighting, background, receiver geometry, and all other objects remain unchanged."
wdp0160,liquid_surface,surface_flow,liquid_surface_40,a natural rock depression holding rainwater,0,"completely still, with a perfectly flat water surface",the center of the water surface,a small crown splash rises and concentric ripples spread outward,one_seed_only,"A realistic fixed-camera macro video in one continuous shot. During the first two seconds, a natural rock depression holding rainwater is completely still, with a perfectly flat water surface. No falling droplet, splash, impact cavity, or ripple is visible during these first two seconds. Then exactly one large clear water droplet enters from the top of the frame, falls visibly downward, and contacts the center of the water surface. Only after contact, a small crown splash rises and concentric ripples spread outward. The camera, lighting, background, receiver geometry, and all other objects remain unchanged."
wdp0161,liquid_surface,surface_flow,liquid_surface_40,a natural rock depression holding rainwater,1,"completely still, with a calm level water surface",slightly left of the center of the water surface,a brief impact cavity closes and circular ripples cross the surface,one_seed_only,"A realistic fixed-camera macro video in one continuous shot. During the first two seconds, a natural rock depression holding rainwater is completely still, with a calm level water surface. No falling droplet, splash, impact cavity, or ripple is visible during these first two seconds. Then exactly one large clear water droplet enters from the top of the frame, falls visibly downward, and contacts slightly left of the center of the water surface. Only after contact, a brief impact cavity closes and circular ripples cross the surface. The camera, lighting, background, receiver geometry, and all other objects remain unchanged."
wdp0162,liquid_surface,surface_flow,liquid_surface_40,a natural rock depression holding rainwater,2,"completely still, with a shallow motionless water surface",slightly right of center,a low radial splash forms and several shallow ripples expand outward,one_seed_only,"A realistic fixed-camera macro video in one continuous shot. During the first two seconds, a natural rock depression holding rainwater is completely still, with a shallow motionless water surface. No falling droplet, splash, impact cavity, or ripple is visible during these first two seconds. Then exactly one large clear water droplet enters from the top of the frame, falls visibly downward, and contacts slightly right of center. Only after contact, a low radial splash forms and several shallow ripples expand outward. The camera, lighting, background, receiver geometry, and all other objects remain unchanged."
wdp0163,liquid_surface,surface_flow,liquid_surface_40,a natural rock depression holding rainwater,3,"completely still, with the water surface and its nearest edge clearly visible",near the visible inner edge of the water surface,an asymmetric splash forms and curved ripples travel toward the opposite edge,one_seed_only,"A realistic fixed-camera macro video in one continuous shot. During the first two seconds, a natural rock depression holding rainwater is completely still, with the water surface and its nearest edge clearly visible. No falling droplet, splash, impact cavity, or ripple is visible during these first two seconds. Then exactly one large clear water droplet enters from the top of the frame, falls visibly downward, and contacts near the visible inner edge of the water surface. Only after contact, an asymmetric splash forms and curved ripples travel toward the opposite edge. The camera, lighting, background, receiver geometry, and all other objects remain unchanged."
wdp0164,liquid_surface,surface_flow,liquid_surface_41,a leaf-shaped ceramic dish filled with water,0,"completely still, with a perfectly flat water surface",the center of the water surface,a small crown splash rises and concentric ripples spread outward,one_seed_only,"A realistic fixed-camera macro video in one continuous shot. During the first two seconds, a leaf-shaped ceramic dish filled with water is completely still, with a perfectly flat water surface. No falling droplet, splash, impact cavity, or ripple is visible during these first two seconds. Then exactly one large clear water droplet enters from the top of the frame, falls visibly downward, and contacts the center of the water surface. Only after contact, a small crown splash rises and concentric ripples spread outward. The camera, lighting, background, receiver geometry, and all other objects remain unchanged."
wdp0165,liquid_surface,surface_flow,liquid_surface_41,a leaf-shaped ceramic dish filled with water,1,"completely still, with a calm level water surface",slightly left of the center of the water surface,a brief impact cavity closes and circular ripples cross the surface,one_seed_only,"A realistic fixed-camera macro video in one continuous shot. During the first two seconds, a leaf-shaped ceramic dish filled with water is completely still, with a calm level water surface. No falling droplet, splash, impact cavity, or ripple is visible during these first two seconds. Then exactly one large clear water droplet enters from the top of the frame, falls visibly downward, and contacts slightly left of the center of the water surface. Only after contact, a brief impact cavity closes and circular ripples cross the surface. The camera, lighting, background, receiver geometry, and all other objects remain unchanged."
wdp0166,liquid_surface,surface_flow,liquid_surface_41,a leaf-shaped ceramic dish filled with water,2,"completely still, with a shallow motionless water surface",slightly right of center,a low radial splash forms and several shallow ripples expand outward,one_seed_only,"A realistic fixed-camera macro video in one continuous shot. During the first two seconds, a leaf-shaped ceramic dish filled with water is completely still, with a shallow motionless water surface. No falling droplet, splash, impact cavity, or ripple is visible during these first two seconds. Then exactly one large clear water droplet enters from the top of the frame, falls visibly downward, and contacts slightly right of center. Only after contact, a low radial splash forms and several shallow ripples expand outward. The camera, lighting, background, receiver geometry, and all other objects remain unchanged."
wdp0167,liquid_surface,surface_flow,liquid_surface_41,a leaf-shaped ceramic dish filled with water,3,"completely still, with the water surface and its nearest edge clearly visible",near the visible inner edge of the water surface,an asymmetric splash forms and curved ripples travel toward the opposite edge,one_seed_only,"A realistic fixed-camera macro video in one continuous shot. During the first two seconds, a leaf-shaped ceramic dish filled with water is completely still, with the water surface and its nearest edge clearly visible. No falling droplet, splash, impact cavity, or ripple is visible during these first two seconds. Then exactly one large clear water droplet enters from the top of the frame, falls visibly downward, and contacts near the visible inner edge of the water surface. Only after contact, an asymmetric splash forms and curved ripples travel toward the opposite edge. The camera, lighting, background, receiver geometry, and all other objects remain unchanged."
wdp0168,liquid_surface,surface_flow,liquid_surface_42,a laboratory petri dish filled with water,0,"completely still, with a perfectly flat water surface",the center of the water surface,a small crown splash rises and concentric ripples spread outward,one_seed_only,"A realistic fixed-camera macro video in one continuous shot. During the first two seconds, a laboratory petri dish filled with water is completely still, with a perfectly flat water surface. No falling droplet, splash, impact cavity, or ripple is visible during these first two seconds. Then exactly one large clear water droplet enters from the top of the frame, falls visibly downward, and contacts the center of the water surface. Only after contact, a small crown splash rises and concentric ripples spread outward. The camera, lighting, background, receiver geometry, and all other objects remain unchanged."
wdp0169,liquid_surface,surface_flow,liquid_surface_42,a laboratory petri dish filled with water,1,"completely still, with a calm level water surface",slightly left of the center of the water surface,a brief impact cavity closes and circular ripples cross the surface,one_seed_only,"A realistic fixed-camera macro video in one continuous shot. During the first two seconds, a laboratory petri dish filled with water is completely still, with a calm level water surface. No falling droplet, splash, impact cavity, or ripple is visible during these first two seconds. Then exactly one large clear water droplet enters from the top of the frame, falls visibly downward, and contacts slightly left of the center of the water surface. Only after contact, a brief impact cavity closes and circular ripples cross the surface. The camera, lighting, background, receiver geometry, and all other objects remain unchanged."
wdp0170,liquid_surface,surface_flow,liquid_surface_42,a laboratory petri dish filled with water,2,"completely still, with a shallow motionless water surface",slightly right of center,a low radial splash forms and several shallow ripples expand outward,one_seed_only,"A realistic fixed-camera macro video in one continuous shot. During the first two seconds, a laboratory petri dish filled with water is completely still, with a shallow motionless water surface. No falling droplet, splash, impact cavity, or ripple is visible during these first two seconds. Then exactly one large clear water droplet enters from the top of the frame, falls visibly downward, and contacts slightly right of center. Only after contact, a low radial splash forms and several shallow ripples expand outward. The camera, lighting, background, receiver geometry, and all other objects remain unchanged."
wdp0171,liquid_surface,surface_flow,liquid_surface_42,a laboratory petri dish filled with water,3,"completely still, with the water surface and its nearest edge clearly visible",near the visible inner edge of the water surface,an asymmetric splash forms and curved ripples travel toward the opposite edge,one_seed_only,"A realistic fixed-camera macro video in one continuous shot. During the first two seconds, a laboratory petri dish filled with water is completely still, with the water surface and its nearest edge clearly visible. No falling droplet, splash, impact cavity, or ripple is visible during these first two seconds. Then exactly one large clear water droplet enters from the top of the frame, falls visibly downward, and contacts near the visible inner edge of the water surface. Only after contact, an asymmetric splash forms and curved ripples travel toward the opposite edge. The camera, lighting, background, receiver geometry, and all other objects remain unchanged."
wdp0172,liquid_surface,surface_flow,liquid_surface_43,a concave laboratory watch glass holding water,0,"completely still, with a perfectly flat water surface",the center of the water surface,a small crown splash rises and concentric ripples spread outward,one_seed_only,"A realistic fixed-camera macro video in one continuous shot. During the first two seconds, a concave laboratory watch glass holding water is completely still, with a perfectly flat water surface. No falling droplet, splash, impact cavity, or ripple is visible during these first two seconds. Then exactly one large clear water droplet enters from the top of the frame, falls visibly downward, and contacts the center of the water surface. Only after contact, a small crown splash rises and concentric ripples spread outward. The camera, lighting, background, receiver geometry, and all other objects remain unchanged."
wdp0173,liquid_surface,surface_flow,liquid_surface_43,a concave laboratory watch glass holding water,1,"completely still, with a calm level water surface",slightly left of the center of the water surface,a brief impact cavity closes and circular ripples cross the surface,one_seed_only,"A realistic fixed-camera macro video in one continuous shot. During the first two seconds, a concave laboratory watch glass holding water is completely still, with a calm level water surface. No falling droplet, splash, impact cavity, or ripple is visible during these first two seconds. Then exactly one large clear water droplet enters from the top of the frame, falls visibly downward, and contacts slightly left of the center of the water surface. Only after contact, a brief impact cavity closes and circular ripples cross the surface. The camera, lighting, background, receiver geometry, and all other objects remain unchanged."
wdp0174,liquid_surface,surface_flow,liquid_surface_43,a concave laboratory watch glass holding water,2,"completely still, with a shallow motionless water surface",slightly right of center,a low radial splash forms and several shallow ripples expand outward,one_seed_only,"A realistic fixed-camera macro video in one continuous shot. During the first two seconds, a concave laboratory watch glass holding water is completely still, with a shallow motionless water surface. No falling droplet, splash, impact cavity, or ripple is visible during these first two seconds. Then exactly one large clear water droplet enters from the top of the frame, falls visibly downward, and contacts slightly right of center. Only after contact, a low radial splash forms and several shallow ripples expand outward. The camera, lighting, background, receiver geometry, and all other objects remain unchanged."
wdp0175,liquid_surface,surface_flow,liquid_surface_43,a concave laboratory watch glass holding water,3,"completely still, with the water surface and its nearest edge clearly visible",near the visible inner edge of the water surface,an asymmetric splash forms and curved ripples travel toward the opposite edge,one_seed_only,"A realistic fixed-camera macro video in one continuous shot. During the first two seconds, a concave laboratory watch glass holding water is completely still, with the water surface and its nearest edge clearly visible. No falling droplet, splash, impact cavity, or ripple is visible during these first two seconds. Then exactly one large clear water droplet enters from the top of the frame, falls visibly downward, and contacts near the visible inner edge of the water surface. Only after contact, an asymmetric splash forms and curved ripples travel toward the opposite edge. The camera, lighting, background, receiver geometry, and all other objects remain unchanged."
wdp0176,liquid_surface,surface_flow,liquid_surface_44,a shallow puddle on a microscope glass slide,0,"completely still, with a perfectly flat water surface",the center of the water surface,a small crown splash rises and concentric ripples spread outward,one_seed_only,"A realistic fixed-camera macro video in one continuous shot. During the first two seconds, a shallow puddle on a microscope glass slide is completely still, with a perfectly flat water surface. No falling droplet, splash, impact cavity, or ripple is visible during these first two seconds. Then exactly one large clear water droplet enters from the top of the frame, falls visibly downward, and contacts the center of the water surface. Only after contact, a small crown splash rises and concentric ripples spread outward. The camera, lighting, background, receiver geometry, and all other objects remain unchanged."
wdp0177,liquid_surface,surface_flow,liquid_surface_44,a shallow puddle on a microscope glass slide,1,"completely still, with a calm level water surface",slightly left of the center of the water surface,a brief impact cavity closes and circular ripples cross the surface,one_seed_only,"A realistic fixed-camera macro video in one continuous shot. During the first two seconds, a shallow puddle on a microscope glass slide is completely still, with a calm level water surface. No falling droplet, splash, impact cavity, or ripple is visible during these first two seconds. Then exactly one large clear water droplet enters from the top of the frame, falls visibly downward, and contacts slightly left of the center of the water surface. Only after contact, a brief impact cavity closes and circular ripples cross the surface. The camera, lighting, background, receiver geometry, and all other objects remain unchanged."
wdp0178,liquid_surface,surface_flow,liquid_surface_44,a shallow puddle on a microscope glass slide,2,"completely still, with a shallow motionless water surface",slightly right of center,a low radial splash forms and several shallow ripples expand outward,one_seed_only,"A realistic fixed-camera macro video in one continuous shot. During the first two seconds, a shallow puddle on a microscope glass slide is completely still, with a shallow motionless water surface. No falling droplet, splash, impact cavity, or ripple is visible during these first two seconds. Then exactly one large clear water droplet enters from the top of the frame, falls visibly downward, and contacts slightly right of center. Only after contact, a low radial splash forms and several shallow ripples expand outward. The camera, lighting, background, receiver geometry, and all other objects remain unchanged."
wdp0179,liquid_surface,surface_flow,liquid_surface_44,a shallow puddle on a microscope glass slide,3,"completely still, with the water surface and its nearest edge clearly visible",near the visible inner edge of the water surface,an asymmetric splash forms and curved ripples travel toward the opposite edge,one_seed_only,"A realistic fixed-camera macro video in one continuous shot. During the first two seconds, a shallow puddle on a microscope glass slide is completely still, with the water surface and its nearest edge clearly visible. No falling droplet, splash, impact cavity, or ripple is visible during these first two seconds. Then exactly one large clear water droplet enters from the top of the frame, falls visibly downward, and contacts near the visible inner edge of the water surface. Only after contact, an asymmetric splash forms and curved ripples travel toward the opposite edge. The camera, lighting, background, receiver geometry, and all other objects remain unchanged."
wdp0180,liquid_surface,surface_flow,liquid_surface_45,a rooftop puddle on a flat membrane surface,0,"completely still, with a perfectly flat water surface",the center of the water surface,a small crown splash rises and concentric ripples spread outward,one_seed_only,"A realistic fixed-camera macro video in one continuous shot. During the first two seconds, a rooftop puddle on a flat membrane surface is completely still, with a perfectly flat water surface. No falling droplet, splash, impact cavity, or ripple is visible during these first two seconds. Then exactly one large clear water droplet enters from the top of the frame, falls visibly downward, and contacts the center of the water surface. Only after contact, a small crown splash rises and concentric ripples spread outward. The camera, lighting, background, receiver geometry, and all other objects remain unchanged."
wdp0181,liquid_surface,surface_flow,liquid_surface_45,a rooftop puddle on a flat membrane surface,1,"completely still, with a calm level water surface",slightly left of the center of the water surface,a brief impact cavity closes and circular ripples cross the surface,one_seed_only,"A realistic fixed-camera macro video in one continuous shot. During the first two seconds, a rooftop puddle on a flat membrane surface is completely still, with a calm level water surface. No falling droplet, splash, impact cavity, or ripple is visible during these first two seconds. Then exactly one large clear water droplet enters from the top of the frame, falls visibly downward, and contacts slightly left of the center of the water surface. Only after contact, a brief impact cavity closes and circular ripples cross the surface. The camera, lighting, background, receiver geometry, and all other objects remain unchanged."
wdp0182,liquid_surface,surface_flow,liquid_surface_45,a rooftop puddle on a flat membrane surface,2,"completely still, with a shallow motionless water surface",slightly right of center,a low radial splash forms and several shallow ripples expand outward,one_seed_only,"A realistic fixed-camera macro video in one continuous shot. During the first two seconds, a rooftop puddle on a flat membrane surface is completely still, with a shallow motionless water surface. No falling droplet, splash, impact cavity, or ripple is visible during these first two seconds. Then exactly one large clear water droplet enters from the top of the frame, falls visibly downward, and contacts slightly right of center. Only after contact, a low radial splash forms and several shallow ripples expand outward. The camera, lighting, background, receiver geometry, and all other objects remain unchanged."
wdp0183,liquid_surface,surface_flow,liquid_surface_45,a rooftop puddle on a flat membrane surface,3,"completely still, with the water surface and its nearest edge clearly visible",near the visible inner edge of the water surface,an asymmetric splash forms and curved ripples travel toward the opposite edge,one_seed_only,"A realistic fixed-camera macro video in one continuous shot. During the first two seconds, a rooftop puddle on a flat membrane surface is completely still, with the water surface and its nearest edge clearly visible. No falling droplet, splash, impact cavity, or ripple is visible during these first two seconds. Then exactly one large clear water droplet enters from the top of the frame, falls visibly downward, and contacts near the visible inner edge of the water surface. Only after contact, an asymmetric splash forms and curved ripples travel toward the opposite edge. The camera, lighting, background, receiver geometry, and all other objects remain unchanged."
wdp0184,liquid_surface,surface_flow,liquid_surface_46,a rain-filled road pothole,0,"completely still, with a perfectly flat water surface",the center of the water surface,a small crown splash rises and concentric ripples spread outward,one_seed_only,"A realistic fixed-camera macro video in one continuous shot. During the first two seconds, a rain-filled road pothole is completely still, with a perfectly flat water surface. No falling droplet, splash, impact cavity, or ripple is visible during these first two seconds. Then exactly one large clear water droplet enters from the top of the frame, falls visibly downward, and contacts the center of the water surface. Only after contact, a small crown splash rises and concentric ripples spread outward. The camera, lighting, background, receiver geometry, and all other objects remain unchanged."
wdp0185,liquid_surface,surface_flow,liquid_surface_46,a rain-filled road pothole,1,"completely still, with a calm level water surface",slightly left of the center of the water surface,a brief impact cavity closes and circular ripples cross the surface,one_seed_only,"A realistic fixed-camera macro video in one continuous shot. During the first two seconds, a rain-filled road pothole is completely still, with a calm level water surface. No falling droplet, splash, impact cavity, or ripple is visible during these first two seconds. Then exactly one large clear water droplet enters from the top of the frame, falls visibly downward, and contacts slightly left of the center of the water surface. Only after contact, a brief impact cavity closes and circular ripples cross the surface. The camera, lighting, background, receiver geometry, and all other objects remain unchanged."
wdp0186,liquid_surface,surface_flow,liquid_surface_46,a rain-filled road pothole,2,"completely still, with a shallow motionless water surface",slightly right of center,a low radial splash forms and several shallow ripples expand outward,one_seed_only,"A realistic fixed-camera macro video in one continuous shot. During the first two seconds, a rain-filled road pothole is completely still, with a shallow motionless water surface. No falling droplet, splash, impact cavity, or ripple is visible during these first two seconds. Then exactly one large clear water droplet enters from the top of the frame, falls visibly downward, and contacts slightly right of center. Only after contact, a low radial splash forms and several shallow ripples expand outward. The camera, lighting, background, receiver geometry, and all other objects remain unchanged."
wdp0187,liquid_surface,surface_flow,liquid_surface_46,a rain-filled road pothole,3,"completely still, with the water surface and its nearest edge clearly visible",near the visible inner edge of the water surface,an asymmetric splash forms and curved ripples travel toward the opposite edge,one_seed_only,"A realistic fixed-camera macro video in one continuous shot. During the first two seconds, a rain-filled road pothole is completely still, with the water surface and its nearest edge clearly visible. No falling droplet, splash, impact cavity, or ripple is visible during these first two seconds. Then exactly one large clear water droplet enters from the top of the frame, falls visibly downward, and contacts near the visible inner edge of the water surface. Only after contact, an asymmetric splash forms and curved ripples travel toward the opposite edge. The camera, lighting, background, receiver geometry, and all other objects remain unchanged."
wdp0188,liquid_surface,surface_flow,liquid_surface_47,a shallow puddle on a flat stone step,0,"completely still, with a perfectly flat water surface",the center of the water surface,a small crown splash rises and concentric ripples spread outward,one_seed_only,"A realistic fixed-camera macro video in one continuous shot. During the first two seconds, a shallow puddle on a flat stone step is completely still, with a perfectly flat water surface. No falling droplet, splash, impact cavity, or ripple is visible during these first two seconds. Then exactly one large clear water droplet enters from the top of the frame, falls visibly downward, and contacts the center of the water surface. Only after contact, a small crown splash rises and concentric ripples spread outward. The camera, lighting, background, receiver geometry, and all other objects remain unchanged."
wdp0189,liquid_surface,surface_flow,liquid_surface_47,a shallow puddle on a flat stone step,1,"completely still, with a calm level water surface",slightly left of the center of the water surface,a brief impact cavity closes and circular ripples cross the surface,one_seed_only,"A realistic fixed-camera macro video in one continuous shot. During the first two seconds, a shallow puddle on a flat stone step is completely still, with a calm level water surface. No falling droplet, splash, impact cavity, or ripple is visible during these first two seconds. Then exactly one large clear water droplet enters from the top of the frame, falls visibly downward, and contacts slightly left of the center of the water surface. Only after contact, a brief impact cavity closes and circular ripples cross the surface. The camera, lighting, background, receiver geometry, and all other objects remain unchanged."
wdp0190,liquid_surface,surface_flow,liquid_surface_47,a shallow puddle on a flat stone step,2,"completely still, with a shallow motionless water surface",slightly right of center,a low radial splash forms and several shallow ripples expand outward,one_seed_only,"A realistic fixed-camera macro video in one continuous shot. During the first two seconds, a shallow puddle on a flat stone step is completely still, with a shallow motionless water surface. No falling droplet, splash, impact cavity, or ripple is visible during these first two seconds. Then exactly one large clear water droplet enters from the top of the frame, falls visibly downward, and contacts slightly right of center. Only after contact, a low radial splash forms and several shallow ripples expand outward. The camera, lighting, background, receiver geometry, and all other objects remain unchanged."
wdp0191,liquid_surface,surface_flow,liquid_surface_47,a shallow puddle on a flat stone step,3,"completely still, with the water surface and its nearest edge clearly visible",near the visible inner edge of the water surface,an asymmetric splash forms and curved ripples travel toward the opposite edge,one_seed_only,"A realistic fixed-camera macro video in one continuous shot. During the first two seconds, a shallow puddle on a flat stone step is completely still, with the water surface and its nearest edge clearly visible. No falling droplet, splash, impact cavity, or ripple is visible during these first two seconds. Then exactly one large clear water droplet enters from the top of the frame, falls visibly downward, and contacts near the visible inner edge of the water surface. Only after contact, an asymmetric splash forms and curved ripples travel toward the opposite edge. The camera, lighting, background, receiver geometry, and all other objects remain unchanged."
wdp0192,liquid_surface,surface_flow,liquid_surface_48,a still indoor decorative pool,0,"completely still, with a perfectly flat water surface",the center of the water surface,a small crown splash rises and concentric ripples spread outward,one_seed_only,"A realistic fixed-camera macro video in one continuous shot. During the first two seconds, a still indoor decorative pool is completely still, with a perfectly flat water surface. No falling droplet, splash, impact cavity, or ripple is visible during these first two seconds. Then exactly one large clear water droplet enters from the top of the frame, falls visibly downward, and contacts the center of the water surface. Only after contact, a small crown splash rises and concentric ripples spread outward. The camera, lighting, background, receiver geometry, and all other objects remain unchanged."
wdp0193,liquid_surface,surface_flow,liquid_surface_48,a still indoor decorative pool,1,"completely still, with a calm level water surface",slightly left of the center of the water surface,a brief impact cavity closes and circular ripples cross the surface,one_seed_only,"A realistic fixed-camera macro video in one continuous shot. During the first two seconds, a still indoor decorative pool is completely still, with a calm level water surface. No falling droplet, splash, impact cavity, or ripple is visible during these first two seconds. Then exactly one large clear water droplet enters from the top of the frame, falls visibly downward, and contacts slightly left of the center of the water surface. Only after contact, a brief impact cavity closes and circular ripples cross the surface. The camera, lighting, background, receiver geometry, and all other objects remain unchanged."
wdp0194,liquid_surface,surface_flow,liquid_surface_48,a still indoor decorative pool,2,"completely still, with a shallow motionless water surface",slightly right of center,a low radial splash forms and several shallow ripples expand outward,one_seed_only,"A realistic fixed-camera macro video in one continuous shot. During the first two seconds, a still indoor decorative pool is completely still, with a shallow motionless water surface. No falling droplet, splash, impact cavity, or ripple is visible during these first two seconds. Then exactly one large clear water droplet enters from the top of the frame, falls visibly downward, and contacts slightly right of center. Only after contact, a low radial splash forms and several shallow ripples expand outward. The camera, lighting, background, receiver geometry, and all other objects remain unchanged."
wdp0195,liquid_surface,surface_flow,liquid_surface_48,a still indoor decorative pool,3,"completely still, with the water surface and its nearest edge clearly visible",near the visible inner edge of the water surface,an asymmetric splash forms and curved ripples travel toward the opposite edge,one_seed_only,"A realistic fixed-camera macro video in one continuous shot. During the first two seconds, a still indoor decorative pool is completely still, with the water surface and its nearest edge clearly visible. No falling droplet, splash, impact cavity, or ripple is visible during these first two seconds. Then exactly one large clear water droplet enters from the top of the frame, falls visibly downward, and contacts near the visible inner edge of the water surface. Only after contact, an asymmetric splash forms and curved ripples travel toward the opposite edge. The camera, lighting, background, receiver geometry, and all other objects remain unchanged."
wdp0196,liquid_surface,surface_flow,liquid_surface_49,a small rectangular water trough,0,"completely still, with a perfectly flat water surface",the center of the water surface,a small crown splash rises and concentric ripples spread outward,one_seed_only,"A realistic fixed-camera macro video in one continuous shot. During the first two seconds, a small rectangular water trough is completely still, with a perfectly flat water surface. No falling droplet, splash, impact cavity, or ripple is visible during these first two seconds. Then exactly one large clear water droplet enters from the top of the frame, falls visibly downward, and contacts the center of the water surface. Only after contact, a small crown splash rises and concentric ripples spread outward. The camera, lighting, background, receiver geometry, and all other objects remain unchanged."
wdp0197,liquid_surface,surface_flow,liquid_surface_49,a small rectangular water trough,1,"completely still, with a calm level water surface",slightly left of the center of the water surface,a brief impact cavity closes and circular ripples cross the surface,one_seed_only,"A realistic fixed-camera macro video in one continuous shot. During the first two seconds, a small rectangular water trough is completely still, with a calm level water surface. No falling droplet, splash, impact cavity, or ripple is visible during these first two seconds. Then exactly one large clear water droplet enters from the top of the frame, falls visibly downward, and contacts slightly left of the center of the water surface. Only after contact, a brief impact cavity closes and circular ripples cross the surface. The camera, lighting, background, receiver geometry, and all other objects remain unchanged."
wdp0198,liquid_surface,surface_flow,liquid_surface_49,a small rectangular water trough,2,"completely still, with a shallow motionless water surface",slightly right of center,a low radial splash forms and several shallow ripples expand outward,one_seed_only,"A realistic fixed-camera macro video in one continuous shot. During the first two seconds, a small rectangular water trough is completely still, with a shallow motionless water surface. No falling droplet, splash, impact cavity, or ripple is visible during these first two seconds. Then exactly one large clear water droplet enters from the top of the frame, falls visibly downward, and contacts slightly right of center. Only after contact, a low radial splash forms and several shallow ripples expand outward. The camera, lighting, background, receiver geometry, and all other objects remain unchanged."
wdp0199,liquid_surface,surface_flow,liquid_surface_49,a small rectangular water trough,3,"completely still, with the water surface and its nearest edge clearly visible",near the visible inner edge of the water surface,an asymmetric splash forms and curved ripples travel toward the opposite edge,one_seed_only,"A realistic fixed-camera macro video in one continuous shot. During the first two seconds, a small rectangular water trough is completely still, with the water surface and its nearest edge clearly visible. No falling droplet, splash, impact cavity, or ripple is visible during these first two seconds. Then exactly one large clear water droplet enters from the top of the frame, falls visibly downward, and contacts near the visible inner edge of the water surface. Only after contact, an asymmetric splash forms and curved ripples travel toward the opposite edge. The camera, lighting, background, receiver geometry, and all other objects remain unchanged."
wdp0200,hard_surface,surface_residue,hard_surface_00,dark-gray ceramic tile,0,"clean, completely dry, horizontal, and motionless",the center,a brief radial splash appears and several clear water beads remain,one_seed_only,"A realistic fixed-camera macro video in one continuous shot. During the first two seconds, dark-gray ceramic tile is clean, completely dry, horizontal, and motionless. No water, falling droplet, or wet footprint is visible during these first two seconds. Then exactly one large clear water droplet enters from the top of the frame, falls visibly downward, and contacts the center. Only after contact, a brief radial splash appears and several clear water beads remain. The camera, lighting, background, receiver geometry, and all other objects remain unchanged."
wdp0201,hard_surface,surface_residue,hard_surface_00,dark-gray ceramic tile,1,"clean, completely dry, horizontal, and motionless",slightly left of center,a small splash appears and a thin localized wet spot remains,one_seed_only,"A realistic fixed-camera macro video in one continuous shot. During the first two seconds, dark-gray ceramic tile is clean, completely dry, horizontal, and motionless. No water, falling droplet, or wet footprint is visible during these first two seconds. Then exactly one large clear water droplet enters from the top of the frame, falls visibly downward, and contacts slightly left of center. Only after contact, a small splash appears and a thin localized wet spot remains. The camera, lighting, background, receiver geometry, and all other objects remain unchanged."
wdp0202,hard_surface,surface_residue,hard_surface_00,dark-gray ceramic tile,2,"clean, dry, horizontal, and covered by a hydrophobic coating",slightly right of center,the water recoils after a tiny splash and gathers into one compact bead,one_seed_only,"A realistic fixed-camera macro video in one continuous shot. During the first two seconds, dark-gray ceramic tile is clean, dry, horizontal, and covered by a hydrophobic coating. No water, falling droplet, or wet footprint is visible during these first two seconds. Then exactly one large clear water droplet enters from the top of the frame, falls visibly downward, and contacts slightly right of center. Only after contact, the water recoils after a tiny splash and gathers into one compact bead. The camera, lighting, background, receiver geometry, and all other objects remain unchanged."
wdp0203,hard_surface,surface_residue,hard_surface_00,dark-gray ceramic tile,3,"clean, completely dry, horizontal, and framed with one edge clearly visible",near the visible edge,an asymmetric splash appears and a small amount of water gathers against the edge,one_seed_only,"A realistic fixed-camera macro video in one continuous shot. During the first two seconds, dark-gray ceramic tile is clean, completely dry, horizontal, and framed with one edge clearly visible. No water, falling droplet, or wet footprint is visible during these first two seconds. Then exactly one large clear water droplet enters from the top of the frame, falls visibly downward, and contacts near the visible edge. Only after contact, an asymmetric splash appears and a small amount of water gathers against the edge. The camera, lighting, background, receiver geometry, and all other objects remain unchanged."
wdp0204,hard_surface,surface_residue,hard_surface_00,dark-gray ceramic tile,4,"clean, dry, and held at a gentle fixed incline",the upper-center area,a small splash appears and one bead slides a short distance downhill leaving a wet trail,one_seed_only,"A realistic fixed-camera macro video in one continuous shot. During the first two seconds, dark-gray ceramic tile is clean, dry, and held at a gentle fixed incline. No water, falling droplet, or wet footprint is visible during these first two seconds. Then exactly one large clear water droplet enters from the top of the frame, falls visibly downward, and contacts the upper-center area. Only after contact, a small splash appears and one bead slides a short distance downhill leaving a wet trail. The camera, lighting, background, receiver geometry, and all other objects remain unchanged."
wdp0205,hard_surface,surface_residue,hard_surface_01,stainless-steel tray,0,"clean, completely dry, horizontal, and motionless",the center,a brief radial splash appears and several clear water beads remain,one_seed_only,"A realistic fixed-camera macro video in one continuous shot. During the first two seconds, stainless-steel tray is clean, completely dry, horizontal, and motionless. No water, falling droplet, or wet footprint is visible during these first two seconds. Then exactly one large clear water droplet enters from the top of the frame, falls visibly downward, and contacts the center. Only after contact, a brief radial splash appears and several clear water beads remain. The camera, lighting, background, receiver geometry, and all other objects remain unchanged."
wdp0206,hard_surface,surface_residue,hard_surface_01,stainless-steel tray,1,"clean, completely dry, horizontal, and motionless",slightly left of center,a small splash appears and a thin localized wet spot remains,one_seed_only,"A realistic fixed-camera macro video in one continuous shot. During the first two seconds, stainless-steel tray is clean, completely dry, horizontal, and motionless. No water, falling droplet, or wet footprint is visible during these first two seconds. Then exactly one large clear water droplet enters from the top of the frame, falls visibly downward, and contacts slightly left of center. Only after contact, a small splash appears and a thin localized wet spot remains. The camera, lighting, background, receiver geometry, and all other objects remain unchanged."
wdp0207,hard_surface,surface_residue,hard_surface_01,stainless-steel tray,2,"clean, dry, horizontal, and covered by a hydrophobic coating",slightly right of center,the water recoils after a tiny splash and gathers into one compact bead,one_seed_only,"A realistic fixed-camera macro video in one continuous shot. During the first two seconds, stainless-steel tray is clean, dry, horizontal, and covered by a hydrophobic coating. No water, falling droplet, or wet footprint is visible during these first two seconds. Then exactly one large clear water droplet enters from the top of the frame, falls visibly downward, and contacts slightly right of center. Only after contact, the water recoils after a tiny splash and gathers into one compact bead. The camera, lighting, background, receiver geometry, and all other objects remain unchanged."
wdp0208,hard_surface,surface_residue,hard_surface_01,stainless-steel tray,3,"clean, completely dry, horizontal, and framed with one edge clearly visible",near the visible edge,an asymmetric splash appears and a small amount of water gathers against the edge,one_seed_only,"A realistic fixed-camera macro video in one continuous shot. During the first two seconds, stainless-steel tray is clean, completely dry, horizontal, and framed with one edge clearly visible. No water, falling droplet, or wet footprint is visible during these first two seconds. Then exactly one large clear water droplet enters from the top of the frame, falls visibly downward, and contacts near the visible edge. Only after contact, an asymmetric splash appears and a small amount of water gathers against the edge. The camera, lighting, background, receiver geometry, and all other objects remain unchanged."
wdp0209,hard_surface,surface_residue,hard_surface_01,stainless-steel tray,4,"clean, dry, and held at a gentle fixed incline",the upper-center area,a small splash appears and one bead slides a short distance downhill leaving a wet trail,one_seed_only,"A realistic fixed-camera macro video in one continuous shot. During the first two seconds, stainless-steel tray is clean, dry, and held at a gentle fixed incline. No water, falling droplet, or wet footprint is visible during these first two seconds. Then exactly one large clear water droplet enters from the top of the frame, falls visibly downward, and contacts the upper-center area. Only after contact, a small splash appears and one bead slides a short distance downhill leaving a wet trail. The camera, lighting, background, receiver geometry, and all other objects remain unchanged."
wdp0210,hard_surface,surface_residue,hard_surface_02,transparent glass tabletop,0,"clean, completely dry, horizontal, and motionless",the center,a brief radial splash appears and several clear water beads remain,one_seed_only,"A realistic fixed-camera macro video in one continuous shot. During the first two seconds, transparent glass tabletop is clean, completely dry, horizontal, and motionless. No water, falling droplet, or wet footprint is visible during these first two seconds. Then exactly one large clear water droplet enters from the top of the frame, falls visibly downward, and contacts the center. Only after contact, a brief radial splash appears and several clear water beads remain. The camera, lighting, background, receiver geometry, and all other objects remain unchanged."
wdp0211,hard_surface,surface_residue,hard_surface_02,transparent glass tabletop,1,"clean, completely dry, horizontal, and motionless",slightly left of center,a small splash appears and a thin localized wet spot remains,one_seed_only,"A realistic fixed-camera macro video in one continuous shot. During the first two seconds, transparent glass tabletop is clean, completely dry, horizontal, and motionless. No water, falling droplet, or wet footprint is visible during these first two seconds. Then exactly one large clear water droplet enters from the top of the frame, falls visibly downward, and contacts slightly left of center. Only after contact, a small splash appears and a thin localized wet spot remains. The camera, lighting, background, receiver geometry, and all other objects remain unchanged."
wdp0212,hard_surface,surface_residue,hard_surface_02,transparent glass tabletop,2,"clean, dry, horizontal, and covered by a hydrophobic coating",slightly right of center,the water recoils after a tiny splash and gathers into one compact bead,one_seed_only,"A realistic fixed-camera macro video in one continuous shot. During the first two seconds, transparent glass tabletop is clean, dry, horizontal, and covered by a hydrophobic coating. No water, falling droplet, or wet footprint is visible during these first two seconds. Then exactly one large clear water droplet enters from the top of the frame, falls visibly downward, and contacts slightly right of center. Only after contact, the water recoils after a tiny splash and gathers into one compact bead. The camera, lighting, background, receiver geometry, and all other objects remain unchanged."
wdp0213,hard_surface,surface_residue,hard_surface_02,transparent glass tabletop,3,"clean, completely dry, horizontal, and framed with one edge clearly visible",near the visible edge,an asymmetric splash appears and a small amount of water gathers against the edge,one_seed_only,"A realistic fixed-camera macro video in one continuous shot. During the first two seconds, transparent glass tabletop is clean, completely dry, horizontal, and framed with one edge clearly visible. No water, falling droplet, or wet footprint is visible during these first two seconds. Then exactly one large clear water droplet enters from the top of the frame, falls visibly downward, and contacts near the visible edge. Only after contact, an asymmetric splash appears and a small amount of water gathers against the edge. The camera, lighting, background, receiver geometry, and all other objects remain unchanged."
wdp0214,hard_surface,surface_residue,hard_surface_02,transparent glass tabletop,4,"clean, dry, and held at a gentle fixed incline",the upper-center area,a small splash appears and one bead slides a short distance downhill leaving a wet trail,one_seed_only,"A realistic fixed-camera macro video in one continuous shot. During the first two seconds, transparent glass tabletop is clean, dry, and held at a gentle fixed incline. No water, falling droplet, or wet footprint is visible during these first two seconds. Then exactly one large clear water droplet enters from the top of the frame, falls visibly downward, and contacts the upper-center area. Only after contact, a small splash appears and one bead slides a short distance downhill leaving a wet trail. The camera, lighting, background, receiver geometry, and all other objects remain unchanged."
wdp0215,hard_surface,surface_residue,hard_surface_03,polished dark marble slab,0,"clean, completely dry, horizontal, and motionless",the center,a brief radial splash appears and several clear water beads remain,one_seed_only,"A realistic fixed-camera macro video in one continuous shot. During the first two seconds, polished dark marble slab is clean, completely dry, horizontal, and motionless. No water, falling droplet, or wet footprint is visible during these first two seconds. Then exactly one large clear water droplet enters from the top of the frame, falls visibly downward, and contacts the center. Only after contact, a brief radial splash appears and several clear water beads remain. The camera, lighting, background, receiver geometry, and all other objects remain unchanged."
wdp0216,hard_surface,surface_residue,hard_surface_03,polished dark marble slab,1,"clean, completely dry, horizontal, and motionless",slightly left of center,a small splash appears and a thin localized wet spot remains,one_seed_only,"A realistic fixed-camera macro video in one continuous shot. During the first two seconds, polished dark marble slab is clean, completely dry, horizontal, and motionless. No water, falling droplet, or wet footprint is visible during these first two seconds. Then exactly one large clear water droplet enters from the top of the frame, falls visibly downward, and contacts slightly left of center. Only after contact, a small splash appears and a thin localized wet spot remains. The camera, lighting, background, receiver geometry, and all other objects remain unchanged."
wdp0217,hard_surface,surface_residue,hard_surface_03,polished dark marble slab,2,"clean, dry, horizontal, and covered by a hydrophobic coating",slightly right of center,the water recoils after a tiny splash and gathers into one compact bead,one_seed_only,"A realistic fixed-camera macro video in one continuous shot. During the first two seconds, polished dark marble slab is clean, dry, horizontal, and covered by a hydrophobic coating. No water, falling droplet, or wet footprint is visible during these first two seconds. Then exactly one large clear water droplet enters from the top of the frame, falls visibly downward, and contacts slightly right of center. Only after contact, the water recoils after a tiny splash and gathers into one compact bead. The camera, lighting, background, receiver geometry, and all other objects remain unchanged."
wdp0218,hard_surface,surface_residue,hard_surface_03,polished dark marble slab,3,"clean, completely dry, horizontal, and framed with one edge clearly visible",near the visible edge,an asymmetric splash appears and a small amount of water gathers against the edge,one_seed_only,"A realistic fixed-camera macro video in one continuous shot. During the first two seconds, polished dark marble slab is clean, completely dry, horizontal, and framed with one edge clearly visible. No water, falling droplet, or wet footprint is visible during these first two seconds. Then exactly one large clear water droplet enters from the top of the frame, falls visibly downward, and contacts near the visible edge. Only after contact, an asymmetric splash appears and a small amount of water gathers against the edge. The camera, lighting, background, receiver geometry, and all other objects remain unchanged."
wdp0219,hard_surface,surface_residue,hard_surface_03,polished dark marble slab,4,"clean, dry, and held at a gentle fixed incline",the upper-center area,a small splash appears and one bead slides a short distance downhill leaving a wet trail,one_seed_only,"A realistic fixed-camera macro video in one continuous shot. During the first two seconds, polished dark marble slab is clean, dry, and held at a gentle fixed incline. No water, falling droplet, or wet footprint is visible during these first two seconds. Then exactly one large clear water droplet enters from the top of the frame, falls visibly downward, and contacts the upper-center area. Only after contact, a small splash appears and one bead slides a short distance downhill leaving a wet trail. The camera, lighting, background, receiver geometry, and all other objects remain unchanged."
wdp0220,hard_surface,surface_residue,hard_surface_04,plain white ceramic plate,0,"clean, completely dry, horizontal, and motionless",the center,a brief radial splash appears and several clear water beads remain,one_seed_only,"A realistic fixed-camera macro video in one continuous shot. During the first two seconds, plain white ceramic plate is clean, completely dry, horizontal, and motionless. No water, falling droplet, or wet footprint is visible during these first two seconds. Then exactly one large clear water droplet enters from the top of the frame, falls visibly downward, and contacts the center. Only after contact, a brief radial splash appears and several clear water beads remain. The camera, lighting, background, receiver geometry, and all other objects remain unchanged."
wdp0221,hard_surface,surface_residue,hard_surface_04,plain white ceramic plate,1,"clean, completely dry, horizontal, and motionless",slightly left of center,a small splash appears and a thin localized wet spot remains,one_seed_only,"A realistic fixed-camera macro video in one continuous shot. During the first two seconds, plain white ceramic plate is clean, completely dry, horizontal, and motionless. No water, falling droplet, or wet footprint is visible during these first two seconds. Then exactly one large clear water droplet enters from the top of the frame, falls visibly downward, and contacts slightly left of center. Only after contact, a small splash appears and a thin localized wet spot remains. The camera, lighting, background, receiver geometry, and all other objects remain unchanged."
wdp0222,hard_surface,surface_residue,hard_surface_04,plain white ceramic plate,2,"clean, dry, horizontal, and covered by a hydrophobic coating",slightly right of center,the water recoils after a tiny splash and gathers into one compact bead,one_seed_only,"A realistic fixed-camera macro video in one continuous shot. During the first two seconds, plain white ceramic plate is clean, dry, horizontal, and covered by a hydrophobic coating. No water, falling droplet, or wet footprint is visible during these first two seconds. Then exactly one large clear water droplet enters from the top of the frame, falls visibly downward, and contacts slightly right of center. Only after contact, the water recoils after a tiny splash and gathers into one compact bead. The camera, lighting, background, receiver geometry, and all other objects remain unchanged."
wdp0223,hard_surface,surface_residue,hard_surface_04,plain white ceramic plate,3,"clean, completely dry, horizontal, and framed with one edge clearly visible",near the visible edge,an asymmetric splash appears and a small amount of water gathers against the edge,one_seed_only,"A realistic fixed-camera macro video in one continuous shot. During the first two seconds, plain white ceramic plate is clean, completely dry, horizontal, and framed with one edge clearly visible. No water, falling droplet, or wet footprint is visible during these first two seconds. Then exactly one large clear water droplet enters from the top of the frame, falls visibly downward, and contacts near the visible edge. Only after contact, an asymmetric splash appears and a small amount of water gathers against the edge. The camera, lighting, background, receiver geometry, and all other objects remain unchanged."
wdp0224,hard_surface,surface_residue,hard_surface_04,plain white ceramic plate,4,"clean, dry, and held at a gentle fixed incline",the upper-center area,a small splash appears and one bead slides a short distance downhill leaving a wet trail,one_seed_only,"A realistic fixed-camera macro video in one continuous shot. During the first two seconds, plain white ceramic plate is clean, dry, and held at a gentle fixed incline. No water, falling droplet, or wet footprint is visible during these first two seconds. Then exactly one large clear water droplet enters from the top of the frame, falls visibly downward, and contacts the upper-center area. Only after contact, a small splash appears and one bead slides a short distance downhill leaving a wet trail. The camera, lighting, background, receiver geometry, and all other objects remain unchanged."
wdp0225,hard_surface,surface_residue,hard_surface_05,blue plastic cutting board,0,"clean, completely dry, horizontal, and motionless",the center,a brief radial splash appears and several clear water beads remain,one_seed_only,"A realistic fixed-camera macro video in one continuous shot. During the first two seconds, blue plastic cutting board is clean, completely dry, horizontal, and motionless. No water, falling droplet, or wet footprint is visible during these first two seconds. Then exactly one large clear water droplet enters from the top of the frame, falls visibly downward, and contacts the center. Only after contact, a brief radial splash appears and several clear water beads remain. The camera, lighting, background, receiver geometry, and all other objects remain unchanged."
wdp0226,hard_surface,surface_residue,hard_surface_05,blue plastic cutting board,1,"clean, completely dry, horizontal, and motionless",slightly left of center,a small splash appears and a thin localized wet spot remains,one_seed_only,"A realistic fixed-camera macro video in one continuous shot. During the first two seconds, blue plastic cutting board is clean, completely dry, horizontal, and motionless. No water, falling droplet, or wet footprint is visible during these first two seconds. Then exactly one large clear water droplet enters from the top of the frame, falls visibly downward, and contacts slightly left of center. Only after contact, a small splash appears and a thin localized wet spot remains. The camera, lighting, background, receiver geometry, and all other objects remain unchanged."
wdp0227,hard_surface,surface_residue,hard_surface_05,blue plastic cutting board,2,"clean, dry, horizontal, and covered by a hydrophobic coating",slightly right of center,the water recoils after a tiny splash and gathers into one compact bead,one_seed_only,"A realistic fixed-camera macro video in one continuous shot. During the first two seconds, blue plastic cutting board is clean, dry, horizontal, and covered by a hydrophobic coating. No water, falling droplet, or wet footprint is visible during these first two seconds. Then exactly one large clear water droplet enters from the top of the frame, falls visibly downward, and contacts slightly right of center. Only after contact, the water recoils after a tiny splash and gathers into one compact bead. The camera, lighting, background, receiver geometry, and all other objects remain unchanged."
wdp0228,hard_surface,surface_residue,hard_surface_05,blue plastic cutting board,3,"clean, completely dry, horizontal, and framed with one edge clearly visible",near the visible edge,an asymmetric splash appears and a small amount of water gathers against the edge,one_seed_only,"A realistic fixed-camera macro video in one continuous shot. During the first two seconds, blue plastic cutting board is clean, completely dry, horizontal, and framed with one edge clearly visible. No water, falling droplet, or wet footprint is visible during these first two seconds. Then exactly one large clear water droplet enters from the top of the frame, falls visibly downward, and contacts near the visible edge. Only after contact, an asymmetric splash appears and a small amount of water gathers against the edge. The camera, lighting, background, receiver geometry, and all other objects remain unchanged."
wdp0229,hard_surface,surface_residue,hard_surface_05,blue plastic cutting board,4,"clean, dry, and held at a gentle fixed incline",the upper-center area,a small splash appears and one bead slides a short distance downhill leaving a wet trail,one_seed_only,"A realistic fixed-camera macro video in one continuous shot. During the first two seconds, blue plastic cutting board is clean, dry, and held at a gentle fixed incline. No water, falling droplet, or wet footprint is visible during these first two seconds. Then exactly one large clear water droplet enters from the top of the frame, falls visibly downward, and contacts the upper-center area. Only after contact, a small splash appears and one bead slides a short distance downhill leaving a wet trail. The camera, lighting, background, receiver geometry, and all other objects remain unchanged."
wdp0230,hard_surface,surface_residue,hard_surface_06,granite countertop,0,"clean, completely dry, horizontal, and motionless",the center,a brief radial splash appears and several clear water beads remain,one_seed_only,"A realistic fixed-camera macro video in one continuous shot. During the first two seconds, granite countertop is clean, completely dry, horizontal, and motionless. No water, falling droplet, or wet footprint is visible during these first two seconds. Then exactly one large clear water droplet enters from the top of the frame, falls visibly downward, and contacts the center. Only after contact, a brief radial splash appears and several clear water beads remain. The camera, lighting, background, receiver geometry, and all other objects remain unchanged."
wdp0231,hard_surface,surface_residue,hard_surface_06,granite countertop,1,"clean, completely dry, horizontal, and motionless",slightly left of center,a small splash appears and a thin localized wet spot remains,one_seed_only,"A realistic fixed-camera macro video in one continuous shot. During the first two seconds, granite countertop is clean, completely dry, horizontal, and motionless. No water, falling droplet, or wet footprint is visible during these first two seconds. Then exactly one large clear water droplet enters from the top of the frame, falls visibly downward, and contacts slightly left of center. Only after contact, a small splash appears and a thin localized wet spot remains. The camera, lighting, background, receiver geometry, and all other objects remain unchanged."
wdp0232,hard_surface,surface_residue,hard_surface_06,granite countertop,2,"clean, dry, horizontal, and covered by a hydrophobic coating",slightly right of center,the water recoils after a tiny splash and gathers into one compact bead,one_seed_only,"A realistic fixed-camera macro video in one continuous shot. During the first two seconds, granite countertop is clean, dry, horizontal, and covered by a hydrophobic coating. No water, falling droplet, or wet footprint is visible during these first two seconds. Then exactly one large clear water droplet enters from the top of the frame, falls visibly downward, and contacts slightly right of center. Only after contact, the water recoils after a tiny splash and gathers into one compact bead. The camera, lighting, background, receiver geometry, and all other objects remain unchanged."
wdp0233,hard_surface,surface_residue,hard_surface_06,granite countertop,3,"clean, completely dry, horizontal, and framed with one edge clearly visible",near the visible edge,an asymmetric splash appears and a small amount of water gathers against the edge,one_seed_only,"A realistic fixed-camera macro video in one continuous shot. During the first two seconds, granite countertop is clean, completely dry, horizontal, and framed with one edge clearly visible. No water, falling droplet, or wet footprint is visible during these first two seconds. Then exactly one large clear water droplet enters from the top of the frame, falls visibly downward, and contacts near the visible edge. Only after contact, an asymmetric splash appears and a small amount of water gathers against the edge. The camera, lighting, background, receiver geometry, and all other objects remain unchanged."
wdp0234,hard_surface,surface_residue,hard_surface_06,granite countertop,4,"clean, dry, and held at a gentle fixed incline",the upper-center area,a small splash appears and one bead slides a short distance downhill leaving a wet trail,one_seed_only,"A realistic fixed-camera macro video in one continuous shot. During the first two seconds, granite countertop is clean, dry, and held at a gentle fixed incline. No water, falling droplet, or wet footprint is visible during these first two seconds. Then exactly one large clear water droplet enters from the top of the frame, falls visibly downward, and contacts the upper-center area. Only after contact, a small splash appears and one bead slides a short distance downhill leaving a wet trail. The camera, lighting, background, receiver geometry, and all other objects remain unchanged."
wdp0235,hard_surface,surface_residue,hard_surface_07,white quartz countertop,0,"clean, completely dry, horizontal, and motionless",the center,a brief radial splash appears and several clear water beads remain,one_seed_only,"A realistic fixed-camera macro video in one continuous shot. During the first two seconds, white quartz countertop is clean, completely dry, horizontal, and motionless. No water, falling droplet, or wet footprint is visible during these first two seconds. Then exactly one large clear water droplet enters from the top of the frame, falls visibly downward, and contacts the center. Only after contact, a brief radial splash appears and several clear water beads remain. The camera, lighting, background, receiver geometry, and all other objects remain unchanged."
wdp0236,hard_surface,surface_residue,hard_surface_07,white quartz countertop,1,"clean, completely dry, horizontal, and motionless",slightly left of center,a small splash appears and a thin localized wet spot remains,one_seed_only,"A realistic fixed-camera macro video in one continuous shot. During the first two seconds, white quartz countertop is clean, completely dry, horizontal, and motionless. No water, falling droplet, or wet footprint is visible during these first two seconds. Then exactly one large clear water droplet enters from the top of the frame, falls visibly downward, and contacts slightly left of center. Only after contact, a small splash appears and a thin localized wet spot remains. The camera, lighting, background, receiver geometry, and all other objects remain unchanged."
wdp0237,hard_surface,surface_residue,hard_surface_07,white quartz countertop,2,"clean, dry, horizontal, and covered by a hydrophobic coating",slightly right of center,the water recoils after a tiny splash and gathers into one compact bead,one_seed_only,"A realistic fixed-camera macro video in one continuous shot. During the first two seconds, white quartz countertop is clean, dry, horizontal, and covered by a hydrophobic coating. No water, falling droplet, or wet footprint is visible during these first two seconds. Then exactly one large clear water droplet enters from the top of the frame, falls visibly downward, and contacts slightly right of center. Only after contact, the water recoils after a tiny splash and gathers into one compact bead. The camera, lighting, background, receiver geometry, and all other objects remain unchanged."
wdp0238,hard_surface,surface_residue,hard_surface_07,white quartz countertop,3,"clean, completely dry, horizontal, and framed with one edge clearly visible",near the visible edge,an asymmetric splash appears and a small amount of water gathers against the edge,one_seed_only,"A realistic fixed-camera macro video in one continuous shot. During the first two seconds, white quartz countertop is clean, completely dry, horizontal, and framed with one edge clearly visible. No water, falling droplet, or wet footprint is visible during these first two seconds. Then exactly one large clear water droplet enters from the top of the frame, falls visibly downward, and contacts near the visible edge. Only after contact, an asymmetric splash appears and a small amount of water gathers against the edge. The camera, lighting, background, receiver geometry, and all other objects remain unchanged."
wdp0239,hard_surface,surface_residue,hard_surface_07,white quartz countertop,4,"clean, dry, and held at a gentle fixed incline",the upper-center area,a small splash appears and one bead slides a short distance downhill leaving a wet trail,one_seed_only,"A realistic fixed-camera macro video in one continuous shot. During the first two seconds, white quartz countertop is clean, dry, and held at a gentle fixed incline. No water, falling droplet, or wet footprint is visible during these first two seconds. Then exactly one large clear water droplet enters from the top of the frame, falls visibly downward, and contacts the upper-center area. Only after contact, a small splash appears and one bead slides a short distance downhill leaving a wet trail. The camera, lighting, background, receiver geometry, and all other objects remain unchanged."
wdp0240,hard_surface,surface_residue,hard_surface_08,dark slate tile,0,"clean, completely dry, horizontal, and motionless",the center,a brief radial splash appears and several clear water beads remain,one_seed_only,"A realistic fixed-camera macro video in one continuous shot. During the first two seconds, dark slate tile is clean, completely dry, horizontal, and motionless. No water, falling droplet, or wet footprint is visible during these first two seconds. Then exactly one large clear water droplet enters from the top of the frame, falls visibly downward, and contacts the center. Only after contact, a brief radial splash appears and several clear water beads remain. The camera, lighting, background, receiver geometry, and all other objects remain unchanged."
wdp0241,hard_surface,surface_residue,hard_surface_08,dark slate tile,1,"clean, completely dry, horizontal, and motionless",slightly left of center,a small splash appears and a thin localized wet spot remains,one_seed_only,"A realistic fixed-camera macro video in one continuous shot. During the first two seconds, dark slate tile is clean, completely dry, horizontal, and motionless. No water, falling droplet, or wet footprint is visible during these first two seconds. Then exactly one large clear water droplet enters from the top of the frame, falls visibly downward, and contacts slightly left of center. Only after contact, a small splash appears and a thin localized wet spot remains. The camera, lighting, background, receiver geometry, and all other objects remain unchanged."
wdp0242,hard_surface,surface_residue,hard_surface_08,dark slate tile,2,"clean, dry, horizontal, and covered by a hydrophobic coating",slightly right of center,the water recoils after a tiny splash and gathers into one compact bead,one_seed_only,"A realistic fixed-camera macro video in one continuous shot. During the first two seconds, dark slate tile is clean, dry, horizontal, and covered by a hydrophobic coating. No water, falling droplet, or wet footprint is visible during these first two seconds. Then exactly one large clear water droplet enters from the top of the frame, falls visibly downward, and contacts slightly right of center. Only after contact, the water recoils after a tiny splash and gathers into one compact bead. The camera, lighting, background, receiver geometry, and all other objects remain unchanged."
wdp0243,hard_surface,surface_residue,hard_surface_08,dark slate tile,3,"clean, completely dry, horizontal, and framed with one edge clearly visible",near the visible edge,an asymmetric splash appears and a small amount of water gathers against the edge,one_seed_only,"A realistic fixed-camera macro video in one continuous shot. During the first two seconds, dark slate tile is clean, completely dry, horizontal, and framed with one edge clearly visible. No water, falling droplet, or wet footprint is visible during these first two seconds. Then exactly one large clear water droplet enters from the top of the frame, falls visibly downward, and contacts near the visible edge. Only after contact, an asymmetric splash appears and a small amount of water gathers against the edge. The camera, lighting, background, receiver geometry, and all other objects remain unchanged."
wdp0244,hard_surface,surface_residue,hard_surface_08,dark slate tile,4,"clean, dry, and held at a gentle fixed incline",the upper-center area,a small splash appears and one bead slides a short distance downhill leaving a wet trail,one_seed_only,"A realistic fixed-camera macro video in one continuous shot. During the first two seconds, dark slate tile is clean, dry, and held at a gentle fixed incline. No water, falling droplet, or wet footprint is visible during these first two seconds. Then exactly one large clear water droplet enters from the top of the frame, falls visibly downward, and contacts the upper-center area. Only after contact, a small splash appears and one bead slides a short distance downhill leaving a wet trail. The camera, lighting, background, receiver geometry, and all other objects remain unchanged."
wdp0245,hard_surface,surface_residue,hard_surface_09,polished concrete slab,0,"clean, completely dry, horizontal, and motionless",the center,a brief radial splash appears and several clear water beads remain,one_seed_only,"A realistic fixed-camera macro video in one continuous shot. During the first two seconds, polished concrete slab is clean, completely dry, horizontal, and motionless. No water, falling droplet, or wet footprint is visible during these first two seconds. Then exactly one large clear water droplet enters from the top of the frame, falls visibly downward, and contacts the center. Only after contact, a brief radial splash appears and several clear water beads remain. The camera, lighting, background, receiver geometry, and all other objects remain unchanged."
wdp0246,hard_surface,surface_residue,hard_surface_09,polished concrete slab,1,"clean, completely dry, horizontal, and motionless",slightly left of center,a small splash appears and a thin localized wet spot remains,one_seed_only,"A realistic fixed-camera macro video in one continuous shot. During the first two seconds, polished concrete slab is clean, completely dry, horizontal, and motionless. No water, falling droplet, or wet footprint is visible during these first two seconds. Then exactly one large clear water droplet enters from the top of the frame, falls visibly downward, and contacts slightly left of center. Only after contact, a small splash appears and a thin localized wet spot remains. The camera, lighting, background, receiver geometry, and all other objects remain unchanged."
wdp0247,hard_surface,surface_residue,hard_surface_09,polished concrete slab,2,"clean, dry, horizontal, and covered by a hydrophobic coating",slightly right of center,the water recoils after a tiny splash and gathers into one compact bead,one_seed_only,"A realistic fixed-camera macro video in one continuous shot. During the first two seconds, polished concrete slab is clean, dry, horizontal, and covered by a hydrophobic coating. No water, falling droplet, or wet footprint is visible during these first two seconds. Then exactly one large clear water droplet enters from the top of the frame, falls visibly downward, and contacts slightly right of center. Only after contact, the water recoils after a tiny splash and gathers into one compact bead. The camera, lighting, background, receiver geometry, and all other objects remain unchanged."
wdp0248,hard_surface,surface_residue,hard_surface_09,polished concrete slab,3,"clean, completely dry, horizontal, and framed with one edge clearly visible",near the visible edge,an asymmetric splash appears and a small amount of water gathers against the edge,one_seed_only,"A realistic fixed-camera macro video in one continuous shot. During the first two seconds, polished concrete slab is clean, completely dry, horizontal, and framed with one edge clearly visible. No water, falling droplet, or wet footprint is visible during these first two seconds. Then exactly one large clear water droplet enters from the top of the frame, falls visibly downward, and contacts near the visible edge. Only after contact, an asymmetric splash appears and a small amount of water gathers against the edge. The camera, lighting, background, receiver geometry, and all other objects remain unchanged."
wdp0249,hard_surface,surface_residue,hard_surface_09,polished concrete slab,4,"clean, dry, and held at a gentle fixed incline",the upper-center area,a small splash appears and one bead slides a short distance downhill leaving a wet trail,one_seed_only,"A realistic fixed-camera macro video in one continuous shot. During the first two seconds, polished concrete slab is clean, dry, and held at a gentle fixed incline. No water, falling droplet, or wet footprint is visible during these first two seconds. Then exactly one large clear water droplet enters from the top of the frame, falls visibly downward, and contacts the upper-center area. Only after contact, a small splash appears and one bead slides a short distance downhill leaving a wet trail. The camera, lighting, background, receiver geometry, and all other objects remain unchanged."
wdp0250,hard_surface,surface_residue,hard_surface_10,smooth epoxy floor sample,0,"clean, completely dry, horizontal, and motionless",the center,a brief radial splash appears and several clear water beads remain,one_seed_only,"A realistic fixed-camera macro video in one continuous shot. During the first two seconds, smooth epoxy floor sample is clean, completely dry, horizontal, and motionless. No water, falling droplet, or wet footprint is visible during these first two seconds. Then exactly one large clear water droplet enters from the top of the frame, falls visibly downward, and contacts the center. Only after contact, a brief radial splash appears and several clear water beads remain. The camera, lighting, background, receiver geometry, and all other objects remain unchanged."
wdp0251,hard_surface,surface_residue,hard_surface_10,smooth epoxy floor sample,1,"clean, completely dry, horizontal, and motionless",slightly left of center,a small splash appears and a thin localized wet spot remains,one_seed_only,"A realistic fixed-camera macro video in one continuous shot. During the first two seconds, smooth epoxy floor sample is clean, completely dry, horizontal, and motionless. No water, falling droplet, or wet footprint is visible during these first two seconds. Then exactly one large clear water droplet enters from the top of the frame, falls visibly downward, and contacts slightly left of center. Only after contact, a small splash appears and a thin localized wet spot remains. The camera, lighting, background, receiver geometry, and all other objects remain unchanged."
wdp0252,hard_surface,surface_residue,hard_surface_10,smooth epoxy floor sample,2,"clean, dry, horizontal, and covered by a hydrophobic coating",slightly right of center,the water recoils after a tiny splash and gathers into one compact bead,one_seed_only,"A realistic fixed-camera macro video in one continuous shot. During the first two seconds, smooth epoxy floor sample is clean, dry, horizontal, and covered by a hydrophobic coating. No water, falling droplet, or wet footprint is visible during these first two seconds. Then exactly one large clear water droplet enters from the top of the frame, falls visibly downward, and contacts slightly right of center. Only after contact, the water recoils after a tiny splash and gathers into one compact bead. The camera, lighting, background, receiver geometry, and all other objects remain unchanged."
wdp0253,hard_surface,surface_residue,hard_surface_10,smooth epoxy floor sample,3,"clean, completely dry, horizontal, and framed with one edge clearly visible",near the visible edge,an asymmetric splash appears and a small amount of water gathers against the edge,one_seed_only,"A realistic fixed-camera macro video in one continuous shot. During the first two seconds, smooth epoxy floor sample is clean, completely dry, horizontal, and framed with one edge clearly visible. No water, falling droplet, or wet footprint is visible during these first two seconds. Then exactly one large clear water droplet enters from the top of the frame, falls visibly downward, and contacts near the visible edge. Only after contact, an asymmetric splash appears and a small amount of water gathers against the edge. The camera, lighting, background, receiver geometry, and all other objects remain unchanged."
wdp0254,hard_surface,surface_residue,hard_surface_10,smooth epoxy floor sample,4,"clean, dry, and held at a gentle fixed incline",the upper-center area,a small splash appears and one bead slides a short distance downhill leaving a wet trail,one_seed_only,"A realistic fixed-camera macro video in one continuous shot. During the first two seconds, smooth epoxy floor sample is clean, dry, and held at a gentle fixed incline. No water, falling droplet, or wet footprint is visible during these first two seconds. Then exactly one large clear water droplet enters from the top of the frame, falls visibly downward, and contacts the upper-center area. Only after contact, a small splash appears and one bead slides a short distance downhill leaving a wet trail. The camera, lighting, background, receiver geometry, and all other objects remain unchanged."
wdp0255,hard_surface,surface_residue,hard_surface_11,vinyl flooring sample,0,"clean, completely dry, horizontal, and motionless",the center,a brief radial splash appears and several clear water beads remain,one_seed_only,"A realistic fixed-camera macro video in one continuous shot. During the first two seconds, vinyl flooring sample is clean, completely dry, horizontal, and motionless. No water, falling droplet, or wet footprint is visible during these first two seconds. Then exactly one large clear water droplet enters from the top of the frame, falls visibly downward, and contacts the center. Only after contact, a brief radial splash appears and several clear water beads remain. The camera, lighting, background, receiver geometry, and all other objects remain unchanged."
wdp0256,hard_surface,surface_residue,hard_surface_11,vinyl flooring sample,1,"clean, completely dry, horizontal, and motionless",slightly left of center,a small splash appears and a thin localized wet spot remains,one_seed_only,"A realistic fixed-camera macro video in one continuous shot. During the first two seconds, vinyl flooring sample is clean, completely dry, horizontal, and motionless. No water, falling droplet, or wet footprint is visible during these first two seconds. Then exactly one large clear water droplet enters from the top of the frame, falls visibly downward, and contacts slightly left of center. Only after contact, a small splash appears and a thin localized wet spot remains. The camera, lighting, background, receiver geometry, and all other objects remain unchanged."
wdp0257,hard_surface,surface_residue,hard_surface_11,vinyl flooring sample,2,"clean, dry, horizontal, and covered by a hydrophobic coating",slightly right of center,the water recoils after a tiny splash and gathers into one compact bead,one_seed_only,"A realistic fixed-camera macro video in one continuous shot. During the first two seconds, vinyl flooring sample is clean, dry, horizontal, and covered by a hydrophobic coating. No water, falling droplet, or wet footprint is visible during these first two seconds. Then exactly one large clear water droplet enters from the top of the frame, falls visibly downward, and contacts slightly right of center. Only after contact, the water recoils after a tiny splash and gathers into one compact bead. The camera, lighting, background, receiver geometry, and all other objects remain unchanged."
wdp0258,hard_surface,surface_residue,hard_surface_11,vinyl flooring sample,3,"clean, completely dry, horizontal, and framed with one edge clearly visible",near the visible edge,an asymmetric splash appears and a small amount of water gathers against the edge,one_seed_only,"A realistic fixed-camera macro video in one continuous shot. During the first two seconds, vinyl flooring sample is clean, completely dry, horizontal, and framed with one edge clearly visible. No water, falling droplet, or wet footprint is visible during these first two seconds. Then exactly one large clear water droplet enters from the top of the frame, falls visibly downward, and contacts near the visible edge. Only after contact, an asymmetric splash appears and a small amount of water gathers against the edge. The camera, lighting, background, receiver geometry, and all other objects remain unchanged."
wdp0259,hard_surface,surface_residue,hard_surface_11,vinyl flooring sample,4,"clean, dry, and held at a gentle fixed incline",the upper-center area,a small splash appears and one bead slides a short distance downhill leaving a wet trail,one_seed_only,"A realistic fixed-camera macro video in one continuous shot. During the first two seconds, vinyl flooring sample is clean, dry, and held at a gentle fixed incline. No water, falling droplet, or wet footprint is visible during these first two seconds. Then exactly one large clear water droplet enters from the top of the frame, falls visibly downward, and contacts the upper-center area. Only after contact, a small splash appears and one bead slides a short distance downhill leaving a wet trail. The camera, lighting, background, receiver geometry, and all other objects remain unchanged."
wdp0260,hard_surface,surface_residue,hard_surface_12,porcelain sink ledge,0,"clean, completely dry, horizontal, and motionless",the center,a brief radial splash appears and several clear water beads remain,one_seed_only,"A realistic fixed-camera macro video in one continuous shot. During the first two seconds, porcelain sink ledge is clean, completely dry, horizontal, and motionless. No water, falling droplet, or wet footprint is visible during these first two seconds. Then exactly one large clear water droplet enters from the top of the frame, falls visibly downward, and contacts the center. Only after contact, a brief radial splash appears and several clear water beads remain. The camera, lighting, background, receiver geometry, and all other objects remain unchanged."
wdp0261,hard_surface,surface_residue,hard_surface_12,porcelain sink ledge,1,"clean, completely dry, horizontal, and motionless",slightly left of center,a small splash appears and a thin localized wet spot remains,one_seed_only,"A realistic fixed-camera macro video in one continuous shot. During the first two seconds, porcelain sink ledge is clean, completely dry, horizontal, and motionless. No water, falling droplet, or wet footprint is visible during these first two seconds. Then exactly one large clear water droplet enters from the top of the frame, falls visibly downward, and contacts slightly left of center. Only after contact, a small splash appears and a thin localized wet spot remains. The camera, lighting, background, receiver geometry, and all other objects remain unchanged."
wdp0262,hard_surface,surface_residue,hard_surface_12,porcelain sink ledge,2,"clean, dry, horizontal, and covered by a hydrophobic coating",slightly right of center,the water recoils after a tiny splash and gathers into one compact bead,one_seed_only,"A realistic fixed-camera macro video in one continuous shot. During the first two seconds, porcelain sink ledge is clean, dry, horizontal, and covered by a hydrophobic coating. No water, falling droplet, or wet footprint is visible during these first two seconds. Then exactly one large clear water droplet enters from the top of the frame, falls visibly downward, and contacts slightly right of center. Only after contact, the water recoils after a tiny splash and gathers into one compact bead. The camera, lighting, background, receiver geometry, and all other objects remain unchanged."
wdp0263,hard_surface,surface_residue,hard_surface_12,porcelain sink ledge,3,"clean, completely dry, horizontal, and framed with one edge clearly visible",near the visible edge,an asymmetric splash appears and a small amount of water gathers against the edge,one_seed_only,"A realistic fixed-camera macro video in one continuous shot. During the first two seconds, porcelain sink ledge is clean, completely dry, horizontal, and framed with one edge clearly visible. No water, falling droplet, or wet footprint is visible during these first two seconds. Then exactly one large clear water droplet enters from the top of the frame, falls visibly downward, and contacts near the visible edge. Only after contact, an asymmetric splash appears and a small amount of water gathers against the edge. The camera, lighting, background, receiver geometry, and all other objects remain unchanged."
wdp0264,hard_surface,surface_residue,hard_surface_12,porcelain sink ledge,4,"clean, dry, and held at a gentle fixed incline",the upper-center area,a small splash appears and one bead slides a short distance downhill leaving a wet trail,one_seed_only,"A realistic fixed-camera macro video in one continuous shot. During the first two seconds, porcelain sink ledge is clean, dry, and held at a gentle fixed incline. No water, falling droplet, or wet footprint is visible during these first two seconds. Then exactly one large clear water droplet enters from the top of the frame, falls visibly downward, and contacts the upper-center area. Only after contact, a small splash appears and one bead slides a short distance downhill leaving a wet trail. The camera, lighting, background, receiver geometry, and all other objects remain unchanged."
wdp0265,hard_surface,surface_residue,hard_surface_13,white enamel stove surface,0,"clean, completely dry, horizontal, and motionless",the center,a brief radial splash appears and several clear water beads remain,one_seed_only,"A realistic fixed-camera macro video in one continuous shot. During the first two seconds, white enamel stove surface is clean, completely dry, horizontal, and motionless. No water, falling droplet, or wet footprint is visible during these first two seconds. Then exactly one large clear water droplet enters from the top of the frame, falls visibly downward, and contacts the center. Only after contact, a brief radial splash appears and several clear water beads remain. The camera, lighting, background, receiver geometry, and all other objects remain unchanged."
wdp0266,hard_surface,surface_residue,hard_surface_13,white enamel stove surface,1,"clean, completely dry, horizontal, and motionless",slightly left of center,a small splash appears and a thin localized wet spot remains,one_seed_only,"A realistic fixed-camera macro video in one continuous shot. During the first two seconds, white enamel stove surface is clean, completely dry, horizontal, and motionless. No water, falling droplet, or wet footprint is visible during these first two seconds. Then exactly one large clear water droplet enters from the top of the frame, falls visibly downward, and contacts slightly left of center. Only after contact, a small splash appears and a thin localized wet spot remains. The camera, lighting, background, receiver geometry, and all other objects remain unchanged."
wdp0267,hard_surface,surface_residue,hard_surface_13,white enamel stove surface,2,"clean, dry, horizontal, and covered by a hydrophobic coating",slightly right of center,the water recoils after a tiny splash and gathers into one compact bead,one_seed_only,"A realistic fixed-camera macro video in one continuous shot. During the first two seconds, white enamel stove surface is clean, dry, horizontal, and covered by a hydrophobic coating. No water, falling droplet, or wet footprint is visible during these first two seconds. Then exactly one large clear water droplet enters from the top of the frame, falls visibly downward, and contacts slightly right of center. Only after contact, the water recoils after a tiny splash and gathers into one compact bead. The camera, lighting, background, receiver geometry, and all other objects remain unchanged."
wdp0268,hard_surface,surface_residue,hard_surface_13,white enamel stove surface,3,"clean, completely dry, horizontal, and framed with one edge clearly visible",near the visible edge,an asymmetric splash appears and a small amount of water gathers against the edge,one_seed_only,"A realistic fixed-camera macro video in one continuous shot. During the first two seconds, white enamel stove surface is clean, completely dry, horizontal, and framed with one edge clearly visible. No water, falling droplet, or wet footprint is visible during these first two seconds. Then exactly one large clear water droplet enters from the top of the frame, falls visibly downward, and contacts near the visible edge. Only after contact, an asymmetric splash appears and a small amount of water gathers against the edge. The camera, lighting, background, receiver geometry, and all other objects remain unchanged."
wdp0269,hard_surface,surface_residue,hard_surface_13,white enamel stove surface,4,"clean, dry, and held at a gentle fixed incline",the upper-center area,a small splash appears and one bead slides a short distance downhill leaving a wet trail,one_seed_only,"A realistic fixed-camera macro video in one continuous shot. During the first two seconds, white enamel stove surface is clean, dry, and held at a gentle fixed incline. No water, falling droplet, or wet footprint is visible during these first two seconds. Then exactly one large clear water droplet enters from the top of the frame, falls visibly downward, and contacts the upper-center area. Only after contact, a small splash appears and one bead slides a short distance downhill leaving a wet trail. The camera, lighting, background, receiver geometry, and all other objects remain unchanged."
wdp0270,hard_surface,surface_residue,hard_surface_14,flat chrome-plated shelf,0,"clean, completely dry, horizontal, and motionless",the center,a brief radial splash appears and several clear water beads remain,one_seed_only,"A realistic fixed-camera macro video in one continuous shot. During the first two seconds, flat chrome-plated shelf is clean, completely dry, horizontal, and motionless. No water, falling droplet, or wet footprint is visible during these first two seconds. Then exactly one large clear water droplet enters from the top of the frame, falls visibly downward, and contacts the center. Only after contact, a brief radial splash appears and several clear water beads remain. The camera, lighting, background, receiver geometry, and all other objects remain unchanged."
wdp0271,hard_surface,surface_residue,hard_surface_14,flat chrome-plated shelf,1,"clean, completely dry, horizontal, and motionless",slightly left of center,a small splash appears and a thin localized wet spot remains,one_seed_only,"A realistic fixed-camera macro video in one continuous shot. During the first two seconds, flat chrome-plated shelf is clean, completely dry, horizontal, and motionless. No water, falling droplet, or wet footprint is visible during these first two seconds. Then exactly one large clear water droplet enters from the top of the frame, falls visibly downward, and contacts slightly left of center. Only after contact, a small splash appears and a thin localized wet spot remains. The camera, lighting, background, receiver geometry, and all other objects remain unchanged."
wdp0272,hard_surface,surface_residue,hard_surface_14,flat chrome-plated shelf,2,"clean, dry, horizontal, and covered by a hydrophobic coating",slightly right of center,the water recoils after a tiny splash and gathers into one compact bead,one_seed_only,"A realistic fixed-camera macro video in one continuous shot. During the first two seconds, flat chrome-plated shelf is clean, dry, horizontal, and covered by a hydrophobic coating. No water, falling droplet, or wet footprint is visible during these first two seconds. Then exactly one large clear water droplet enters from the top of the frame, falls visibly downward, and contacts slightly right of center. Only after contact, the water recoils after a tiny splash and gathers into one compact bead. The camera, lighting, background, receiver geometry, and all other objects remain unchanged."
wdp0273,hard_surface,surface_residue,hard_surface_14,flat chrome-plated shelf,3,"clean, completely dry, horizontal, and framed with one edge clearly visible",near the visible edge,an asymmetric splash appears and a small amount of water gathers against the edge,one_seed_only,"A realistic fixed-camera macro video in one continuous shot. During the first two seconds, flat chrome-plated shelf is clean, completely dry, horizontal, and framed with one edge clearly visible. No water, falling droplet, or wet footprint is visible during these first two seconds. Then exactly one large clear water droplet enters from the top of the frame, falls visibly downward, and contacts near the visible edge. Only after contact, an asymmetric splash appears and a small amount of water gathers against the edge. The camera, lighting, background, receiver geometry, and all other objects remain unchanged."
wdp0274,hard_surface,surface_residue,hard_surface_14,flat chrome-plated shelf,4,"clean, dry, and held at a gentle fixed incline",the upper-center area,a small splash appears and one bead slides a short distance downhill leaving a wet trail,one_seed_only,"A realistic fixed-camera macro video in one continuous shot. During the first two seconds, flat chrome-plated shelf is clean, dry, and held at a gentle fixed incline. No water, falling droplet, or wet footprint is visible during these first two seconds. Then exactly one large clear water droplet enters from the top of the frame, falls visibly downward, and contacts the upper-center area. Only after contact, a small splash appears and one bead slides a short distance downhill leaving a wet trail. The camera, lighting, background, receiver geometry, and all other objects remain unchanged."
wdp0275,hard_surface,surface_residue,hard_surface_15,brushed aluminum sheet,0,"clean, completely dry, horizontal, and motionless",the center,a brief radial splash appears and several clear water beads remain,one_seed_only,"A realistic fixed-camera macro video in one continuous shot. During the first two seconds, brushed aluminum sheet is clean, completely dry, horizontal, and motionless. No water, falling droplet, or wet footprint is visible during these first two seconds. Then exactly one large clear water droplet enters from the top of the frame, falls visibly downward, and contacts the center. Only after contact, a brief radial splash appears and several clear water beads remain. The camera, lighting, background, receiver geometry, and all other objects remain unchanged."
wdp0276,hard_surface,surface_residue,hard_surface_15,brushed aluminum sheet,1,"clean, completely dry, horizontal, and motionless",slightly left of center,a small splash appears and a thin localized wet spot remains,one_seed_only,"A realistic fixed-camera macro video in one continuous shot. During the first two seconds, brushed aluminum sheet is clean, completely dry, horizontal, and motionless. No water, falling droplet, or wet footprint is visible during these first two seconds. Then exactly one large clear water droplet enters from the top of the frame, falls visibly downward, and contacts slightly left of center. Only after contact, a small splash appears and a thin localized wet spot remains. The camera, lighting, background, receiver geometry, and all other objects remain unchanged."
wdp0277,hard_surface,surface_residue,hard_surface_15,brushed aluminum sheet,2,"clean, dry, horizontal, and covered by a hydrophobic coating",slightly right of center,the water recoils after a tiny splash and gathers into one compact bead,one_seed_only,"A realistic fixed-camera macro video in one continuous shot. During the first two seconds, brushed aluminum sheet is clean, dry, horizontal, and covered by a hydrophobic coating. No water, falling droplet, or wet footprint is visible during these first two seconds. Then exactly one large clear water droplet enters from the top of the frame, falls visibly downward, and contacts slightly right of center. Only after contact, the water recoils after a tiny splash and gathers into one compact bead. The camera, lighting, background, receiver geometry, and all other objects remain unchanged."
wdp0278,hard_surface,surface_residue,hard_surface_15,brushed aluminum sheet,3,"clean, completely dry, horizontal, and framed with one edge clearly visible",near the visible edge,an asymmetric splash appears and a small amount of water gathers against the edge,one_seed_only,"A realistic fixed-camera macro video in one continuous shot. During the first two seconds, brushed aluminum sheet is clean, completely dry, horizontal, and framed with one edge clearly visible. No water, falling droplet, or wet footprint is visible during these first two seconds. Then exactly one large clear water droplet enters from the top of the frame, falls visibly downward, and contacts near the visible edge. Only after contact, an asymmetric splash appears and a small amount of water gathers against the edge. The camera, lighting, background, receiver geometry, and all other objects remain unchanged."
wdp0279,hard_surface,surface_residue,hard_surface_15,brushed aluminum sheet,4,"clean, dry, and held at a gentle fixed incline",the upper-center area,a small splash appears and one bead slides a short distance downhill leaving a wet trail,one_seed_only,"A realistic fixed-camera macro video in one continuous shot. During the first two seconds, brushed aluminum sheet is clean, dry, and held at a gentle fixed incline. No water, falling droplet, or wet footprint is visible during these first two seconds. Then exactly one large clear water droplet enters from the top of the frame, falls visibly downward, and contacts the upper-center area. Only after contact, a small splash appears and one bead slides a short distance downhill leaving a wet trail. The camera, lighting, background, receiver geometry, and all other objects remain unchanged."
wdp0280,hard_surface,surface_residue,hard_surface_16,polished copper plate,0,"clean, completely dry, horizontal, and motionless",the center,a brief radial splash appears and several clear water beads remain,one_seed_only,"A realistic fixed-camera macro video in one continuous shot. During the first two seconds, polished copper plate is clean, completely dry, horizontal, and motionless. No water, falling droplet, or wet footprint is visible during these first two seconds. Then exactly one large clear water droplet enters from the top of the frame, falls visibly downward, and contacts the center. Only after contact, a brief radial splash appears and several clear water beads remain. The camera, lighting, background, receiver geometry, and all other objects remain unchanged."
wdp0281,hard_surface,surface_residue,hard_surface_16,polished copper plate,1,"clean, completely dry, horizontal, and motionless",slightly left of center,a small splash appears and a thin localized wet spot remains,one_seed_only,"A realistic fixed-camera macro video in one continuous shot. During the first two seconds, polished copper plate is clean, completely dry, horizontal, and motionless. No water, falling droplet, or wet footprint is visible during these first two seconds. Then exactly one large clear water droplet enters from the top of the frame, falls visibly downward, and contacts slightly left of center. Only after contact, a small splash appears and a thin localized wet spot remains. The camera, lighting, background, receiver geometry, and all other objects remain unchanged."
wdp0282,hard_surface,surface_residue,hard_surface_16,polished copper plate,2,"clean, dry, horizontal, and covered by a hydrophobic coating",slightly right of center,the water recoils after a tiny splash and gathers into one compact bead,one_seed_only,"A realistic fixed-camera macro video in one continuous shot. During the first two seconds, polished copper plate is clean, dry, horizontal, and covered by a hydrophobic coating. No water, falling droplet, or wet footprint is visible during these first two seconds. Then exactly one large clear water droplet enters from the top of the frame, falls visibly downward, and contacts slightly right of center. Only after contact, the water recoils after a tiny splash and gathers into one compact bead. The camera, lighting, background, receiver geometry, and all other objects remain unchanged."
wdp0283,hard_surface,surface_residue,hard_surface_16,polished copper plate,3,"clean, completely dry, horizontal, and framed with one edge clearly visible",near the visible edge,an asymmetric splash appears and a small amount of water gathers against the edge,one_seed_only,"A realistic fixed-camera macro video in one continuous shot. During the first two seconds, polished copper plate is clean, completely dry, horizontal, and framed with one edge clearly visible. No water, falling droplet, or wet footprint is visible during these first two seconds. Then exactly one large clear water droplet enters from the top of the frame, falls visibly downward, and contacts near the visible edge. Only after contact, an asymmetric splash appears and a small amount of water gathers against the edge. The camera, lighting, background, receiver geometry, and all other objects remain unchanged."
wdp0284,hard_surface,surface_residue,hard_surface_16,polished copper plate,4,"clean, dry, and held at a gentle fixed incline",the upper-center area,a small splash appears and one bead slides a short distance downhill leaving a wet trail,one_seed_only,"A realistic fixed-camera macro video in one continuous shot. During the first two seconds, polished copper plate is clean, dry, and held at a gentle fixed incline. No water, falling droplet, or wet footprint is visible during these first two seconds. Then exactly one large clear water droplet enters from the top of the frame, falls visibly downward, and contacts the upper-center area. Only after contact, a small splash appears and one bead slides a short distance downhill leaving a wet trail. The camera, lighting, background, receiver geometry, and all other objects remain unchanged."
wdp0285,hard_surface,surface_residue,hard_surface_17,polished brass plate,0,"clean, completely dry, horizontal, and motionless",the center,a brief radial splash appears and several clear water beads remain,one_seed_only,"A realistic fixed-camera macro video in one continuous shot. During the first two seconds, polished brass plate is clean, completely dry, horizontal, and motionless. No water, falling droplet, or wet footprint is visible during these first two seconds. Then exactly one large clear water droplet enters from the top of the frame, falls visibly downward, and contacts the center. Only after contact, a brief radial splash appears and several clear water beads remain. The camera, lighting, background, receiver geometry, and all other objects remain unchanged."
wdp0286,hard_surface,surface_residue,hard_surface_17,polished brass plate,1,"clean, completely dry, horizontal, and motionless",slightly left of center,a small splash appears and a thin localized wet spot remains,one_seed_only,"A realistic fixed-camera macro video in one continuous shot. During the first two seconds, polished brass plate is clean, completely dry, horizontal, and motionless. No water, falling droplet, or wet footprint is visible during these first two seconds. Then exactly one large clear water droplet enters from the top of the frame, falls visibly downward, and contacts slightly left of center. Only after contact, a small splash appears and a thin localized wet spot remains. The camera, lighting, background, receiver geometry, and all other objects remain unchanged."
wdp0287,hard_surface,surface_residue,hard_surface_17,polished brass plate,2,"clean, dry, horizontal, and covered by a hydrophobic coating",slightly right of center,the water recoils after a tiny splash and gathers into one compact bead,one_seed_only,"A realistic fixed-camera macro video in one continuous shot. During the first two seconds, polished brass plate is clean, dry, horizontal, and covered by a hydrophobic coating. No water, falling droplet, or wet footprint is visible during these first two seconds. Then exactly one large clear water droplet enters from the top of the frame, falls visibly downward, and contacts slightly right of center. Only after contact, the water recoils after a tiny splash and gathers into one compact bead. The camera, lighting, background, receiver geometry, and all other objects remain unchanged."
wdp0288,hard_surface,surface_residue,hard_surface_17,polished brass plate,3,"clean, completely dry, horizontal, and framed with one edge clearly visible",near the visible edge,an asymmetric splash appears and a small amount of water gathers against the edge,one_seed_only,"A realistic fixed-camera macro video in one continuous shot. During the first two seconds, polished brass plate is clean, completely dry, horizontal, and framed with one edge clearly visible. No water, falling droplet, or wet footprint is visible during these first two seconds. Then exactly one large clear water droplet enters from the top of the frame, falls visibly downward, and contacts near the visible edge. Only after contact, an asymmetric splash appears and a small amount of water gathers against the edge. The camera, lighting, background, receiver geometry, and all other objects remain unchanged."
wdp0289,hard_surface,surface_residue,hard_surface_17,polished brass plate,4,"clean, dry, and held at a gentle fixed incline",the upper-center area,a small splash appears and one bead slides a short distance downhill leaving a wet trail,one_seed_only,"A realistic fixed-camera macro video in one continuous shot. During the first two seconds, polished brass plate is clean, dry, and held at a gentle fixed incline. No water, falling droplet, or wet footprint is visible during these first two seconds. Then exactly one large clear water droplet enters from the top of the frame, falls visibly downward, and contacts the upper-center area. Only after contact, a small splash appears and one bead slides a short distance downhill leaving a wet trail. The camera, lighting, background, receiver geometry, and all other objects remain unchanged."
wdp0290,hard_surface,surface_residue,hard_surface_18,steel workbench top,0,"clean, completely dry, horizontal, and motionless",the center,a brief radial splash appears and several clear water beads remain,one_seed_only,"A realistic fixed-camera macro video in one continuous shot. During the first two seconds, steel workbench top is clean, completely dry, horizontal, and motionless. No water, falling droplet, or wet footprint is visible during these first two seconds. Then exactly one large clear water droplet enters from the top of the frame, falls visibly downward, and contacts the center. Only after contact, a brief radial splash appears and several clear water beads remain. The camera, lighting, background, receiver geometry, and all other objects remain unchanged."
wdp0291,hard_surface,surface_residue,hard_surface_18,steel workbench top,1,"clean, completely dry, horizontal, and motionless",slightly left of center,a small splash appears and a thin localized wet spot remains,one_seed_only,"A realistic fixed-camera macro video in one continuous shot. During the first two seconds, steel workbench top is clean, completely dry, horizontal, and motionless. No water, falling droplet, or wet footprint is visible during these first two seconds. Then exactly one large clear water droplet enters from the top of the frame, falls visibly downward, and contacts slightly left of center. Only after contact, a small splash appears and a thin localized wet spot remains. The camera, lighting, background, receiver geometry, and all other objects remain unchanged."
wdp0292,hard_surface,surface_residue,hard_surface_18,steel workbench top,2,"clean, dry, horizontal, and covered by a hydrophobic coating",slightly right of center,the water recoils after a tiny splash and gathers into one compact bead,one_seed_only,"A realistic fixed-camera macro video in one continuous shot. During the first two seconds, steel workbench top is clean, dry, horizontal, and covered by a hydrophobic coating. No water, falling droplet, or wet footprint is visible during these first two seconds. Then exactly one large clear water droplet enters from the top of the frame, falls visibly downward, and contacts slightly right of center. Only after contact, the water recoils after a tiny splash and gathers into one compact bead. The camera, lighting, background, receiver geometry, and all other objects remain unchanged."
wdp0293,hard_surface,surface_residue,hard_surface_18,steel workbench top,3,"clean, completely dry, horizontal, and framed with one edge clearly visible",near the visible edge,an asymmetric splash appears and a small amount of water gathers against the edge,one_seed_only,"A realistic fixed-camera macro video in one continuous shot. During the first two seconds, steel workbench top is clean, completely dry, horizontal, and framed with one edge clearly visible. No water, falling droplet, or wet footprint is visible during these first two seconds. Then exactly one large clear water droplet enters from the top of the frame, falls visibly downward, and contacts near the visible edge. Only after contact, an asymmetric splash appears and a small amount of water gathers against the edge. The camera, lighting, background, receiver geometry, and all other objects remain unchanged."
wdp0294,hard_surface,surface_residue,hard_surface_18,steel workbench top,4,"clean, dry, and held at a gentle fixed incline",the upper-center area,a small splash appears and one bead slides a short distance downhill leaving a wet trail,one_seed_only,"A realistic fixed-camera macro video in one continuous shot. During the first two seconds, steel workbench top is clean, dry, and held at a gentle fixed incline. No water, falling droplet, or wet footprint is visible during these first two seconds. Then exactly one large clear water droplet enters from the top of the frame, falls visibly downward, and contacts the upper-center area. Only after contact, a small splash appears and one bead slides a short distance downhill leaving a wet trail. The camera, lighting, background, receiver geometry, and all other objects remain unchanged."
wdp0295,hard_surface,surface_residue,hard_surface_19,flat cast-iron griddle,0,"clean, completely dry, horizontal, and motionless",the center,a brief radial splash appears and several clear water beads remain,one_seed_only,"A realistic fixed-camera macro video in one continuous shot. During the first two seconds, flat cast-iron griddle is clean, completely dry, horizontal, and motionless. No water, falling droplet, or wet footprint is visible during these first two seconds. Then exactly one large clear water droplet enters from the top of the frame, falls visibly downward, and contacts the center. Only after contact, a brief radial splash appears and several clear water beads remain. The camera, lighting, background, receiver geometry, and all other objects remain unchanged."
wdp0296,hard_surface,surface_residue,hard_surface_19,flat cast-iron griddle,1,"clean, completely dry, horizontal, and motionless",slightly left of center,a small splash appears and a thin localized wet spot remains,one_seed_only,"A realistic fixed-camera macro video in one continuous shot. During the first two seconds, flat cast-iron griddle is clean, completely dry, horizontal, and motionless. No water, falling droplet, or wet footprint is visible during these first two seconds. Then exactly one large clear water droplet enters from the top of the frame, falls visibly downward, and contacts slightly left of center. Only after contact, a small splash appears and a thin localized wet spot remains. The camera, lighting, background, receiver geometry, and all other objects remain unchanged."
wdp0297,hard_surface,surface_residue,hard_surface_19,flat cast-iron griddle,2,"clean, dry, horizontal, and covered by a hydrophobic coating",slightly right of center,the water recoils after a tiny splash and gathers into one compact bead,one_seed_only,"A realistic fixed-camera macro video in one continuous shot. During the first two seconds, flat cast-iron griddle is clean, dry, horizontal, and covered by a hydrophobic coating. No water, falling droplet, or wet footprint is visible during these first two seconds. Then exactly one large clear water droplet enters from the top of the frame, falls visibly downward, and contacts slightly right of center. Only after contact, the water recoils after a tiny splash and gathers into one compact bead. The camera, lighting, background, receiver geometry, and all other objects remain unchanged."
wdp0298,hard_surface,surface_residue,hard_surface_19,flat cast-iron griddle,3,"clean, completely dry, horizontal, and framed with one edge clearly visible",near the visible edge,an asymmetric splash appears and a small amount of water gathers against the edge,one_seed_only,"A realistic fixed-camera macro video in one continuous shot. During the first two seconds, flat cast-iron griddle is clean, completely dry, horizontal, and framed with one edge clearly visible. No water, falling droplet, or wet footprint is visible during these first two seconds. Then exactly one large clear water droplet enters from the top of the frame, falls visibly downward, and contacts near the visible edge. Only after contact, an asymmetric splash appears and a small amount of water gathers against the edge. The camera, lighting, background, receiver geometry, and all other objects remain unchanged."
wdp0299,hard_surface,surface_residue,hard_surface_19,flat cast-iron griddle,4,"clean, dry, and held at a gentle fixed incline",the upper-center area,a small splash appears and one bead slides a short distance downhill leaving a wet trail,one_seed_only,"A realistic fixed-camera macro video in one continuous shot. During the first two seconds, flat cast-iron griddle is clean, dry, and held at a gentle fixed incline. No water, falling droplet, or wet footprint is visible during these first two seconds. Then exactly one large clear water droplet enters from the top of the frame, falls visibly downward, and contacts the upper-center area. Only after contact, a small splash appears and one bead slides a short distance downhill leaving a wet trail. The camera, lighting, background, receiver geometry, and all other objects remain unchanged."
wdp0300,hard_surface,surface_residue,hard_surface_20,black nonstick baking tray,0,"clean, completely dry, horizontal, and motionless",the center,a brief radial splash appears and several clear water beads remain,one_seed_only,"A realistic fixed-camera macro video in one continuous shot. During the first two seconds, black nonstick baking tray is clean, completely dry, horizontal, and motionless. No water, falling droplet, or wet footprint is visible during these first two seconds. Then exactly one large clear water droplet enters from the top of the frame, falls visibly downward, and contacts the center. Only after contact, a brief radial splash appears and several clear water beads remain. The camera, lighting, background, receiver geometry, and all other objects remain unchanged."
wdp0301,hard_surface,surface_residue,hard_surface_20,black nonstick baking tray,1,"clean, completely dry, horizontal, and motionless",slightly left of center,a small splash appears and a thin localized wet spot remains,one_seed_only,"A realistic fixed-camera macro video in one continuous shot. During the first two seconds, black nonstick baking tray is clean, completely dry, horizontal, and motionless. No water, falling droplet, or wet footprint is visible during these first two seconds. Then exactly one large clear water droplet enters from the top of the frame, falls visibly downward, and contacts slightly left of center. Only after contact, a small splash appears and a thin localized wet spot remains. The camera, lighting, background, receiver geometry, and all other objects remain unchanged."
wdp0302,hard_surface,surface_residue,hard_surface_20,black nonstick baking tray,2,"clean, dry, horizontal, and covered by a hydrophobic coating",slightly right of center,the water recoils after a tiny splash and gathers into one compact bead,one_seed_only,"A realistic fixed-camera macro video in one continuous shot. During the first two seconds, black nonstick baking tray is clean, dry, horizontal, and covered by a hydrophobic coating. No water, falling droplet, or wet footprint is visible during these first two seconds. Then exactly one large clear water droplet enters from the top of the frame, falls visibly downward, and contacts slightly right of center. Only after contact, the water recoils after a tiny splash and gathers into one compact bead. The camera, lighting, background, receiver geometry, and all other objects remain unchanged."
wdp0303,hard_surface,surface_residue,hard_surface_20,black nonstick baking tray,3,"clean, completely dry, horizontal, and framed with one edge clearly visible",near the visible edge,an asymmetric splash appears and a small amount of water gathers against the edge,one_seed_only,"A realistic fixed-camera macro video in one continuous shot. During the first two seconds, black nonstick baking tray is clean, completely dry, horizontal, and framed with one edge clearly visible. No water, falling droplet, or wet footprint is visible during these first two seconds. Then exactly one large clear water droplet enters from the top of the frame, falls visibly downward, and contacts near the visible edge. Only after contact, an asymmetric splash appears and a small amount of water gathers against the edge. The camera, lighting, background, receiver geometry, and all other objects remain unchanged."
wdp0304,hard_surface,surface_residue,hard_surface_20,black nonstick baking tray,4,"clean, dry, and held at a gentle fixed incline",the upper-center area,a small splash appears and one bead slides a short distance downhill leaving a wet trail,one_seed_only,"A realistic fixed-camera macro video in one continuous shot. During the first two seconds, black nonstick baking tray is clean, dry, and held at a gentle fixed incline. No water, falling droplet, or wet footprint is visible during these first two seconds. Then exactly one large clear water droplet enters from the top of the frame, falls visibly downward, and contacts the upper-center area. Only after contact, a small splash appears and one bead slides a short distance downhill leaving a wet trail. The camera, lighting, background, receiver geometry, and all other objects remain unchanged."
wdp0305,hard_surface,surface_residue,hard_surface_21,clear glass plate,0,"clean, completely dry, horizontal, and motionless",the center,a brief radial splash appears and several clear water beads remain,one_seed_only,"A realistic fixed-camera macro video in one continuous shot. During the first two seconds, clear glass plate is clean, completely dry, horizontal, and motionless. No water, falling droplet, or wet footprint is visible during these first two seconds. Then exactly one large clear water droplet enters from the top of the frame, falls visibly downward, and contacts the center. Only after contact, a brief radial splash appears and several clear water beads remain. The camera, lighting, background, receiver geometry, and all other objects remain unchanged."
wdp0306,hard_surface,surface_residue,hard_surface_21,clear glass plate,1,"clean, completely dry, horizontal, and motionless",slightly left of center,a small splash appears and a thin localized wet spot remains,one_seed_only,"A realistic fixed-camera macro video in one continuous shot. During the first two seconds, clear glass plate is clean, completely dry, horizontal, and motionless. No water, falling droplet, or wet footprint is visible during these first two seconds. Then exactly one large clear water droplet enters from the top of the frame, falls visibly downward, and contacts slightly left of center. Only after contact, a small splash appears and a thin localized wet spot remains. The camera, lighting, background, receiver geometry, and all other objects remain unchanged."
wdp0307,hard_surface,surface_residue,hard_surface_21,clear glass plate,2,"clean, dry, horizontal, and covered by a hydrophobic coating",slightly right of center,the water recoils after a tiny splash and gathers into one compact bead,one_seed_only,"A realistic fixed-camera macro video in one continuous shot. During the first two seconds, clear glass plate is clean, dry, horizontal, and covered by a hydrophobic coating. No water, falling droplet, or wet footprint is visible during these first two seconds. Then exactly one large clear water droplet enters from the top of the frame, falls visibly downward, and contacts slightly right of center. Only after contact, the water recoils after a tiny splash and gathers into one compact bead. The camera, lighting, background, receiver geometry, and all other objects remain unchanged."
wdp0308,hard_surface,surface_residue,hard_surface_21,clear glass plate,3,"clean, completely dry, horizontal, and framed with one edge clearly visible",near the visible edge,an asymmetric splash appears and a small amount of water gathers against the edge,one_seed_only,"A realistic fixed-camera macro video in one continuous shot. During the first two seconds, clear glass plate is clean, completely dry, horizontal, and framed with one edge clearly visible. No water, falling droplet, or wet footprint is visible during these first two seconds. Then exactly one large clear water droplet enters from the top of the frame, falls visibly downward, and contacts near the visible edge. Only after contact, an asymmetric splash appears and a small amount of water gathers against the edge. The camera, lighting, background, receiver geometry, and all other objects remain unchanged."
wdp0309,hard_surface,surface_residue,hard_surface_21,clear glass plate,4,"clean, dry, and held at a gentle fixed incline",the upper-center area,a small splash appears and one bead slides a short distance downhill leaving a wet trail,one_seed_only,"A realistic fixed-camera macro video in one continuous shot. During the first two seconds, clear glass plate is clean, dry, and held at a gentle fixed incline. No water, falling droplet, or wet footprint is visible during these first two seconds. Then exactly one large clear water droplet enters from the top of the frame, falls visibly downward, and contacts the upper-center area. Only after contact, a small splash appears and one bead slides a short distance downhill leaving a wet trail. The camera, lighting, background, receiver geometry, and all other objects remain unchanged."
wdp0310,hard_surface,surface_residue,hard_surface_22,clear acrylic sheet,0,"clean, completely dry, horizontal, and motionless",the center,a brief radial splash appears and several clear water beads remain,one_seed_only,"A realistic fixed-camera macro video in one continuous shot. During the first two seconds, clear acrylic sheet is clean, completely dry, horizontal, and motionless. No water, falling droplet, or wet footprint is visible during these first two seconds. Then exactly one large clear water droplet enters from the top of the frame, falls visibly downward, and contacts the center. Only after contact, a brief radial splash appears and several clear water beads remain. The camera, lighting, background, receiver geometry, and all other objects remain unchanged."
wdp0311,hard_surface,surface_residue,hard_surface_22,clear acrylic sheet,1,"clean, completely dry, horizontal, and motionless",slightly left of center,a small splash appears and a thin localized wet spot remains,one_seed_only,"A realistic fixed-camera macro video in one continuous shot. During the first two seconds, clear acrylic sheet is clean, completely dry, horizontal, and motionless. No water, falling droplet, or wet footprint is visible during these first two seconds. Then exactly one large clear water droplet enters from the top of the frame, falls visibly downward, and contacts slightly left of center. Only after contact, a small splash appears and a thin localized wet spot remains. The camera, lighting, background, receiver geometry, and all other objects remain unchanged."
wdp0312,hard_surface,surface_residue,hard_surface_22,clear acrylic sheet,2,"clean, dry, horizontal, and covered by a hydrophobic coating",slightly right of center,the water recoils after a tiny splash and gathers into one compact bead,one_seed_only,"A realistic fixed-camera macro video in one continuous shot. During the first two seconds, clear acrylic sheet is clean, dry, horizontal, and covered by a hydrophobic coating. No water, falling droplet, or wet footprint is visible during these first two seconds. Then exactly one large clear water droplet enters from the top of the frame, falls visibly downward, and contacts slightly right of center. Only after contact, the water recoils after a tiny splash and gathers into one compact bead. The camera, lighting, background, receiver geometry, and all other objects remain unchanged."
wdp0313,hard_surface,surface_residue,hard_surface_22,clear acrylic sheet,3,"clean, completely dry, horizontal, and framed with one edge clearly visible",near the visible edge,an asymmetric splash appears and a small amount of water gathers against the edge,one_seed_only,"A realistic fixed-camera macro video in one continuous shot. During the first two seconds, clear acrylic sheet is clean, completely dry, horizontal, and framed with one edge clearly visible. No water, falling droplet, or wet footprint is visible during these first two seconds. Then exactly one large clear water droplet enters from the top of the frame, falls visibly downward, and contacts near the visible edge. Only after contact, an asymmetric splash appears and a small amount of water gathers against the edge. The camera, lighting, background, receiver geometry, and all other objects remain unchanged."
wdp0314,hard_surface,surface_residue,hard_surface_22,clear acrylic sheet,4,"clean, dry, and held at a gentle fixed incline",the upper-center area,a small splash appears and one bead slides a short distance downhill leaving a wet trail,one_seed_only,"A realistic fixed-camera macro video in one continuous shot. During the first two seconds, clear acrylic sheet is clean, dry, and held at a gentle fixed incline. No water, falling droplet, or wet footprint is visible during these first two seconds. Then exactly one large clear water droplet enters from the top of the frame, falls visibly downward, and contacts the upper-center area. Only after contact, a small splash appears and one bead slides a short distance downhill leaving a wet trail. The camera, lighting, background, receiver geometry, and all other objects remain unchanged."
wdp0315,hard_surface,surface_residue,hard_surface_23,polycarbonate panel,0,"clean, completely dry, horizontal, and motionless",the center,a brief radial splash appears and several clear water beads remain,one_seed_only,"A realistic fixed-camera macro video in one continuous shot. During the first two seconds, polycarbonate panel is clean, completely dry, horizontal, and motionless. No water, falling droplet, or wet footprint is visible during these first two seconds. Then exactly one large clear water droplet enters from the top of the frame, falls visibly downward, and contacts the center. Only after contact, a brief radial splash appears and several clear water beads remain. The camera, lighting, background, receiver geometry, and all other objects remain unchanged."
wdp0316,hard_surface,surface_residue,hard_surface_23,polycarbonate panel,1,"clean, completely dry, horizontal, and motionless",slightly left of center,a small splash appears and a thin localized wet spot remains,one_seed_only,"A realistic fixed-camera macro video in one continuous shot. During the first two seconds, polycarbonate panel is clean, completely dry, horizontal, and motionless. No water, falling droplet, or wet footprint is visible during these first two seconds. Then exactly one large clear water droplet enters from the top of the frame, falls visibly downward, and contacts slightly left of center. Only after contact, a small splash appears and a thin localized wet spot remains. The camera, lighting, background, receiver geometry, and all other objects remain unchanged."
wdp0317,hard_surface,surface_residue,hard_surface_23,polycarbonate panel,2,"clean, dry, horizontal, and covered by a hydrophobic coating",slightly right of center,the water recoils after a tiny splash and gathers into one compact bead,one_seed_only,"A realistic fixed-camera macro video in one continuous shot. During the first two seconds, polycarbonate panel is clean, dry, horizontal, and covered by a hydrophobic coating. No water, falling droplet, or wet footprint is visible during these first two seconds. Then exactly one large clear water droplet enters from the top of the frame, falls visibly downward, and contacts slightly right of center. Only after contact, the water recoils after a tiny splash and gathers into one compact bead. The camera, lighting, background, receiver geometry, and all other objects remain unchanged."
wdp0318,hard_surface,surface_residue,hard_surface_23,polycarbonate panel,3,"clean, completely dry, horizontal, and framed with one edge clearly visible",near the visible edge,an asymmetric splash appears and a small amount of water gathers against the edge,one_seed_only,"A realistic fixed-camera macro video in one continuous shot. During the first two seconds, polycarbonate panel is clean, completely dry, horizontal, and framed with one edge clearly visible. No water, falling droplet, or wet footprint is visible during these first two seconds. Then exactly one large clear water droplet enters from the top of the frame, falls visibly downward, and contacts near the visible edge. Only after contact, an asymmetric splash appears and a small amount of water gathers against the edge. The camera, lighting, background, receiver geometry, and all other objects remain unchanged."
wdp0319,hard_surface,surface_residue,hard_surface_23,polycarbonate panel,4,"clean, dry, and held at a gentle fixed incline",the upper-center area,a small splash appears and one bead slides a short distance downhill leaving a wet trail,one_seed_only,"A realistic fixed-camera macro video in one continuous shot. During the first two seconds, polycarbonate panel is clean, dry, and held at a gentle fixed incline. No water, falling droplet, or wet footprint is visible during these first two seconds. Then exactly one large clear water droplet enters from the top of the frame, falls visibly downward, and contacts the upper-center area. Only after contact, a small splash appears and one bead slides a short distance downhill leaving a wet trail. The camera, lighting, background, receiver geometry, and all other objects remain unchanged."
wdp0320,hard_surface,surface_residue,hard_surface_24,rigid white PVC board,0,"clean, completely dry, horizontal, and motionless",the center,a brief radial splash appears and several clear water beads remain,one_seed_only,"A realistic fixed-camera macro video in one continuous shot. During the first two seconds, rigid white PVC board is clean, completely dry, horizontal, and motionless. No water, falling droplet, or wet footprint is visible during these first two seconds. Then exactly one large clear water droplet enters from the top of the frame, falls visibly downward, and contacts the center. Only after contact, a brief radial splash appears and several clear water beads remain. The camera, lighting, background, receiver geometry, and all other objects remain unchanged."
wdp0321,hard_surface,surface_residue,hard_surface_24,rigid white PVC board,1,"clean, completely dry, horizontal, and motionless",slightly left of center,a small splash appears and a thin localized wet spot remains,one_seed_only,"A realistic fixed-camera macro video in one continuous shot. During the first two seconds, rigid white PVC board is clean, completely dry, horizontal, and motionless. No water, falling droplet, or wet footprint is visible during these first two seconds. Then exactly one large clear water droplet enters from the top of the frame, falls visibly downward, and contacts slightly left of center. Only after contact, a small splash appears and a thin localized wet spot remains. The camera, lighting, background, receiver geometry, and all other objects remain unchanged."
wdp0322,hard_surface,surface_residue,hard_surface_24,rigid white PVC board,2,"clean, dry, horizontal, and covered by a hydrophobic coating",slightly right of center,the water recoils after a tiny splash and gathers into one compact bead,one_seed_only,"A realistic fixed-camera macro video in one continuous shot. During the first two seconds, rigid white PVC board is clean, dry, horizontal, and covered by a hydrophobic coating. No water, falling droplet, or wet footprint is visible during these first two seconds. Then exactly one large clear water droplet enters from the top of the frame, falls visibly downward, and contacts slightly right of center. Only after contact, the water recoils after a tiny splash and gathers into one compact bead. The camera, lighting, background, receiver geometry, and all other objects remain unchanged."
wdp0323,hard_surface,surface_residue,hard_surface_24,rigid white PVC board,3,"clean, completely dry, horizontal, and framed with one edge clearly visible",near the visible edge,an asymmetric splash appears and a small amount of water gathers against the edge,one_seed_only,"A realistic fixed-camera macro video in one continuous shot. During the first two seconds, rigid white PVC board is clean, completely dry, horizontal, and framed with one edge clearly visible. No water, falling droplet, or wet footprint is visible during these first two seconds. Then exactly one large clear water droplet enters from the top of the frame, falls visibly downward, and contacts near the visible edge. Only after contact, an asymmetric splash appears and a small amount of water gathers against the edge. The camera, lighting, background, receiver geometry, and all other objects remain unchanged."
wdp0324,hard_surface,surface_residue,hard_surface_24,rigid white PVC board,4,"clean, dry, and held at a gentle fixed incline",the upper-center area,a small splash appears and one bead slides a short distance downhill leaving a wet trail,one_seed_only,"A realistic fixed-camera macro video in one continuous shot. During the first two seconds, rigid white PVC board is clean, dry, and held at a gentle fixed incline. No water, falling droplet, or wet footprint is visible during these first two seconds. Then exactly one large clear water droplet enters from the top of the frame, falls visibly downward, and contacts the upper-center area. Only after contact, a small splash appears and one bead slides a short distance downhill leaving a wet trail. The camera, lighting, background, receiver geometry, and all other objects remain unchanged."
wdp0325,hard_surface,surface_residue,hard_surface_25,sealed hardwood tabletop,0,"clean, completely dry, horizontal, and motionless",the center,a brief radial splash appears and several clear water beads remain,one_seed_only,"A realistic fixed-camera macro video in one continuous shot. During the first two seconds, sealed hardwood tabletop is clean, completely dry, horizontal, and motionless. No water, falling droplet, or wet footprint is visible during these first two seconds. Then exactly one large clear water droplet enters from the top of the frame, falls visibly downward, and contacts the center. Only after contact, a brief radial splash appears and several clear water beads remain. The camera, lighting, background, receiver geometry, and all other objects remain unchanged."
wdp0326,hard_surface,surface_residue,hard_surface_25,sealed hardwood tabletop,1,"clean, completely dry, horizontal, and motionless",slightly left of center,a small splash appears and a thin localized wet spot remains,one_seed_only,"A realistic fixed-camera macro video in one continuous shot. During the first two seconds, sealed hardwood tabletop is clean, completely dry, horizontal, and motionless. No water, falling droplet, or wet footprint is visible during these first two seconds. Then exactly one large clear water droplet enters from the top of the frame, falls visibly downward, and contacts slightly left of center. Only after contact, a small splash appears and a thin localized wet spot remains. The camera, lighting, background, receiver geometry, and all other objects remain unchanged."
wdp0327,hard_surface,surface_residue,hard_surface_25,sealed hardwood tabletop,2,"clean, dry, horizontal, and covered by a hydrophobic coating",slightly right of center,the water recoils after a tiny splash and gathers into one compact bead,one_seed_only,"A realistic fixed-camera macro video in one continuous shot. During the first two seconds, sealed hardwood tabletop is clean, dry, horizontal, and covered by a hydrophobic coating. No water, falling droplet, or wet footprint is visible during these first two seconds. Then exactly one large clear water droplet enters from the top of the frame, falls visibly downward, and contacts slightly right of center. Only after contact, the water recoils after a tiny splash and gathers into one compact bead. The camera, lighting, background, receiver geometry, and all other objects remain unchanged."
wdp0328,hard_surface,surface_residue,hard_surface_25,sealed hardwood tabletop,3,"clean, completely dry, horizontal, and framed with one edge clearly visible",near the visible edge,an asymmetric splash appears and a small amount of water gathers against the edge,one_seed_only,"A realistic fixed-camera macro video in one continuous shot. During the first two seconds, sealed hardwood tabletop is clean, completely dry, horizontal, and framed with one edge clearly visible. No water, falling droplet, or wet footprint is visible during these first two seconds. Then exactly one large clear water droplet enters from the top of the frame, falls visibly downward, and contacts near the visible edge. Only after contact, an asymmetric splash appears and a small amount of water gathers against the edge. The camera, lighting, background, receiver geometry, and all other objects remain unchanged."
wdp0329,hard_surface,surface_residue,hard_surface_25,sealed hardwood tabletop,4,"clean, dry, and held at a gentle fixed incline",the upper-center area,a small splash appears and one bead slides a short distance downhill leaving a wet trail,one_seed_only,"A realistic fixed-camera macro video in one continuous shot. During the first two seconds, sealed hardwood tabletop is clean, dry, and held at a gentle fixed incline. No water, falling droplet, or wet footprint is visible during these first two seconds. Then exactly one large clear water droplet enters from the top of the frame, falls visibly downward, and contacts the upper-center area. Only after contact, a small splash appears and one bead slides a short distance downhill leaving a wet trail. The camera, lighting, background, receiver geometry, and all other objects remain unchanged."
wdp0330,hard_surface,surface_residue,hard_surface_26,laminated office desk,0,"clean, completely dry, horizontal, and motionless",the center,a brief radial splash appears and several clear water beads remain,one_seed_only,"A realistic fixed-camera macro video in one continuous shot. During the first two seconds, laminated office desk is clean, completely dry, horizontal, and motionless. No water, falling droplet, or wet footprint is visible during these first two seconds. Then exactly one large clear water droplet enters from the top of the frame, falls visibly downward, and contacts the center. Only after contact, a brief radial splash appears and several clear water beads remain. The camera, lighting, background, receiver geometry, and all other objects remain unchanged."
wdp0331,hard_surface,surface_residue,hard_surface_26,laminated office desk,1,"clean, completely dry, horizontal, and motionless",slightly left of center,a small splash appears and a thin localized wet spot remains,one_seed_only,"A realistic fixed-camera macro video in one continuous shot. During the first two seconds, laminated office desk is clean, completely dry, horizontal, and motionless. No water, falling droplet, or wet footprint is visible during these first two seconds. Then exactly one large clear water droplet enters from the top of the frame, falls visibly downward, and contacts slightly left of center. Only after contact, a small splash appears and a thin localized wet spot remains. The camera, lighting, background, receiver geometry, and all other objects remain unchanged."
wdp0332,hard_surface,surface_residue,hard_surface_26,laminated office desk,2,"clean, dry, horizontal, and covered by a hydrophobic coating",slightly right of center,the water recoils after a tiny splash and gathers into one compact bead,one_seed_only,"A realistic fixed-camera macro video in one continuous shot. During the first two seconds, laminated office desk is clean, dry, horizontal, and covered by a hydrophobic coating. No water, falling droplet, or wet footprint is visible during these first two seconds. Then exactly one large clear water droplet enters from the top of the frame, falls visibly downward, and contacts slightly right of center. Only after contact, the water recoils after a tiny splash and gathers into one compact bead. The camera, lighting, background, receiver geometry, and all other objects remain unchanged."
wdp0333,hard_surface,surface_residue,hard_surface_26,laminated office desk,3,"clean, completely dry, horizontal, and framed with one edge clearly visible",near the visible edge,an asymmetric splash appears and a small amount of water gathers against the edge,one_seed_only,"A realistic fixed-camera macro video in one continuous shot. During the first two seconds, laminated office desk is clean, completely dry, horizontal, and framed with one edge clearly visible. No water, falling droplet, or wet footprint is visible during these first two seconds. Then exactly one large clear water droplet enters from the top of the frame, falls visibly downward, and contacts near the visible edge. Only after contact, an asymmetric splash appears and a small amount of water gathers against the edge. The camera, lighting, background, receiver geometry, and all other objects remain unchanged."
wdp0334,hard_surface,surface_residue,hard_surface_26,laminated office desk,4,"clean, dry, and held at a gentle fixed incline",the upper-center area,a small splash appears and one bead slides a short distance downhill leaving a wet trail,one_seed_only,"A realistic fixed-camera macro video in one continuous shot. During the first two seconds, laminated office desk is clean, dry, and held at a gentle fixed incline. No water, falling droplet, or wet footprint is visible during these first two seconds. Then exactly one large clear water droplet enters from the top of the frame, falls visibly downward, and contacts the upper-center area. Only after contact, a small splash appears and one bead slides a short distance downhill leaving a wet trail. The camera, lighting, background, receiver geometry, and all other objects remain unchanged."
wdp0335,hard_surface,surface_residue,hard_surface_27,lacquered wood panel,0,"clean, completely dry, horizontal, and motionless",the center,a brief radial splash appears and several clear water beads remain,one_seed_only,"A realistic fixed-camera macro video in one continuous shot. During the first two seconds, lacquered wood panel is clean, completely dry, horizontal, and motionless. No water, falling droplet, or wet footprint is visible during these first two seconds. Then exactly one large clear water droplet enters from the top of the frame, falls visibly downward, and contacts the center. Only after contact, a brief radial splash appears and several clear water beads remain. The camera, lighting, background, receiver geometry, and all other objects remain unchanged."
wdp0336,hard_surface,surface_residue,hard_surface_27,lacquered wood panel,1,"clean, completely dry, horizontal, and motionless",slightly left of center,a small splash appears and a thin localized wet spot remains,one_seed_only,"A realistic fixed-camera macro video in one continuous shot. During the first two seconds, lacquered wood panel is clean, completely dry, horizontal, and motionless. No water, falling droplet, or wet footprint is visible during these first two seconds. Then exactly one large clear water droplet enters from the top of the frame, falls visibly downward, and contacts slightly left of center. Only after contact, a small splash appears and a thin localized wet spot remains. The camera, lighting, background, receiver geometry, and all other objects remain unchanged."
wdp0337,hard_surface,surface_residue,hard_surface_27,lacquered wood panel,2,"clean, dry, horizontal, and covered by a hydrophobic coating",slightly right of center,the water recoils after a tiny splash and gathers into one compact bead,one_seed_only,"A realistic fixed-camera macro video in one continuous shot. During the first two seconds, lacquered wood panel is clean, dry, horizontal, and covered by a hydrophobic coating. No water, falling droplet, or wet footprint is visible during these first two seconds. Then exactly one large clear water droplet enters from the top of the frame, falls visibly downward, and contacts slightly right of center. Only after contact, the water recoils after a tiny splash and gathers into one compact bead. The camera, lighting, background, receiver geometry, and all other objects remain unchanged."
wdp0338,hard_surface,surface_residue,hard_surface_27,lacquered wood panel,3,"clean, completely dry, horizontal, and framed with one edge clearly visible",near the visible edge,an asymmetric splash appears and a small amount of water gathers against the edge,one_seed_only,"A realistic fixed-camera macro video in one continuous shot. During the first two seconds, lacquered wood panel is clean, completely dry, horizontal, and framed with one edge clearly visible. No water, falling droplet, or wet footprint is visible during these first two seconds. Then exactly one large clear water droplet enters from the top of the frame, falls visibly downward, and contacts near the visible edge. Only after contact, an asymmetric splash appears and a small amount of water gathers against the edge. The camera, lighting, background, receiver geometry, and all other objects remain unchanged."
wdp0339,hard_surface,surface_residue,hard_surface_27,lacquered wood panel,4,"clean, dry, and held at a gentle fixed incline",the upper-center area,a small splash appears and one bead slides a short distance downhill leaving a wet trail,one_seed_only,"A realistic fixed-camera macro video in one continuous shot. During the first two seconds, lacquered wood panel is clean, dry, and held at a gentle fixed incline. No water, falling droplet, or wet footprint is visible during these first two seconds. Then exactly one large clear water droplet enters from the top of the frame, falls visibly downward, and contacts the upper-center area. Only after contact, a small splash appears and one bead slides a short distance downhill leaving a wet trail. The camera, lighting, background, receiver geometry, and all other objects remain unchanged."
wdp0340,hard_surface,surface_residue,hard_surface_28,painted metal cabinet top,0,"clean, completely dry, horizontal, and motionless",the center,a brief radial splash appears and several clear water beads remain,one_seed_only,"A realistic fixed-camera macro video in one continuous shot. During the first two seconds, painted metal cabinet top is clean, completely dry, horizontal, and motionless. No water, falling droplet, or wet footprint is visible during these first two seconds. Then exactly one large clear water droplet enters from the top of the frame, falls visibly downward, and contacts the center. Only after contact, a brief radial splash appears and several clear water beads remain. The camera, lighting, background, receiver geometry, and all other objects remain unchanged."
wdp0341,hard_surface,surface_residue,hard_surface_28,painted metal cabinet top,1,"clean, completely dry, horizontal, and motionless",slightly left of center,a small splash appears and a thin localized wet spot remains,one_seed_only,"A realistic fixed-camera macro video in one continuous shot. During the first two seconds, painted metal cabinet top is clean, completely dry, horizontal, and motionless. No water, falling droplet, or wet footprint is visible during these first two seconds. Then exactly one large clear water droplet enters from the top of the frame, falls visibly downward, and contacts slightly left of center. Only after contact, a small splash appears and a thin localized wet spot remains. The camera, lighting, background, receiver geometry, and all other objects remain unchanged."
wdp0342,hard_surface,surface_residue,hard_surface_28,painted metal cabinet top,2,"clean, dry, horizontal, and covered by a hydrophobic coating",slightly right of center,the water recoils after a tiny splash and gathers into one compact bead,one_seed_only,"A realistic fixed-camera macro video in one continuous shot. During the first two seconds, painted metal cabinet top is clean, dry, horizontal, and covered by a hydrophobic coating. No water, falling droplet, or wet footprint is visible during these first two seconds. Then exactly one large clear water droplet enters from the top of the frame, falls visibly downward, and contacts slightly right of center. Only after contact, the water recoils after a tiny splash and gathers into one compact bead. The camera, lighting, background, receiver geometry, and all other objects remain unchanged."
wdp0343,hard_surface,surface_residue,hard_surface_28,painted metal cabinet top,3,"clean, completely dry, horizontal, and framed with one edge clearly visible",near the visible edge,an asymmetric splash appears and a small amount of water gathers against the edge,one_seed_only,"A realistic fixed-camera macro video in one continuous shot. During the first two seconds, painted metal cabinet top is clean, completely dry, horizontal, and framed with one edge clearly visible. No water, falling droplet, or wet footprint is visible during these first two seconds. Then exactly one large clear water droplet enters from the top of the frame, falls visibly downward, and contacts near the visible edge. Only after contact, an asymmetric splash appears and a small amount of water gathers against the edge. The camera, lighting, background, receiver geometry, and all other objects remain unchanged."
wdp0344,hard_surface,surface_residue,hard_surface_28,painted metal cabinet top,4,"clean, dry, and held at a gentle fixed incline",the upper-center area,a small splash appears and one bead slides a short distance downhill leaving a wet trail,one_seed_only,"A realistic fixed-camera macro video in one continuous shot. During the first two seconds, painted metal cabinet top is clean, dry, and held at a gentle fixed incline. No water, falling droplet, or wet footprint is visible during these first two seconds. Then exactly one large clear water droplet enters from the top of the frame, falls visibly downward, and contacts the upper-center area. Only after contact, a small splash appears and one bead slides a short distance downhill leaving a wet trail. The camera, lighting, background, receiver geometry, and all other objects remain unchanged."
wdp0345,hard_surface,surface_residue,hard_surface_29,tempered-glass refrigerator shelf,0,"clean, completely dry, horizontal, and motionless",the center,a brief radial splash appears and several clear water beads remain,one_seed_only,"A realistic fixed-camera macro video in one continuous shot. During the first two seconds, tempered-glass refrigerator shelf is clean, completely dry, horizontal, and motionless. No water, falling droplet, or wet footprint is visible during these first two seconds. Then exactly one large clear water droplet enters from the top of the frame, falls visibly downward, and contacts the center. Only after contact, a brief radial splash appears and several clear water beads remain. The camera, lighting, background, receiver geometry, and all other objects remain unchanged."
wdp0346,hard_surface,surface_residue,hard_surface_29,tempered-glass refrigerator shelf,1,"clean, completely dry, horizontal, and motionless",slightly left of center,a small splash appears and a thin localized wet spot remains,one_seed_only,"A realistic fixed-camera macro video in one continuous shot. During the first two seconds, tempered-glass refrigerator shelf is clean, completely dry, horizontal, and motionless. No water, falling droplet, or wet footprint is visible during these first two seconds. Then exactly one large clear water droplet enters from the top of the frame, falls visibly downward, and contacts slightly left of center. Only after contact, a small splash appears and a thin localized wet spot remains. The camera, lighting, background, receiver geometry, and all other objects remain unchanged."
wdp0347,hard_surface,surface_residue,hard_surface_29,tempered-glass refrigerator shelf,2,"clean, dry, horizontal, and covered by a hydrophobic coating",slightly right of center,the water recoils after a tiny splash and gathers into one compact bead,one_seed_only,"A realistic fixed-camera macro video in one continuous shot. During the first two seconds, tempered-glass refrigerator shelf is clean, dry, horizontal, and covered by a hydrophobic coating. No water, falling droplet, or wet footprint is visible during these first two seconds. Then exactly one large clear water droplet enters from the top of the frame, falls visibly downward, and contacts slightly right of center. Only after contact, the water recoils after a tiny splash and gathers into one compact bead. The camera, lighting, background, receiver geometry, and all other objects remain unchanged."
wdp0348,hard_surface,surface_residue,hard_surface_29,tempered-glass refrigerator shelf,3,"clean, completely dry, horizontal, and framed with one edge clearly visible",near the visible edge,an asymmetric splash appears and a small amount of water gathers against the edge,one_seed_only,"A realistic fixed-camera macro video in one continuous shot. During the first two seconds, tempered-glass refrigerator shelf is clean, completely dry, horizontal, and framed with one edge clearly visible. No water, falling droplet, or wet footprint is visible during these first two seconds. Then exactly one large clear water droplet enters from the top of the frame, falls visibly downward, and contacts near the visible edge. Only after contact, an asymmetric splash appears and a small amount of water gathers against the edge. The camera, lighting, background, receiver geometry, and all other objects remain unchanged."
wdp0349,hard_surface,surface_residue,hard_surface_29,tempered-glass refrigerator shelf,4,"clean, dry, and held at a gentle fixed incline",the upper-center area,a small splash appears and one bead slides a short distance downhill leaving a wet trail,one_seed_only,"A realistic fixed-camera macro video in one continuous shot. During the first two seconds, tempered-glass refrigerator shelf is clean, dry, and held at a gentle fixed incline. No water, falling droplet, or wet footprint is visible during these first two seconds. Then exactly one large clear water droplet enters from the top of the frame, falls visibly downward, and contacts the upper-center area. Only after contact, a small splash appears and one bead slides a short distance downhill leaving a wet trail. The camera, lighting, background, receiver geometry, and all other objects remain unchanged."
wdp0350,hard_surface,surface_residue,hard_surface_30,flat wall mirror,0,"clean, completely dry, horizontal, and motionless",the center,a brief radial splash appears and several clear water beads remain,one_seed_only,"A realistic fixed-camera macro video in one continuous shot. During the first two seconds, flat wall mirror is clean, completely dry, horizontal, and motionless. No water, falling droplet, or wet footprint is visible during these first two seconds. Then exactly one large clear water droplet enters from the top of the frame, falls visibly downward, and contacts the center. Only after contact, a brief radial splash appears and several clear water beads remain. The camera, lighting, background, receiver geometry, and all other objects remain unchanged."
wdp0351,hard_surface,surface_residue,hard_surface_30,flat wall mirror,1,"clean, completely dry, horizontal, and motionless",slightly left of center,a small splash appears and a thin localized wet spot remains,one_seed_only,"A realistic fixed-camera macro video in one continuous shot. During the first two seconds, flat wall mirror is clean, completely dry, horizontal, and motionless. No water, falling droplet, or wet footprint is visible during these first two seconds. Then exactly one large clear water droplet enters from the top of the frame, falls visibly downward, and contacts slightly left of center. Only after contact, a small splash appears and a thin localized wet spot remains. The camera, lighting, background, receiver geometry, and all other objects remain unchanged."
wdp0352,hard_surface,surface_residue,hard_surface_30,flat wall mirror,2,"clean, dry, horizontal, and covered by a hydrophobic coating",slightly right of center,the water recoils after a tiny splash and gathers into one compact bead,one_seed_only,"A realistic fixed-camera macro video in one continuous shot. During the first two seconds, flat wall mirror is clean, dry, horizontal, and covered by a hydrophobic coating. No water, falling droplet, or wet footprint is visible during these first two seconds. Then exactly one large clear water droplet enters from the top of the frame, falls visibly downward, and contacts slightly right of center. Only after contact, the water recoils after a tiny splash and gathers into one compact bead. The camera, lighting, background, receiver geometry, and all other objects remain unchanged."
wdp0353,hard_surface,surface_residue,hard_surface_30,flat wall mirror,3,"clean, completely dry, horizontal, and framed with one edge clearly visible",near the visible edge,an asymmetric splash appears and a small amount of water gathers against the edge,one_seed_only,"A realistic fixed-camera macro video in one continuous shot. During the first two seconds, flat wall mirror is clean, completely dry, horizontal, and framed with one edge clearly visible. No water, falling droplet, or wet footprint is visible during these first two seconds. Then exactly one large clear water droplet enters from the top of the frame, falls visibly downward, and contacts near the visible edge. Only after contact, an asymmetric splash appears and a small amount of water gathers against the edge. The camera, lighting, background, receiver geometry, and all other objects remain unchanged."
wdp0354,hard_surface,surface_residue,hard_surface_30,flat wall mirror,4,"clean, dry, and held at a gentle fixed incline",the upper-center area,a small splash appears and one bead slides a short distance downhill leaving a wet trail,one_seed_only,"A realistic fixed-camera macro video in one continuous shot. During the first two seconds, flat wall mirror is clean, dry, and held at a gentle fixed incline. No water, falling droplet, or wet footprint is visible during these first two seconds. Then exactly one large clear water droplet enters from the top of the frame, falls visibly downward, and contacts the upper-center area. Only after contact, a small splash appears and one bead slides a short distance downhill leaving a wet trail. The camera, lighting, background, receiver geometry, and all other objects remain unchanged."
wdp0355,hard_surface,surface_residue,hard_surface_31,glazed brick,0,"clean, completely dry, horizontal, and motionless",the center,a brief radial splash appears and several clear water beads remain,one_seed_only,"A realistic fixed-camera macro video in one continuous shot. During the first two seconds, glazed brick is clean, completely dry, horizontal, and motionless. No water, falling droplet, or wet footprint is visible during these first two seconds. Then exactly one large clear water droplet enters from the top of the frame, falls visibly downward, and contacts the center. Only after contact, a brief radial splash appears and several clear water beads remain. The camera, lighting, background, receiver geometry, and all other objects remain unchanged."
wdp0356,hard_surface,surface_residue,hard_surface_31,glazed brick,1,"clean, completely dry, horizontal, and motionless",slightly left of center,a small splash appears and a thin localized wet spot remains,one_seed_only,"A realistic fixed-camera macro video in one continuous shot. During the first two seconds, glazed brick is clean, completely dry, horizontal, and motionless. No water, falling droplet, or wet footprint is visible during these first two seconds. Then exactly one large clear water droplet enters from the top of the frame, falls visibly downward, and contacts slightly left of center. Only after contact, a small splash appears and a thin localized wet spot remains. The camera, lighting, background, receiver geometry, and all other objects remain unchanged."
wdp0357,hard_surface,surface_residue,hard_surface_31,glazed brick,2,"clean, dry, horizontal, and covered by a hydrophobic coating",slightly right of center,the water recoils after a tiny splash and gathers into one compact bead,one_seed_only,"A realistic fixed-camera macro video in one continuous shot. During the first two seconds, glazed brick is clean, dry, horizontal, and covered by a hydrophobic coating. No water, falling droplet, or wet footprint is visible during these first two seconds. Then exactly one large clear water droplet enters from the top of the frame, falls visibly downward, and contacts slightly right of center. Only after contact, the water recoils after a tiny splash and gathers into one compact bead. The camera, lighting, background, receiver geometry, and all other objects remain unchanged."
wdp0358,hard_surface,surface_residue,hard_surface_31,glazed brick,3,"clean, completely dry, horizontal, and framed with one edge clearly visible",near the visible edge,an asymmetric splash appears and a small amount of water gathers against the edge,one_seed_only,"A realistic fixed-camera macro video in one continuous shot. During the first two seconds, glazed brick is clean, completely dry, horizontal, and framed with one edge clearly visible. No water, falling droplet, or wet footprint is visible during these first two seconds. Then exactly one large clear water droplet enters from the top of the frame, falls visibly downward, and contacts near the visible edge. Only after contact, an asymmetric splash appears and a small amount of water gathers against the edge. The camera, lighting, background, receiver geometry, and all other objects remain unchanged."
wdp0359,hard_surface,surface_residue,hard_surface_31,glazed brick,4,"clean, dry, and held at a gentle fixed incline",the upper-center area,a small splash appears and one bead slides a short distance downhill leaving a wet trail,one_seed_only,"A realistic fixed-camera macro video in one continuous shot. During the first two seconds, glazed brick is clean, dry, and held at a gentle fixed incline. No water, falling droplet, or wet footprint is visible during these first two seconds. Then exactly one large clear water droplet enters from the top of the frame, falls visibly downward, and contacts the upper-center area. Only after contact, a small splash appears and one bead slides a short distance downhill leaving a wet trail. The camera, lighting, background, receiver geometry, and all other objects remain unchanged."
wdp0360,hard_surface,surface_residue,hard_surface_32,glazed pottery lid,0,"clean, completely dry, horizontal, and motionless",the center,a brief radial splash appears and several clear water beads remain,one_seed_only,"A realistic fixed-camera macro video in one continuous shot. During the first two seconds, glazed pottery lid is clean, completely dry, horizontal, and motionless. No water, falling droplet, or wet footprint is visible during these first two seconds. Then exactly one large clear water droplet enters from the top of the frame, falls visibly downward, and contacts the center. Only after contact, a brief radial splash appears and several clear water beads remain. The camera, lighting, background, receiver geometry, and all other objects remain unchanged."
wdp0361,hard_surface,surface_residue,hard_surface_32,glazed pottery lid,1,"clean, completely dry, horizontal, and motionless",slightly left of center,a small splash appears and a thin localized wet spot remains,one_seed_only,"A realistic fixed-camera macro video in one continuous shot. During the first two seconds, glazed pottery lid is clean, completely dry, horizontal, and motionless. No water, falling droplet, or wet footprint is visible during these first two seconds. Then exactly one large clear water droplet enters from the top of the frame, falls visibly downward, and contacts slightly left of center. Only after contact, a small splash appears and a thin localized wet spot remains. The camera, lighting, background, receiver geometry, and all other objects remain unchanged."
wdp0362,hard_surface,surface_residue,hard_surface_32,glazed pottery lid,2,"clean, dry, horizontal, and covered by a hydrophobic coating",slightly right of center,the water recoils after a tiny splash and gathers into one compact bead,one_seed_only,"A realistic fixed-camera macro video in one continuous shot. During the first two seconds, glazed pottery lid is clean, dry, horizontal, and covered by a hydrophobic coating. No water, falling droplet, or wet footprint is visible during these first two seconds. Then exactly one large clear water droplet enters from the top of the frame, falls visibly downward, and contacts slightly right of center. Only after contact, the water recoils after a tiny splash and gathers into one compact bead. The camera, lighting, background, receiver geometry, and all other objects remain unchanged."
wdp0363,hard_surface,surface_residue,hard_surface_32,glazed pottery lid,3,"clean, completely dry, horizontal, and framed with one edge clearly visible",near the visible edge,an asymmetric splash appears and a small amount of water gathers against the edge,one_seed_only,"A realistic fixed-camera macro video in one continuous shot. During the first two seconds, glazed pottery lid is clean, completely dry, horizontal, and framed with one edge clearly visible. No water, falling droplet, or wet footprint is visible during these first two seconds. Then exactly one large clear water droplet enters from the top of the frame, falls visibly downward, and contacts near the visible edge. Only after contact, an asymmetric splash appears and a small amount of water gathers against the edge. The camera, lighting, background, receiver geometry, and all other objects remain unchanged."
wdp0364,hard_surface,surface_residue,hard_surface_32,glazed pottery lid,4,"clean, dry, and held at a gentle fixed incline",the upper-center area,a small splash appears and one bead slides a short distance downhill leaving a wet trail,one_seed_only,"A realistic fixed-camera macro video in one continuous shot. During the first two seconds, glazed pottery lid is clean, dry, and held at a gentle fixed incline. No water, falling droplet, or wet footprint is visible during these first two seconds. Then exactly one large clear water droplet enters from the top of the frame, falls visibly downward, and contacts the upper-center area. Only after contact, a small splash appears and one bead slides a short distance downhill leaving a wet trail. The camera, lighting, background, receiver geometry, and all other objects remain unchanged."
wdp0365,hard_surface,surface_residue,hard_surface_33,polished stone coaster,0,"clean, completely dry, horizontal, and motionless",the center,a brief radial splash appears and several clear water beads remain,one_seed_only,"A realistic fixed-camera macro video in one continuous shot. During the first two seconds, polished stone coaster is clean, completely dry, horizontal, and motionless. No water, falling droplet, or wet footprint is visible during these first two seconds. Then exactly one large clear water droplet enters from the top of the frame, falls visibly downward, and contacts the center. Only after contact, a brief radial splash appears and several clear water beads remain. The camera, lighting, background, receiver geometry, and all other objects remain unchanged."
wdp0366,hard_surface,surface_residue,hard_surface_33,polished stone coaster,1,"clean, completely dry, horizontal, and motionless",slightly left of center,a small splash appears and a thin localized wet spot remains,one_seed_only,"A realistic fixed-camera macro video in one continuous shot. During the first two seconds, polished stone coaster is clean, completely dry, horizontal, and motionless. No water, falling droplet, or wet footprint is visible during these first two seconds. Then exactly one large clear water droplet enters from the top of the frame, falls visibly downward, and contacts slightly left of center. Only after contact, a small splash appears and a thin localized wet spot remains. The camera, lighting, background, receiver geometry, and all other objects remain unchanged."
wdp0367,hard_surface,surface_residue,hard_surface_33,polished stone coaster,2,"clean, dry, horizontal, and covered by a hydrophobic coating",slightly right of center,the water recoils after a tiny splash and gathers into one compact bead,one_seed_only,"A realistic fixed-camera macro video in one continuous shot. During the first two seconds, polished stone coaster is clean, dry, horizontal, and covered by a hydrophobic coating. No water, falling droplet, or wet footprint is visible during these first two seconds. Then exactly one large clear water droplet enters from the top of the frame, falls visibly downward, and contacts slightly right of center. Only after contact, the water recoils after a tiny splash and gathers into one compact bead. The camera, lighting, background, receiver geometry, and all other objects remain unchanged."
wdp0368,hard_surface,surface_residue,hard_surface_33,polished stone coaster,3,"clean, completely dry, horizontal, and framed with one edge clearly visible",near the visible edge,an asymmetric splash appears and a small amount of water gathers against the edge,one_seed_only,"A realistic fixed-camera macro video in one continuous shot. During the first two seconds, polished stone coaster is clean, completely dry, horizontal, and framed with one edge clearly visible. No water, falling droplet, or wet footprint is visible during these first two seconds. Then exactly one large clear water droplet enters from the top of the frame, falls visibly downward, and contacts near the visible edge. Only after contact, an asymmetric splash appears and a small amount of water gathers against the edge. The camera, lighting, background, receiver geometry, and all other objects remain unchanged."
wdp0369,hard_surface,surface_residue,hard_surface_33,polished stone coaster,4,"clean, dry, and held at a gentle fixed incline",the upper-center area,a small splash appears and one bead slides a short distance downhill leaving a wet trail,one_seed_only,"A realistic fixed-camera macro video in one continuous shot. During the first two seconds, polished stone coaster is clean, dry, and held at a gentle fixed incline. No water, falling droplet, or wet footprint is visible during these first two seconds. Then exactly one large clear water droplet enters from the top of the frame, falls visibly downward, and contacts the upper-center area. Only after contact, a small splash appears and one bead slides a short distance downhill leaving a wet trail. The camera, lighting, background, receiver geometry, and all other objects remain unchanged."
wdp0370,hard_surface,surface_residue,hard_surface_34,glazed ceramic coaster,0,"clean, completely dry, horizontal, and motionless",the center,a brief radial splash appears and several clear water beads remain,one_seed_only,"A realistic fixed-camera macro video in one continuous shot. During the first two seconds, glazed ceramic coaster is clean, completely dry, horizontal, and motionless. No water, falling droplet, or wet footprint is visible during these first two seconds. Then exactly one large clear water droplet enters from the top of the frame, falls visibly downward, and contacts the center. Only after contact, a brief radial splash appears and several clear water beads remain. The camera, lighting, background, receiver geometry, and all other objects remain unchanged."
wdp0371,hard_surface,surface_residue,hard_surface_34,glazed ceramic coaster,1,"clean, completely dry, horizontal, and motionless",slightly left of center,a small splash appears and a thin localized wet spot remains,one_seed_only,"A realistic fixed-camera macro video in one continuous shot. During the first two seconds, glazed ceramic coaster is clean, completely dry, horizontal, and motionless. No water, falling droplet, or wet footprint is visible during these first two seconds. Then exactly one large clear water droplet enters from the top of the frame, falls visibly downward, and contacts slightly left of center. Only after contact, a small splash appears and a thin localized wet spot remains. The camera, lighting, background, receiver geometry, and all other objects remain unchanged."
wdp0372,hard_surface,surface_residue,hard_surface_34,glazed ceramic coaster,2,"clean, dry, horizontal, and covered by a hydrophobic coating",slightly right of center,the water recoils after a tiny splash and gathers into one compact bead,one_seed_only,"A realistic fixed-camera macro video in one continuous shot. During the first two seconds, glazed ceramic coaster is clean, dry, horizontal, and covered by a hydrophobic coating. No water, falling droplet, or wet footprint is visible during these first two seconds. Then exactly one large clear water droplet enters from the top of the frame, falls visibly downward, and contacts slightly right of center. Only after contact, the water recoils after a tiny splash and gathers into one compact bead. The camera, lighting, background, receiver geometry, and all other objects remain unchanged."
wdp0373,hard_surface,surface_residue,hard_surface_34,glazed ceramic coaster,3,"clean, completely dry, horizontal, and framed with one edge clearly visible",near the visible edge,an asymmetric splash appears and a small amount of water gathers against the edge,one_seed_only,"A realistic fixed-camera macro video in one continuous shot. During the first two seconds, glazed ceramic coaster is clean, completely dry, horizontal, and framed with one edge clearly visible. No water, falling droplet, or wet footprint is visible during these first two seconds. Then exactly one large clear water droplet enters from the top of the frame, falls visibly downward, and contacts near the visible edge. Only after contact, an asymmetric splash appears and a small amount of water gathers against the edge. The camera, lighting, background, receiver geometry, and all other objects remain unchanged."
wdp0374,hard_surface,surface_residue,hard_surface_34,glazed ceramic coaster,4,"clean, dry, and held at a gentle fixed incline",the upper-center area,a small splash appears and one bead slides a short distance downhill leaving a wet trail,one_seed_only,"A realistic fixed-camera macro video in one continuous shot. During the first two seconds, glazed ceramic coaster is clean, dry, and held at a gentle fixed incline. No water, falling droplet, or wet footprint is visible during these first two seconds. Then exactly one large clear water droplet enters from the top of the frame, falls visibly downward, and contacts the upper-center area. Only after contact, a small splash appears and one bead slides a short distance downhill leaving a wet trail. The camera, lighting, background, receiver geometry, and all other objects remain unchanged."
wdp0375,hard_surface,surface_residue,hard_surface_35,clear glass coaster,0,"clean, completely dry, horizontal, and motionless",the center,a brief radial splash appears and several clear water beads remain,one_seed_only,"A realistic fixed-camera macro video in one continuous shot. During the first two seconds, clear glass coaster is clean, completely dry, horizontal, and motionless. No water, falling droplet, or wet footprint is visible during these first two seconds. Then exactly one large clear water droplet enters from the top of the frame, falls visibly downward, and contacts the center. Only after contact, a brief radial splash appears and several clear water beads remain. The camera, lighting, background, receiver geometry, and all other objects remain unchanged."
wdp0376,hard_surface,surface_residue,hard_surface_35,clear glass coaster,1,"clean, completely dry, horizontal, and motionless",slightly left of center,a small splash appears and a thin localized wet spot remains,one_seed_only,"A realistic fixed-camera macro video in one continuous shot. During the first two seconds, clear glass coaster is clean, completely dry, horizontal, and motionless. No water, falling droplet, or wet footprint is visible during these first two seconds. Then exactly one large clear water droplet enters from the top of the frame, falls visibly downward, and contacts slightly left of center. Only after contact, a small splash appears and a thin localized wet spot remains. The camera, lighting, background, receiver geometry, and all other objects remain unchanged."
wdp0377,hard_surface,surface_residue,hard_surface_35,clear glass coaster,2,"clean, dry, horizontal, and covered by a hydrophobic coating",slightly right of center,the water recoils after a tiny splash and gathers into one compact bead,one_seed_only,"A realistic fixed-camera macro video in one continuous shot. During the first two seconds, clear glass coaster is clean, dry, horizontal, and covered by a hydrophobic coating. No water, falling droplet, or wet footprint is visible during these first two seconds. Then exactly one large clear water droplet enters from the top of the frame, falls visibly downward, and contacts slightly right of center. Only after contact, the water recoils after a tiny splash and gathers into one compact bead. The camera, lighting, background, receiver geometry, and all other objects remain unchanged."
wdp0378,hard_surface,surface_residue,hard_surface_35,clear glass coaster,3,"clean, completely dry, horizontal, and framed with one edge clearly visible",near the visible edge,an asymmetric splash appears and a small amount of water gathers against the edge,one_seed_only,"A realistic fixed-camera macro video in one continuous shot. During the first two seconds, clear glass coaster is clean, completely dry, horizontal, and framed with one edge clearly visible. No water, falling droplet, or wet footprint is visible during these first two seconds. Then exactly one large clear water droplet enters from the top of the frame, falls visibly downward, and contacts near the visible edge. Only after contact, an asymmetric splash appears and a small amount of water gathers against the edge. The camera, lighting, background, receiver geometry, and all other objects remain unchanged."
wdp0379,hard_surface,surface_residue,hard_surface_35,clear glass coaster,4,"clean, dry, and held at a gentle fixed incline",the upper-center area,a small splash appears and one bead slides a short distance downhill leaving a wet trail,one_seed_only,"A realistic fixed-camera macro video in one continuous shot. During the first two seconds, clear glass coaster is clean, dry, and held at a gentle fixed incline. No water, falling droplet, or wet footprint is visible during these first two seconds. Then exactly one large clear water droplet enters from the top of the frame, falls visibly downward, and contacts the upper-center area. Only after contact, a small splash appears and one bead slides a short distance downhill leaving a wet trail. The camera, lighting, background, receiver geometry, and all other objects remain unchanged."
wdp0380,hard_surface,surface_residue,hard_surface_36,stainless-steel coaster,0,"clean, completely dry, horizontal, and motionless",the center,a brief radial splash appears and several clear water beads remain,one_seed_only,"A realistic fixed-camera macro video in one continuous shot. During the first two seconds, stainless-steel coaster is clean, completely dry, horizontal, and motionless. No water, falling droplet, or wet footprint is visible during these first two seconds. Then exactly one large clear water droplet enters from the top of the frame, falls visibly downward, and contacts the center. Only after contact, a brief radial splash appears and several clear water beads remain. The camera, lighting, background, receiver geometry, and all other objects remain unchanged."
wdp0381,hard_surface,surface_residue,hard_surface_36,stainless-steel coaster,1,"clean, completely dry, horizontal, and motionless",slightly left of center,a small splash appears and a thin localized wet spot remains,one_seed_only,"A realistic fixed-camera macro video in one continuous shot. During the first two seconds, stainless-steel coaster is clean, completely dry, horizontal, and motionless. No water, falling droplet, or wet footprint is visible during these first two seconds. Then exactly one large clear water droplet enters from the top of the frame, falls visibly downward, and contacts slightly left of center. Only after contact, a small splash appears and a thin localized wet spot remains. The camera, lighting, background, receiver geometry, and all other objects remain unchanged."
wdp0382,hard_surface,surface_residue,hard_surface_36,stainless-steel coaster,2,"clean, dry, horizontal, and covered by a hydrophobic coating",slightly right of center,the water recoils after a tiny splash and gathers into one compact bead,one_seed_only,"A realistic fixed-camera macro video in one continuous shot. During the first two seconds, stainless-steel coaster is clean, dry, horizontal, and covered by a hydrophobic coating. No water, falling droplet, or wet footprint is visible during these first two seconds. Then exactly one large clear water droplet enters from the top of the frame, falls visibly downward, and contacts slightly right of center. Only after contact, the water recoils after a tiny splash and gathers into one compact bead. The camera, lighting, background, receiver geometry, and all other objects remain unchanged."
wdp0383,hard_surface,surface_residue,hard_surface_36,stainless-steel coaster,3,"clean, completely dry, horizontal, and framed with one edge clearly visible",near the visible edge,an asymmetric splash appears and a small amount of water gathers against the edge,one_seed_only,"A realistic fixed-camera macro video in one continuous shot. During the first two seconds, stainless-steel coaster is clean, completely dry, horizontal, and framed with one edge clearly visible. No water, falling droplet, or wet footprint is visible during these first two seconds. Then exactly one large clear water droplet enters from the top of the frame, falls visibly downward, and contacts near the visible edge. Only after contact, an asymmetric splash appears and a small amount of water gathers against the edge. The camera, lighting, background, receiver geometry, and all other objects remain unchanged."
wdp0384,hard_surface,surface_residue,hard_surface_36,stainless-steel coaster,4,"clean, dry, and held at a gentle fixed incline",the upper-center area,a small splash appears and one bead slides a short distance downhill leaving a wet trail,one_seed_only,"A realistic fixed-camera macro video in one continuous shot. During the first two seconds, stainless-steel coaster is clean, dry, and held at a gentle fixed incline. No water, falling droplet, or wet footprint is visible during these first two seconds. Then exactly one large clear water droplet enters from the top of the frame, falls visibly downward, and contacts the upper-center area. Only after contact, a small splash appears and one bead slides a short distance downhill leaving a wet trail. The camera, lighting, background, receiver geometry, and all other objects remain unchanged."
wdp0385,hard_surface,surface_residue,hard_surface_37,rigid plastic cafeteria tray,0,"clean, completely dry, horizontal, and motionless",the center,a brief radial splash appears and several clear water beads remain,one_seed_only,"A realistic fixed-camera macro video in one continuous shot. During the first two seconds, rigid plastic cafeteria tray is clean, completely dry, horizontal, and motionless. No water, falling droplet, or wet footprint is visible during these first two seconds. Then exactly one large clear water droplet enters from the top of the frame, falls visibly downward, and contacts the center. Only after contact, a brief radial splash appears and several clear water beads remain. The camera, lighting, background, receiver geometry, and all other objects remain unchanged."
wdp0386,hard_surface,surface_residue,hard_surface_37,rigid plastic cafeteria tray,1,"clean, completely dry, horizontal, and motionless",slightly left of center,a small splash appears and a thin localized wet spot remains,one_seed_only,"A realistic fixed-camera macro video in one continuous shot. During the first two seconds, rigid plastic cafeteria tray is clean, completely dry, horizontal, and motionless. No water, falling droplet, or wet footprint is visible during these first two seconds. Then exactly one large clear water droplet enters from the top of the frame, falls visibly downward, and contacts slightly left of center. Only after contact, a small splash appears and a thin localized wet spot remains. The camera, lighting, background, receiver geometry, and all other objects remain unchanged."
wdp0387,hard_surface,surface_residue,hard_surface_37,rigid plastic cafeteria tray,2,"clean, dry, horizontal, and covered by a hydrophobic coating",slightly right of center,the water recoils after a tiny splash and gathers into one compact bead,one_seed_only,"A realistic fixed-camera macro video in one continuous shot. During the first two seconds, rigid plastic cafeteria tray is clean, dry, horizontal, and covered by a hydrophobic coating. No water, falling droplet, or wet footprint is visible during these first two seconds. Then exactly one large clear water droplet enters from the top of the frame, falls visibly downward, and contacts slightly right of center. Only after contact, the water recoils after a tiny splash and gathers into one compact bead. The camera, lighting, background, receiver geometry, and all other objects remain unchanged."
wdp0388,hard_surface,surface_residue,hard_surface_37,rigid plastic cafeteria tray,3,"clean, completely dry, horizontal, and framed with one edge clearly visible",near the visible edge,an asymmetric splash appears and a small amount of water gathers against the edge,one_seed_only,"A realistic fixed-camera macro video in one continuous shot. During the first two seconds, rigid plastic cafeteria tray is clean, completely dry, horizontal, and framed with one edge clearly visible. No water, falling droplet, or wet footprint is visible during these first two seconds. Then exactly one large clear water droplet enters from the top of the frame, falls visibly downward, and contacts near the visible edge. Only after contact, an asymmetric splash appears and a small amount of water gathers against the edge. The camera, lighting, background, receiver geometry, and all other objects remain unchanged."
wdp0389,hard_surface,surface_residue,hard_surface_37,rigid plastic cafeteria tray,4,"clean, dry, and held at a gentle fixed incline",the upper-center area,a small splash appears and one bead slides a short distance downhill leaving a wet trail,one_seed_only,"A realistic fixed-camera macro video in one continuous shot. During the first two seconds, rigid plastic cafeteria tray is clean, dry, and held at a gentle fixed incline. No water, falling droplet, or wet footprint is visible during these first two seconds. Then exactly one large clear water droplet enters from the top of the frame, falls visibly downward, and contacts the upper-center area. Only after contact, a small splash appears and one bead slides a short distance downhill leaving a wet trail. The camera, lighting, background, receiver geometry, and all other objects remain unchanged."
wdp0390,hard_surface,surface_residue,hard_surface_38,porcelain bathtub ledge,0,"clean, completely dry, horizontal, and motionless",the center,a brief radial splash appears and several clear water beads remain,one_seed_only,"A realistic fixed-camera macro video in one continuous shot. During the first two seconds, porcelain bathtub ledge is clean, completely dry, horizontal, and motionless. No water, falling droplet, or wet footprint is visible during these first two seconds. Then exactly one large clear water droplet enters from the top of the frame, falls visibly downward, and contacts the center. Only after contact, a brief radial splash appears and several clear water beads remain. The camera, lighting, background, receiver geometry, and all other objects remain unchanged."
wdp0391,hard_surface,surface_residue,hard_surface_38,porcelain bathtub ledge,1,"clean, completely dry, horizontal, and motionless",slightly left of center,a small splash appears and a thin localized wet spot remains,one_seed_only,"A realistic fixed-camera macro video in one continuous shot. During the first two seconds, porcelain bathtub ledge is clean, completely dry, horizontal, and motionless. No water, falling droplet, or wet footprint is visible during these first two seconds. Then exactly one large clear water droplet enters from the top of the frame, falls visibly downward, and contacts slightly left of center. Only after contact, a small splash appears and a thin localized wet spot remains. The camera, lighting, background, receiver geometry, and all other objects remain unchanged."
wdp0392,hard_surface,surface_residue,hard_surface_38,porcelain bathtub ledge,2,"clean, dry, horizontal, and covered by a hydrophobic coating",slightly right of center,the water recoils after a tiny splash and gathers into one compact bead,one_seed_only,"A realistic fixed-camera macro video in one continuous shot. During the first two seconds, porcelain bathtub ledge is clean, dry, horizontal, and covered by a hydrophobic coating. No water, falling droplet, or wet footprint is visible during these first two seconds. Then exactly one large clear water droplet enters from the top of the frame, falls visibly downward, and contacts slightly right of center. Only after contact, the water recoils after a tiny splash and gathers into one compact bead. The camera, lighting, background, receiver geometry, and all other objects remain unchanged."
wdp0393,hard_surface,surface_residue,hard_surface_38,porcelain bathtub ledge,3,"clean, completely dry, horizontal, and framed with one edge clearly visible",near the visible edge,an asymmetric splash appears and a small amount of water gathers against the edge,one_seed_only,"A realistic fixed-camera macro video in one continuous shot. During the first two seconds, porcelain bathtub ledge is clean, completely dry, horizontal, and framed with one edge clearly visible. No water, falling droplet, or wet footprint is visible during these first two seconds. Then exactly one large clear water droplet enters from the top of the frame, falls visibly downward, and contacts near the visible edge. Only after contact, an asymmetric splash appears and a small amount of water gathers against the edge. The camera, lighting, background, receiver geometry, and all other objects remain unchanged."
wdp0394,hard_surface,surface_residue,hard_surface_38,porcelain bathtub ledge,4,"clean, dry, and held at a gentle fixed incline",the upper-center area,a small splash appears and one bead slides a short distance downhill leaving a wet trail,one_seed_only,"A realistic fixed-camera macro video in one continuous shot. During the first two seconds, porcelain bathtub ledge is clean, dry, and held at a gentle fixed incline. No water, falling droplet, or wet footprint is visible during these first two seconds. Then exactly one large clear water droplet enters from the top of the frame, falls visibly downward, and contacts the upper-center area. Only after contact, a small splash appears and one bead slides a short distance downhill leaving a wet trail. The camera, lighting, background, receiver geometry, and all other objects remain unchanged."
wdp0395,hard_surface,surface_residue,hard_surface_39,flat section of a painted car hood,0,"clean, completely dry, horizontal, and motionless",the center,a brief radial splash appears and several clear water beads remain,one_seed_only,"A realistic fixed-camera macro video in one continuous shot. During the first two seconds, flat section of a painted car hood is clean, completely dry, horizontal, and motionless. No water, falling droplet, or wet footprint is visible during these first two seconds. Then exactly one large clear water droplet enters from the top of the frame, falls visibly downward, and contacts the center. Only after contact, a brief radial splash appears and several clear water beads remain. The camera, lighting, background, receiver geometry, and all other objects remain unchanged."
wdp0396,hard_surface,surface_residue,hard_surface_39,flat section of a painted car hood,1,"clean, completely dry, horizontal, and motionless",slightly left of center,a small splash appears and a thin localized wet spot remains,one_seed_only,"A realistic fixed-camera macro video in one continuous shot. During the first two seconds, flat section of a painted car hood is clean, completely dry, horizontal, and motionless. No water, falling droplet, or wet footprint is visible during these first two seconds. Then exactly one large clear water droplet enters from the top of the frame, falls visibly downward, and contacts slightly left of center. Only after contact, a small splash appears and a thin localized wet spot remains. The camera, lighting, background, receiver geometry, and all other objects remain unchanged."
wdp0397,hard_surface,surface_residue,hard_surface_39,flat section of a painted car hood,2,"clean, dry, horizontal, and covered by a hydrophobic coating",slightly right of center,the water recoils after a tiny splash and gathers into one compact bead,one_seed_only,"A realistic fixed-camera macro video in one continuous shot. During the first two seconds, flat section of a painted car hood is clean, dry, horizontal, and covered by a hydrophobic coating. No water, falling droplet, or wet footprint is visible during these first two seconds. Then exactly one large clear water droplet enters from the top of the frame, falls visibly downward, and contacts slightly right of center. Only after contact, the water recoils after a tiny splash and gathers into one compact bead. The camera, lighting, background, receiver geometry, and all other objects remain unchanged."
wdp0398,hard_surface,surface_residue,hard_surface_39,flat section of a painted car hood,3,"clean, completely dry, horizontal, and framed with one edge clearly visible",near the visible edge,an asymmetric splash appears and a small amount of water gathers against the edge,one_seed_only,"A realistic fixed-camera macro video in one continuous shot. During the first two seconds, flat section of a painted car hood is clean, completely dry, horizontal, and framed with one edge clearly visible. No water, falling droplet, or wet footprint is visible during these first two seconds. Then exactly one large clear water droplet enters from the top of the frame, falls visibly downward, and contacts near the visible edge. Only after contact, an asymmetric splash appears and a small amount of water gathers against the edge. The camera, lighting, background, receiver geometry, and all other objects remain unchanged."
wdp0399,hard_surface,surface_residue,hard_surface_39,flat section of a painted car hood,4,"clean, dry, and held at a gentle fixed incline",the upper-center area,a small splash appears and one bead slides a short distance downhill leaving a wet trail,one_seed_only,"A realistic fixed-camera macro video in one continuous shot. During the first two seconds, flat section of a painted car hood is clean, dry, and held at a gentle fixed incline. No water, falling droplet, or wet footprint is visible during these first two seconds. Then exactly one large clear water droplet enters from the top of the frame, falls visibly downward, and contacts the upper-center area. Only after contact, a small splash appears and one bead slides a short distance downhill leaving a wet trail. The camera, lighting, background, receiver geometry, and all other objects remain unchanged."
wdp0400,hard_surface,surface_residue,hard_surface_40,flat smartphone glass screen,0,"clean, completely dry, horizontal, and motionless",the center,a brief radial splash appears and several clear water beads remain,one_seed_only,"A realistic fixed-camera macro video in one continuous shot. During the first two seconds, flat smartphone glass screen is clean, completely dry, horizontal, and motionless. No water, falling droplet, or wet footprint is visible during these first two seconds. Then exactly one large clear water droplet enters from the top of the frame, falls visibly downward, and contacts the center. Only after contact, a brief radial splash appears and several clear water beads remain. The camera, lighting, background, receiver geometry, and all other objects remain unchanged."
wdp0401,hard_surface,surface_residue,hard_surface_40,flat smartphone glass screen,1,"clean, completely dry, horizontal, and motionless",slightly left of center,a small splash appears and a thin localized wet spot remains,one_seed_only,"A realistic fixed-camera macro video in one continuous shot. During the first two seconds, flat smartphone glass screen is clean, completely dry, horizontal, and motionless. No water, falling droplet, or wet footprint is visible during these first two seconds. Then exactly one large clear water droplet enters from the top of the frame, falls visibly downward, and contacts slightly left of center. Only after contact, a small splash appears and a thin localized wet spot remains. The camera, lighting, background, receiver geometry, and all other objects remain unchanged."
wdp0402,hard_surface,surface_residue,hard_surface_40,flat smartphone glass screen,2,"clean, dry, horizontal, and covered by a hydrophobic coating",slightly right of center,the water recoils after a tiny splash and gathers into one compact bead,one_seed_only,"A realistic fixed-camera macro video in one continuous shot. During the first two seconds, flat smartphone glass screen is clean, dry, horizontal, and covered by a hydrophobic coating. No water, falling droplet, or wet footprint is visible during these first two seconds. Then exactly one large clear water droplet enters from the top of the frame, falls visibly downward, and contacts slightly right of center. Only after contact, the water recoils after a tiny splash and gathers into one compact bead. The camera, lighting, background, receiver geometry, and all other objects remain unchanged."
wdp0403,hard_surface,surface_residue,hard_surface_40,flat smartphone glass screen,3,"clean, completely dry, horizontal, and framed with one edge clearly visible",near the visible edge,an asymmetric splash appears and a small amount of water gathers against the edge,one_seed_only,"A realistic fixed-camera macro video in one continuous shot. During the first two seconds, flat smartphone glass screen is clean, completely dry, horizontal, and framed with one edge clearly visible. No water, falling droplet, or wet footprint is visible during these first two seconds. Then exactly one large clear water droplet enters from the top of the frame, falls visibly downward, and contacts near the visible edge. Only after contact, an asymmetric splash appears and a small amount of water gathers against the edge. The camera, lighting, background, receiver geometry, and all other objects remain unchanged."
wdp0404,hard_surface,surface_residue,hard_surface_40,flat smartphone glass screen,4,"clean, dry, and held at a gentle fixed incline",the upper-center area,a small splash appears and one bead slides a short distance downhill leaving a wet trail,one_seed_only,"A realistic fixed-camera macro video in one continuous shot. During the first two seconds, flat smartphone glass screen is clean, dry, and held at a gentle fixed incline. No water, falling droplet, or wet footprint is visible during these first two seconds. Then exactly one large clear water droplet enters from the top of the frame, falls visibly downward, and contacts the upper-center area. Only after contact, a small splash appears and one bead slides a short distance downhill leaving a wet trail. The camera, lighting, background, receiver geometry, and all other objects remain unchanged."
wdp0405,hard_surface,surface_residue,hard_surface_41,laptop glass trackpad,0,"clean, completely dry, horizontal, and motionless",the center,a brief radial splash appears and several clear water beads remain,one_seed_only,"A realistic fixed-camera macro video in one continuous shot. During the first two seconds, laptop glass trackpad is clean, completely dry, horizontal, and motionless. No water, falling droplet, or wet footprint is visible during these first two seconds. Then exactly one large clear water droplet enters from the top of the frame, falls visibly downward, and contacts the center. Only after contact, a brief radial splash appears and several clear water beads remain. The camera, lighting, background, receiver geometry, and all other objects remain unchanged."
wdp0406,hard_surface,surface_residue,hard_surface_41,laptop glass trackpad,1,"clean, completely dry, horizontal, and motionless",slightly left of center,a small splash appears and a thin localized wet spot remains,one_seed_only,"A realistic fixed-camera macro video in one continuous shot. During the first two seconds, laptop glass trackpad is clean, completely dry, horizontal, and motionless. No water, falling droplet, or wet footprint is visible during these first two seconds. Then exactly one large clear water droplet enters from the top of the frame, falls visibly downward, and contacts slightly left of center. Only after contact, a small splash appears and a thin localized wet spot remains. The camera, lighting, background, receiver geometry, and all other objects remain unchanged."
wdp0407,hard_surface,surface_residue,hard_surface_41,laptop glass trackpad,2,"clean, dry, horizontal, and covered by a hydrophobic coating",slightly right of center,the water recoils after a tiny splash and gathers into one compact bead,one_seed_only,"A realistic fixed-camera macro video in one continuous shot. During the first two seconds, laptop glass trackpad is clean, dry, horizontal, and covered by a hydrophobic coating. No water, falling droplet, or wet footprint is visible during these first two seconds. Then exactly one large clear water droplet enters from the top of the frame, falls visibly downward, and contacts slightly right of center. Only after contact, the water recoils after a tiny splash and gathers into one compact bead. The camera, lighting, background, receiver geometry, and all other objects remain unchanged."
wdp0408,hard_surface,surface_residue,hard_surface_41,laptop glass trackpad,3,"clean, completely dry, horizontal, and framed with one edge clearly visible",near the visible edge,an asymmetric splash appears and a small amount of water gathers against the edge,one_seed_only,"A realistic fixed-camera macro video in one continuous shot. During the first two seconds, laptop glass trackpad is clean, completely dry, horizontal, and framed with one edge clearly visible. No water, falling droplet, or wet footprint is visible during these first two seconds. Then exactly one large clear water droplet enters from the top of the frame, falls visibly downward, and contacts near the visible edge. Only after contact, an asymmetric splash appears and a small amount of water gathers against the edge. The camera, lighting, background, receiver geometry, and all other objects remain unchanged."
wdp0409,hard_surface,surface_residue,hard_surface_41,laptop glass trackpad,4,"clean, dry, and held at a gentle fixed incline",the upper-center area,a small splash appears and one bead slides a short distance downhill leaving a wet trail,one_seed_only,"A realistic fixed-camera macro video in one continuous shot. During the first two seconds, laptop glass trackpad is clean, dry, and held at a gentle fixed incline. No water, falling droplet, or wet footprint is visible during these first two seconds. Then exactly one large clear water droplet enters from the top of the frame, falls visibly downward, and contacts the upper-center area. Only after contact, a small splash appears and one bead slides a short distance downhill leaving a wet trail. The camera, lighting, background, receiver geometry, and all other objects remain unchanged."
wdp0410,hard_surface,surface_residue,hard_surface_42,camera filter glass,0,"clean, completely dry, horizontal, and motionless",the center,a brief radial splash appears and several clear water beads remain,one_seed_only,"A realistic fixed-camera macro video in one continuous shot. During the first two seconds, camera filter glass is clean, completely dry, horizontal, and motionless. No water, falling droplet, or wet footprint is visible during these first two seconds. Then exactly one large clear water droplet enters from the top of the frame, falls visibly downward, and contacts the center. Only after contact, a brief radial splash appears and several clear water beads remain. The camera, lighting, background, receiver geometry, and all other objects remain unchanged."
wdp0411,hard_surface,surface_residue,hard_surface_42,camera filter glass,1,"clean, completely dry, horizontal, and motionless",slightly left of center,a small splash appears and a thin localized wet spot remains,one_seed_only,"A realistic fixed-camera macro video in one continuous shot. During the first two seconds, camera filter glass is clean, completely dry, horizontal, and motionless. No water, falling droplet, or wet footprint is visible during these first two seconds. Then exactly one large clear water droplet enters from the top of the frame, falls visibly downward, and contacts slightly left of center. Only after contact, a small splash appears and a thin localized wet spot remains. The camera, lighting, background, receiver geometry, and all other objects remain unchanged."
wdp0412,hard_surface,surface_residue,hard_surface_42,camera filter glass,2,"clean, dry, horizontal, and covered by a hydrophobic coating",slightly right of center,the water recoils after a tiny splash and gathers into one compact bead,one_seed_only,"A realistic fixed-camera macro video in one continuous shot. During the first two seconds, camera filter glass is clean, dry, horizontal, and covered by a hydrophobic coating. No water, falling droplet, or wet footprint is visible during these first two seconds. Then exactly one large clear water droplet enters from the top of the frame, falls visibly downward, and contacts slightly right of center. Only after contact, the water recoils after a tiny splash and gathers into one compact bead. The camera, lighting, background, receiver geometry, and all other objects remain unchanged."
wdp0413,hard_surface,surface_residue,hard_surface_42,camera filter glass,3,"clean, completely dry, horizontal, and framed with one edge clearly visible",near the visible edge,an asymmetric splash appears and a small amount of water gathers against the edge,one_seed_only,"A realistic fixed-camera macro video in one continuous shot. During the first two seconds, camera filter glass is clean, completely dry, horizontal, and framed with one edge clearly visible. No water, falling droplet, or wet footprint is visible during these first two seconds. Then exactly one large clear water droplet enters from the top of the frame, falls visibly downward, and contacts near the visible edge. Only after contact, an asymmetric splash appears and a small amount of water gathers against the edge. The camera, lighting, background, receiver geometry, and all other objects remain unchanged."
wdp0414,hard_surface,surface_residue,hard_surface_42,camera filter glass,4,"clean, dry, and held at a gentle fixed incline",the upper-center area,a small splash appears and one bead slides a short distance downhill leaving a wet trail,one_seed_only,"A realistic fixed-camera macro video in one continuous shot. During the first two seconds, camera filter glass is clean, dry, and held at a gentle fixed incline. No water, falling droplet, or wet footprint is visible during these first two seconds. Then exactly one large clear water droplet enters from the top of the frame, falls visibly downward, and contacts the upper-center area. Only after contact, a small splash appears and one bead slides a short distance downhill leaving a wet trail. The camera, lighting, background, receiver geometry, and all other objects remain unchanged."
wdp0415,hard_surface,surface_residue,hard_surface_43,laboratory resin worktop,0,"clean, completely dry, horizontal, and motionless",the center,a brief radial splash appears and several clear water beads remain,one_seed_only,"A realistic fixed-camera macro video in one continuous shot. During the first two seconds, laboratory resin worktop is clean, completely dry, horizontal, and motionless. No water, falling droplet, or wet footprint is visible during these first two seconds. Then exactly one large clear water droplet enters from the top of the frame, falls visibly downward, and contacts the center. Only after contact, a brief radial splash appears and several clear water beads remain. The camera, lighting, background, receiver geometry, and all other objects remain unchanged."
wdp0416,hard_surface,surface_residue,hard_surface_43,laboratory resin worktop,1,"clean, completely dry, horizontal, and motionless",slightly left of center,a small splash appears and a thin localized wet spot remains,one_seed_only,"A realistic fixed-camera macro video in one continuous shot. During the first two seconds, laboratory resin worktop is clean, completely dry, horizontal, and motionless. No water, falling droplet, or wet footprint is visible during these first two seconds. Then exactly one large clear water droplet enters from the top of the frame, falls visibly downward, and contacts slightly left of center. Only after contact, a small splash appears and a thin localized wet spot remains. The camera, lighting, background, receiver geometry, and all other objects remain unchanged."
wdp0417,hard_surface,surface_residue,hard_surface_43,laboratory resin worktop,2,"clean, dry, horizontal, and covered by a hydrophobic coating",slightly right of center,the water recoils after a tiny splash and gathers into one compact bead,one_seed_only,"A realistic fixed-camera macro video in one continuous shot. During the first two seconds, laboratory resin worktop is clean, dry, horizontal, and covered by a hydrophobic coating. No water, falling droplet, or wet footprint is visible during these first two seconds. Then exactly one large clear water droplet enters from the top of the frame, falls visibly downward, and contacts slightly right of center. Only after contact, the water recoils after a tiny splash and gathers into one compact bead. The camera, lighting, background, receiver geometry, and all other objects remain unchanged."
wdp0418,hard_surface,surface_residue,hard_surface_43,laboratory resin worktop,3,"clean, completely dry, horizontal, and framed with one edge clearly visible",near the visible edge,an asymmetric splash appears and a small amount of water gathers against the edge,one_seed_only,"A realistic fixed-camera macro video in one continuous shot. During the first two seconds, laboratory resin worktop is clean, completely dry, horizontal, and framed with one edge clearly visible. No water, falling droplet, or wet footprint is visible during these first two seconds. Then exactly one large clear water droplet enters from the top of the frame, falls visibly downward, and contacts near the visible edge. Only after contact, an asymmetric splash appears and a small amount of water gathers against the edge. The camera, lighting, background, receiver geometry, and all other objects remain unchanged."
wdp0419,hard_surface,surface_residue,hard_surface_43,laboratory resin worktop,4,"clean, dry, and held at a gentle fixed incline",the upper-center area,a small splash appears and one bead slides a short distance downhill leaving a wet trail,one_seed_only,"A realistic fixed-camera macro video in one continuous shot. During the first two seconds, laboratory resin worktop is clean, dry, and held at a gentle fixed incline. No water, falling droplet, or wet footprint is visible during these first two seconds. Then exactly one large clear water droplet enters from the top of the frame, falls visibly downward, and contacts the upper-center area. Only after contact, a small splash appears and one bead slides a short distance downhill leaving a wet trail. The camera, lighting, background, receiver geometry, and all other objects remain unchanged."
wdp0420,hard_surface,surface_residue,hard_surface_44,smooth whiteboard panel,0,"clean, completely dry, horizontal, and motionless",the center,a brief radial splash appears and several clear water beads remain,one_seed_only,"A realistic fixed-camera macro video in one continuous shot. During the first two seconds, smooth whiteboard panel is clean, completely dry, horizontal, and motionless. No water, falling droplet, or wet footprint is visible during these first two seconds. Then exactly one large clear water droplet enters from the top of the frame, falls visibly downward, and contacts the center. Only after contact, a brief radial splash appears and several clear water beads remain. The camera, lighting, background, receiver geometry, and all other objects remain unchanged."
wdp0421,hard_surface,surface_residue,hard_surface_44,smooth whiteboard panel,1,"clean, completely dry, horizontal, and motionless",slightly left of center,a small splash appears and a thin localized wet spot remains,one_seed_only,"A realistic fixed-camera macro video in one continuous shot. During the first two seconds, smooth whiteboard panel is clean, completely dry, horizontal, and motionless. No water, falling droplet, or wet footprint is visible during these first two seconds. Then exactly one large clear water droplet enters from the top of the frame, falls visibly downward, and contacts slightly left of center. Only after contact, a small splash appears and a thin localized wet spot remains. The camera, lighting, background, receiver geometry, and all other objects remain unchanged."
wdp0422,hard_surface,surface_residue,hard_surface_44,smooth whiteboard panel,2,"clean, dry, horizontal, and covered by a hydrophobic coating",slightly right of center,the water recoils after a tiny splash and gathers into one compact bead,one_seed_only,"A realistic fixed-camera macro video in one continuous shot. During the first two seconds, smooth whiteboard panel is clean, dry, horizontal, and covered by a hydrophobic coating. No water, falling droplet, or wet footprint is visible during these first two seconds. Then exactly one large clear water droplet enters from the top of the frame, falls visibly downward, and contacts slightly right of center. Only after contact, the water recoils after a tiny splash and gathers into one compact bead. The camera, lighting, background, receiver geometry, and all other objects remain unchanged."
wdp0423,hard_surface,surface_residue,hard_surface_44,smooth whiteboard panel,3,"clean, completely dry, horizontal, and framed with one edge clearly visible",near the visible edge,an asymmetric splash appears and a small amount of water gathers against the edge,one_seed_only,"A realistic fixed-camera macro video in one continuous shot. During the first two seconds, smooth whiteboard panel is clean, completely dry, horizontal, and framed with one edge clearly visible. No water, falling droplet, or wet footprint is visible during these first two seconds. Then exactly one large clear water droplet enters from the top of the frame, falls visibly downward, and contacts near the visible edge. Only after contact, an asymmetric splash appears and a small amount of water gathers against the edge. The camera, lighting, background, receiver geometry, and all other objects remain unchanged."
wdp0424,hard_surface,surface_residue,hard_surface_44,smooth whiteboard panel,4,"clean, dry, and held at a gentle fixed incline",the upper-center area,a small splash appears and one bead slides a short distance downhill leaving a wet trail,one_seed_only,"A realistic fixed-camera macro video in one continuous shot. During the first two seconds, smooth whiteboard panel is clean, dry, and held at a gentle fixed incline. No water, falling droplet, or wet footprint is visible during these first two seconds. Then exactly one large clear water droplet enters from the top of the frame, falls visibly downward, and contacts the upper-center area. Only after contact, a small splash appears and one bead slides a short distance downhill leaving a wet trail. The camera, lighting, background, receiver geometry, and all other objects remain unchanged."
wdp0425,hard_surface,surface_residue,hard_surface_45,polished obsidian slab,0,"clean, completely dry, horizontal, and motionless",the center,a brief radial splash appears and several clear water beads remain,one_seed_only,"A realistic fixed-camera macro video in one continuous shot. During the first two seconds, polished obsidian slab is clean, completely dry, horizontal, and motionless. No water, falling droplet, or wet footprint is visible during these first two seconds. Then exactly one large clear water droplet enters from the top of the frame, falls visibly downward, and contacts the center. Only after contact, a brief radial splash appears and several clear water beads remain. The camera, lighting, background, receiver geometry, and all other objects remain unchanged."
wdp0426,hard_surface,surface_residue,hard_surface_45,polished obsidian slab,1,"clean, completely dry, horizontal, and motionless",slightly left of center,a small splash appears and a thin localized wet spot remains,one_seed_only,"A realistic fixed-camera macro video in one continuous shot. During the first two seconds, polished obsidian slab is clean, completely dry, horizontal, and motionless. No water, falling droplet, or wet footprint is visible during these first two seconds. Then exactly one large clear water droplet enters from the top of the frame, falls visibly downward, and contacts slightly left of center. Only after contact, a small splash appears and a thin localized wet spot remains. The camera, lighting, background, receiver geometry, and all other objects remain unchanged."
wdp0427,hard_surface,surface_residue,hard_surface_45,polished obsidian slab,2,"clean, dry, horizontal, and covered by a hydrophobic coating",slightly right of center,the water recoils after a tiny splash and gathers into one compact bead,one_seed_only,"A realistic fixed-camera macro video in one continuous shot. During the first two seconds, polished obsidian slab is clean, dry, horizontal, and covered by a hydrophobic coating. No water, falling droplet, or wet footprint is visible during these first two seconds. Then exactly one large clear water droplet enters from the top of the frame, falls visibly downward, and contacts slightly right of center. Only after contact, the water recoils after a tiny splash and gathers into one compact bead. The camera, lighting, background, receiver geometry, and all other objects remain unchanged."
wdp0428,hard_surface,surface_residue,hard_surface_45,polished obsidian slab,3,"clean, completely dry, horizontal, and framed with one edge clearly visible",near the visible edge,an asymmetric splash appears and a small amount of water gathers against the edge,one_seed_only,"A realistic fixed-camera macro video in one continuous shot. During the first two seconds, polished obsidian slab is clean, completely dry, horizontal, and framed with one edge clearly visible. No water, falling droplet, or wet footprint is visible during these first two seconds. Then exactly one large clear water droplet enters from the top of the frame, falls visibly downward, and contacts near the visible edge. Only after contact, an asymmetric splash appears and a small amount of water gathers against the edge. The camera, lighting, background, receiver geometry, and all other objects remain unchanged."
wdp0429,hard_surface,surface_residue,hard_surface_45,polished obsidian slab,4,"clean, dry, and held at a gentle fixed incline",the upper-center area,a small splash appears and one bead slides a short distance downhill leaving a wet trail,one_seed_only,"A realistic fixed-camera macro video in one continuous shot. During the first two seconds, polished obsidian slab is clean, dry, and held at a gentle fixed incline. No water, falling droplet, or wet footprint is visible during these first two seconds. Then exactly one large clear water droplet enters from the top of the frame, falls visibly downward, and contacts the upper-center area. Only after contact, a small splash appears and one bead slides a short distance downhill leaving a wet trail. The camera, lighting, background, receiver geometry, and all other objects remain unchanged."
wdp0430,hard_surface,surface_residue,hard_surface_46,polished jade slab,0,"clean, completely dry, horizontal, and motionless",the center,a brief radial splash appears and several clear water beads remain,one_seed_only,"A realistic fixed-camera macro video in one continuous shot. During the first two seconds, polished jade slab is clean, completely dry, horizontal, and motionless. No water, falling droplet, or wet footprint is visible during these first two seconds. Then exactly one large clear water droplet enters from the top of the frame, falls visibly downward, and contacts the center. Only after contact, a brief radial splash appears and several clear water beads remain. The camera, lighting, background, receiver geometry, and all other objects remain unchanged."
wdp0431,hard_surface,surface_residue,hard_surface_46,polished jade slab,1,"clean, completely dry, horizontal, and motionless",slightly left of center,a small splash appears and a thin localized wet spot remains,one_seed_only,"A realistic fixed-camera macro video in one continuous shot. During the first two seconds, polished jade slab is clean, completely dry, horizontal, and motionless. No water, falling droplet, or wet footprint is visible during these first two seconds. Then exactly one large clear water droplet enters from the top of the frame, falls visibly downward, and contacts slightly left of center. Only after contact, a small splash appears and a thin localized wet spot remains. The camera, lighting, background, receiver geometry, and all other objects remain unchanged."
wdp0432,hard_surface,surface_residue,hard_surface_46,polished jade slab,2,"clean, dry, horizontal, and covered by a hydrophobic coating",slightly right of center,the water recoils after a tiny splash and gathers into one compact bead,one_seed_only,"A realistic fixed-camera macro video in one continuous shot. During the first two seconds, polished jade slab is clean, dry, horizontal, and covered by a hydrophobic coating. No water, falling droplet, or wet footprint is visible during these first two seconds. Then exactly one large clear water droplet enters from the top of the frame, falls visibly downward, and contacts slightly right of center. Only after contact, the water recoils after a tiny splash and gathers into one compact bead. The camera, lighting, background, receiver geometry, and all other objects remain unchanged."
wdp0433,hard_surface,surface_residue,hard_surface_46,polished jade slab,3,"clean, completely dry, horizontal, and framed with one edge clearly visible",near the visible edge,an asymmetric splash appears and a small amount of water gathers against the edge,one_seed_only,"A realistic fixed-camera macro video in one continuous shot. During the first two seconds, polished jade slab is clean, completely dry, horizontal, and framed with one edge clearly visible. No water, falling droplet, or wet footprint is visible during these first two seconds. Then exactly one large clear water droplet enters from the top of the frame, falls visibly downward, and contacts near the visible edge. Only after contact, an asymmetric splash appears and a small amount of water gathers against the edge. The camera, lighting, background, receiver geometry, and all other objects remain unchanged."
wdp0434,hard_surface,surface_residue,hard_surface_46,polished jade slab,4,"clean, dry, and held at a gentle fixed incline",the upper-center area,a small splash appears and one bead slides a short distance downhill leaving a wet trail,one_seed_only,"A realistic fixed-camera macro video in one continuous shot. During the first two seconds, polished jade slab is clean, dry, and held at a gentle fixed incline. No water, falling droplet, or wet footprint is visible during these first two seconds. Then exactly one large clear water droplet enters from the top of the frame, falls visibly downward, and contacts the upper-center area. Only after contact, a small splash appears and one bead slides a short distance downhill leaving a wet trail. The camera, lighting, background, receiver geometry, and all other objects remain unchanged."
wdp0435,hard_surface,surface_residue,hard_surface_47,terrazzo tile,0,"clean, completely dry, horizontal, and motionless",the center,a brief radial splash appears and several clear water beads remain,one_seed_only,"A realistic fixed-camera macro video in one continuous shot. During the first two seconds, terrazzo tile is clean, completely dry, horizontal, and motionless. No water, falling droplet, or wet footprint is visible during these first two seconds. Then exactly one large clear water droplet enters from the top of the frame, falls visibly downward, and contacts the center. Only after contact, a brief radial splash appears and several clear water beads remain. The camera, lighting, background, receiver geometry, and all other objects remain unchanged."
wdp0436,hard_surface,surface_residue,hard_surface_47,terrazzo tile,1,"clean, completely dry, horizontal, and motionless",slightly left of center,a small splash appears and a thin localized wet spot remains,one_seed_only,"A realistic fixed-camera macro video in one continuous shot. During the first two seconds, terrazzo tile is clean, completely dry, horizontal, and motionless. No water, falling droplet, or wet footprint is visible during these first two seconds. Then exactly one large clear water droplet enters from the top of the frame, falls visibly downward, and contacts slightly left of center. Only after contact, a small splash appears and a thin localized wet spot remains. The camera, lighting, background, receiver geometry, and all other objects remain unchanged."
wdp0437,hard_surface,surface_residue,hard_surface_47,terrazzo tile,2,"clean, dry, horizontal, and covered by a hydrophobic coating",slightly right of center,the water recoils after a tiny splash and gathers into one compact bead,one_seed_only,"A realistic fixed-camera macro video in one continuous shot. During the first two seconds, terrazzo tile is clean, dry, horizontal, and covered by a hydrophobic coating. No water, falling droplet, or wet footprint is visible during these first two seconds. Then exactly one large clear water droplet enters from the top of the frame, falls visibly downward, and contacts slightly right of center. Only after contact, the water recoils after a tiny splash and gathers into one compact bead. The camera, lighting, background, receiver geometry, and all other objects remain unchanged."
wdp0438,hard_surface,surface_residue,hard_surface_47,terrazzo tile,3,"clean, completely dry, horizontal, and framed with one edge clearly visible",near the visible edge,an asymmetric splash appears and a small amount of water gathers against the edge,one_seed_only,"A realistic fixed-camera macro video in one continuous shot. During the first two seconds, terrazzo tile is clean, completely dry, horizontal, and framed with one edge clearly visible. No water, falling droplet, or wet footprint is visible during these first two seconds. Then exactly one large clear water droplet enters from the top of the frame, falls visibly downward, and contacts near the visible edge. Only after contact, an asymmetric splash appears and a small amount of water gathers against the edge. The camera, lighting, background, receiver geometry, and all other objects remain unchanged."
wdp0439,hard_surface,surface_residue,hard_surface_47,terrazzo tile,4,"clean, dry, and held at a gentle fixed incline",the upper-center area,a small splash appears and one bead slides a short distance downhill leaving a wet trail,one_seed_only,"A realistic fixed-camera macro video in one continuous shot. During the first two seconds, terrazzo tile is clean, dry, and held at a gentle fixed incline. No water, falling droplet, or wet footprint is visible during these first two seconds. Then exactly one large clear water droplet enters from the top of the frame, falls visibly downward, and contacts the upper-center area. Only after contact, a small splash appears and one bead slides a short distance downhill leaving a wet trail. The camera, lighting, background, receiver geometry, and all other objects remain unchanged."
wdp0440,hard_surface,surface_residue,hard_surface_48,glazed porcelain floor tile,0,"clean, completely dry, horizontal, and motionless",the center,a brief radial splash appears and several clear water beads remain,one_seed_only,"A realistic fixed-camera macro video in one continuous shot. During the first two seconds, glazed porcelain floor tile is clean, completely dry, horizontal, and motionless. No water, falling droplet, or wet footprint is visible during these first two seconds. Then exactly one large clear water droplet enters from the top of the frame, falls visibly downward, and contacts the center. Only after contact, a brief radial splash appears and several clear water beads remain. The camera, lighting, background, receiver geometry, and all other objects remain unchanged."
wdp0441,hard_surface,surface_residue,hard_surface_48,glazed porcelain floor tile,1,"clean, completely dry, horizontal, and motionless",slightly left of center,a small splash appears and a thin localized wet spot remains,one_seed_only,"A realistic fixed-camera macro video in one continuous shot. During the first two seconds, glazed porcelain floor tile is clean, completely dry, horizontal, and motionless. No water, falling droplet, or wet footprint is visible during these first two seconds. Then exactly one large clear water droplet enters from the top of the frame, falls visibly downward, and contacts slightly left of center. Only after contact, a small splash appears and a thin localized wet spot remains. The camera, lighting, background, receiver geometry, and all other objects remain unchanged."
wdp0442,hard_surface,surface_residue,hard_surface_48,glazed porcelain floor tile,2,"clean, dry, horizontal, and covered by a hydrophobic coating",slightly right of center,the water recoils after a tiny splash and gathers into one compact bead,one_seed_only,"A realistic fixed-camera macro video in one continuous shot. During the first two seconds, glazed porcelain floor tile is clean, dry, horizontal, and covered by a hydrophobic coating. No water, falling droplet, or wet footprint is visible during these first two seconds. Then exactly one large clear water droplet enters from the top of the frame, falls visibly downward, and contacts slightly right of center. Only after contact, the water recoils after a tiny splash and gathers into one compact bead. The camera, lighting, background, receiver geometry, and all other objects remain unchanged."
wdp0443,hard_surface,surface_residue,hard_surface_48,glazed porcelain floor tile,3,"clean, completely dry, horizontal, and framed with one edge clearly visible",near the visible edge,an asymmetric splash appears and a small amount of water gathers against the edge,one_seed_only,"A realistic fixed-camera macro video in one continuous shot. During the first two seconds, glazed porcelain floor tile is clean, completely dry, horizontal, and framed with one edge clearly visible. No water, falling droplet, or wet footprint is visible during these first two seconds. Then exactly one large clear water droplet enters from the top of the frame, falls visibly downward, and contacts near the visible edge. Only after contact, an asymmetric splash appears and a small amount of water gathers against the edge. The camera, lighting, background, receiver geometry, and all other objects remain unchanged."
wdp0444,hard_surface,surface_residue,hard_surface_48,glazed porcelain floor tile,4,"clean, dry, and held at a gentle fixed incline",the upper-center area,a small splash appears and one bead slides a short distance downhill leaving a wet trail,one_seed_only,"A realistic fixed-camera macro video in one continuous shot. During the first two seconds, glazed porcelain floor tile is clean, dry, and held at a gentle fixed incline. No water, falling droplet, or wet footprint is visible during these first two seconds. Then exactly one large clear water droplet enters from the top of the frame, falls visibly downward, and contacts the upper-center area. Only after contact, a small splash appears and one bead slides a short distance downhill leaving a wet trail. The camera, lighting, background, receiver geometry, and all other objects remain unchanged."
wdp0445,hard_surface,surface_residue,hard_surface_49,sealed concrete paver,0,"clean, completely dry, horizontal, and motionless",the center,a brief radial splash appears and several clear water beads remain,one_seed_only,"A realistic fixed-camera macro video in one continuous shot. During the first two seconds, sealed concrete paver is clean, completely dry, horizontal, and motionless. No water, falling droplet, or wet footprint is visible during these first two seconds. Then exactly one large clear water droplet enters from the top of the frame, falls visibly downward, and contacts the center. Only after contact, a brief radial splash appears and several clear water beads remain. The camera, lighting, background, receiver geometry, and all other objects remain unchanged."
wdp0446,hard_surface,surface_residue,hard_surface_49,sealed concrete paver,1,"clean, completely dry, horizontal, and motionless",slightly left of center,a small splash appears and a thin localized wet spot remains,one_seed_only,"A realistic fixed-camera macro video in one continuous shot. During the first two seconds, sealed concrete paver is clean, completely dry, horizontal, and motionless. No water, falling droplet, or wet footprint is visible during these first two seconds. Then exactly one large clear water droplet enters from the top of the frame, falls visibly downward, and contacts slightly left of center. Only after contact, a small splash appears and a thin localized wet spot remains. The camera, lighting, background, receiver geometry, and all other objects remain unchanged."
wdp0447,hard_surface,surface_residue,hard_surface_49,sealed concrete paver,2,"clean, dry, horizontal, and covered by a hydrophobic coating",slightly right of center,the water recoils after a tiny splash and gathers into one compact bead,one_seed_only,"A realistic fixed-camera macro video in one continuous shot. During the first two seconds, sealed concrete paver is clean, dry, horizontal, and covered by a hydrophobic coating. No water, falling droplet, or wet footprint is visible during these first two seconds. Then exactly one large clear water droplet enters from the top of the frame, falls visibly downward, and contacts slightly right of center. Only after contact, the water recoils after a tiny splash and gathers into one compact bead. The camera, lighting, background, receiver geometry, and all other objects remain unchanged."
wdp0448,hard_surface,surface_residue,hard_surface_49,sealed concrete paver,3,"clean, completely dry, horizontal, and framed with one edge clearly visible",near the visible edge,an asymmetric splash appears and a small amount of water gathers against the edge,one_seed_only,"A realistic fixed-camera macro video in one continuous shot. During the first two seconds, sealed concrete paver is clean, completely dry, horizontal, and framed with one edge clearly visible. No water, falling droplet, or wet footprint is visible during these first two seconds. Then exactly one large clear water droplet enters from the top of the frame, falls visibly downward, and contacts near the visible edge. Only after contact, an asymmetric splash appears and a small amount of water gathers against the edge. The camera, lighting, background, receiver geometry, and all other objects remain unchanged."
wdp0449,hard_surface,surface_residue,hard_surface_49,sealed concrete paver,4,"clean, dry, and held at a gentle fixed incline",the upper-center area,a small splash appears and one bead slides a short distance downhill leaving a wet trail,one_seed_only,"A realistic fixed-camera macro video in one continuous shot. During the first two seconds, sealed concrete paver is clean, dry, and held at a gentle fixed incline. No water, falling droplet, or wet footprint is visible during these first two seconds. Then exactly one large clear water droplet enters from the top of the frame, falls visibly downward, and contacts the upper-center area. Only after contact, a small splash appears and one bead slides a short distance downhill leaving a wet trail. The camera, lighting, background, receiver geometry, and all other objects remain unchanged."
wdp0450,absorbent_surface,absorption,absorbent_surface_00,white paper towel,0,"clean, completely dry, flat, and motionless",the center,the water is absorbed and a small dark wet patch gradually expands,one_seed_only,"A realistic fixed-camera macro video in one continuous shot. During the first two seconds, white paper towel is clean, completely dry, flat, and motionless. No water, falling droplet, or wet footprint is visible during these first two seconds. Then exactly one large clear water droplet enters from the top of the frame, falls visibly downward, and contacts the center. Only after contact, the water is absorbed and a small dark wet patch gradually expands. The camera, lighting, background, receiver geometry, and all other objects remain unchanged."
wdp0451,absorbent_surface,absorption,absorbent_surface_00,white paper towel,1,"clean, completely dry, flat, and supported on a rigid surface",slightly left of center,the water soaks in and leaves a compact dark damp spot with little outward spread,one_seed_only,"A realistic fixed-camera macro video in one continuous shot. During the first two seconds, white paper towel is clean, completely dry, flat, and supported on a rigid surface. No water, falling droplet, or wet footprint is visible during these first two seconds. Then exactly one large clear water droplet enters from the top of the frame, falls visibly downward, and contacts slightly left of center. Only after contact, the water soaks in and leaves a compact dark damp spot with little outward spread. The camera, lighting, background, receiver geometry, and all other objects remain unchanged."
wdp0452,absorbent_surface,absorption,absorbent_surface_00,white paper towel,2,"clean, completely dry, flat, and showing a clear grain or fiber direction",slightly right of center,an elongated wet mark gradually spreads along the visible grain or fibers,one_seed_only,"A realistic fixed-camera macro video in one continuous shot. During the first two seconds, white paper towel is clean, completely dry, flat, and showing a clear grain or fiber direction. No water, falling droplet, or wet footprint is visible during these first two seconds. Then exactly one large clear water droplet enters from the top of the frame, falls visibly downward, and contacts slightly right of center. Only after contact, an elongated wet mark gradually spreads along the visible grain or fibers. The camera, lighting, background, receiver geometry, and all other objects remain unchanged."
wdp0453,absorbent_surface,absorption,absorbent_surface_00,white paper towel,3,"clean, completely dry, flat, and firmly supported so it cannot move",near one visible edge,an asymmetric wet patch appears and slowly spreads inward from the contact point,one_seed_only,"A realistic fixed-camera macro video in one continuous shot. During the first two seconds, white paper towel is clean, completely dry, flat, and firmly supported so it cannot move. No water, falling droplet, or wet footprint is visible during these first two seconds. Then exactly one large clear water droplet enters from the top of the frame, falls visibly downward, and contacts near one visible edge. Only after contact, an asymmetric wet patch appears and slowly spreads inward from the contact point. The camera, lighting, background, receiver geometry, and all other objects remain unchanged."
wdp0454,absorbent_surface,absorption,absorbent_surface_01,white cotton towel fixed flat,0,"clean, completely dry, flat, and motionless",the center,the water is absorbed and a small dark wet patch gradually expands,one_seed_only,"A realistic fixed-camera macro video in one continuous shot. During the first two seconds, white cotton towel fixed flat is clean, completely dry, flat, and motionless. No water, falling droplet, or wet footprint is visible during these first two seconds. Then exactly one large clear water droplet enters from the top of the frame, falls visibly downward, and contacts the center. Only after contact, the water is absorbed and a small dark wet patch gradually expands. The camera, lighting, background, receiver geometry, and all other objects remain unchanged."
wdp0455,absorbent_surface,absorption,absorbent_surface_01,white cotton towel fixed flat,1,"clean, completely dry, flat, and supported on a rigid surface",slightly left of center,the water soaks in and leaves a compact dark damp spot with little outward spread,one_seed_only,"A realistic fixed-camera macro video in one continuous shot. During the first two seconds, white cotton towel fixed flat is clean, completely dry, flat, and supported on a rigid surface. No water, falling droplet, or wet footprint is visible during these first two seconds. Then exactly one large clear water droplet enters from the top of the frame, falls visibly downward, and contacts slightly left of center. Only after contact, the water soaks in and leaves a compact dark damp spot with little outward spread. The camera, lighting, background, receiver geometry, and all other objects remain unchanged."
wdp0456,absorbent_surface,absorption,absorbent_surface_01,white cotton towel fixed flat,2,"clean, completely dry, flat, and showing a clear grain or fiber direction",slightly right of center,an elongated wet mark gradually spreads along the visible grain or fibers,one_seed_only,"A realistic fixed-camera macro video in one continuous shot. During the first two seconds, white cotton towel fixed flat is clean, completely dry, flat, and showing a clear grain or fiber direction. No water, falling droplet, or wet footprint is visible during these first two seconds. Then exactly one large clear water droplet enters from the top of the frame, falls visibly downward, and contacts slightly right of center. Only after contact, an elongated wet mark gradually spreads along the visible grain or fibers. The camera, lighting, background, receiver geometry, and all other objects remain unchanged."
wdp0457,absorbent_surface,absorption,absorbent_surface_01,white cotton towel fixed flat,3,"clean, completely dry, flat, and firmly supported so it cannot move",near one visible edge,an asymmetric wet patch appears and slowly spreads inward from the contact point,one_seed_only,"A realistic fixed-camera macro video in one continuous shot. During the first two seconds, white cotton towel fixed flat is clean, completely dry, flat, and firmly supported so it cannot move. No water, falling droplet, or wet footprint is visible during these first two seconds. Then exactly one large clear water droplet enters from the top of the frame, falls visibly downward, and contacts near one visible edge. Only after contact, an asymmetric wet patch appears and slowly spreads inward from the contact point. The camera, lighting, background, receiver geometry, and all other objects remain unchanged."
wdp0458,absorbent_surface,absorption,absorbent_surface_02,unfinished pine board,0,"clean, completely dry, flat, and motionless",the center,the water is absorbed and a small dark wet patch gradually expands,one_seed_only,"A realistic fixed-camera macro video in one continuous shot. During the first two seconds, unfinished pine board is clean, completely dry, flat, and motionless. No water, falling droplet, or wet footprint is visible during these first two seconds. Then exactly one large clear water droplet enters from the top of the frame, falls visibly downward, and contacts the center. Only after contact, the water is absorbed and a small dark wet patch gradually expands. The camera, lighting, background, receiver geometry, and all other objects remain unchanged."
wdp0459,absorbent_surface,absorption,absorbent_surface_02,unfinished pine board,1,"clean, completely dry, flat, and supported on a rigid surface",slightly left of center,the water soaks in and leaves a compact dark damp spot with little outward spread,one_seed_only,"A realistic fixed-camera macro video in one continuous shot. During the first two seconds, unfinished pine board is clean, completely dry, flat, and supported on a rigid surface. No water, falling droplet, or wet footprint is visible during these first two seconds. Then exactly one large clear water droplet enters from the top of the frame, falls visibly downward, and contacts slightly left of center. Only after contact, the water soaks in and leaves a compact dark damp spot with little outward spread. The camera, lighting, background, receiver geometry, and all other objects remain unchanged."
wdp0460,absorbent_surface,absorption,absorbent_surface_02,unfinished pine board,2,"clean, completely dry, flat, and showing a clear grain or fiber direction",slightly right of center,an elongated wet mark gradually spreads along the visible grain or fibers,one_seed_only,"A realistic fixed-camera macro video in one continuous shot. During the first two seconds, unfinished pine board is clean, completely dry, flat, and showing a clear grain or fiber direction. No water, falling droplet, or wet footprint is visible during these first two seconds. Then exactly one large clear water droplet enters from the top of the frame, falls visibly downward, and contacts slightly right of center. Only after contact, an elongated wet mark gradually spreads along the visible grain or fibers. The camera, lighting, background, receiver geometry, and all other objects remain unchanged."
wdp0461,absorbent_surface,absorption,absorbent_surface_02,unfinished pine board,3,"clean, completely dry, flat, and firmly supported so it cannot move",near one visible edge,an asymmetric wet patch appears and slowly spreads inward from the contact point,one_seed_only,"A realistic fixed-camera macro video in one continuous shot. During the first two seconds, unfinished pine board is clean, completely dry, flat, and firmly supported so it cannot move. No water, falling droplet, or wet footprint is visible during these first two seconds. Then exactly one large clear water droplet enters from the top of the frame, falls visibly downward, and contacts near one visible edge. Only after contact, an asymmetric wet patch appears and slowly spreads inward from the contact point. The camera, lighting, background, receiver geometry, and all other objects remain unchanged."
wdp0462,absorbent_surface,absorption,absorbent_surface_03,white facial tissue supported flat,0,"clean, completely dry, flat, and motionless",the center,the water is absorbed and a small dark wet patch gradually expands,one_seed_only,"A realistic fixed-camera macro video in one continuous shot. During the first two seconds, white facial tissue supported flat is clean, completely dry, flat, and motionless. No water, falling droplet, or wet footprint is visible during these first two seconds. Then exactly one large clear water droplet enters from the top of the frame, falls visibly downward, and contacts the center. Only after contact, the water is absorbed and a small dark wet patch gradually expands. The camera, lighting, background, receiver geometry, and all other objects remain unchanged."
wdp0463,absorbent_surface,absorption,absorbent_surface_03,white facial tissue supported flat,1,"clean, completely dry, flat, and supported on a rigid surface",slightly left of center,the water soaks in and leaves a compact dark damp spot with little outward spread,one_seed_only,"A realistic fixed-camera macro video in one continuous shot. During the first two seconds, white facial tissue supported flat is clean, completely dry, flat, and supported on a rigid surface. No water, falling droplet, or wet footprint is visible during these first two seconds. Then exactly one large clear water droplet enters from the top of the frame, falls visibly downward, and contacts slightly left of center. Only after contact, the water soaks in and leaves a compact dark damp spot with little outward spread. The camera, lighting, background, receiver geometry, and all other objects remain unchanged."
wdp0464,absorbent_surface,absorption,absorbent_surface_03,white facial tissue supported flat,2,"clean, completely dry, flat, and showing a clear grain or fiber direction",slightly right of center,an elongated wet mark gradually spreads along the visible grain or fibers,one_seed_only,"A realistic fixed-camera macro video in one continuous shot. During the first two seconds, white facial tissue supported flat is clean, completely dry, flat, and showing a clear grain or fiber direction. No water, falling droplet, or wet footprint is visible during these first two seconds. Then exactly one large clear water droplet enters from the top of the frame, falls visibly downward, and contacts slightly right of center. Only after contact, an elongated wet mark gradually spreads along the visible grain or fibers. The camera, lighting, background, receiver geometry, and all other objects remain unchanged."
wdp0465,absorbent_surface,absorption,absorbent_surface_03,white facial tissue supported flat,3,"clean, completely dry, flat, and firmly supported so it cannot move",near one visible edge,an asymmetric wet patch appears and slowly spreads inward from the contact point,one_seed_only,"A realistic fixed-camera macro video in one continuous shot. During the first two seconds, white facial tissue supported flat is clean, completely dry, flat, and firmly supported so it cannot move. No water, falling droplet, or wet footprint is visible during these first two seconds. Then exactly one large clear water droplet enters from the top of the frame, falls visibly downward, and contacts near one visible edge. Only after contact, an asymmetric wet patch appears and slowly spreads inward from the contact point. The camera, lighting, background, receiver geometry, and all other objects remain unchanged."
wdp0466,absorbent_surface,absorption,absorbent_surface_04,brown corrugated cardboard,0,"clean, completely dry, flat, and motionless",the center,the water is absorbed and a small dark wet patch gradually expands,one_seed_only,"A realistic fixed-camera macro video in one continuous shot. During the first two seconds, brown corrugated cardboard is clean, completely dry, flat, and motionless. No water, falling droplet, or wet footprint is visible during these first two seconds. Then exactly one large clear water droplet enters from the top of the frame, falls visibly downward, and contacts the center. Only after contact, the water is absorbed and a small dark wet patch gradually expands. The camera, lighting, background, receiver geometry, and all other objects remain unchanged."
wdp0467,absorbent_surface,absorption,absorbent_surface_04,brown corrugated cardboard,1,"clean, completely dry, flat, and supported on a rigid surface",slightly left of center,the water soaks in and leaves a compact dark damp spot with little outward spread,one_seed_only,"A realistic fixed-camera macro video in one continuous shot. During the first two seconds, brown corrugated cardboard is clean, completely dry, flat, and supported on a rigid surface. No water, falling droplet, or wet footprint is visible during these first two seconds. Then exactly one large clear water droplet enters from the top of the frame, falls visibly downward, and contacts slightly left of center. Only after contact, the water soaks in and leaves a compact dark damp spot with little outward spread. The camera, lighting, background, receiver geometry, and all other objects remain unchanged."
wdp0468,absorbent_surface,absorption,absorbent_surface_04,brown corrugated cardboard,2,"clean, completely dry, flat, and showing a clear grain or fiber direction",slightly right of center,an elongated wet mark gradually spreads along the visible grain or fibers,one_seed_only,"A realistic fixed-camera macro video in one continuous shot. During the first two seconds, brown corrugated cardboard is clean, completely dry, flat, and showing a clear grain or fiber direction. No water, falling droplet, or wet footprint is visible during these first two seconds. Then exactly one large clear water droplet enters from the top of the frame, falls visibly downward, and contacts slightly right of center. Only after contact, an elongated wet mark gradually spreads along the visible grain or fibers. The camera, lighting, background, receiver geometry, and all other objects remain unchanged."
wdp0469,absorbent_surface,absorption,absorbent_surface_04,brown corrugated cardboard,3,"clean, completely dry, flat, and firmly supported so it cannot move",near one visible edge,an asymmetric wet patch appears and slowly spreads inward from the contact point,one_seed_only,"A realistic fixed-camera macro video in one continuous shot. During the first two seconds, brown corrugated cardboard is clean, completely dry, flat, and firmly supported so it cannot move. No water, falling droplet, or wet footprint is visible during these first two seconds. Then exactly one large clear water droplet enters from the top of the frame, falls visibly downward, and contacts near one visible edge. Only after contact, an asymmetric wet patch appears and slowly spreads inward from the contact point. The camera, lighting, background, receiver geometry, and all other objects remain unchanged."
wdp0470,absorbent_surface,absorption,absorbent_surface_05,white blotting paper,0,"clean, completely dry, flat, and motionless",the center,the water is absorbed and a small dark wet patch gradually expands,one_seed_only,"A realistic fixed-camera macro video in one continuous shot. During the first two seconds, white blotting paper is clean, completely dry, flat, and motionless. No water, falling droplet, or wet footprint is visible during these first two seconds. Then exactly one large clear water droplet enters from the top of the frame, falls visibly downward, and contacts the center. Only after contact, the water is absorbed and a small dark wet patch gradually expands. The camera, lighting, background, receiver geometry, and all other objects remain unchanged."
wdp0471,absorbent_surface,absorption,absorbent_surface_05,white blotting paper,1,"clean, completely dry, flat, and supported on a rigid surface",slightly left of center,the water soaks in and leaves a compact dark damp spot with little outward spread,one_seed_only,"A realistic fixed-camera macro video in one continuous shot. During the first two seconds, white blotting paper is clean, completely dry, flat, and supported on a rigid surface. No water, falling droplet, or wet footprint is visible during these first two seconds. Then exactly one large clear water droplet enters from the top of the frame, falls visibly downward, and contacts slightly left of center. Only after contact, the water soaks in and leaves a compact dark damp spot with little outward spread. The camera, lighting, background, receiver geometry, and all other objects remain unchanged."
wdp0472,absorbent_surface,absorption,absorbent_surface_05,white blotting paper,2,"clean, completely dry, flat, and showing a clear grain or fiber direction",slightly right of center,an elongated wet mark gradually spreads along the visible grain or fibers,one_seed_only,"A realistic fixed-camera macro video in one continuous shot. During the first two seconds, white blotting paper is clean, completely dry, flat, and showing a clear grain or fiber direction. No water, falling droplet, or wet footprint is visible during these first two seconds. Then exactly one large clear water droplet enters from the top of the frame, falls visibly downward, and contacts slightly right of center. Only after contact, an elongated wet mark gradually spreads along the visible grain or fibers. The camera, lighting, background, receiver geometry, and all other objects remain unchanged."
wdp0473,absorbent_surface,absorption,absorbent_surface_05,white blotting paper,3,"clean, completely dry, flat, and firmly supported so it cannot move",near one visible edge,an asymmetric wet patch appears and slowly spreads inward from the contact point,one_seed_only,"A realistic fixed-camera macro video in one continuous shot. During the first two seconds, white blotting paper is clean, completely dry, flat, and firmly supported so it cannot move. No water, falling droplet, or wet footprint is visible during these first two seconds. Then exactly one large clear water droplet enters from the top of the frame, falls visibly downward, and contacts near one visible edge. Only after contact, an asymmetric wet patch appears and slowly spreads inward from the contact point. The camera, lighting, background, receiver geometry, and all other objects remain unchanged."
wdp0474,absorbent_surface,absorption,absorbent_surface_06,cold-pressed watercolor paper,0,"clean, completely dry, flat, and motionless",the center,the water is absorbed and a small dark wet patch gradually expands,one_seed_only,"A realistic fixed-camera macro video in one continuous shot. During the first two seconds, cold-pressed watercolor paper is clean, completely dry, flat, and motionless. No water, falling droplet, or wet footprint is visible during these first two seconds. Then exactly one large clear water droplet enters from the top of the frame, falls visibly downward, and contacts the center. Only after contact, the water is absorbed and a small dark wet patch gradually expands. The camera, lighting, background, receiver geometry, and all other objects remain unchanged."
wdp0475,absorbent_surface,absorption,absorbent_surface_06,cold-pressed watercolor paper,1,"clean, completely dry, flat, and supported on a rigid surface",slightly left of center,the water soaks in and leaves a compact dark damp spot with little outward spread,one_seed_only,"A realistic fixed-camera macro video in one continuous shot. During the first two seconds, cold-pressed watercolor paper is clean, completely dry, flat, and supported on a rigid surface. No water, falling droplet, or wet footprint is visible during these first two seconds. Then exactly one large clear water droplet enters from the top of the frame, falls visibly downward, and contacts slightly left of center. Only after contact, the water soaks in and leaves a compact dark damp spot with little outward spread. The camera, lighting, background, receiver geometry, and all other objects remain unchanged."
wdp0476,absorbent_surface,absorption,absorbent_surface_06,cold-pressed watercolor paper,2,"clean, completely dry, flat, and showing a clear grain or fiber direction",slightly right of center,an elongated wet mark gradually spreads along the visible grain or fibers,one_seed_only,"A realistic fixed-camera macro video in one continuous shot. During the first two seconds, cold-pressed watercolor paper is clean, completely dry, flat, and showing a clear grain or fiber direction. No water, falling droplet, or wet footprint is visible during these first two seconds. Then exactly one large clear water droplet enters from the top of the frame, falls visibly downward, and contacts slightly right of center. Only after contact, an elongated wet mark gradually spreads along the visible grain or fibers. The camera, lighting, background, receiver geometry, and all other objects remain unchanged."
wdp0477,absorbent_surface,absorption,absorbent_surface_06,cold-pressed watercolor paper,3,"clean, completely dry, flat, and firmly supported so it cannot move",near one visible edge,an asymmetric wet patch appears and slowly spreads inward from the contact point,one_seed_only,"A realistic fixed-camera macro video in one continuous shot. During the first two seconds, cold-pressed watercolor paper is clean, completely dry, flat, and firmly supported so it cannot move. No water, falling droplet, or wet footprint is visible during these first two seconds. Then exactly one large clear water droplet enters from the top of the frame, falls visibly downward, and contacts near one visible edge. Only after contact, an asymmetric wet patch appears and slowly spreads inward from the contact point. The camera, lighting, background, receiver geometry, and all other objects remain unchanged."
wdp0478,absorbent_surface,absorption,absorbent_surface_07,uncoated printer paper,0,"clean, completely dry, flat, and motionless",the center,the water is absorbed and a small dark wet patch gradually expands,one_seed_only,"A realistic fixed-camera macro video in one continuous shot. During the first two seconds, uncoated printer paper is clean, completely dry, flat, and motionless. No water, falling droplet, or wet footprint is visible during these first two seconds. Then exactly one large clear water droplet enters from the top of the frame, falls visibly downward, and contacts the center. Only after contact, the water is absorbed and a small dark wet patch gradually expands. The camera, lighting, background, receiver geometry, and all other objects remain unchanged."
wdp0479,absorbent_surface,absorption,absorbent_surface_07,uncoated printer paper,1,"clean, completely dry, flat, and supported on a rigid surface",slightly left of center,the water soaks in and leaves a compact dark damp spot with little outward spread,one_seed_only,"A realistic fixed-camera macro video in one continuous shot. During the first two seconds, uncoated printer paper is clean, completely dry, flat, and supported on a rigid surface. No water, falling droplet, or wet footprint is visible during these first two seconds. Then exactly one large clear water droplet enters from the top of the frame, falls visibly downward, and contacts slightly left of center. Only after contact, the water soaks in and leaves a compact dark damp spot with little outward spread. The camera, lighting, background, receiver geometry, and all other objects remain unchanged."
wdp0480,absorbent_surface,absorption,absorbent_surface_07,uncoated printer paper,2,"clean, completely dry, flat, and showing a clear grain or fiber direction",slightly right of center,an elongated wet mark gradually spreads along the visible grain or fibers,one_seed_only,"A realistic fixed-camera macro video in one continuous shot. During the first two seconds, uncoated printer paper is clean, completely dry, flat, and showing a clear grain or fiber direction. No water, falling droplet, or wet footprint is visible during these first two seconds. Then exactly one large clear water droplet enters from the top of the frame, falls visibly downward, and contacts slightly right of center. Only after contact, an elongated wet mark gradually spreads along the visible grain or fibers. The camera, lighting, background, receiver geometry, and all other objects remain unchanged."
wdp0481,absorbent_surface,absorption,absorbent_surface_07,uncoated printer paper,3,"clean, completely dry, flat, and firmly supported so it cannot move",near one visible edge,an asymmetric wet patch appears and slowly spreads inward from the contact point,one_seed_only,"A realistic fixed-camera macro video in one continuous shot. During the first two seconds, uncoated printer paper is clean, completely dry, flat, and firmly supported so it cannot move. No water, falling droplet, or wet footprint is visible during these first two seconds. Then exactly one large clear water droplet enters from the top of the frame, falls visibly downward, and contacts near one visible edge. Only after contact, an asymmetric wet patch appears and slowly spreads inward from the contact point. The camera, lighting, background, receiver geometry, and all other objects remain unchanged."
wdp0482,absorbent_surface,absorption,absorbent_surface_08,brown kraft paper,0,"clean, completely dry, flat, and motionless",the center,the water is absorbed and a small dark wet patch gradually expands,one_seed_only,"A realistic fixed-camera macro video in one continuous shot. During the first two seconds, brown kraft paper is clean, completely dry, flat, and motionless. No water, falling droplet, or wet footprint is visible during these first two seconds. Then exactly one large clear water droplet enters from the top of the frame, falls visibly downward, and contacts the center. Only after contact, the water is absorbed and a small dark wet patch gradually expands. The camera, lighting, background, receiver geometry, and all other objects remain unchanged."
wdp0483,absorbent_surface,absorption,absorbent_surface_08,brown kraft paper,1,"clean, completely dry, flat, and supported on a rigid surface",slightly left of center,the water soaks in and leaves a compact dark damp spot with little outward spread,one_seed_only,"A realistic fixed-camera macro video in one continuous shot. During the first two seconds, brown kraft paper is clean, completely dry, flat, and supported on a rigid surface. No water, falling droplet, or wet footprint is visible during these first two seconds. Then exactly one large clear water droplet enters from the top of the frame, falls visibly downward, and contacts slightly left of center. Only after contact, the water soaks in and leaves a compact dark damp spot with little outward spread. The camera, lighting, background, receiver geometry, and all other objects remain unchanged."
wdp0484,absorbent_surface,absorption,absorbent_surface_08,brown kraft paper,2,"clean, completely dry, flat, and showing a clear grain or fiber direction",slightly right of center,an elongated wet mark gradually spreads along the visible grain or fibers,one_seed_only,"A realistic fixed-camera macro video in one continuous shot. During the first two seconds, brown kraft paper is clean, completely dry, flat, and showing a clear grain or fiber direction. No water, falling droplet, or wet footprint is visible during these first two seconds. Then exactly one large clear water droplet enters from the top of the frame, falls visibly downward, and contacts slightly right of center. Only after contact, an elongated wet mark gradually spreads along the visible grain or fibers. The camera, lighting, background, receiver geometry, and all other objects remain unchanged."
wdp0485,absorbent_surface,absorption,absorbent_surface_08,brown kraft paper,3,"clean, completely dry, flat, and firmly supported so it cannot move",near one visible edge,an asymmetric wet patch appears and slowly spreads inward from the contact point,one_seed_only,"A realistic fixed-camera macro video in one continuous shot. During the first two seconds, brown kraft paper is clean, completely dry, flat, and firmly supported so it cannot move. No water, falling droplet, or wet footprint is visible during these first two seconds. Then exactly one large clear water droplet enters from the top of the frame, falls visibly downward, and contacts near one visible edge. Only after contact, an asymmetric wet patch appears and slowly spreads inward from the contact point. The camera, lighting, background, receiver geometry, and all other objects remain unchanged."
wdp0486,absorbent_surface,absorption,absorbent_surface_09,newsprint paper,0,"clean, completely dry, flat, and motionless",the center,the water is absorbed and a small dark wet patch gradually expands,one_seed_only,"A realistic fixed-camera macro video in one continuous shot. During the first two seconds, newsprint paper is clean, completely dry, flat, and motionless. No water, falling droplet, or wet footprint is visible during these first two seconds. Then exactly one large clear water droplet enters from the top of the frame, falls visibly downward, and contacts the center. Only after contact, the water is absorbed and a small dark wet patch gradually expands. The camera, lighting, background, receiver geometry, and all other objects remain unchanged."
wdp0487,absorbent_surface,absorption,absorbent_surface_09,newsprint paper,1,"clean, completely dry, flat, and supported on a rigid surface",slightly left of center,the water soaks in and leaves a compact dark damp spot with little outward spread,one_seed_only,"A realistic fixed-camera macro video in one continuous shot. During the first two seconds, newsprint paper is clean, completely dry, flat, and supported on a rigid surface. No water, falling droplet, or wet footprint is visible during these first two seconds. Then exactly one large clear water droplet enters from the top of the frame, falls visibly downward, and contacts slightly left of center. Only after contact, the water soaks in and leaves a compact dark damp spot with little outward spread. The camera, lighting, background, receiver geometry, and all other objects remain unchanged."
wdp0488,absorbent_surface,absorption,absorbent_surface_09,newsprint paper,2,"clean, completely dry, flat, and showing a clear grain or fiber direction",slightly right of center,an elongated wet mark gradually spreads along the visible grain or fibers,one_seed_only,"A realistic fixed-camera macro video in one continuous shot. During the first two seconds, newsprint paper is clean, completely dry, flat, and showing a clear grain or fiber direction. No water, falling droplet, or wet footprint is visible during these first two seconds. Then exactly one large clear water droplet enters from the top of the frame, falls visibly downward, and contacts slightly right of center. Only after contact, an elongated wet mark gradually spreads along the visible grain or fibers. The camera, lighting, background, receiver geometry, and all other objects remain unchanged."
wdp0489,absorbent_surface,absorption,absorbent_surface_09,newsprint paper,3,"clean, completely dry, flat, and firmly supported so it cannot move",near one visible edge,an asymmetric wet patch appears and slowly spreads inward from the contact point,one_seed_only,"A realistic fixed-camera macro video in one continuous shot. During the first two seconds, newsprint paper is clean, completely dry, flat, and firmly supported so it cannot move. No water, falling droplet, or wet footprint is visible during these first two seconds. Then exactly one large clear water droplet enters from the top of the frame, falls visibly downward, and contacts near one visible edge. Only after contact, an asymmetric wet patch appears and slowly spreads inward from the contact point. The camera, lighting, background, receiver geometry, and all other objects remain unchanged."
wdp0490,absorbent_surface,absorption,absorbent_surface_10,laboratory filter paper,0,"clean, completely dry, flat, and motionless",the center,the water is absorbed and a small dark wet patch gradually expands,one_seed_only,"A realistic fixed-camera macro video in one continuous shot. During the first two seconds, laboratory filter paper is clean, completely dry, flat, and motionless. No water, falling droplet, or wet footprint is visible during these first two seconds. Then exactly one large clear water droplet enters from the top of the frame, falls visibly downward, and contacts the center. Only after contact, the water is absorbed and a small dark wet patch gradually expands. The camera, lighting, background, receiver geometry, and all other objects remain unchanged."
wdp0491,absorbent_surface,absorption,absorbent_surface_10,laboratory filter paper,1,"clean, completely dry, flat, and supported on a rigid surface",slightly left of center,the water soaks in and leaves a compact dark damp spot with little outward spread,one_seed_only,"A realistic fixed-camera macro video in one continuous shot. During the first two seconds, laboratory filter paper is clean, completely dry, flat, and supported on a rigid surface. No water, falling droplet, or wet footprint is visible during these first two seconds. Then exactly one large clear water droplet enters from the top of the frame, falls visibly downward, and contacts slightly left of center. Only after contact, the water soaks in and leaves a compact dark damp spot with little outward spread. The camera, lighting, background, receiver geometry, and all other objects remain unchanged."
wdp0492,absorbent_surface,absorption,absorbent_surface_10,laboratory filter paper,2,"clean, completely dry, flat, and showing a clear grain or fiber direction",slightly right of center,an elongated wet mark gradually spreads along the visible grain or fibers,one_seed_only,"A realistic fixed-camera macro video in one continuous shot. During the first two seconds, laboratory filter paper is clean, completely dry, flat, and showing a clear grain or fiber direction. No water, falling droplet, or wet footprint is visible during these first two seconds. Then exactly one large clear water droplet enters from the top of the frame, falls visibly downward, and contacts slightly right of center. Only after contact, an elongated wet mark gradually spreads along the visible grain or fibers. The camera, lighting, background, receiver geometry, and all other objects remain unchanged."
wdp0493,absorbent_surface,absorption,absorbent_surface_10,laboratory filter paper,3,"clean, completely dry, flat, and firmly supported so it cannot move",near one visible edge,an asymmetric wet patch appears and slowly spreads inward from the contact point,one_seed_only,"A realistic fixed-camera macro video in one continuous shot. During the first two seconds, laboratory filter paper is clean, completely dry, flat, and firmly supported so it cannot move. No water, falling droplet, or wet footprint is visible during these first two seconds. Then exactly one large clear water droplet enters from the top of the frame, falls visibly downward, and contacts near one visible edge. Only after contact, an asymmetric wet patch appears and slowly spreads inward from the contact point. The camera, lighting, background, receiver geometry, and all other objects remain unchanged."
wdp0494,absorbent_surface,absorption,absorbent_surface_11,paper coffee filter supported flat,0,"clean, completely dry, flat, and motionless",the center,the water is absorbed and a small dark wet patch gradually expands,one_seed_only,"A realistic fixed-camera macro video in one continuous shot. During the first two seconds, paper coffee filter supported flat is clean, completely dry, flat, and motionless. No water, falling droplet, or wet footprint is visible during these first two seconds. Then exactly one large clear water droplet enters from the top of the frame, falls visibly downward, and contacts the center. Only after contact, the water is absorbed and a small dark wet patch gradually expands. The camera, lighting, background, receiver geometry, and all other objects remain unchanged."
wdp0495,absorbent_surface,absorption,absorbent_surface_11,paper coffee filter supported flat,1,"clean, completely dry, flat, and supported on a rigid surface",slightly left of center,the water soaks in and leaves a compact dark damp spot with little outward spread,one_seed_only,"A realistic fixed-camera macro video in one continuous shot. During the first two seconds, paper coffee filter supported flat is clean, completely dry, flat, and supported on a rigid surface. No water, falling droplet, or wet footprint is visible during these first two seconds. Then exactly one large clear water droplet enters from the top of the frame, falls visibly downward, and contacts slightly left of center. Only after contact, the water soaks in and leaves a compact dark damp spot with little outward spread. The camera, lighting, background, receiver geometry, and all other objects remain unchanged."
wdp0496,absorbent_surface,absorption,absorbent_surface_11,paper coffee filter supported flat,2,"clean, completely dry, flat, and showing a clear grain or fiber direction",slightly right of center,an elongated wet mark gradually spreads along the visible grain or fibers,one_seed_only,"A realistic fixed-camera macro video in one continuous shot. During the first two seconds, paper coffee filter supported flat is clean, completely dry, flat, and showing a clear grain or fiber direction. No water, falling droplet, or wet footprint is visible during these first two seconds. Then exactly one large clear water droplet enters from the top of the frame, falls visibly downward, and contacts slightly right of center. Only after contact, an elongated wet mark gradually spreads along the visible grain or fibers. The camera, lighting, background, receiver geometry, and all other objects remain unchanged."
wdp0497,absorbent_surface,absorption,absorbent_surface_11,paper coffee filter supported flat,3,"clean, completely dry, flat, and firmly supported so it cannot move",near one visible edge,an asymmetric wet patch appears and slowly spreads inward from the contact point,one_seed_only,"A realistic fixed-camera macro video in one continuous shot. During the first two seconds, paper coffee filter supported flat is clean, completely dry, flat, and firmly supported so it cannot move. No water, falling droplet, or wet footprint is visible during these first two seconds. Then exactly one large clear water droplet enters from the top of the frame, falls visibly downward, and contacts near one visible edge. Only after contact, an asymmetric wet patch appears and slowly spreads inward from the contact point. The camera, lighting, background, receiver geometry, and all other objects remain unchanged."
wdp0498,absorbent_surface,absorption,absorbent_surface_12,plain cotton fabric fixed flat,0,"clean, completely dry, flat, and motionless",the center,the water is absorbed and a small dark wet patch gradually expands,one_seed_only,"A realistic fixed-camera macro video in one continuous shot. During the first two seconds, plain cotton fabric fixed flat is clean, completely dry, flat, and motionless. No water, falling droplet, or wet footprint is visible during these first two seconds. Then exactly one large clear water droplet enters from the top of the frame, falls visibly downward, and contacts the center. Only after contact, the water is absorbed and a small dark wet patch gradually expands. The camera, lighting, background, receiver geometry, and all other objects remain unchanged."
wdp0499,absorbent_surface,absorption,absorbent_surface_12,plain cotton fabric fixed flat,1,"clean, completely dry, flat, and supported on a rigid surface",slightly left of center,the water soaks in and leaves a compact dark damp spot with little outward spread,one_seed_only,"A realistic fixed-camera macro video in one continuous shot. During the first two seconds, plain cotton fabric fixed flat is clean, completely dry, flat, and supported on a rigid surface. No water, falling droplet, or wet footprint is visible during these first two seconds. Then exactly one large clear water droplet enters from the top of the frame, falls visibly downward, and contacts slightly left of center. Only after contact, the water soaks in and leaves a compact dark damp spot with little outward spread. The camera, lighting, background, receiver geometry, and all other objects remain unchanged."
wdp0500,absorbent_surface,absorption,absorbent_surface_12,plain cotton fabric fixed flat,2,"clean, completely dry, flat, and showing a clear grain or fiber direction",slightly right of center,an elongated wet mark gradually spreads along the visible grain or fibers,one_seed_only,"A realistic fixed-camera macro video in one continuous shot. During the first two seconds, plain cotton fabric fixed flat is clean, completely dry, flat, and showing a clear grain or fiber direction. No water, falling droplet, or wet footprint is visible during these first two seconds. Then exactly one large clear water droplet enters from the top of the frame, falls visibly downward, and contacts slightly right of center. Only after contact, an elongated wet mark gradually spreads along the visible grain or fibers. The camera, lighting, background, receiver geometry, and all other objects remain unchanged."
wdp0501,absorbent_surface,absorption,absorbent_surface_12,plain cotton fabric fixed flat,3,"clean, completely dry, flat, and firmly supported so it cannot move",near one visible edge,an asymmetric wet patch appears and slowly spreads inward from the contact point,one_seed_only,"A realistic fixed-camera macro video in one continuous shot. During the first two seconds, plain cotton fabric fixed flat is clean, completely dry, flat, and firmly supported so it cannot move. No water, falling droplet, or wet footprint is visible during these first two seconds. Then exactly one large clear water droplet enters from the top of the frame, falls visibly downward, and contacts near one visible edge. Only after contact, an asymmetric wet patch appears and slowly spreads inward from the contact point. The camera, lighting, background, receiver geometry, and all other objects remain unchanged."
wdp0502,absorbent_surface,absorption,absorbent_surface_13,linen fabric fixed flat,0,"clean, completely dry, flat, and motionless",the center,the water is absorbed and a small dark wet patch gradually expands,one_seed_only,"A realistic fixed-camera macro video in one continuous shot. During the first two seconds, linen fabric fixed flat is clean, completely dry, flat, and motionless. No water, falling droplet, or wet footprint is visible during these first two seconds. Then exactly one large clear water droplet enters from the top of the frame, falls visibly downward, and contacts the center. Only after contact, the water is absorbed and a small dark wet patch gradually expands. The camera, lighting, background, receiver geometry, and all other objects remain unchanged."
wdp0503,absorbent_surface,absorption,absorbent_surface_13,linen fabric fixed flat,1,"clean, completely dry, flat, and supported on a rigid surface",slightly left of center,the water soaks in and leaves a compact dark damp spot with little outward spread,one_seed_only,"A realistic fixed-camera macro video in one continuous shot. During the first two seconds, linen fabric fixed flat is clean, completely dry, flat, and supported on a rigid surface. No water, falling droplet, or wet footprint is visible during these first two seconds. Then exactly one large clear water droplet enters from the top of the frame, falls visibly downward, and contacts slightly left of center. Only after contact, the water soaks in and leaves a compact dark damp spot with little outward spread. The camera, lighting, background, receiver geometry, and all other objects remain unchanged."
wdp0504,absorbent_surface,absorption,absorbent_surface_13,linen fabric fixed flat,2,"clean, completely dry, flat, and showing a clear grain or fiber direction",slightly right of center,an elongated wet mark gradually spreads along the visible grain or fibers,one_seed_only,"A realistic fixed-camera macro video in one continuous shot. During the first two seconds, linen fabric fixed flat is clean, completely dry, flat, and showing a clear grain or fiber direction. No water, falling droplet, or wet footprint is visible during these first two seconds. Then exactly one large clear water droplet enters from the top of the frame, falls visibly downward, and contacts slightly right of center. Only after contact, an elongated wet mark gradually spreads along the visible grain or fibers. The camera, lighting, background, receiver geometry, and all other objects remain unchanged."
wdp0505,absorbent_surface,absorption,absorbent_surface_13,linen fabric fixed flat,3,"clean, completely dry, flat, and firmly supported so it cannot move",near one visible edge,an asymmetric wet patch appears and slowly spreads inward from the contact point,one_seed_only,"A realistic fixed-camera macro video in one continuous shot. During the first two seconds, linen fabric fixed flat is clean, completely dry, flat, and firmly supported so it cannot move. No water, falling droplet, or wet footprint is visible during these first two seconds. Then exactly one large clear water droplet enters from the top of the frame, falls visibly downward, and contacts near one visible edge. Only after contact, an asymmetric wet patch appears and slowly spreads inward from the contact point. The camera, lighting, background, receiver geometry, and all other objects remain unchanged."
wdp0506,absorbent_surface,absorption,absorbent_surface_14,denim fabric fixed flat,0,"clean, completely dry, flat, and motionless",the center,the water is absorbed and a small dark wet patch gradually expands,one_seed_only,"A realistic fixed-camera macro video in one continuous shot. During the first two seconds, denim fabric fixed flat is clean, completely dry, flat, and motionless. No water, falling droplet, or wet footprint is visible during these first two seconds. Then exactly one large clear water droplet enters from the top of the frame, falls visibly downward, and contacts the center. Only after contact, the water is absorbed and a small dark wet patch gradually expands. The camera, lighting, background, receiver geometry, and all other objects remain unchanged."
wdp0507,absorbent_surface,absorption,absorbent_surface_14,denim fabric fixed flat,1,"clean, completely dry, flat, and supported on a rigid surface",slightly left of center,the water soaks in and leaves a compact dark damp spot with little outward spread,one_seed_only,"A realistic fixed-camera macro video in one continuous shot. During the first two seconds, denim fabric fixed flat is clean, completely dry, flat, and supported on a rigid surface. No water, falling droplet, or wet footprint is visible during these first two seconds. Then exactly one large clear water droplet enters from the top of the frame, falls visibly downward, and contacts slightly left of center. Only after contact, the water soaks in and leaves a compact dark damp spot with little outward spread. The camera, lighting, background, receiver geometry, and all other objects remain unchanged."
wdp0508,absorbent_surface,absorption,absorbent_surface_14,denim fabric fixed flat,2,"clean, completely dry, flat, and showing a clear grain or fiber direction",slightly right of center,an elongated wet mark gradually spreads along the visible grain or fibers,one_seed_only,"A realistic fixed-camera macro video in one continuous shot. During the first two seconds, denim fabric fixed flat is clean, completely dry, flat, and showing a clear grain or fiber direction. No water, falling droplet, or wet footprint is visible during these first two seconds. Then exactly one large clear water droplet enters from the top of the frame, falls visibly downward, and contacts slightly right of center. Only after contact, an elongated wet mark gradually spreads along the visible grain or fibers. The camera, lighting, background, receiver geometry, and all other objects remain unchanged."
wdp0509,absorbent_surface,absorption,absorbent_surface_14,denim fabric fixed flat,3,"clean, completely dry, flat, and firmly supported so it cannot move",near one visible edge,an asymmetric wet patch appears and slowly spreads inward from the contact point,one_seed_only,"A realistic fixed-camera macro video in one continuous shot. During the first two seconds, denim fabric fixed flat is clean, completely dry, flat, and firmly supported so it cannot move. No water, falling droplet, or wet footprint is visible during these first two seconds. Then exactly one large clear water droplet enters from the top of the frame, falls visibly downward, and contacts near one visible edge. Only after contact, an asymmetric wet patch appears and slowly spreads inward from the contact point. The camera, lighting, background, receiver geometry, and all other objects remain unchanged."
wdp0510,absorbent_surface,absorption,absorbent_surface_15,artist canvas fixed flat,0,"clean, completely dry, flat, and motionless",the center,the water is absorbed and a small dark wet patch gradually expands,one_seed_only,"A realistic fixed-camera macro video in one continuous shot. During the first two seconds, artist canvas fixed flat is clean, completely dry, flat, and motionless. No water, falling droplet, or wet footprint is visible during these first two seconds. Then exactly one large clear water droplet enters from the top of the frame, falls visibly downward, and contacts the center. Only after contact, the water is absorbed and a small dark wet patch gradually expands. The camera, lighting, background, receiver geometry, and all other objects remain unchanged."
wdp0511,absorbent_surface,absorption,absorbent_surface_15,artist canvas fixed flat,1,"clean, completely dry, flat, and supported on a rigid surface",slightly left of center,the water soaks in and leaves a compact dark damp spot with little outward spread,one_seed_only,"A realistic fixed-camera macro video in one continuous shot. During the first two seconds, artist canvas fixed flat is clean, completely dry, flat, and supported on a rigid surface. No water, falling droplet, or wet footprint is visible during these first two seconds. Then exactly one large clear water droplet enters from the top of the frame, falls visibly downward, and contacts slightly left of center. Only after contact, the water soaks in and leaves a compact dark damp spot with little outward spread. The camera, lighting, background, receiver geometry, and all other objects remain unchanged."
wdp0512,absorbent_surface,absorption,absorbent_surface_15,artist canvas fixed flat,2,"clean, completely dry, flat, and showing a clear grain or fiber direction",slightly right of center,an elongated wet mark gradually spreads along the visible grain or fibers,one_seed_only,"A realistic fixed-camera macro video in one continuous shot. During the first two seconds, artist canvas fixed flat is clean, completely dry, flat, and showing a clear grain or fiber direction. No water, falling droplet, or wet footprint is visible during these first two seconds. Then exactly one large clear water droplet enters from the top of the frame, falls visibly downward, and contacts slightly right of center. Only after contact, an elongated wet mark gradually spreads along the visible grain or fibers. The camera, lighting, background, receiver geometry, and all other objects remain unchanged."
wdp0513,absorbent_surface,absorption,absorbent_surface_15,artist canvas fixed flat,3,"clean, completely dry, flat, and firmly supported so it cannot move",near one visible edge,an asymmetric wet patch appears and slowly spreads inward from the contact point,one_seed_only,"A realistic fixed-camera macro video in one continuous shot. During the first two seconds, artist canvas fixed flat is clean, completely dry, flat, and firmly supported so it cannot move. No water, falling droplet, or wet footprint is visible during these first two seconds. Then exactly one large clear water droplet enters from the top of the frame, falls visibly downward, and contacts near one visible edge. Only after contact, an asymmetric wet patch appears and slowly spreads inward from the contact point. The camera, lighting, background, receiver geometry, and all other objects remain unchanged."
wdp0514,absorbent_surface,absorption,absorbent_surface_16,dense felt sheet fixed flat,0,"clean, completely dry, flat, and motionless",the center,the water is absorbed and a small dark wet patch gradually expands,one_seed_only,"A realistic fixed-camera macro video in one continuous shot. During the first two seconds, dense felt sheet fixed flat is clean, completely dry, flat, and motionless. No water, falling droplet, or wet footprint is visible during these first two seconds. Then exactly one large clear water droplet enters from the top of the frame, falls visibly downward, and contacts the center. Only after contact, the water is absorbed and a small dark wet patch gradually expands. The camera, lighting, background, receiver geometry, and all other objects remain unchanged."
wdp0515,absorbent_surface,absorption,absorbent_surface_16,dense felt sheet fixed flat,1,"clean, completely dry, flat, and supported on a rigid surface",slightly left of center,the water soaks in and leaves a compact dark damp spot with little outward spread,one_seed_only,"A realistic fixed-camera macro video in one continuous shot. During the first two seconds, dense felt sheet fixed flat is clean, completely dry, flat, and supported on a rigid surface. No water, falling droplet, or wet footprint is visible during these first two seconds. Then exactly one large clear water droplet enters from the top of the frame, falls visibly downward, and contacts slightly left of center. Only after contact, the water soaks in and leaves a compact dark damp spot with little outward spread. The camera, lighting, background, receiver geometry, and all other objects remain unchanged."
wdp0516,absorbent_surface,absorption,absorbent_surface_16,dense felt sheet fixed flat,2,"clean, completely dry, flat, and showing a clear grain or fiber direction",slightly right of center,an elongated wet mark gradually spreads along the visible grain or fibers,one_seed_only,"A realistic fixed-camera macro video in one continuous shot. During the first two seconds, dense felt sheet fixed flat is clean, completely dry, flat, and showing a clear grain or fiber direction. No water, falling droplet, or wet footprint is visible during these first two seconds. Then exactly one large clear water droplet enters from the top of the frame, falls visibly downward, and contacts slightly right of center. Only after contact, an elongated wet mark gradually spreads along the visible grain or fibers. The camera, lighting, background, receiver geometry, and all other objects remain unchanged."
wdp0517,absorbent_surface,absorption,absorbent_surface_16,dense felt sheet fixed flat,3,"clean, completely dry, flat, and firmly supported so it cannot move",near one visible edge,an asymmetric wet patch appears and slowly spreads inward from the contact point,one_seed_only,"A realistic fixed-camera macro video in one continuous shot. During the first two seconds, dense felt sheet fixed flat is clean, completely dry, flat, and firmly supported so it cannot move. No water, falling droplet, or wet footprint is visible during these first two seconds. Then exactly one large clear water droplet enters from the top of the frame, falls visibly downward, and contacts near one visible edge. Only after contact, an asymmetric wet patch appears and slowly spreads inward from the contact point. The camera, lighting, background, receiver geometry, and all other objects remain unchanged."
wdp0518,absorbent_surface,absorption,absorbent_surface_17,wool felt sheet fixed flat,0,"clean, completely dry, flat, and motionless",the center,the water is absorbed and a small dark wet patch gradually expands,one_seed_only,"A realistic fixed-camera macro video in one continuous shot. During the first two seconds, wool felt sheet fixed flat is clean, completely dry, flat, and motionless. No water, falling droplet, or wet footprint is visible during these first two seconds. Then exactly one large clear water droplet enters from the top of the frame, falls visibly downward, and contacts the center. Only after contact, the water is absorbed and a small dark wet patch gradually expands. The camera, lighting, background, receiver geometry, and all other objects remain unchanged."
wdp0519,absorbent_surface,absorption,absorbent_surface_17,wool felt sheet fixed flat,1,"clean, completely dry, flat, and supported on a rigid surface",slightly left of center,the water soaks in and leaves a compact dark damp spot with little outward spread,one_seed_only,"A realistic fixed-camera macro video in one continuous shot. During the first two seconds, wool felt sheet fixed flat is clean, completely dry, flat, and supported on a rigid surface. No water, falling droplet, or wet footprint is visible during these first two seconds. Then exactly one large clear water droplet enters from the top of the frame, falls visibly downward, and contacts slightly left of center. Only after contact, the water soaks in and leaves a compact dark damp spot with little outward spread. The camera, lighting, background, receiver geometry, and all other objects remain unchanged."
wdp0520,absorbent_surface,absorption,absorbent_surface_17,wool felt sheet fixed flat,2,"clean, completely dry, flat, and showing a clear grain or fiber direction",slightly right of center,an elongated wet mark gradually spreads along the visible grain or fibers,one_seed_only,"A realistic fixed-camera macro video in one continuous shot. During the first two seconds, wool felt sheet fixed flat is clean, completely dry, flat, and showing a clear grain or fiber direction. No water, falling droplet, or wet footprint is visible during these first two seconds. Then exactly one large clear water droplet enters from the top of the frame, falls visibly downward, and contacts slightly right of center. Only after contact, an elongated wet mark gradually spreads along the visible grain or fibers. The camera, lighting, background, receiver geometry, and all other objects remain unchanged."
wdp0521,absorbent_surface,absorption,absorbent_surface_17,wool felt sheet fixed flat,3,"clean, completely dry, flat, and firmly supported so it cannot move",near one visible edge,an asymmetric wet patch appears and slowly spreads inward from the contact point,one_seed_only,"A realistic fixed-camera macro video in one continuous shot. During the first two seconds, wool felt sheet fixed flat is clean, completely dry, flat, and firmly supported so it cannot move. No water, falling droplet, or wet footprint is visible during these first two seconds. Then exactly one large clear water droplet enters from the top of the frame, falls visibly downward, and contacts near one visible edge. Only after contact, an asymmetric wet patch appears and slowly spreads inward from the contact point. The camera, lighting, background, receiver geometry, and all other objects remain unchanged."
wdp0522,absorbent_surface,absorption,absorbent_surface_18,microfiber cleaning cloth fixed flat,0,"clean, completely dry, flat, and motionless",the center,the water is absorbed and a small dark wet patch gradually expands,one_seed_only,"A realistic fixed-camera macro video in one continuous shot. During the first two seconds, microfiber cleaning cloth fixed flat is clean, completely dry, flat, and motionless. No water, falling droplet, or wet footprint is visible during these first two seconds. Then exactly one large clear water droplet enters from the top of the frame, falls visibly downward, and contacts the center. Only after contact, the water is absorbed and a small dark wet patch gradually expands. The camera, lighting, background, receiver geometry, and all other objects remain unchanged."
wdp0523,absorbent_surface,absorption,absorbent_surface_18,microfiber cleaning cloth fixed flat,1,"clean, completely dry, flat, and supported on a rigid surface",slightly left of center,the water soaks in and leaves a compact dark damp spot with little outward spread,one_seed_only,"A realistic fixed-camera macro video in one continuous shot. During the first two seconds, microfiber cleaning cloth fixed flat is clean, completely dry, flat, and supported on a rigid surface. No water, falling droplet, or wet footprint is visible during these first two seconds. Then exactly one large clear water droplet enters from the top of the frame, falls visibly downward, and contacts slightly left of center. Only after contact, the water soaks in and leaves a compact dark damp spot with little outward spread. The camera, lighting, background, receiver geometry, and all other objects remain unchanged."
wdp0524,absorbent_surface,absorption,absorbent_surface_18,microfiber cleaning cloth fixed flat,2,"clean, completely dry, flat, and showing a clear grain or fiber direction",slightly right of center,an elongated wet mark gradually spreads along the visible grain or fibers,one_seed_only,"A realistic fixed-camera macro video in one continuous shot. During the first two seconds, microfiber cleaning cloth fixed flat is clean, completely dry, flat, and showing a clear grain or fiber direction. No water, falling droplet, or wet footprint is visible during these first two seconds. Then exactly one large clear water droplet enters from the top of the frame, falls visibly downward, and contacts slightly right of center. Only after contact, an elongated wet mark gradually spreads along the visible grain or fibers. The camera, lighting, background, receiver geometry, and all other objects remain unchanged."
wdp0525,absorbent_surface,absorption,absorbent_surface_18,microfiber cleaning cloth fixed flat,3,"clean, completely dry, flat, and firmly supported so it cannot move",near one visible edge,an asymmetric wet patch appears and slowly spreads inward from the contact point,one_seed_only,"A realistic fixed-camera macro video in one continuous shot. During the first two seconds, microfiber cleaning cloth fixed flat is clean, completely dry, flat, and firmly supported so it cannot move. No water, falling droplet, or wet footprint is visible during these first two seconds. Then exactly one large clear water droplet enters from the top of the frame, falls visibly downward, and contacts near one visible edge. Only after contact, an asymmetric wet patch appears and slowly spreads inward from the contact point. The camera, lighting, background, receiver geometry, and all other objects remain unchanged."
wdp0526,absorbent_surface,absorption,absorbent_surface_19,natural chamois fixed flat,0,"clean, completely dry, flat, and motionless",the center,the water is absorbed and a small dark wet patch gradually expands,one_seed_only,"A realistic fixed-camera macro video in one continuous shot. During the first two seconds, natural chamois fixed flat is clean, completely dry, flat, and motionless. No water, falling droplet, or wet footprint is visible during these first two seconds. Then exactly one large clear water droplet enters from the top of the frame, falls visibly downward, and contacts the center. Only after contact, the water is absorbed and a small dark wet patch gradually expands. The camera, lighting, background, receiver geometry, and all other objects remain unchanged."
wdp0527,absorbent_surface,absorption,absorbent_surface_19,natural chamois fixed flat,1,"clean, completely dry, flat, and supported on a rigid surface",slightly left of center,the water soaks in and leaves a compact dark damp spot with little outward spread,one_seed_only,"A realistic fixed-camera macro video in one continuous shot. During the first two seconds, natural chamois fixed flat is clean, completely dry, flat, and supported on a rigid surface. No water, falling droplet, or wet footprint is visible during these first two seconds. Then exactly one large clear water droplet enters from the top of the frame, falls visibly downward, and contacts slightly left of center. Only after contact, the water soaks in and leaves a compact dark damp spot with little outward spread. The camera, lighting, background, receiver geometry, and all other objects remain unchanged."
wdp0528,absorbent_surface,absorption,absorbent_surface_19,natural chamois fixed flat,2,"clean, completely dry, flat, and showing a clear grain or fiber direction",slightly right of center,an elongated wet mark gradually spreads along the visible grain or fibers,one_seed_only,"A realistic fixed-camera macro video in one continuous shot. During the first two seconds, natural chamois fixed flat is clean, completely dry, flat, and showing a clear grain or fiber direction. No water, falling droplet, or wet footprint is visible during these first two seconds. Then exactly one large clear water droplet enters from the top of the frame, falls visibly downward, and contacts slightly right of center. Only after contact, an elongated wet mark gradually spreads along the visible grain or fibers. The camera, lighting, background, receiver geometry, and all other objects remain unchanged."
wdp0529,absorbent_surface,absorption,absorbent_surface_19,natural chamois fixed flat,3,"clean, completely dry, flat, and firmly supported so it cannot move",near one visible edge,an asymmetric wet patch appears and slowly spreads inward from the contact point,one_seed_only,"A realistic fixed-camera macro video in one continuous shot. During the first two seconds, natural chamois fixed flat is clean, completely dry, flat, and firmly supported so it cannot move. No water, falling droplet, or wet footprint is visible during these first two seconds. Then exactly one large clear water droplet enters from the top of the frame, falls visibly downward, and contacts near one visible edge. Only after contact, an asymmetric wet patch appears and slowly spreads inward from the contact point. The camera, lighting, background, receiver geometry, and all other objects remain unchanged."
wdp0530,absorbent_surface,absorption,absorbent_surface_20,natural cellulose sponge,0,"clean, completely dry, flat, and motionless",the center,the water is absorbed and a small dark wet patch gradually expands,one_seed_only,"A realistic fixed-camera macro video in one continuous shot. During the first two seconds, natural cellulose sponge is clean, completely dry, flat, and motionless. No water, falling droplet, or wet footprint is visible during these first two seconds. Then exactly one large clear water droplet enters from the top of the frame, falls visibly downward, and contacts the center. Only after contact, the water is absorbed and a small dark wet patch gradually expands. The camera, lighting, background, receiver geometry, and all other objects remain unchanged."
wdp0531,absorbent_surface,absorption,absorbent_surface_20,natural cellulose sponge,1,"clean, completely dry, flat, and supported on a rigid surface",slightly left of center,the water soaks in and leaves a compact dark damp spot with little outward spread,one_seed_only,"A realistic fixed-camera macro video in one continuous shot. During the first two seconds, natural cellulose sponge is clean, completely dry, flat, and supported on a rigid surface. No water, falling droplet, or wet footprint is visible during these first two seconds. Then exactly one large clear water droplet enters from the top of the frame, falls visibly downward, and contacts slightly left of center. Only after contact, the water soaks in and leaves a compact dark damp spot with little outward spread. The camera, lighting, background, receiver geometry, and all other objects remain unchanged."
wdp0532,absorbent_surface,absorption,absorbent_surface_20,natural cellulose sponge,2,"clean, completely dry, flat, and showing a clear grain or fiber direction",slightly right of center,an elongated wet mark gradually spreads along the visible grain or fibers,one_seed_only,"A realistic fixed-camera macro video in one continuous shot. During the first two seconds, natural cellulose sponge is clean, completely dry, flat, and showing a clear grain or fiber direction. No water, falling droplet, or wet footprint is visible during these first two seconds. Then exactly one large clear water droplet enters from the top of the frame, falls visibly downward, and contacts slightly right of center. Only after contact, an elongated wet mark gradually spreads along the visible grain or fibers. The camera, lighting, background, receiver geometry, and all other objects remain unchanged."
wdp0533,absorbent_surface,absorption,absorbent_surface_20,natural cellulose sponge,3,"clean, completely dry, flat, and firmly supported so it cannot move",near one visible edge,an asymmetric wet patch appears and slowly spreads inward from the contact point,one_seed_only,"A realistic fixed-camera macro video in one continuous shot. During the first two seconds, natural cellulose sponge is clean, completely dry, flat, and firmly supported so it cannot move. No water, falling droplet, or wet footprint is visible during these first two seconds. Then exactly one large clear water droplet enters from the top of the frame, falls visibly downward, and contacts near one visible edge. Only after contact, an asymmetric wet patch appears and slowly spreads inward from the contact point. The camera, lighting, background, receiver geometry, and all other objects remain unchanged."
wdp0534,absorbent_surface,absorption,absorbent_surface_21,yellow kitchen sponge supported flat,0,"clean, completely dry, flat, and motionless",the center,the water is absorbed and a small dark wet patch gradually expands,one_seed_only,"A realistic fixed-camera macro video in one continuous shot. During the first two seconds, yellow kitchen sponge supported flat is clean, completely dry, flat, and motionless. No water, falling droplet, or wet footprint is visible during these first two seconds. Then exactly one large clear water droplet enters from the top of the frame, falls visibly downward, and contacts the center. Only after contact, the water is absorbed and a small dark wet patch gradually expands. The camera, lighting, background, receiver geometry, and all other objects remain unchanged."
wdp0535,absorbent_surface,absorption,absorbent_surface_21,yellow kitchen sponge supported flat,1,"clean, completely dry, flat, and supported on a rigid surface",slightly left of center,the water soaks in and leaves a compact dark damp spot with little outward spread,one_seed_only,"A realistic fixed-camera macro video in one continuous shot. During the first two seconds, yellow kitchen sponge supported flat is clean, completely dry, flat, and supported on a rigid surface. No water, falling droplet, or wet footprint is visible during these first two seconds. Then exactly one large clear water droplet enters from the top of the frame, falls visibly downward, and contacts slightly left of center. Only after contact, the water soaks in and leaves a compact dark damp spot with little outward spread. The camera, lighting, background, receiver geometry, and all other objects remain unchanged."
wdp0536,absorbent_surface,absorption,absorbent_surface_21,yellow kitchen sponge supported flat,2,"clean, completely dry, flat, and showing a clear grain or fiber direction",slightly right of center,an elongated wet mark gradually spreads along the visible grain or fibers,one_seed_only,"A realistic fixed-camera macro video in one continuous shot. During the first two seconds, yellow kitchen sponge supported flat is clean, completely dry, flat, and showing a clear grain or fiber direction. No water, falling droplet, or wet footprint is visible during these first two seconds. Then exactly one large clear water droplet enters from the top of the frame, falls visibly downward, and contacts slightly right of center. Only after contact, an elongated wet mark gradually spreads along the visible grain or fibers. The camera, lighting, background, receiver geometry, and all other objects remain unchanged."
wdp0537,absorbent_surface,absorption,absorbent_surface_21,yellow kitchen sponge supported flat,3,"clean, completely dry, flat, and firmly supported so it cannot move",near one visible edge,an asymmetric wet patch appears and slowly spreads inward from the contact point,one_seed_only,"A realistic fixed-camera macro video in one continuous shot. During the first two seconds, yellow kitchen sponge supported flat is clean, completely dry, flat, and firmly supported so it cannot move. No water, falling droplet, or wet footprint is visible during these first two seconds. Then exactly one large clear water droplet enters from the top of the frame, falls visibly downward, and contacts near one visible edge. Only after contact, an asymmetric wet patch appears and slowly spreads inward from the contact point. The camera, lighting, background, receiver geometry, and all other objects remain unchanged."
wdp0538,absorbent_surface,absorption,absorbent_surface_22,dense foam cleaning sponge,0,"clean, completely dry, flat, and motionless",the center,the water is absorbed and a small dark wet patch gradually expands,one_seed_only,"A realistic fixed-camera macro video in one continuous shot. During the first two seconds, dense foam cleaning sponge is clean, completely dry, flat, and motionless. No water, falling droplet, or wet footprint is visible during these first two seconds. Then exactly one large clear water droplet enters from the top of the frame, falls visibly downward, and contacts the center. Only after contact, the water is absorbed and a small dark wet patch gradually expands. The camera, lighting, background, receiver geometry, and all other objects remain unchanged."
wdp0539,absorbent_surface,absorption,absorbent_surface_22,dense foam cleaning sponge,1,"clean, completely dry, flat, and supported on a rigid surface",slightly left of center,the water soaks in and leaves a compact dark damp spot with little outward spread,one_seed_only,"A realistic fixed-camera macro video in one continuous shot. During the first two seconds, dense foam cleaning sponge is clean, completely dry, flat, and supported on a rigid surface. No water, falling droplet, or wet footprint is visible during these first two seconds. Then exactly one large clear water droplet enters from the top of the frame, falls visibly downward, and contacts slightly left of center. Only after contact, the water soaks in and leaves a compact dark damp spot with little outward spread. The camera, lighting, background, receiver geometry, and all other objects remain unchanged."
wdp0540,absorbent_surface,absorption,absorbent_surface_22,dense foam cleaning sponge,2,"clean, completely dry, flat, and showing a clear grain or fiber direction",slightly right of center,an elongated wet mark gradually spreads along the visible grain or fibers,one_seed_only,"A realistic fixed-camera macro video in one continuous shot. During the first two seconds, dense foam cleaning sponge is clean, completely dry, flat, and showing a clear grain or fiber direction. No water, falling droplet, or wet footprint is visible during these first two seconds. Then exactly one large clear water droplet enters from the top of the frame, falls visibly downward, and contacts slightly right of center. Only after contact, an elongated wet mark gradually spreads along the visible grain or fibers. The camera, lighting, background, receiver geometry, and all other objects remain unchanged."
wdp0541,absorbent_surface,absorption,absorbent_surface_22,dense foam cleaning sponge,3,"clean, completely dry, flat, and firmly supported so it cannot move",near one visible edge,an asymmetric wet patch appears and slowly spreads inward from the contact point,one_seed_only,"A realistic fixed-camera macro video in one continuous shot. During the first two seconds, dense foam cleaning sponge is clean, completely dry, flat, and firmly supported so it cannot move. No water, falling droplet, or wet footprint is visible during these first two seconds. Then exactly one large clear water droplet enters from the top of the frame, falls visibly downward, and contacts near one visible edge. Only after contact, an asymmetric wet patch appears and slowly spreads inward from the contact point. The camera, lighting, background, receiver geometry, and all other objects remain unchanged."
wdp0542,absorbent_surface,absorption,absorbent_surface_23,unsealed cork sheet,0,"clean, completely dry, flat, and motionless",the center,the water is absorbed and a small dark wet patch gradually expands,one_seed_only,"A realistic fixed-camera macro video in one continuous shot. During the first two seconds, unsealed cork sheet is clean, completely dry, flat, and motionless. No water, falling droplet, or wet footprint is visible during these first two seconds. Then exactly one large clear water droplet enters from the top of the frame, falls visibly downward, and contacts the center. Only after contact, the water is absorbed and a small dark wet patch gradually expands. The camera, lighting, background, receiver geometry, and all other objects remain unchanged."
wdp0543,absorbent_surface,absorption,absorbent_surface_23,unsealed cork sheet,1,"clean, completely dry, flat, and supported on a rigid surface",slightly left of center,the water soaks in and leaves a compact dark damp spot with little outward spread,one_seed_only,"A realistic fixed-camera macro video in one continuous shot. During the first two seconds, unsealed cork sheet is clean, completely dry, flat, and supported on a rigid surface. No water, falling droplet, or wet footprint is visible during these first two seconds. Then exactly one large clear water droplet enters from the top of the frame, falls visibly downward, and contacts slightly left of center. Only after contact, the water soaks in and leaves a compact dark damp spot with little outward spread. The camera, lighting, background, receiver geometry, and all other objects remain unchanged."
wdp0544,absorbent_surface,absorption,absorbent_surface_23,unsealed cork sheet,2,"clean, completely dry, flat, and showing a clear grain or fiber direction",slightly right of center,an elongated wet mark gradually spreads along the visible grain or fibers,one_seed_only,"A realistic fixed-camera macro video in one continuous shot. During the first two seconds, unsealed cork sheet is clean, completely dry, flat, and showing a clear grain or fiber direction. No water, falling droplet, or wet footprint is visible during these first two seconds. Then exactly one large clear water droplet enters from the top of the frame, falls visibly downward, and contacts slightly right of center. Only after contact, an elongated wet mark gradually spreads along the visible grain or fibers. The camera, lighting, background, receiver geometry, and all other objects remain unchanged."
wdp0545,absorbent_surface,absorption,absorbent_surface_23,unsealed cork sheet,3,"clean, completely dry, flat, and firmly supported so it cannot move",near one visible edge,an asymmetric wet patch appears and slowly spreads inward from the contact point,one_seed_only,"A realistic fixed-camera macro video in one continuous shot. During the first two seconds, unsealed cork sheet is clean, completely dry, flat, and firmly supported so it cannot move. No water, falling droplet, or wet footprint is visible during these first two seconds. Then exactly one large clear water droplet enters from the top of the frame, falls visibly downward, and contacts near one visible edge. Only after contact, an asymmetric wet patch appears and slowly spreads inward from the contact point. The camera, lighting, background, receiver geometry, and all other objects remain unchanged."
wdp0546,absorbent_surface,absorption,absorbent_surface_24,unglazed terracotta tile,0,"clean, completely dry, flat, and motionless",the center,the water is absorbed and a small dark wet patch gradually expands,one_seed_only,"A realistic fixed-camera macro video in one continuous shot. During the first two seconds, unglazed terracotta tile is clean, completely dry, flat, and motionless. No water, falling droplet, or wet footprint is visible during these first two seconds. Then exactly one large clear water droplet enters from the top of the frame, falls visibly downward, and contacts the center. Only after contact, the water is absorbed and a small dark wet patch gradually expands. The camera, lighting, background, receiver geometry, and all other objects remain unchanged."
wdp0547,absorbent_surface,absorption,absorbent_surface_24,unglazed terracotta tile,1,"clean, completely dry, flat, and supported on a rigid surface",slightly left of center,the water soaks in and leaves a compact dark damp spot with little outward spread,one_seed_only,"A realistic fixed-camera macro video in one continuous shot. During the first two seconds, unglazed terracotta tile is clean, completely dry, flat, and supported on a rigid surface. No water, falling droplet, or wet footprint is visible during these first two seconds. Then exactly one large clear water droplet enters from the top of the frame, falls visibly downward, and contacts slightly left of center. Only after contact, the water soaks in and leaves a compact dark damp spot with little outward spread. The camera, lighting, background, receiver geometry, and all other objects remain unchanged."
wdp0548,absorbent_surface,absorption,absorbent_surface_24,unglazed terracotta tile,2,"clean, completely dry, flat, and showing a clear grain or fiber direction",slightly right of center,an elongated wet mark gradually spreads along the visible grain or fibers,one_seed_only,"A realistic fixed-camera macro video in one continuous shot. During the first two seconds, unglazed terracotta tile is clean, completely dry, flat, and showing a clear grain or fiber direction. No water, falling droplet, or wet footprint is visible during these first two seconds. Then exactly one large clear water droplet enters from the top of the frame, falls visibly downward, and contacts slightly right of center. Only after contact, an elongated wet mark gradually spreads along the visible grain or fibers. The camera, lighting, background, receiver geometry, and all other objects remain unchanged."
wdp0549,absorbent_surface,absorption,absorbent_surface_24,unglazed terracotta tile,3,"clean, completely dry, flat, and firmly supported so it cannot move",near one visible edge,an asymmetric wet patch appears and slowly spreads inward from the contact point,one_seed_only,"A realistic fixed-camera macro video in one continuous shot. During the first two seconds, unglazed terracotta tile is clean, completely dry, flat, and firmly supported so it cannot move. No water, falling droplet, or wet footprint is visible during these first two seconds. Then exactly one large clear water droplet enters from the top of the frame, falls visibly downward, and contacts near one visible edge. Only after contact, an asymmetric wet patch appears and slowly spreads inward from the contact point. The camera, lighting, background, receiver geometry, and all other objects remain unchanged."
wdp0550,absorbent_surface,absorption,absorbent_surface_25,unglazed ceramic test tile,0,"clean, completely dry, flat, and motionless",the center,the water is absorbed and a small dark wet patch gradually expands,one_seed_only,"A realistic fixed-camera macro video in one continuous shot. During the first two seconds, unglazed ceramic test tile is clean, completely dry, flat, and motionless. No water, falling droplet, or wet footprint is visible during these first two seconds. Then exactly one large clear water droplet enters from the top of the frame, falls visibly downward, and contacts the center. Only after contact, the water is absorbed and a small dark wet patch gradually expands. The camera, lighting, background, receiver geometry, and all other objects remain unchanged."
wdp0551,absorbent_surface,absorption,absorbent_surface_25,unglazed ceramic test tile,1,"clean, completely dry, flat, and supported on a rigid surface",slightly left of center,the water soaks in and leaves a compact dark damp spot with little outward spread,one_seed_only,"A realistic fixed-camera macro video in one continuous shot. During the first two seconds, unglazed ceramic test tile is clean, completely dry, flat, and supported on a rigid surface. No water, falling droplet, or wet footprint is visible during these first two seconds. Then exactly one large clear water droplet enters from the top of the frame, falls visibly downward, and contacts slightly left of center. Only after contact, the water soaks in and leaves a compact dark damp spot with little outward spread. The camera, lighting, background, receiver geometry, and all other objects remain unchanged."
wdp0552,absorbent_surface,absorption,absorbent_surface_25,unglazed ceramic test tile,2,"clean, completely dry, flat, and showing a clear grain or fiber direction",slightly right of center,an elongated wet mark gradually spreads along the visible grain or fibers,one_seed_only,"A realistic fixed-camera macro video in one continuous shot. During the first two seconds, unglazed ceramic test tile is clean, completely dry, flat, and showing a clear grain or fiber direction. No water, falling droplet, or wet footprint is visible during these first two seconds. Then exactly one large clear water droplet enters from the top of the frame, falls visibly downward, and contacts slightly right of center. Only after contact, an elongated wet mark gradually spreads along the visible grain or fibers. The camera, lighting, background, receiver geometry, and all other objects remain unchanged."
wdp0553,absorbent_surface,absorption,absorbent_surface_25,unglazed ceramic test tile,3,"clean, completely dry, flat, and firmly supported so it cannot move",near one visible edge,an asymmetric wet patch appears and slowly spreads inward from the contact point,one_seed_only,"A realistic fixed-camera macro video in one continuous shot. During the first two seconds, unglazed ceramic test tile is clean, completely dry, flat, and firmly supported so it cannot move. No water, falling droplet, or wet footprint is visible during these first two seconds. Then exactly one large clear water droplet enters from the top of the frame, falls visibly downward, and contacts near one visible edge. Only after contact, an asymmetric wet patch appears and slowly spreads inward from the contact point. The camera, lighting, background, receiver geometry, and all other objects remain unchanged."
wdp0554,absorbent_surface,absorption,absorbent_surface_26,unpainted gypsum board,0,"clean, completely dry, flat, and motionless",the center,the water is absorbed and a small dark wet patch gradually expands,one_seed_only,"A realistic fixed-camera macro video in one continuous shot. During the first two seconds, unpainted gypsum board is clean, completely dry, flat, and motionless. No water, falling droplet, or wet footprint is visible during these first two seconds. Then exactly one large clear water droplet enters from the top of the frame, falls visibly downward, and contacts the center. Only after contact, the water is absorbed and a small dark wet patch gradually expands. The camera, lighting, background, receiver geometry, and all other objects remain unchanged."
wdp0555,absorbent_surface,absorption,absorbent_surface_26,unpainted gypsum board,1,"clean, completely dry, flat, and supported on a rigid surface",slightly left of center,the water soaks in and leaves a compact dark damp spot with little outward spread,one_seed_only,"A realistic fixed-camera macro video in one continuous shot. During the first two seconds, unpainted gypsum board is clean, completely dry, flat, and supported on a rigid surface. No water, falling droplet, or wet footprint is visible during these first two seconds. Then exactly one large clear water droplet enters from the top of the frame, falls visibly downward, and contacts slightly left of center. Only after contact, the water soaks in and leaves a compact dark damp spot with little outward spread. The camera, lighting, background, receiver geometry, and all other objects remain unchanged."
wdp0556,absorbent_surface,absorption,absorbent_surface_26,unpainted gypsum board,2,"clean, completely dry, flat, and showing a clear grain or fiber direction",slightly right of center,an elongated wet mark gradually spreads along the visible grain or fibers,one_seed_only,"A realistic fixed-camera macro video in one continuous shot. During the first two seconds, unpainted gypsum board is clean, completely dry, flat, and showing a clear grain or fiber direction. No water, falling droplet, or wet footprint is visible during these first two seconds. Then exactly one large clear water droplet enters from the top of the frame, falls visibly downward, and contacts slightly right of center. Only after contact, an elongated wet mark gradually spreads along the visible grain or fibers. The camera, lighting, background, receiver geometry, and all other objects remain unchanged."
wdp0557,absorbent_surface,absorption,absorbent_surface_26,unpainted gypsum board,3,"clean, completely dry, flat, and firmly supported so it cannot move",near one visible edge,an asymmetric wet patch appears and slowly spreads inward from the contact point,one_seed_only,"A realistic fixed-camera macro video in one continuous shot. During the first two seconds, unpainted gypsum board is clean, completely dry, flat, and firmly supported so it cannot move. No water, falling droplet, or wet footprint is visible during these first two seconds. Then exactly one large clear water droplet enters from the top of the frame, falls visibly downward, and contacts near one visible edge. Only after contact, an asymmetric wet patch appears and slowly spreads inward from the contact point. The camera, lighting, background, receiver geometry, and all other objects remain unchanged."
wdp0558,absorbent_surface,absorption,absorbent_surface_27,dry plaster surface,0,"clean, completely dry, flat, and motionless",the center,the water is absorbed and a small dark wet patch gradually expands,one_seed_only,"A realistic fixed-camera macro video in one continuous shot. During the first two seconds, dry plaster surface is clean, completely dry, flat, and motionless. No water, falling droplet, or wet footprint is visible during these first two seconds. Then exactly one large clear water droplet enters from the top of the frame, falls visibly downward, and contacts the center. Only after contact, the water is absorbed and a small dark wet patch gradually expands. The camera, lighting, background, receiver geometry, and all other objects remain unchanged."
wdp0559,absorbent_surface,absorption,absorbent_surface_27,dry plaster surface,1,"clean, completely dry, flat, and supported on a rigid surface",slightly left of center,the water soaks in and leaves a compact dark damp spot with little outward spread,one_seed_only,"A realistic fixed-camera macro video in one continuous shot. During the first two seconds, dry plaster surface is clean, completely dry, flat, and supported on a rigid surface. No water, falling droplet, or wet footprint is visible during these first two seconds. Then exactly one large clear water droplet enters from the top of the frame, falls visibly downward, and contacts slightly left of center. Only after contact, the water soaks in and leaves a compact dark damp spot with little outward spread. The camera, lighting, background, receiver geometry, and all other objects remain unchanged."
wdp0560,absorbent_surface,absorption,absorbent_surface_27,dry plaster surface,2,"clean, completely dry, flat, and showing a clear grain or fiber direction",slightly right of center,an elongated wet mark gradually spreads along the visible grain or fibers,one_seed_only,"A realistic fixed-camera macro video in one continuous shot. During the first two seconds, dry plaster surface is clean, completely dry, flat, and showing a clear grain or fiber direction. No water, falling droplet, or wet footprint is visible during these first two seconds. Then exactly one large clear water droplet enters from the top of the frame, falls visibly downward, and contacts slightly right of center. Only after contact, an elongated wet mark gradually spreads along the visible grain or fibers. The camera, lighting, background, receiver geometry, and all other objects remain unchanged."
wdp0561,absorbent_surface,absorption,absorbent_surface_27,dry plaster surface,3,"clean, completely dry, flat, and firmly supported so it cannot move",near one visible edge,an asymmetric wet patch appears and slowly spreads inward from the contact point,one_seed_only,"A realistic fixed-camera macro video in one continuous shot. During the first two seconds, dry plaster surface is clean, completely dry, flat, and firmly supported so it cannot move. No water, falling droplet, or wet footprint is visible during these first two seconds. Then exactly one large clear water droplet enters from the top of the frame, falls visibly downward, and contacts near one visible edge. Only after contact, an asymmetric wet patch appears and slowly spreads inward from the contact point. The camera, lighting, background, receiver geometry, and all other objects remain unchanged."
wdp0562,absorbent_surface,absorption,absorbent_surface_28,raw concrete sample,0,"clean, completely dry, flat, and motionless",the center,the water is absorbed and a small dark wet patch gradually expands,one_seed_only,"A realistic fixed-camera macro video in one continuous shot. During the first two seconds, raw concrete sample is clean, completely dry, flat, and motionless. No water, falling droplet, or wet footprint is visible during these first two seconds. Then exactly one large clear water droplet enters from the top of the frame, falls visibly downward, and contacts the center. Only after contact, the water is absorbed and a small dark wet patch gradually expands. The camera, lighting, background, receiver geometry, and all other objects remain unchanged."
wdp0563,absorbent_surface,absorption,absorbent_surface_28,raw concrete sample,1,"clean, completely dry, flat, and supported on a rigid surface",slightly left of center,the water soaks in and leaves a compact dark damp spot with little outward spread,one_seed_only,"A realistic fixed-camera macro video in one continuous shot. During the first two seconds, raw concrete sample is clean, completely dry, flat, and supported on a rigid surface. No water, falling droplet, or wet footprint is visible during these first two seconds. Then exactly one large clear water droplet enters from the top of the frame, falls visibly downward, and contacts slightly left of center. Only after contact, the water soaks in and leaves a compact dark damp spot with little outward spread. The camera, lighting, background, receiver geometry, and all other objects remain unchanged."
wdp0564,absorbent_surface,absorption,absorbent_surface_28,raw concrete sample,2,"clean, completely dry, flat, and showing a clear grain or fiber direction",slightly right of center,an elongated wet mark gradually spreads along the visible grain or fibers,one_seed_only,"A realistic fixed-camera macro video in one continuous shot. During the first two seconds, raw concrete sample is clean, completely dry, flat, and showing a clear grain or fiber direction. No water, falling droplet, or wet footprint is visible during these first two seconds. Then exactly one large clear water droplet enters from the top of the frame, falls visibly downward, and contacts slightly right of center. Only after contact, an elongated wet mark gradually spreads along the visible grain or fibers. The camera, lighting, background, receiver geometry, and all other objects remain unchanged."
wdp0565,absorbent_surface,absorption,absorbent_surface_28,raw concrete sample,3,"clean, completely dry, flat, and firmly supported so it cannot move",near one visible edge,an asymmetric wet patch appears and slowly spreads inward from the contact point,one_seed_only,"A realistic fixed-camera macro video in one continuous shot. During the first two seconds, raw concrete sample is clean, completely dry, flat, and firmly supported so it cannot move. No water, falling droplet, or wet footprint is visible during these first two seconds. Then exactly one large clear water droplet enters from the top of the frame, falls visibly downward, and contacts near one visible edge. Only after contact, an asymmetric wet patch appears and slowly spreads inward from the contact point. The camera, lighting, background, receiver geometry, and all other objects remain unchanged."
wdp0566,absorbent_surface,absorption,absorbent_surface_29,unsealed cement board,0,"clean, completely dry, flat, and motionless",the center,the water is absorbed and a small dark wet patch gradually expands,one_seed_only,"A realistic fixed-camera macro video in one continuous shot. During the first two seconds, unsealed cement board is clean, completely dry, flat, and motionless. No water, falling droplet, or wet footprint is visible during these first two seconds. Then exactly one large clear water droplet enters from the top of the frame, falls visibly downward, and contacts the center. Only after contact, the water is absorbed and a small dark wet patch gradually expands. The camera, lighting, background, receiver geometry, and all other objects remain unchanged."
wdp0567,absorbent_surface,absorption,absorbent_surface_29,unsealed cement board,1,"clean, completely dry, flat, and supported on a rigid surface",slightly left of center,the water soaks in and leaves a compact dark damp spot with little outward spread,one_seed_only,"A realistic fixed-camera macro video in one continuous shot. During the first two seconds, unsealed cement board is clean, completely dry, flat, and supported on a rigid surface. No water, falling droplet, or wet footprint is visible during these first two seconds. Then exactly one large clear water droplet enters from the top of the frame, falls visibly downward, and contacts slightly left of center. Only after contact, the water soaks in and leaves a compact dark damp spot with little outward spread. The camera, lighting, background, receiver geometry, and all other objects remain unchanged."
wdp0568,absorbent_surface,absorption,absorbent_surface_29,unsealed cement board,2,"clean, completely dry, flat, and showing a clear grain or fiber direction",slightly right of center,an elongated wet mark gradually spreads along the visible grain or fibers,one_seed_only,"A realistic fixed-camera macro video in one continuous shot. During the first two seconds, unsealed cement board is clean, completely dry, flat, and showing a clear grain or fiber direction. No water, falling droplet, or wet footprint is visible during these first two seconds. Then exactly one large clear water droplet enters from the top of the frame, falls visibly downward, and contacts slightly right of center. Only after contact, an elongated wet mark gradually spreads along the visible grain or fibers. The camera, lighting, background, receiver geometry, and all other objects remain unchanged."
wdp0569,absorbent_surface,absorption,absorbent_surface_29,unsealed cement board,3,"clean, completely dry, flat, and firmly supported so it cannot move",near one visible edge,an asymmetric wet patch appears and slowly spreads inward from the contact point,one_seed_only,"A realistic fixed-camera macro video in one continuous shot. During the first two seconds, unsealed cement board is clean, completely dry, flat, and firmly supported so it cannot move. No water, falling droplet, or wet footprint is visible during these first two seconds. Then exactly one large clear water droplet enters from the top of the frame, falls visibly downward, and contacts near one visible edge. Only after contact, an asymmetric wet patch appears and slowly spreads inward from the contact point. The camera, lighting, background, receiver geometry, and all other objects remain unchanged."
wdp0570,absorbent_surface,absorption,absorbent_surface_30,porous sandstone slab,0,"clean, completely dry, flat, and motionless",the center,the water is absorbed and a small dark wet patch gradually expands,one_seed_only,"A realistic fixed-camera macro video in one continuous shot. During the first two seconds, porous sandstone slab is clean, completely dry, flat, and motionless. No water, falling droplet, or wet footprint is visible during these first two seconds. Then exactly one large clear water droplet enters from the top of the frame, falls visibly downward, and contacts the center. Only after contact, the water is absorbed and a small dark wet patch gradually expands. The camera, lighting, background, receiver geometry, and all other objects remain unchanged."
wdp0571,absorbent_surface,absorption,absorbent_surface_30,porous sandstone slab,1,"clean, completely dry, flat, and supported on a rigid surface",slightly left of center,the water soaks in and leaves a compact dark damp spot with little outward spread,one_seed_only,"A realistic fixed-camera macro video in one continuous shot. During the first two seconds, porous sandstone slab is clean, completely dry, flat, and supported on a rigid surface. No water, falling droplet, or wet footprint is visible during these first two seconds. Then exactly one large clear water droplet enters from the top of the frame, falls visibly downward, and contacts slightly left of center. Only after contact, the water soaks in and leaves a compact dark damp spot with little outward spread. The camera, lighting, background, receiver geometry, and all other objects remain unchanged."
wdp0572,absorbent_surface,absorption,absorbent_surface_30,porous sandstone slab,2,"clean, completely dry, flat, and showing a clear grain or fiber direction",slightly right of center,an elongated wet mark gradually spreads along the visible grain or fibers,one_seed_only,"A realistic fixed-camera macro video in one continuous shot. During the first two seconds, porous sandstone slab is clean, completely dry, flat, and showing a clear grain or fiber direction. No water, falling droplet, or wet footprint is visible during these first two seconds. Then exactly one large clear water droplet enters from the top of the frame, falls visibly downward, and contacts slightly right of center. Only after contact, an elongated wet mark gradually spreads along the visible grain or fibers. The camera, lighting, background, receiver geometry, and all other objects remain unchanged."
wdp0573,absorbent_surface,absorption,absorbent_surface_30,porous sandstone slab,3,"clean, completely dry, flat, and firmly supported so it cannot move",near one visible edge,an asymmetric wet patch appears and slowly spreads inward from the contact point,one_seed_only,"A realistic fixed-camera macro video in one continuous shot. During the first two seconds, porous sandstone slab is clean, completely dry, flat, and firmly supported so it cannot move. No water, falling droplet, or wet footprint is visible during these first two seconds. Then exactly one large clear water droplet enters from the top of the frame, falls visibly downward, and contacts near one visible edge. Only after contact, an asymmetric wet patch appears and slowly spreads inward from the contact point. The camera, lighting, background, receiver geometry, and all other objects remain unchanged."
wdp0574,absorbent_surface,absorption,absorbent_surface_31,unsealed limestone slab,0,"clean, completely dry, flat, and motionless",the center,the water is absorbed and a small dark wet patch gradually expands,one_seed_only,"A realistic fixed-camera macro video in one continuous shot. During the first two seconds, unsealed limestone slab is clean, completely dry, flat, and motionless. No water, falling droplet, or wet footprint is visible during these first two seconds. Then exactly one large clear water droplet enters from the top of the frame, falls visibly downward, and contacts the center. Only after contact, the water is absorbed and a small dark wet patch gradually expands. The camera, lighting, background, receiver geometry, and all other objects remain unchanged."
wdp0575,absorbent_surface,absorption,absorbent_surface_31,unsealed limestone slab,1,"clean, completely dry, flat, and supported on a rigid surface",slightly left of center,the water soaks in and leaves a compact dark damp spot with little outward spread,one_seed_only,"A realistic fixed-camera macro video in one continuous shot. During the first two seconds, unsealed limestone slab is clean, completely dry, flat, and supported on a rigid surface. No water, falling droplet, or wet footprint is visible during these first two seconds. Then exactly one large clear water droplet enters from the top of the frame, falls visibly downward, and contacts slightly left of center. Only after contact, the water soaks in and leaves a compact dark damp spot with little outward spread. The camera, lighting, background, receiver geometry, and all other objects remain unchanged."
wdp0576,absorbent_surface,absorption,absorbent_surface_31,unsealed limestone slab,2,"clean, completely dry, flat, and showing a clear grain or fiber direction",slightly right of center,an elongated wet mark gradually spreads along the visible grain or fibers,one_seed_only,"A realistic fixed-camera macro video in one continuous shot. During the first two seconds, unsealed limestone slab is clean, completely dry, flat, and showing a clear grain or fiber direction. No water, falling droplet, or wet footprint is visible during these first two seconds. Then exactly one large clear water droplet enters from the top of the frame, falls visibly downward, and contacts slightly right of center. Only after contact, an elongated wet mark gradually spreads along the visible grain or fibers. The camera, lighting, background, receiver geometry, and all other objects remain unchanged."
wdp0577,absorbent_surface,absorption,absorbent_surface_31,unsealed limestone slab,3,"clean, completely dry, flat, and firmly supported so it cannot move",near one visible edge,an asymmetric wet patch appears and slowly spreads inward from the contact point,one_seed_only,"A realistic fixed-camera macro video in one continuous shot. During the first two seconds, unsealed limestone slab is clean, completely dry, flat, and firmly supported so it cannot move. No water, falling droplet, or wet footprint is visible during these first two seconds. Then exactly one large clear water droplet enters from the top of the frame, falls visibly downward, and contacts near one visible edge. Only after contact, an asymmetric wet patch appears and slowly spreads inward from the contact point. The camera, lighting, background, receiver geometry, and all other objects remain unchanged."
wdp0578,absorbent_surface,absorption,absorbent_surface_32,dry red brick,0,"clean, completely dry, flat, and motionless",the center,the water is absorbed and a small dark wet patch gradually expands,one_seed_only,"A realistic fixed-camera macro video in one continuous shot. During the first two seconds, dry red brick is clean, completely dry, flat, and motionless. No water, falling droplet, or wet footprint is visible during these first two seconds. Then exactly one large clear water droplet enters from the top of the frame, falls visibly downward, and contacts the center. Only after contact, the water is absorbed and a small dark wet patch gradually expands. The camera, lighting, background, receiver geometry, and all other objects remain unchanged."
wdp0579,absorbent_surface,absorption,absorbent_surface_32,dry red brick,1,"clean, completely dry, flat, and supported on a rigid surface",slightly left of center,the water soaks in and leaves a compact dark damp spot with little outward spread,one_seed_only,"A realistic fixed-camera macro video in one continuous shot. During the first two seconds, dry red brick is clean, completely dry, flat, and supported on a rigid surface. No water, falling droplet, or wet footprint is visible during these first two seconds. Then exactly one large clear water droplet enters from the top of the frame, falls visibly downward, and contacts slightly left of center. Only after contact, the water soaks in and leaves a compact dark damp spot with little outward spread. The camera, lighting, background, receiver geometry, and all other objects remain unchanged."
wdp0580,absorbent_surface,absorption,absorbent_surface_32,dry red brick,2,"clean, completely dry, flat, and showing a clear grain or fiber direction",slightly right of center,an elongated wet mark gradually spreads along the visible grain or fibers,one_seed_only,"A realistic fixed-camera macro video in one continuous shot. During the first two seconds, dry red brick is clean, completely dry, flat, and showing a clear grain or fiber direction. No water, falling droplet, or wet footprint is visible during these first two seconds. Then exactly one large clear water droplet enters from the top of the frame, falls visibly downward, and contacts slightly right of center. Only after contact, an elongated wet mark gradually spreads along the visible grain or fibers. The camera, lighting, background, receiver geometry, and all other objects remain unchanged."
wdp0581,absorbent_surface,absorption,absorbent_surface_32,dry red brick,3,"clean, completely dry, flat, and firmly supported so it cannot move",near one visible edge,an asymmetric wet patch appears and slowly spreads inward from the contact point,one_seed_only,"A realistic fixed-camera macro video in one continuous shot. During the first two seconds, dry red brick is clean, completely dry, flat, and firmly supported so it cannot move. No water, falling droplet, or wet footprint is visible during these first two seconds. Then exactly one large clear water droplet enters from the top of the frame, falls visibly downward, and contacts near one visible edge. Only after contact, an asymmetric wet patch appears and slowly spreads inward from the contact point. The camera, lighting, background, receiver geometry, and all other objects remain unchanged."
wdp0582,absorbent_surface,absorption,absorbent_surface_33,dry mortar sample,0,"clean, completely dry, flat, and motionless",the center,the water is absorbed and a small dark wet patch gradually expands,one_seed_only,"A realistic fixed-camera macro video in one continuous shot. During the first two seconds, dry mortar sample is clean, completely dry, flat, and motionless. No water, falling droplet, or wet footprint is visible during these first two seconds. Then exactly one large clear water droplet enters from the top of the frame, falls visibly downward, and contacts the center. Only after contact, the water is absorbed and a small dark wet patch gradually expands. The camera, lighting, background, receiver geometry, and all other objects remain unchanged."
wdp0583,absorbent_surface,absorption,absorbent_surface_33,dry mortar sample,1,"clean, completely dry, flat, and supported on a rigid surface",slightly left of center,the water soaks in and leaves a compact dark damp spot with little outward spread,one_seed_only,"A realistic fixed-camera macro video in one continuous shot. During the first two seconds, dry mortar sample is clean, completely dry, flat, and supported on a rigid surface. No water, falling droplet, or wet footprint is visible during these first two seconds. Then exactly one large clear water droplet enters from the top of the frame, falls visibly downward, and contacts slightly left of center. Only after contact, the water soaks in and leaves a compact dark damp spot with little outward spread. The camera, lighting, background, receiver geometry, and all other objects remain unchanged."
wdp0584,absorbent_surface,absorption,absorbent_surface_33,dry mortar sample,2,"clean, completely dry, flat, and showing a clear grain or fiber direction",slightly right of center,an elongated wet mark gradually spreads along the visible grain or fibers,one_seed_only,"A realistic fixed-camera macro video in one continuous shot. During the first two seconds, dry mortar sample is clean, completely dry, flat, and showing a clear grain or fiber direction. No water, falling droplet, or wet footprint is visible during these first two seconds. Then exactly one large clear water droplet enters from the top of the frame, falls visibly downward, and contacts slightly right of center. Only after contact, an elongated wet mark gradually spreads along the visible grain or fibers. The camera, lighting, background, receiver geometry, and all other objects remain unchanged."
wdp0585,absorbent_surface,absorption,absorbent_surface_33,dry mortar sample,3,"clean, completely dry, flat, and firmly supported so it cannot move",near one visible edge,an asymmetric wet patch appears and slowly spreads inward from the contact point,one_seed_only,"A realistic fixed-camera macro video in one continuous shot. During the first two seconds, dry mortar sample is clean, completely dry, flat, and firmly supported so it cannot move. No water, falling droplet, or wet footprint is visible during these first two seconds. Then exactly one large clear water droplet enters from the top of the frame, falls visibly downward, and contacts near one visible edge. Only after contact, an asymmetric wet patch appears and slowly spreads inward from the contact point. The camera, lighting, background, receiver geometry, and all other objects remain unchanged."
wdp0586,absorbent_surface,absorption,absorbent_surface_34,unfinished bamboo board,0,"clean, completely dry, flat, and motionless",the center,the water is absorbed and a small dark wet patch gradually expands,one_seed_only,"A realistic fixed-camera macro video in one continuous shot. During the first two seconds, unfinished bamboo board is clean, completely dry, flat, and motionless. No water, falling droplet, or wet footprint is visible during these first two seconds. Then exactly one large clear water droplet enters from the top of the frame, falls visibly downward, and contacts the center. Only after contact, the water is absorbed and a small dark wet patch gradually expands. The camera, lighting, background, receiver geometry, and all other objects remain unchanged."
wdp0587,absorbent_surface,absorption,absorbent_surface_34,unfinished bamboo board,1,"clean, completely dry, flat, and supported on a rigid surface",slightly left of center,the water soaks in and leaves a compact dark damp spot with little outward spread,one_seed_only,"A realistic fixed-camera macro video in one continuous shot. During the first two seconds, unfinished bamboo board is clean, completely dry, flat, and supported on a rigid surface. No water, falling droplet, or wet footprint is visible during these first two seconds. Then exactly one large clear water droplet enters from the top of the frame, falls visibly downward, and contacts slightly left of center. Only after contact, the water soaks in and leaves a compact dark damp spot with little outward spread. The camera, lighting, background, receiver geometry, and all other objects remain unchanged."
wdp0588,absorbent_surface,absorption,absorbent_surface_34,unfinished bamboo board,2,"clean, completely dry, flat, and showing a clear grain or fiber direction",slightly right of center,an elongated wet mark gradually spreads along the visible grain or fibers,one_seed_only,"A realistic fixed-camera macro video in one continuous shot. During the first two seconds, unfinished bamboo board is clean, completely dry, flat, and showing a clear grain or fiber direction. No water, falling droplet, or wet footprint is visible during these first two seconds. Then exactly one large clear water droplet enters from the top of the frame, falls visibly downward, and contacts slightly right of center. Only after contact, an elongated wet mark gradually spreads along the visible grain or fibers. The camera, lighting, background, receiver geometry, and all other objects remain unchanged."
wdp0589,absorbent_surface,absorption,absorbent_surface_34,unfinished bamboo board,3,"clean, completely dry, flat, and firmly supported so it cannot move",near one visible edge,an asymmetric wet patch appears and slowly spreads inward from the contact point,one_seed_only,"A realistic fixed-camera macro video in one continuous shot. During the first two seconds, unfinished bamboo board is clean, completely dry, flat, and firmly supported so it cannot move. No water, falling droplet, or wet footprint is visible during these first two seconds. Then exactly one large clear water droplet enters from the top of the frame, falls visibly downward, and contacts near one visible edge. Only after contact, an asymmetric wet patch appears and slowly spreads inward from the contact point. The camera, lighting, background, receiver geometry, and all other objects remain unchanged."
wdp0590,absorbent_surface,absorption,absorbent_surface_35,unfinished oak board,0,"clean, completely dry, flat, and motionless",the center,the water is absorbed and a small dark wet patch gradually expands,one_seed_only,"A realistic fixed-camera macro video in one continuous shot. During the first two seconds, unfinished oak board is clean, completely dry, flat, and motionless. No water, falling droplet, or wet footprint is visible during these first two seconds. Then exactly one large clear water droplet enters from the top of the frame, falls visibly downward, and contacts the center. Only after contact, the water is absorbed and a small dark wet patch gradually expands. The camera, lighting, background, receiver geometry, and all other objects remain unchanged."
wdp0591,absorbent_surface,absorption,absorbent_surface_35,unfinished oak board,1,"clean, completely dry, flat, and supported on a rigid surface",slightly left of center,the water soaks in and leaves a compact dark damp spot with little outward spread,one_seed_only,"A realistic fixed-camera macro video in one continuous shot. During the first two seconds, unfinished oak board is clean, completely dry, flat, and supported on a rigid surface. No water, falling droplet, or wet footprint is visible during these first two seconds. Then exactly one large clear water droplet enters from the top of the frame, falls visibly downward, and contacts slightly left of center. Only after contact, the water soaks in and leaves a compact dark damp spot with little outward spread. The camera, lighting, background, receiver geometry, and all other objects remain unchanged."
wdp0592,absorbent_surface,absorption,absorbent_surface_35,unfinished oak board,2,"clean, completely dry, flat, and showing a clear grain or fiber direction",slightly right of center,an elongated wet mark gradually spreads along the visible grain or fibers,one_seed_only,"A realistic fixed-camera macro video in one continuous shot. During the first two seconds, unfinished oak board is clean, completely dry, flat, and showing a clear grain or fiber direction. No water, falling droplet, or wet footprint is visible during these first two seconds. Then exactly one large clear water droplet enters from the top of the frame, falls visibly downward, and contacts slightly right of center. Only after contact, an elongated wet mark gradually spreads along the visible grain or fibers. The camera, lighting, background, receiver geometry, and all other objects remain unchanged."
wdp0593,absorbent_surface,absorption,absorbent_surface_35,unfinished oak board,3,"clean, completely dry, flat, and firmly supported so it cannot move",near one visible edge,an asymmetric wet patch appears and slowly spreads inward from the contact point,one_seed_only,"A realistic fixed-camera macro video in one continuous shot. During the first two seconds, unfinished oak board is clean, completely dry, flat, and firmly supported so it cannot move. No water, falling droplet, or wet footprint is visible during these first two seconds. Then exactly one large clear water droplet enters from the top of the frame, falls visibly downward, and contacts near one visible edge. Only after contact, an asymmetric wet patch appears and slowly spreads inward from the contact point. The camera, lighting, background, receiver geometry, and all other objects remain unchanged."
wdp0594,absorbent_surface,absorption,absorbent_surface_36,unfinished maple board,0,"clean, completely dry, flat, and motionless",the center,the water is absorbed and a small dark wet patch gradually expands,one_seed_only,"A realistic fixed-camera macro video in one continuous shot. During the first two seconds, unfinished maple board is clean, completely dry, flat, and motionless. No water, falling droplet, or wet footprint is visible during these first two seconds. Then exactly one large clear water droplet enters from the top of the frame, falls visibly downward, and contacts the center. Only after contact, the water is absorbed and a small dark wet patch gradually expands. The camera, lighting, background, receiver geometry, and all other objects remain unchanged."
wdp0595,absorbent_surface,absorption,absorbent_surface_36,unfinished maple board,1,"clean, completely dry, flat, and supported on a rigid surface",slightly left of center,the water soaks in and leaves a compact dark damp spot with little outward spread,one_seed_only,"A realistic fixed-camera macro video in one continuous shot. During the first two seconds, unfinished maple board is clean, completely dry, flat, and supported on a rigid surface. No water, falling droplet, or wet footprint is visible during these first two seconds. Then exactly one large clear water droplet enters from the top of the frame, falls visibly downward, and contacts slightly left of center. Only after contact, the water soaks in and leaves a compact dark damp spot with little outward spread. The camera, lighting, background, receiver geometry, and all other objects remain unchanged."
wdp0596,absorbent_surface,absorption,absorbent_surface_36,unfinished maple board,2,"clean, completely dry, flat, and showing a clear grain or fiber direction",slightly right of center,an elongated wet mark gradually spreads along the visible grain or fibers,one_seed_only,"A realistic fixed-camera macro video in one continuous shot. During the first two seconds, unfinished maple board is clean, completely dry, flat, and showing a clear grain or fiber direction. No water, falling droplet, or wet footprint is visible during these first two seconds. Then exactly one large clear water droplet enters from the top of the frame, falls visibly downward, and contacts slightly right of center. Only after contact, an elongated wet mark gradually spreads along the visible grain or fibers. The camera, lighting, background, receiver geometry, and all other objects remain unchanged."
wdp0597,absorbent_surface,absorption,absorbent_surface_36,unfinished maple board,3,"clean, completely dry, flat, and firmly supported so it cannot move",near one visible edge,an asymmetric wet patch appears and slowly spreads inward from the contact point,one_seed_only,"A realistic fixed-camera macro video in one continuous shot. During the first two seconds, unfinished maple board is clean, completely dry, flat, and firmly supported so it cannot move. No water, falling droplet, or wet footprint is visible during these first two seconds. Then exactly one large clear water droplet enters from the top of the frame, falls visibly downward, and contacts near one visible edge. Only after contact, an asymmetric wet patch appears and slowly spreads inward from the contact point. The camera, lighting, background, receiver geometry, and all other objects remain unchanged."
wdp0598,absorbent_surface,absorption,absorbent_surface_37,unfinished birch board,0,"clean, completely dry, flat, and motionless",the center,the water is absorbed and a small dark wet patch gradually expands,one_seed_only,"A realistic fixed-camera macro video in one continuous shot. During the first two seconds, unfinished birch board is clean, completely dry, flat, and motionless. No water, falling droplet, or wet footprint is visible during these first two seconds. Then exactly one large clear water droplet enters from the top of the frame, falls visibly downward, and contacts the center. Only after contact, the water is absorbed and a small dark wet patch gradually expands. The camera, lighting, background, receiver geometry, and all other objects remain unchanged."
wdp0599,absorbent_surface,absorption,absorbent_surface_37,unfinished birch board,1,"clean, completely dry, flat, and supported on a rigid surface",slightly left of center,the water soaks in and leaves a compact dark damp spot with little outward spread,one_seed_only,"A realistic fixed-camera macro video in one continuous shot. During the first two seconds, unfinished birch board is clean, completely dry, flat, and supported on a rigid surface. No water, falling droplet, or wet footprint is visible during these first two seconds. Then exactly one large clear water droplet enters from the top of the frame, falls visibly downward, and contacts slightly left of center. Only after contact, the water soaks in and leaves a compact dark damp spot with little outward spread. The camera, lighting, background, receiver geometry, and all other objects remain unchanged."
wdp0600,absorbent_surface,absorption,absorbent_surface_37,unfinished birch board,2,"clean, completely dry, flat, and showing a clear grain or fiber direction",slightly right of center,an elongated wet mark gradually spreads along the visible grain or fibers,one_seed_only,"A realistic fixed-camera macro video in one continuous shot. During the first two seconds, unfinished birch board is clean, completely dry, flat, and showing a clear grain or fiber direction. No water, falling droplet, or wet footprint is visible during these first two seconds. Then exactly one large clear water droplet enters from the top of the frame, falls visibly downward, and contacts slightly right of center. Only after contact, an elongated wet mark gradually spreads along the visible grain or fibers. The camera, lighting, background, receiver geometry, and all other objects remain unchanged."
wdp0601,absorbent_surface,absorption,absorbent_surface_37,unfinished birch board,3,"clean, completely dry, flat, and firmly supported so it cannot move",near one visible edge,an asymmetric wet patch appears and slowly spreads inward from the contact point,one_seed_only,"A realistic fixed-camera macro video in one continuous shot. During the first two seconds, unfinished birch board is clean, completely dry, flat, and firmly supported so it cannot move. No water, falling droplet, or wet footprint is visible during these first two seconds. Then exactly one large clear water droplet enters from the top of the frame, falls visibly downward, and contacts near one visible edge. Only after contact, an asymmetric wet patch appears and slowly spreads inward from the contact point. The camera, lighting, background, receiver geometry, and all other objects remain unchanged."
wdp0602,absorbent_surface,absorption,absorbent_surface_38,unfinished cedar board,0,"clean, completely dry, flat, and motionless",the center,the water is absorbed and a small dark wet patch gradually expands,one_seed_only,"A realistic fixed-camera macro video in one continuous shot. During the first two seconds, unfinished cedar board is clean, completely dry, flat, and motionless. No water, falling droplet, or wet footprint is visible during these first two seconds. Then exactly one large clear water droplet enters from the top of the frame, falls visibly downward, and contacts the center. Only after contact, the water is absorbed and a small dark wet patch gradually expands. The camera, lighting, background, receiver geometry, and all other objects remain unchanged."
wdp0603,absorbent_surface,absorption,absorbent_surface_38,unfinished cedar board,1,"clean, completely dry, flat, and supported on a rigid surface",slightly left of center,the water soaks in and leaves a compact dark damp spot with little outward spread,one_seed_only,"A realistic fixed-camera macro video in one continuous shot. During the first two seconds, unfinished cedar board is clean, completely dry, flat, and supported on a rigid surface. No water, falling droplet, or wet footprint is visible during these first two seconds. Then exactly one large clear water droplet enters from the top of the frame, falls visibly downward, and contacts slightly left of center. Only after contact, the water soaks in and leaves a compact dark damp spot with little outward spread. The camera, lighting, background, receiver geometry, and all other objects remain unchanged."
wdp0604,absorbent_surface,absorption,absorbent_surface_38,unfinished cedar board,2,"clean, completely dry, flat, and showing a clear grain or fiber direction",slightly right of center,an elongated wet mark gradually spreads along the visible grain or fibers,one_seed_only,"A realistic fixed-camera macro video in one continuous shot. During the first two seconds, unfinished cedar board is clean, completely dry, flat, and showing a clear grain or fiber direction. No water, falling droplet, or wet footprint is visible during these first two seconds. Then exactly one large clear water droplet enters from the top of the frame, falls visibly downward, and contacts slightly right of center. Only after contact, an elongated wet mark gradually spreads along the visible grain or fibers. The camera, lighting, background, receiver geometry, and all other objects remain unchanged."
wdp0605,absorbent_surface,absorption,absorbent_surface_38,unfinished cedar board,3,"clean, completely dry, flat, and firmly supported so it cannot move",near one visible edge,an asymmetric wet patch appears and slowly spreads inward from the contact point,one_seed_only,"A realistic fixed-camera macro video in one continuous shot. During the first two seconds, unfinished cedar board is clean, completely dry, flat, and firmly supported so it cannot move. No water, falling droplet, or wet footprint is visible during these first two seconds. Then exactly one large clear water droplet enters from the top of the frame, falls visibly downward, and contacts near one visible edge. Only after contact, an asymmetric wet patch appears and slowly spreads inward from the contact point. The camera, lighting, background, receiver geometry, and all other objects remain unchanged."
wdp0606,absorbent_surface,absorption,absorbent_surface_39,unfinished beech board,0,"clean, completely dry, flat, and motionless",the center,the water is absorbed and a small dark wet patch gradually expands,one_seed_only,"A realistic fixed-camera macro video in one continuous shot. During the first two seconds, unfinished beech board is clean, completely dry, flat, and motionless. No water, falling droplet, or wet footprint is visible during these first two seconds. Then exactly one large clear water droplet enters from the top of the frame, falls visibly downward, and contacts the center. Only after contact, the water is absorbed and a small dark wet patch gradually expands. The camera, lighting, background, receiver geometry, and all other objects remain unchanged."
wdp0607,absorbent_surface,absorption,absorbent_surface_39,unfinished beech board,1,"clean, completely dry, flat, and supported on a rigid surface",slightly left of center,the water soaks in and leaves a compact dark damp spot with little outward spread,one_seed_only,"A realistic fixed-camera macro video in one continuous shot. During the first two seconds, unfinished beech board is clean, completely dry, flat, and supported on a rigid surface. No water, falling droplet, or wet footprint is visible during these first two seconds. Then exactly one large clear water droplet enters from the top of the frame, falls visibly downward, and contacts slightly left of center. Only after contact, the water soaks in and leaves a compact dark damp spot with little outward spread. The camera, lighting, background, receiver geometry, and all other objects remain unchanged."
wdp0608,absorbent_surface,absorption,absorbent_surface_39,unfinished beech board,2,"clean, completely dry, flat, and showing a clear grain or fiber direction",slightly right of center,an elongated wet mark gradually spreads along the visible grain or fibers,one_seed_only,"A realistic fixed-camera macro video in one continuous shot. During the first two seconds, unfinished beech board is clean, completely dry, flat, and showing a clear grain or fiber direction. No water, falling droplet, or wet footprint is visible during these first two seconds. Then exactly one large clear water droplet enters from the top of the frame, falls visibly downward, and contacts slightly right of center. Only after contact, an elongated wet mark gradually spreads along the visible grain or fibers. The camera, lighting, background, receiver geometry, and all other objects remain unchanged."
wdp0609,absorbent_surface,absorption,absorbent_surface_39,unfinished beech board,3,"clean, completely dry, flat, and firmly supported so it cannot move",near one visible edge,an asymmetric wet patch appears and slowly spreads inward from the contact point,one_seed_only,"A realistic fixed-camera macro video in one continuous shot. During the first two seconds, unfinished beech board is clean, completely dry, flat, and firmly supported so it cannot move. No water, falling droplet, or wet footprint is visible during these first two seconds. Then exactly one large clear water droplet enters from the top of the frame, falls visibly downward, and contacts near one visible edge. Only after contact, an asymmetric wet patch appears and slowly spreads inward from the contact point. The camera, lighting, background, receiver geometry, and all other objects remain unchanged."
wdp0610,absorbent_surface,absorption,absorbent_surface_40,unfinished poplar board,0,"clean, completely dry, flat, and motionless",the center,the water is absorbed and a small dark wet patch gradually expands,one_seed_only,"A realistic fixed-camera macro video in one continuous shot. During the first two seconds, unfinished poplar board is clean, completely dry, flat, and motionless. No water, falling droplet, or wet footprint is visible during these first two seconds. Then exactly one large clear water droplet enters from the top of the frame, falls visibly downward, and contacts the center. Only after contact, the water is absorbed and a small dark wet patch gradually expands. The camera, lighting, background, receiver geometry, and all other objects remain unchanged."
wdp0611,absorbent_surface,absorption,absorbent_surface_40,unfinished poplar board,1,"clean, completely dry, flat, and supported on a rigid surface",slightly left of center,the water soaks in and leaves a compact dark damp spot with little outward spread,one_seed_only,"A realistic fixed-camera macro video in one continuous shot. During the first two seconds, unfinished poplar board is clean, completely dry, flat, and supported on a rigid surface. No water, falling droplet, or wet footprint is visible during these first two seconds. Then exactly one large clear water droplet enters from the top of the frame, falls visibly downward, and contacts slightly left of center. Only after contact, the water soaks in and leaves a compact dark damp spot with little outward spread. The camera, lighting, background, receiver geometry, and all other objects remain unchanged."
wdp0612,absorbent_surface,absorption,absorbent_surface_40,unfinished poplar board,2,"clean, completely dry, flat, and showing a clear grain or fiber direction",slightly right of center,an elongated wet mark gradually spreads along the visible grain or fibers,one_seed_only,"A realistic fixed-camera macro video in one continuous shot. During the first two seconds, unfinished poplar board is clean, completely dry, flat, and showing a clear grain or fiber direction. No water, falling droplet, or wet footprint is visible during these first two seconds. Then exactly one large clear water droplet enters from the top of the frame, falls visibly downward, and contacts slightly right of center. Only after contact, an elongated wet mark gradually spreads along the visible grain or fibers. The camera, lighting, background, receiver geometry, and all other objects remain unchanged."
wdp0613,absorbent_surface,absorption,absorbent_surface_40,unfinished poplar board,3,"clean, completely dry, flat, and firmly supported so it cannot move",near one visible edge,an asymmetric wet patch appears and slowly spreads inward from the contact point,one_seed_only,"A realistic fixed-camera macro video in one continuous shot. During the first two seconds, unfinished poplar board is clean, completely dry, flat, and firmly supported so it cannot move. No water, falling droplet, or wet footprint is visible during these first two seconds. Then exactly one large clear water droplet enters from the top of the frame, falls visibly downward, and contacts near one visible edge. Only after contact, an asymmetric wet patch appears and slowly spreads inward from the contact point. The camera, lighting, background, receiver geometry, and all other objects remain unchanged."
wdp0614,absorbent_surface,absorption,absorbent_surface_41,unfinished walnut board,0,"clean, completely dry, flat, and motionless",the center,the water is absorbed and a small dark wet patch gradually expands,one_seed_only,"A realistic fixed-camera macro video in one continuous shot. During the first two seconds, unfinished walnut board is clean, completely dry, flat, and motionless. No water, falling droplet, or wet footprint is visible during these first two seconds. Then exactly one large clear water droplet enters from the top of the frame, falls visibly downward, and contacts the center. Only after contact, the water is absorbed and a small dark wet patch gradually expands. The camera, lighting, background, receiver geometry, and all other objects remain unchanged."
wdp0615,absorbent_surface,absorption,absorbent_surface_41,unfinished walnut board,1,"clean, completely dry, flat, and supported on a rigid surface",slightly left of center,the water soaks in and leaves a compact dark damp spot with little outward spread,one_seed_only,"A realistic fixed-camera macro video in one continuous shot. During the first two seconds, unfinished walnut board is clean, completely dry, flat, and supported on a rigid surface. No water, falling droplet, or wet footprint is visible during these first two seconds. Then exactly one large clear water droplet enters from the top of the frame, falls visibly downward, and contacts slightly left of center. Only after contact, the water soaks in and leaves a compact dark damp spot with little outward spread. The camera, lighting, background, receiver geometry, and all other objects remain unchanged."
wdp0616,absorbent_surface,absorption,absorbent_surface_41,unfinished walnut board,2,"clean, completely dry, flat, and showing a clear grain or fiber direction",slightly right of center,an elongated wet mark gradually spreads along the visible grain or fibers,one_seed_only,"A realistic fixed-camera macro video in one continuous shot. During the first two seconds, unfinished walnut board is clean, completely dry, flat, and showing a clear grain or fiber direction. No water, falling droplet, or wet footprint is visible during these first two seconds. Then exactly one large clear water droplet enters from the top of the frame, falls visibly downward, and contacts slightly right of center. Only after contact, an elongated wet mark gradually spreads along the visible grain or fibers. The camera, lighting, background, receiver geometry, and all other objects remain unchanged."
wdp0617,absorbent_surface,absorption,absorbent_surface_41,unfinished walnut board,3,"clean, completely dry, flat, and firmly supported so it cannot move",near one visible edge,an asymmetric wet patch appears and slowly spreads inward from the contact point,one_seed_only,"A realistic fixed-camera macro video in one continuous shot. During the first two seconds, unfinished walnut board is clean, completely dry, flat, and firmly supported so it cannot move. No water, falling droplet, or wet footprint is visible during these first two seconds. Then exactly one large clear water droplet enters from the top of the frame, falls visibly downward, and contacts near one visible edge. Only after contact, an asymmetric wet patch appears and slowly spreads inward from the contact point. The camera, lighting, background, receiver geometry, and all other objects remain unchanged."
wdp0618,absorbent_surface,absorption,absorbent_surface_42,unfinished ash board,0,"clean, completely dry, flat, and motionless",the center,the water is absorbed and a small dark wet patch gradually expands,one_seed_only,"A realistic fixed-camera macro video in one continuous shot. During the first two seconds, unfinished ash board is clean, completely dry, flat, and motionless. No water, falling droplet, or wet footprint is visible during these first two seconds. Then exactly one large clear water droplet enters from the top of the frame, falls visibly downward, and contacts the center. Only after contact, the water is absorbed and a small dark wet patch gradually expands. The camera, lighting, background, receiver geometry, and all other objects remain unchanged."
wdp0619,absorbent_surface,absorption,absorbent_surface_42,unfinished ash board,1,"clean, completely dry, flat, and supported on a rigid surface",slightly left of center,the water soaks in and leaves a compact dark damp spot with little outward spread,one_seed_only,"A realistic fixed-camera macro video in one continuous shot. During the first two seconds, unfinished ash board is clean, completely dry, flat, and supported on a rigid surface. No water, falling droplet, or wet footprint is visible during these first two seconds. Then exactly one large clear water droplet enters from the top of the frame, falls visibly downward, and contacts slightly left of center. Only after contact, the water soaks in and leaves a compact dark damp spot with little outward spread. The camera, lighting, background, receiver geometry, and all other objects remain unchanged."
wdp0620,absorbent_surface,absorption,absorbent_surface_42,unfinished ash board,2,"clean, completely dry, flat, and showing a clear grain or fiber direction",slightly right of center,an elongated wet mark gradually spreads along the visible grain or fibers,one_seed_only,"A realistic fixed-camera macro video in one continuous shot. During the first two seconds, unfinished ash board is clean, completely dry, flat, and showing a clear grain or fiber direction. No water, falling droplet, or wet footprint is visible during these first two seconds. Then exactly one large clear water droplet enters from the top of the frame, falls visibly downward, and contacts slightly right of center. Only after contact, an elongated wet mark gradually spreads along the visible grain or fibers. The camera, lighting, background, receiver geometry, and all other objects remain unchanged."
wdp0621,absorbent_surface,absorption,absorbent_surface_42,unfinished ash board,3,"clean, completely dry, flat, and firmly supported so it cannot move",near one visible edge,an asymmetric wet patch appears and slowly spreads inward from the contact point,one_seed_only,"A realistic fixed-camera macro video in one continuous shot. During the first two seconds, unfinished ash board is clean, completely dry, flat, and firmly supported so it cannot move. No water, falling droplet, or wet footprint is visible during these first two seconds. Then exactly one large clear water droplet enters from the top of the frame, falls visibly downward, and contacts near one visible edge. Only after contact, an asymmetric wet patch appears and slowly spreads inward from the contact point. The camera, lighting, background, receiver geometry, and all other objects remain unchanged."
wdp0622,absorbent_surface,absorption,absorbent_surface_43,untreated suede fixed flat,0,"clean, completely dry, flat, and motionless",the center,the water is absorbed and a small dark wet patch gradually expands,one_seed_only,"A realistic fixed-camera macro video in one continuous shot. During the first two seconds, untreated suede fixed flat is clean, completely dry, flat, and motionless. No water, falling droplet, or wet footprint is visible during these first two seconds. Then exactly one large clear water droplet enters from the top of the frame, falls visibly downward, and contacts the center. Only after contact, the water is absorbed and a small dark wet patch gradually expands. The camera, lighting, background, receiver geometry, and all other objects remain unchanged."
wdp0623,absorbent_surface,absorption,absorbent_surface_43,untreated suede fixed flat,1,"clean, completely dry, flat, and supported on a rigid surface",slightly left of center,the water soaks in and leaves a compact dark damp spot with little outward spread,one_seed_only,"A realistic fixed-camera macro video in one continuous shot. During the first two seconds, untreated suede fixed flat is clean, completely dry, flat, and supported on a rigid surface. No water, falling droplet, or wet footprint is visible during these first two seconds. Then exactly one large clear water droplet enters from the top of the frame, falls visibly downward, and contacts slightly left of center. Only after contact, the water soaks in and leaves a compact dark damp spot with little outward spread. The camera, lighting, background, receiver geometry, and all other objects remain unchanged."
wdp0624,absorbent_surface,absorption,absorbent_surface_43,untreated suede fixed flat,2,"clean, completely dry, flat, and showing a clear grain or fiber direction",slightly right of center,an elongated wet mark gradually spreads along the visible grain or fibers,one_seed_only,"A realistic fixed-camera macro video in one continuous shot. During the first two seconds, untreated suede fixed flat is clean, completely dry, flat, and showing a clear grain or fiber direction. No water, falling droplet, or wet footprint is visible during these first two seconds. Then exactly one large clear water droplet enters from the top of the frame, falls visibly downward, and contacts slightly right of center. Only after contact, an elongated wet mark gradually spreads along the visible grain or fibers. The camera, lighting, background, receiver geometry, and all other objects remain unchanged."
wdp0625,absorbent_surface,absorption,absorbent_surface_43,untreated suede fixed flat,3,"clean, completely dry, flat, and firmly supported so it cannot move",near one visible edge,an asymmetric wet patch appears and slowly spreads inward from the contact point,one_seed_only,"A realistic fixed-camera macro video in one continuous shot. During the first two seconds, untreated suede fixed flat is clean, completely dry, flat, and firmly supported so it cannot move. No water, falling droplet, or wet footprint is visible during these first two seconds. Then exactly one large clear water droplet enters from the top of the frame, falls visibly downward, and contacts near one visible edge. Only after contact, an asymmetric wet patch appears and slowly spreads inward from the contact point. The camera, lighting, background, receiver geometry, and all other objects remain unchanged."
wdp0626,absorbent_surface,absorption,absorbent_surface_44,untreated nubuck fixed flat,0,"clean, completely dry, flat, and motionless",the center,the water is absorbed and a small dark wet patch gradually expands,one_seed_only,"A realistic fixed-camera macro video in one continuous shot. During the first two seconds, untreated nubuck fixed flat is clean, completely dry, flat, and motionless. No water, falling droplet, or wet footprint is visible during these first two seconds. Then exactly one large clear water droplet enters from the top of the frame, falls visibly downward, and contacts the center. Only after contact, the water is absorbed and a small dark wet patch gradually expands. The camera, lighting, background, receiver geometry, and all other objects remain unchanged."
wdp0627,absorbent_surface,absorption,absorbent_surface_44,untreated nubuck fixed flat,1,"clean, completely dry, flat, and supported on a rigid surface",slightly left of center,the water soaks in and leaves a compact dark damp spot with little outward spread,one_seed_only,"A realistic fixed-camera macro video in one continuous shot. During the first two seconds, untreated nubuck fixed flat is clean, completely dry, flat, and supported on a rigid surface. No water, falling droplet, or wet footprint is visible during these first two seconds. Then exactly one large clear water droplet enters from the top of the frame, falls visibly downward, and contacts slightly left of center. Only after contact, the water soaks in and leaves a compact dark damp spot with little outward spread. The camera, lighting, background, receiver geometry, and all other objects remain unchanged."
wdp0628,absorbent_surface,absorption,absorbent_surface_44,untreated nubuck fixed flat,2,"clean, completely dry, flat, and showing a clear grain or fiber direction",slightly right of center,an elongated wet mark gradually spreads along the visible grain or fibers,one_seed_only,"A realistic fixed-camera macro video in one continuous shot. During the first two seconds, untreated nubuck fixed flat is clean, completely dry, flat, and showing a clear grain or fiber direction. No water, falling droplet, or wet footprint is visible during these first two seconds. Then exactly one large clear water droplet enters from the top of the frame, falls visibly downward, and contacts slightly right of center. Only after contact, an elongated wet mark gradually spreads along the visible grain or fibers. The camera, lighting, background, receiver geometry, and all other objects remain unchanged."
wdp0629,absorbent_surface,absorption,absorbent_surface_44,untreated nubuck fixed flat,3,"clean, completely dry, flat, and firmly supported so it cannot move",near one visible edge,an asymmetric wet patch appears and slowly spreads inward from the contact point,one_seed_only,"A realistic fixed-camera macro video in one continuous shot. During the first two seconds, untreated nubuck fixed flat is clean, completely dry, flat, and firmly supported so it cannot move. No water, falling droplet, or wet footprint is visible during these first two seconds. Then exactly one large clear water droplet enters from the top of the frame, falls visibly downward, and contacts near one visible edge. Only after contact, an asymmetric wet patch appears and slowly spreads inward from the contact point. The camera, lighting, background, receiver geometry, and all other objects remain unchanged."
wdp0630,absorbent_surface,absorption,absorbent_surface_45,gray paperboard,0,"clean, completely dry, flat, and motionless",the center,the water is absorbed and a small dark wet patch gradually expands,one_seed_only,"A realistic fixed-camera macro video in one continuous shot. During the first two seconds, gray paperboard is clean, completely dry, flat, and motionless. No water, falling droplet, or wet footprint is visible during these first two seconds. Then exactly one large clear water droplet enters from the top of the frame, falls visibly downward, and contacts the center. Only after contact, the water is absorbed and a small dark wet patch gradually expands. The camera, lighting, background, receiver geometry, and all other objects remain unchanged."
wdp0631,absorbent_surface,absorption,absorbent_surface_45,gray paperboard,1,"clean, completely dry, flat, and supported on a rigid surface",slightly left of center,the water soaks in and leaves a compact dark damp spot with little outward spread,one_seed_only,"A realistic fixed-camera macro video in one continuous shot. During the first two seconds, gray paperboard is clean, completely dry, flat, and supported on a rigid surface. No water, falling droplet, or wet footprint is visible during these first two seconds. Then exactly one large clear water droplet enters from the top of the frame, falls visibly downward, and contacts slightly left of center. Only after contact, the water soaks in and leaves a compact dark damp spot with little outward spread. The camera, lighting, background, receiver geometry, and all other objects remain unchanged."
wdp0632,absorbent_surface,absorption,absorbent_surface_45,gray paperboard,2,"clean, completely dry, flat, and showing a clear grain or fiber direction",slightly right of center,an elongated wet mark gradually spreads along the visible grain or fibers,one_seed_only,"A realistic fixed-camera macro video in one continuous shot. During the first two seconds, gray paperboard is clean, completely dry, flat, and showing a clear grain or fiber direction. No water, falling droplet, or wet footprint is visible during these first two seconds. Then exactly one large clear water droplet enters from the top of the frame, falls visibly downward, and contacts slightly right of center. Only after contact, an elongated wet mark gradually spreads along the visible grain or fibers. The camera, lighting, background, receiver geometry, and all other objects remain unchanged."
wdp0633,absorbent_surface,absorption,absorbent_surface_45,gray paperboard,3,"clean, completely dry, flat, and firmly supported so it cannot move",near one visible edge,an asymmetric wet patch appears and slowly spreads inward from the contact point,one_seed_only,"A realistic fixed-camera macro video in one continuous shot. During the first two seconds, gray paperboard is clean, completely dry, flat, and firmly supported so it cannot move. No water, falling droplet, or wet footprint is visible during these first two seconds. Then exactly one large clear water droplet enters from the top of the frame, falls visibly downward, and contacts near one visible edge. Only after contact, an asymmetric wet patch appears and slowly spreads inward from the contact point. The camera, lighting, background, receiver geometry, and all other objects remain unchanged."
wdp0634,absorbent_surface,absorption,absorbent_surface_46,molded paper-pulp tray,0,"clean, completely dry, flat, and motionless",the center,the water is absorbed and a small dark wet patch gradually expands,one_seed_only,"A realistic fixed-camera macro video in one continuous shot. During the first two seconds, molded paper-pulp tray is clean, completely dry, flat, and motionless. No water, falling droplet, or wet footprint is visible during these first two seconds. Then exactly one large clear water droplet enters from the top of the frame, falls visibly downward, and contacts the center. Only after contact, the water is absorbed and a small dark wet patch gradually expands. The camera, lighting, background, receiver geometry, and all other objects remain unchanged."
wdp0635,absorbent_surface,absorption,absorbent_surface_46,molded paper-pulp tray,1,"clean, completely dry, flat, and supported on a rigid surface",slightly left of center,the water soaks in and leaves a compact dark damp spot with little outward spread,one_seed_only,"A realistic fixed-camera macro video in one continuous shot. During the first two seconds, molded paper-pulp tray is clean, completely dry, flat, and supported on a rigid surface. No water, falling droplet, or wet footprint is visible during these first two seconds. Then exactly one large clear water droplet enters from the top of the frame, falls visibly downward, and contacts slightly left of center. Only after contact, the water soaks in and leaves a compact dark damp spot with little outward spread. The camera, lighting, background, receiver geometry, and all other objects remain unchanged."
wdp0636,absorbent_surface,absorption,absorbent_surface_46,molded paper-pulp tray,2,"clean, completely dry, flat, and showing a clear grain or fiber direction",slightly right of center,an elongated wet mark gradually spreads along the visible grain or fibers,one_seed_only,"A realistic fixed-camera macro video in one continuous shot. During the first two seconds, molded paper-pulp tray is clean, completely dry, flat, and showing a clear grain or fiber direction. No water, falling droplet, or wet footprint is visible during these first two seconds. Then exactly one large clear water droplet enters from the top of the frame, falls visibly downward, and contacts slightly right of center. Only after contact, an elongated wet mark gradually spreads along the visible grain or fibers. The camera, lighting, background, receiver geometry, and all other objects remain unchanged."
wdp0637,absorbent_surface,absorption,absorbent_surface_46,molded paper-pulp tray,3,"clean, completely dry, flat, and firmly supported so it cannot move",near one visible edge,an asymmetric wet patch appears and slowly spreads inward from the contact point,one_seed_only,"A realistic fixed-camera macro video in one continuous shot. During the first two seconds, molded paper-pulp tray is clean, completely dry, flat, and firmly supported so it cannot move. No water, falling droplet, or wet footprint is visible during these first two seconds. Then exactly one large clear water droplet enters from the top of the frame, falls visibly downward, and contacts near one visible edge. Only after contact, an asymmetric wet patch appears and slowly spreads inward from the contact point. The camera, lighting, background, receiver geometry, and all other objects remain unchanged."
wdp0638,absorbent_surface,absorption,absorbent_surface_47,white rice paper supported flat,0,"clean, completely dry, flat, and motionless",the center,the water is absorbed and a small dark wet patch gradually expands,one_seed_only,"A realistic fixed-camera macro video in one continuous shot. During the first two seconds, white rice paper supported flat is clean, completely dry, flat, and motionless. No water, falling droplet, or wet footprint is visible during these first two seconds. Then exactly one large clear water droplet enters from the top of the frame, falls visibly downward, and contacts the center. Only after contact, the water is absorbed and a small dark wet patch gradually expands. The camera, lighting, background, receiver geometry, and all other objects remain unchanged."
wdp0639,absorbent_surface,absorption,absorbent_surface_47,white rice paper supported flat,1,"clean, completely dry, flat, and supported on a rigid surface",slightly left of center,the water soaks in and leaves a compact dark damp spot with little outward spread,one_seed_only,"A realistic fixed-camera macro video in one continuous shot. During the first two seconds, white rice paper supported flat is clean, completely dry, flat, and supported on a rigid surface. No water, falling droplet, or wet footprint is visible during these first two seconds. Then exactly one large clear water droplet enters from the top of the frame, falls visibly downward, and contacts slightly left of center. Only after contact, the water soaks in and leaves a compact dark damp spot with little outward spread. The camera, lighting, background, receiver geometry, and all other objects remain unchanged."
wdp0640,absorbent_surface,absorption,absorbent_surface_47,white rice paper supported flat,2,"clean, completely dry, flat, and showing a clear grain or fiber direction",slightly right of center,an elongated wet mark gradually spreads along the visible grain or fibers,one_seed_only,"A realistic fixed-camera macro video in one continuous shot. During the first two seconds, white rice paper supported flat is clean, completely dry, flat, and showing a clear grain or fiber direction. No water, falling droplet, or wet footprint is visible during these first two seconds. Then exactly one large clear water droplet enters from the top of the frame, falls visibly downward, and contacts slightly right of center. Only after contact, an elongated wet mark gradually spreads along the visible grain or fibers. The camera, lighting, background, receiver geometry, and all other objects remain unchanged."
wdp0641,absorbent_surface,absorption,absorbent_surface_47,white rice paper supported flat,3,"clean, completely dry, flat, and firmly supported so it cannot move",near one visible edge,an asymmetric wet patch appears and slowly spreads inward from the contact point,one_seed_only,"A realistic fixed-camera macro video in one continuous shot. During the first two seconds, white rice paper supported flat is clean, completely dry, flat, and firmly supported so it cannot move. No water, falling droplet, or wet footprint is visible during these first two seconds. Then exactly one large clear water droplet enters from the top of the frame, falls visibly downward, and contacts near one visible edge. Only after contact, an asymmetric wet patch appears and slowly spreads inward from the contact point. The camera, lighting, background, receiver geometry, and all other objects remain unchanged."
wdp0642,absorbent_surface,absorption,absorbent_surface_48,cotton drawing paper,0,"clean, completely dry, flat, and motionless",the center,the water is absorbed and a small dark wet patch gradually expands,one_seed_only,"A realistic fixed-camera macro video in one continuous shot. During the first two seconds, cotton drawing paper is clean, completely dry, flat, and motionless. No water, falling droplet, or wet footprint is visible during these first two seconds. Then exactly one large clear water droplet enters from the top of the frame, falls visibly downward, and contacts the center. Only after contact, the water is absorbed and a small dark wet patch gradually expands. The camera, lighting, background, receiver geometry, and all other objects remain unchanged."
wdp0643,absorbent_surface,absorption,absorbent_surface_48,cotton drawing paper,1,"clean, completely dry, flat, and supported on a rigid surface",slightly left of center,the water soaks in and leaves a compact dark damp spot with little outward spread,one_seed_only,"A realistic fixed-camera macro video in one continuous shot. During the first two seconds, cotton drawing paper is clean, completely dry, flat, and supported on a rigid surface. No water, falling droplet, or wet footprint is visible during these first two seconds. Then exactly one large clear water droplet enters from the top of the frame, falls visibly downward, and contacts slightly left of center. Only after contact, the water soaks in and leaves a compact dark damp spot with little outward spread. The camera, lighting, background, receiver geometry, and all other objects remain unchanged."
wdp0644,absorbent_surface,absorption,absorbent_surface_48,cotton drawing paper,2,"clean, completely dry, flat, and showing a clear grain or fiber direction",slightly right of center,an elongated wet mark gradually spreads along the visible grain or fibers,one_seed_only,"A realistic fixed-camera macro video in one continuous shot. During the first two seconds, cotton drawing paper is clean, completely dry, flat, and showing a clear grain or fiber direction. No water, falling droplet, or wet footprint is visible during these first two seconds. Then exactly one large clear water droplet enters from the top of the frame, falls visibly downward, and contacts slightly right of center. Only after contact, an elongated wet mark gradually spreads along the visible grain or fibers. The camera, lighting, background, receiver geometry, and all other objects remain unchanged."
wdp0645,absorbent_surface,absorption,absorbent_surface_48,cotton drawing paper,3,"clean, completely dry, flat, and firmly supported so it cannot move",near one visible edge,an asymmetric wet patch appears and slowly spreads inward from the contact point,one_seed_only,"A realistic fixed-camera macro video in one continuous shot. During the first two seconds, cotton drawing paper is clean, completely dry, flat, and firmly supported so it cannot move. No water, falling droplet, or wet footprint is visible during these first two seconds. Then exactly one large clear water droplet enters from the top of the frame, falls visibly downward, and contacts near one visible edge. Only after contact, an asymmetric wet patch appears and slowly spreads inward from the contact point. The camera, lighting, background, receiver geometry, and all other objects remain unchanged."
wdp0646,absorbent_surface,absorption,absorbent_surface_49,uncoated paper egg carton surface,0,"clean, completely dry, flat, and motionless",the center,the water is absorbed and a small dark wet patch gradually expands,one_seed_only,"A realistic fixed-camera macro video in one continuous shot. During the first two seconds, uncoated paper egg carton surface is clean, completely dry, flat, and motionless. No water, falling droplet, or wet footprint is visible during these first two seconds. Then exactly one large clear water droplet enters from the top of the frame, falls visibly downward, and contacts the center. Only after contact, the water is absorbed and a small dark wet patch gradually expands. The camera, lighting, background, receiver geometry, and all other objects remain unchanged."
wdp0647,absorbent_surface,absorption,absorbent_surface_49,uncoated paper egg carton surface,1,"clean, completely dry, flat, and supported on a rigid surface",slightly left of center,the water soaks in and leaves a compact dark damp spot with little outward spread,one_seed_only,"A realistic fixed-camera macro video in one continuous shot. During the first two seconds, uncoated paper egg carton surface is clean, completely dry, flat, and supported on a rigid surface. No water, falling droplet, or wet footprint is visible during these first two seconds. Then exactly one large clear water droplet enters from the top of the frame, falls visibly downward, and contacts slightly left of center. Only after contact, the water soaks in and leaves a compact dark damp spot with little outward spread. The camera, lighting, background, receiver geometry, and all other objects remain unchanged."
wdp0648,absorbent_surface,absorption,absorbent_surface_49,uncoated paper egg carton surface,2,"clean, completely dry, flat, and showing a clear grain or fiber direction",slightly right of center,an elongated wet mark gradually spreads along the visible grain or fibers,one_seed_only,"A realistic fixed-camera macro video in one continuous shot. During the first two seconds, uncoated paper egg carton surface is clean, completely dry, flat, and showing a clear grain or fiber direction. No water, falling droplet, or wet footprint is visible during these first two seconds. Then exactly one large clear water droplet enters from the top of the frame, falls visibly downward, and contacts slightly right of center. Only after contact, an elongated wet mark gradually spreads along the visible grain or fibers. The camera, lighting, background, receiver geometry, and all other objects remain unchanged."
wdp0649,absorbent_surface,absorption,absorbent_surface_49,uncoated paper egg carton surface,3,"clean, completely dry, flat, and firmly supported so it cannot move",near one visible edge,an asymmetric wet patch appears and slowly spreads inward from the contact point,one_seed_only,"A realistic fixed-camera macro video in one continuous shot. During the first two seconds, uncoated paper egg carton surface is clean, completely dry, flat, and firmly supported so it cannot move. No water, falling droplet, or wet footprint is visible during these first two seconds. Then exactly one large clear water droplet enters from the top of the frame, falls visibly downward, and contacts near one visible edge. Only after contact, an asymmetric wet patch appears and slowly spreads inward from the contact point. The camera, lighting, background, receiver geometry, and all other objects remain unchanged."
wdp0650,granular_surface,particle_displacement,granular_surface_00,fine dry sand,0,arranged as a smooth level bed and completely undisturbed,the center of the bed,"a small crater forms, a few particles move outward, and the center becomes darker and damp",one_seed_only,"A realistic fixed-camera macro video in one continuous shot. During the first two seconds, fine dry sand is arranged as a smooth level bed and completely undisturbed. No water, falling droplet, or wet footprint is visible during these first two seconds. Then exactly one large clear water droplet enters from the top of the frame, falls visibly downward, and contacts the center of the bed. Only after contact, a small crater forms, a few particles move outward, and the center becomes darker and damp. The camera, lighting, background, receiver geometry, and all other objects remain unchanged."
wdp0651,granular_surface,particle_displacement,granular_surface_00,fine dry sand,1,arranged as a small dry mound and completely undisturbed,the top of the mound,"a small indentation forms, several particles scatter down the sides, and a damp clump remains",one_seed_only,"A realistic fixed-camera macro video in one continuous shot. During the first two seconds, fine dry sand is arranged as a small dry mound and completely undisturbed. No water, falling droplet, or wet footprint is visible during these first two seconds. Then exactly one large clear water droplet enters from the top of the frame, falls visibly downward, and contacts the top of the mound. Only after contact, a small indentation forms, several particles scatter down the sides, and a damp clump remains. The camera, lighting, background, receiver geometry, and all other objects remain unchanged."
wdp0652,granular_surface,particle_displacement,granular_surface_00,fine dry sand,2,arranged as a lightly compacted dry layer and completely undisturbed,slightly off-center,a shallow dent forms and nearby particles bind into a small darker damp cluster,one_seed_only,"A realistic fixed-camera macro video in one continuous shot. During the first two seconds, fine dry sand is arranged as a lightly compacted dry layer and completely undisturbed. No water, falling droplet, or wet footprint is visible during these first two seconds. Then exactly one large clear water droplet enters from the top of the frame, falls visibly downward, and contacts slightly off-center. Only after contact, a shallow dent forms and nearby particles bind into a small darker damp cluster. The camera, lighting, background, receiver geometry, and all other objects remain unchanged."
wdp0653,granular_surface,particle_displacement,granular_surface_01,coarse dry sand,0,arranged as a smooth level bed and completely undisturbed,the center of the bed,"a small crater forms, a few particles move outward, and the center becomes darker and damp",one_seed_only,"A realistic fixed-camera macro video in one continuous shot. During the first two seconds, coarse dry sand is arranged as a smooth level bed and completely undisturbed. No water, falling droplet, or wet footprint is visible during these first two seconds. Then exactly one large clear water droplet enters from the top of the frame, falls visibly downward, and contacts the center of the bed. Only after contact, a small crater forms, a few particles move outward, and the center becomes darker and damp. The camera, lighting, background, receiver geometry, and all other objects remain unchanged."
wdp0654,granular_surface,particle_displacement,granular_surface_01,coarse dry sand,1,arranged as a small dry mound and completely undisturbed,the top of the mound,"a small indentation forms, several particles scatter down the sides, and a damp clump remains",one_seed_only,"A realistic fixed-camera macro video in one continuous shot. During the first two seconds, coarse dry sand is arranged as a small dry mound and completely undisturbed. No water, falling droplet, or wet footprint is visible during these first two seconds. Then exactly one large clear water droplet enters from the top of the frame, falls visibly downward, and contacts the top of the mound. Only after contact, a small indentation forms, several particles scatter down the sides, and a damp clump remains. The camera, lighting, background, receiver geometry, and all other objects remain unchanged."
wdp0655,granular_surface,particle_displacement,granular_surface_01,coarse dry sand,2,arranged as a lightly compacted dry layer and completely undisturbed,slightly off-center,a shallow dent forms and nearby particles bind into a small darker damp cluster,one_seed_only,"A realistic fixed-camera macro video in one continuous shot. During the first two seconds, coarse dry sand is arranged as a lightly compacted dry layer and completely undisturbed. No water, falling droplet, or wet footprint is visible during these first two seconds. Then exactly one large clear water droplet enters from the top of the frame, falls visibly downward, and contacts slightly off-center. Only after contact, a shallow dent forms and nearby particles bind into a small darker damp cluster. The camera, lighting, background, receiver geometry, and all other objects remain unchanged."
wdp0656,granular_surface,particle_displacement,granular_surface_02,dry beach sand,0,arranged as a smooth level bed and completely undisturbed,the center of the bed,"a small crater forms, a few particles move outward, and the center becomes darker and damp",one_seed_only,"A realistic fixed-camera macro video in one continuous shot. During the first two seconds, dry beach sand is arranged as a smooth level bed and completely undisturbed. No water, falling droplet, or wet footprint is visible during these first two seconds. Then exactly one large clear water droplet enters from the top of the frame, falls visibly downward, and contacts the center of the bed. Only after contact, a small crater forms, a few particles move outward, and the center becomes darker and damp. The camera, lighting, background, receiver geometry, and all other objects remain unchanged."
wdp0657,granular_surface,particle_displacement,granular_surface_02,dry beach sand,1,arranged as a small dry mound and completely undisturbed,the top of the mound,"a small indentation forms, several particles scatter down the sides, and a damp clump remains",one_seed_only,"A realistic fixed-camera macro video in one continuous shot. During the first two seconds, dry beach sand is arranged as a small dry mound and completely undisturbed. No water, falling droplet, or wet footprint is visible during these first two seconds. Then exactly one large clear water droplet enters from the top of the frame, falls visibly downward, and contacts the top of the mound. Only after contact, a small indentation forms, several particles scatter down the sides, and a damp clump remains. The camera, lighting, background, receiver geometry, and all other objects remain unchanged."
wdp0658,granular_surface,particle_displacement,granular_surface_02,dry beach sand,2,arranged as a lightly compacted dry layer and completely undisturbed,slightly off-center,a shallow dent forms and nearby particles bind into a small darker damp cluster,one_seed_only,"A realistic fixed-camera macro video in one continuous shot. During the first two seconds, dry beach sand is arranged as a lightly compacted dry layer and completely undisturbed. No water, falling droplet, or wet footprint is visible during these first two seconds. Then exactly one large clear water droplet enters from the top of the frame, falls visibly downward, and contacts slightly off-center. Only after contact, a shallow dent forms and nearby particles bind into a small darker damp cluster. The camera, lighting, background, receiver geometry, and all other objects remain unchanged."
wdp0659,granular_surface,particle_displacement,granular_surface_03,dry silica sand,0,arranged as a smooth level bed and completely undisturbed,the center of the bed,"a small crater forms, a few particles move outward, and the center becomes darker and damp",one_seed_only,"A realistic fixed-camera macro video in one continuous shot. During the first two seconds, dry silica sand is arranged as a smooth level bed and completely undisturbed. No water, falling droplet, or wet footprint is visible during these first two seconds. Then exactly one large clear water droplet enters from the top of the frame, falls visibly downward, and contacts the center of the bed. Only after contact, a small crater forms, a few particles move outward, and the center becomes darker and damp. The camera, lighting, background, receiver geometry, and all other objects remain unchanged."
wdp0660,granular_surface,particle_displacement,granular_surface_03,dry silica sand,1,arranged as a small dry mound and completely undisturbed,the top of the mound,"a small indentation forms, several particles scatter down the sides, and a damp clump remains",one_seed_only,"A realistic fixed-camera macro video in one continuous shot. During the first two seconds, dry silica sand is arranged as a small dry mound and completely undisturbed. No water, falling droplet, or wet footprint is visible during these first two seconds. Then exactly one large clear water droplet enters from the top of the frame, falls visibly downward, and contacts the top of the mound. Only after contact, a small indentation forms, several particles scatter down the sides, and a damp clump remains. The camera, lighting, background, receiver geometry, and all other objects remain unchanged."
wdp0661,granular_surface,particle_displacement,granular_surface_03,dry silica sand,2,arranged as a lightly compacted dry layer and completely undisturbed,slightly off-center,a shallow dent forms and nearby particles bind into a small darker damp cluster,one_seed_only,"A realistic fixed-camera macro video in one continuous shot. During the first two seconds, dry silica sand is arranged as a lightly compacted dry layer and completely undisturbed. No water, falling droplet, or wet footprint is visible during these first two seconds. Then exactly one large clear water droplet enters from the top of the frame, falls visibly downward, and contacts slightly off-center. Only after contact, a shallow dent forms and nearby particles bind into a small darker damp cluster. The camera, lighting, background, receiver geometry, and all other objects remain unchanged."
wdp0662,granular_surface,particle_displacement,granular_surface_04,loose dry garden soil,0,arranged as a smooth level bed and completely undisturbed,the center of the bed,"a small crater forms, a few particles move outward, and the center becomes darker and damp",one_seed_only,"A realistic fixed-camera macro video in one continuous shot. During the first two seconds, loose dry garden soil is arranged as a smooth level bed and completely undisturbed. No water, falling droplet, or wet footprint is visible during these first two seconds. Then exactly one large clear water droplet enters from the top of the frame, falls visibly downward, and contacts the center of the bed. Only after contact, a small crater forms, a few particles move outward, and the center becomes darker and damp. The camera, lighting, background, receiver geometry, and all other objects remain unchanged."
wdp0663,granular_surface,particle_displacement,granular_surface_04,loose dry garden soil,1,arranged as a small dry mound and completely undisturbed,the top of the mound,"a small indentation forms, several particles scatter down the sides, and a damp clump remains",one_seed_only,"A realistic fixed-camera macro video in one continuous shot. During the first two seconds, loose dry garden soil is arranged as a small dry mound and completely undisturbed. No water, falling droplet, or wet footprint is visible during these first two seconds. Then exactly one large clear water droplet enters from the top of the frame, falls visibly downward, and contacts the top of the mound. Only after contact, a small indentation forms, several particles scatter down the sides, and a damp clump remains. The camera, lighting, background, receiver geometry, and all other objects remain unchanged."
wdp0664,granular_surface,particle_displacement,granular_surface_04,loose dry garden soil,2,arranged as a lightly compacted dry layer and completely undisturbed,slightly off-center,a shallow dent forms and nearby particles bind into a small darker damp cluster,one_seed_only,"A realistic fixed-camera macro video in one continuous shot. During the first two seconds, loose dry garden soil is arranged as a lightly compacted dry layer and completely undisturbed. No water, falling droplet, or wet footprint is visible during these first two seconds. Then exactly one large clear water droplet enters from the top of the frame, falls visibly downward, and contacts slightly off-center. Only after contact, a shallow dent forms and nearby particles bind into a small darker damp cluster. The camera, lighting, background, receiver geometry, and all other objects remain unchanged."
wdp0665,granular_surface,particle_displacement,granular_surface_05,dry potting soil,0,arranged as a smooth level bed and completely undisturbed,the center of the bed,"a small crater forms, a few particles move outward, and the center becomes darker and damp",one_seed_only,"A realistic fixed-camera macro video in one continuous shot. During the first two seconds, dry potting soil is arranged as a smooth level bed and completely undisturbed. No water, falling droplet, or wet footprint is visible during these first two seconds. Then exactly one large clear water droplet enters from the top of the frame, falls visibly downward, and contacts the center of the bed. Only after contact, a small crater forms, a few particles move outward, and the center becomes darker and damp. The camera, lighting, background, receiver geometry, and all other objects remain unchanged."
wdp0666,granular_surface,particle_displacement,granular_surface_05,dry potting soil,1,arranged as a small dry mound and completely undisturbed,the top of the mound,"a small indentation forms, several particles scatter down the sides, and a damp clump remains",one_seed_only,"A realistic fixed-camera macro video in one continuous shot. During the first two seconds, dry potting soil is arranged as a small dry mound and completely undisturbed. No water, falling droplet, or wet footprint is visible during these first two seconds. Then exactly one large clear water droplet enters from the top of the frame, falls visibly downward, and contacts the top of the mound. Only after contact, a small indentation forms, several particles scatter down the sides, and a damp clump remains. The camera, lighting, background, receiver geometry, and all other objects remain unchanged."
wdp0667,granular_surface,particle_displacement,granular_surface_05,dry potting soil,2,arranged as a lightly compacted dry layer and completely undisturbed,slightly off-center,a shallow dent forms and nearby particles bind into a small darker damp cluster,one_seed_only,"A realistic fixed-camera macro video in one continuous shot. During the first two seconds, dry potting soil is arranged as a lightly compacted dry layer and completely undisturbed. No water, falling droplet, or wet footprint is visible during these first two seconds. Then exactly one large clear water droplet enters from the top of the frame, falls visibly downward, and contacts slightly off-center. Only after contact, a shallow dent forms and nearby particles bind into a small darker damp cluster. The camera, lighting, background, receiver geometry, and all other objects remain unchanged."
wdp0668,granular_surface,particle_displacement,granular_surface_06,dry clay-rich soil,0,arranged as a smooth level bed and completely undisturbed,the center of the bed,"a small crater forms, a few particles move outward, and the center becomes darker and damp",one_seed_only,"A realistic fixed-camera macro video in one continuous shot. During the first two seconds, dry clay-rich soil is arranged as a smooth level bed and completely undisturbed. No water, falling droplet, or wet footprint is visible during these first two seconds. Then exactly one large clear water droplet enters from the top of the frame, falls visibly downward, and contacts the center of the bed. Only after contact, a small crater forms, a few particles move outward, and the center becomes darker and damp. The camera, lighting, background, receiver geometry, and all other objects remain unchanged."
wdp0669,granular_surface,particle_displacement,granular_surface_06,dry clay-rich soil,1,arranged as a small dry mound and completely undisturbed,the top of the mound,"a small indentation forms, several particles scatter down the sides, and a damp clump remains",one_seed_only,"A realistic fixed-camera macro video in one continuous shot. During the first two seconds, dry clay-rich soil is arranged as a small dry mound and completely undisturbed. No water, falling droplet, or wet footprint is visible during these first two seconds. Then exactly one large clear water droplet enters from the top of the frame, falls visibly downward, and contacts the top of the mound. Only after contact, a small indentation forms, several particles scatter down the sides, and a damp clump remains. The camera, lighting, background, receiver geometry, and all other objects remain unchanged."
wdp0670,granular_surface,particle_displacement,granular_surface_06,dry clay-rich soil,2,arranged as a lightly compacted dry layer and completely undisturbed,slightly off-center,a shallow dent forms and nearby particles bind into a small darker damp cluster,one_seed_only,"A realistic fixed-camera macro video in one continuous shot. During the first two seconds, dry clay-rich soil is arranged as a lightly compacted dry layer and completely undisturbed. No water, falling droplet, or wet footprint is visible during these first two seconds. Then exactly one large clear water droplet enters from the top of the frame, falls visibly downward, and contacts slightly off-center. Only after contact, a shallow dent forms and nearby particles bind into a small darker damp cluster. The camera, lighting, background, receiver geometry, and all other objects remain unchanged."
wdp0671,granular_surface,particle_displacement,granular_surface_07,dry silt,0,arranged as a smooth level bed and completely undisturbed,the center of the bed,"a small crater forms, a few particles move outward, and the center becomes darker and damp",one_seed_only,"A realistic fixed-camera macro video in one continuous shot. During the first two seconds, dry silt is arranged as a smooth level bed and completely undisturbed. No water, falling droplet, or wet footprint is visible during these first two seconds. Then exactly one large clear water droplet enters from the top of the frame, falls visibly downward, and contacts the center of the bed. Only after contact, a small crater forms, a few particles move outward, and the center becomes darker and damp. The camera, lighting, background, receiver geometry, and all other objects remain unchanged."
wdp0672,granular_surface,particle_displacement,granular_surface_07,dry silt,1,arranged as a small dry mound and completely undisturbed,the top of the mound,"a small indentation forms, several particles scatter down the sides, and a damp clump remains",one_seed_only,"A realistic fixed-camera macro video in one continuous shot. During the first two seconds, dry silt is arranged as a small dry mound and completely undisturbed. No water, falling droplet, or wet footprint is visible during these first two seconds. Then exactly one large clear water droplet enters from the top of the frame, falls visibly downward, and contacts the top of the mound. Only after contact, a small indentation forms, several particles scatter down the sides, and a damp clump remains. The camera, lighting, background, receiver geometry, and all other objects remain unchanged."
wdp0673,granular_surface,particle_displacement,granular_surface_07,dry silt,2,arranged as a lightly compacted dry layer and completely undisturbed,slightly off-center,a shallow dent forms and nearby particles bind into a small darker damp cluster,one_seed_only,"A realistic fixed-camera macro video in one continuous shot. During the first two seconds, dry silt is arranged as a lightly compacted dry layer and completely undisturbed. No water, falling droplet, or wet footprint is visible during these first two seconds. Then exactly one large clear water droplet enters from the top of the frame, falls visibly downward, and contacts slightly off-center. Only after contact, a shallow dent forms and nearby particles bind into a small darker damp cluster. The camera, lighting, background, receiver geometry, and all other objects remain unchanged."
wdp0674,granular_surface,particle_displacement,granular_surface_08,dry garden loam,0,arranged as a smooth level bed and completely undisturbed,the center of the bed,"a small crater forms, a few particles move outward, and the center becomes darker and damp",one_seed_only,"A realistic fixed-camera macro video in one continuous shot. During the first two seconds, dry garden loam is arranged as a smooth level bed and completely undisturbed. No water, falling droplet, or wet footprint is visible during these first two seconds. Then exactly one large clear water droplet enters from the top of the frame, falls visibly downward, and contacts the center of the bed. Only after contact, a small crater forms, a few particles move outward, and the center becomes darker and damp. The camera, lighting, background, receiver geometry, and all other objects remain unchanged."
wdp0675,granular_surface,particle_displacement,granular_surface_08,dry garden loam,1,arranged as a small dry mound and completely undisturbed,the top of the mound,"a small indentation forms, several particles scatter down the sides, and a damp clump remains",one_seed_only,"A realistic fixed-camera macro video in one continuous shot. During the first two seconds, dry garden loam is arranged as a small dry mound and completely undisturbed. No water, falling droplet, or wet footprint is visible during these first two seconds. Then exactly one large clear water droplet enters from the top of the frame, falls visibly downward, and contacts the top of the mound. Only after contact, a small indentation forms, several particles scatter down the sides, and a damp clump remains. The camera, lighting, background, receiver geometry, and all other objects remain unchanged."
wdp0676,granular_surface,particle_displacement,granular_surface_08,dry garden loam,2,arranged as a lightly compacted dry layer and completely undisturbed,slightly off-center,a shallow dent forms and nearby particles bind into a small darker damp cluster,one_seed_only,"A realistic fixed-camera macro video in one continuous shot. During the first two seconds, dry garden loam is arranged as a lightly compacted dry layer and completely undisturbed. No water, falling droplet, or wet footprint is visible during these first two seconds. Then exactly one large clear water droplet enters from the top of the frame, falls visibly downward, and contacts slightly off-center. Only after contact, a shallow dent forms and nearby particles bind into a small darker damp cluster. The camera, lighting, background, receiver geometry, and all other objects remain unchanged."
wdp0677,granular_surface,particle_displacement,granular_surface_09,white wheat flour,0,arranged as a smooth level bed and completely undisturbed,the center of the bed,"a small crater forms, a few particles move outward, and the center becomes darker and damp",one_seed_only,"A realistic fixed-camera macro video in one continuous shot. During the first two seconds, white wheat flour is arranged as a smooth level bed and completely undisturbed. No water, falling droplet, or wet footprint is visible during these first two seconds. Then exactly one large clear water droplet enters from the top of the frame, falls visibly downward, and contacts the center of the bed. Only after contact, a small crater forms, a few particles move outward, and the center becomes darker and damp. The camera, lighting, background, receiver geometry, and all other objects remain unchanged."
wdp0678,granular_surface,particle_displacement,granular_surface_09,white wheat flour,1,arranged as a small dry mound and completely undisturbed,the top of the mound,"a small indentation forms, several particles scatter down the sides, and a damp clump remains",one_seed_only,"A realistic fixed-camera macro video in one continuous shot. During the first two seconds, white wheat flour is arranged as a small dry mound and completely undisturbed. No water, falling droplet, or wet footprint is visible during these first two seconds. Then exactly one large clear water droplet enters from the top of the frame, falls visibly downward, and contacts the top of the mound. Only after contact, a small indentation forms, several particles scatter down the sides, and a damp clump remains. The camera, lighting, background, receiver geometry, and all other objects remain unchanged."
wdp0679,granular_surface,particle_displacement,granular_surface_09,white wheat flour,2,arranged as a lightly compacted dry layer and completely undisturbed,slightly off-center,a shallow dent forms and nearby particles bind into a small darker damp cluster,one_seed_only,"A realistic fixed-camera macro video in one continuous shot. During the first two seconds, white wheat flour is arranged as a lightly compacted dry layer and completely undisturbed. No water, falling droplet, or wet footprint is visible during these first two seconds. Then exactly one large clear water droplet enters from the top of the frame, falls visibly downward, and contacts slightly off-center. Only after contact, a shallow dent forms and nearby particles bind into a small darker damp cluster. The camera, lighting, background, receiver geometry, and all other objects remain unchanged."
wdp0680,granular_surface,particle_displacement,granular_surface_10,yellow cornmeal,0,arranged as a smooth level bed and completely undisturbed,the center of the bed,"a small crater forms, a few particles move outward, and the center becomes darker and damp",one_seed_only,"A realistic fixed-camera macro video in one continuous shot. During the first two seconds, yellow cornmeal is arranged as a smooth level bed and completely undisturbed. No water, falling droplet, or wet footprint is visible during these first two seconds. Then exactly one large clear water droplet enters from the top of the frame, falls visibly downward, and contacts the center of the bed. Only after contact, a small crater forms, a few particles move outward, and the center becomes darker and damp. The camera, lighting, background, receiver geometry, and all other objects remain unchanged."
wdp0681,granular_surface,particle_displacement,granular_surface_10,yellow cornmeal,1,arranged as a small dry mound and completely undisturbed,the top of the mound,"a small indentation forms, several particles scatter down the sides, and a damp clump remains",one_seed_only,"A realistic fixed-camera macro video in one continuous shot. During the first two seconds, yellow cornmeal is arranged as a small dry mound and completely undisturbed. No water, falling droplet, or wet footprint is visible during these first two seconds. Then exactly one large clear water droplet enters from the top of the frame, falls visibly downward, and contacts the top of the mound. Only after contact, a small indentation forms, several particles scatter down the sides, and a damp clump remains. The camera, lighting, background, receiver geometry, and all other objects remain unchanged."
wdp0682,granular_surface,particle_displacement,granular_surface_10,yellow cornmeal,2,arranged as a lightly compacted dry layer and completely undisturbed,slightly off-center,a shallow dent forms and nearby particles bind into a small darker damp cluster,one_seed_only,"A realistic fixed-camera macro video in one continuous shot. During the first two seconds, yellow cornmeal is arranged as a lightly compacted dry layer and completely undisturbed. No water, falling droplet, or wet footprint is visible during these first two seconds. Then exactly one large clear water droplet enters from the top of the frame, falls visibly downward, and contacts slightly off-center. Only after contact, a shallow dent forms and nearby particles bind into a small darker damp cluster. The camera, lighting, background, receiver geometry, and all other objects remain unchanged."
wdp0683,granular_surface,particle_displacement,granular_surface_11,white cornstarch,0,arranged as a smooth level bed and completely undisturbed,the center of the bed,"a small crater forms, a few particles move outward, and the center becomes darker and damp",one_seed_only,"A realistic fixed-camera macro video in one continuous shot. During the first two seconds, white cornstarch is arranged as a smooth level bed and completely undisturbed. No water, falling droplet, or wet footprint is visible during these first two seconds. Then exactly one large clear water droplet enters from the top of the frame, falls visibly downward, and contacts the center of the bed. Only after contact, a small crater forms, a few particles move outward, and the center becomes darker and damp. The camera, lighting, background, receiver geometry, and all other objects remain unchanged."
wdp0684,granular_surface,particle_displacement,granular_surface_11,white cornstarch,1,arranged as a small dry mound and completely undisturbed,the top of the mound,"a small indentation forms, several particles scatter down the sides, and a damp clump remains",one_seed_only,"A realistic fixed-camera macro video in one continuous shot. During the first two seconds, white cornstarch is arranged as a small dry mound and completely undisturbed. No water, falling droplet, or wet footprint is visible during these first two seconds. Then exactly one large clear water droplet enters from the top of the frame, falls visibly downward, and contacts the top of the mound. Only after contact, a small indentation forms, several particles scatter down the sides, and a damp clump remains. The camera, lighting, background, receiver geometry, and all other objects remain unchanged."
wdp0685,granular_surface,particle_displacement,granular_surface_11,white cornstarch,2,arranged as a lightly compacted dry layer and completely undisturbed,slightly off-center,a shallow dent forms and nearby particles bind into a small darker damp cluster,one_seed_only,"A realistic fixed-camera macro video in one continuous shot. During the first two seconds, white cornstarch is arranged as a lightly compacted dry layer and completely undisturbed. No water, falling droplet, or wet footprint is visible during these first two seconds. Then exactly one large clear water droplet enters from the top of the frame, falls visibly downward, and contacts slightly off-center. Only after contact, a shallow dent forms and nearby particles bind into a small darker damp cluster. The camera, lighting, background, receiver geometry, and all other objects remain unchanged."
wdp0686,granular_surface,particle_displacement,granular_surface_12,powdered sugar,0,arranged as a smooth level bed and completely undisturbed,the center of the bed,"a small crater forms, a few particles move outward, and the center becomes darker and damp",one_seed_only,"A realistic fixed-camera macro video in one continuous shot. During the first two seconds, powdered sugar is arranged as a smooth level bed and completely undisturbed. No water, falling droplet, or wet footprint is visible during these first two seconds. Then exactly one large clear water droplet enters from the top of the frame, falls visibly downward, and contacts the center of the bed. Only after contact, a small crater forms, a few particles move outward, and the center becomes darker and damp. The camera, lighting, background, receiver geometry, and all other objects remain unchanged."
wdp0687,granular_surface,particle_displacement,granular_surface_12,powdered sugar,1,arranged as a small dry mound and completely undisturbed,the top of the mound,"a small indentation forms, several particles scatter down the sides, and a damp clump remains",one_seed_only,"A realistic fixed-camera macro video in one continuous shot. During the first two seconds, powdered sugar is arranged as a small dry mound and completely undisturbed. No water, falling droplet, or wet footprint is visible during these first two seconds. Then exactly one large clear water droplet enters from the top of the frame, falls visibly downward, and contacts the top of the mound. Only after contact, a small indentation forms, several particles scatter down the sides, and a damp clump remains. The camera, lighting, background, receiver geometry, and all other objects remain unchanged."
wdp0688,granular_surface,particle_displacement,granular_surface_12,powdered sugar,2,arranged as a lightly compacted dry layer and completely undisturbed,slightly off-center,a shallow dent forms and nearby particles bind into a small darker damp cluster,one_seed_only,"A realistic fixed-camera macro video in one continuous shot. During the first two seconds, powdered sugar is arranged as a lightly compacted dry layer and completely undisturbed. No water, falling droplet, or wet footprint is visible during these first two seconds. Then exactly one large clear water droplet enters from the top of the frame, falls visibly downward, and contacts slightly off-center. Only after contact, a shallow dent forms and nearby particles bind into a small darker damp cluster. The camera, lighting, background, receiver geometry, and all other objects remain unchanged."
wdp0689,granular_surface,particle_displacement,granular_surface_13,granulated white sugar,0,arranged as a smooth level bed and completely undisturbed,the center of the bed,"a small crater forms, a few particles move outward, and the center becomes darker and damp",one_seed_only,"A realistic fixed-camera macro video in one continuous shot. During the first two seconds, granulated white sugar is arranged as a smooth level bed and completely undisturbed. No water, falling droplet, or wet footprint is visible during these first two seconds. Then exactly one large clear water droplet enters from the top of the frame, falls visibly downward, and contacts the center of the bed. Only after contact, a small crater forms, a few particles move outward, and the center becomes darker and damp. The camera, lighting, background, receiver geometry, and all other objects remain unchanged."
wdp0690,granular_surface,particle_displacement,granular_surface_13,granulated white sugar,1,arranged as a small dry mound and completely undisturbed,the top of the mound,"a small indentation forms, several particles scatter down the sides, and a damp clump remains",one_seed_only,"A realistic fixed-camera macro video in one continuous shot. During the first two seconds, granulated white sugar is arranged as a small dry mound and completely undisturbed. No water, falling droplet, or wet footprint is visible during these first two seconds. Then exactly one large clear water droplet enters from the top of the frame, falls visibly downward, and contacts the top of the mound. Only after contact, a small indentation forms, several particles scatter down the sides, and a damp clump remains. The camera, lighting, background, receiver geometry, and all other objects remain unchanged."
wdp0691,granular_surface,particle_displacement,granular_surface_13,granulated white sugar,2,arranged as a lightly compacted dry layer and completely undisturbed,slightly off-center,a shallow dent forms and nearby particles bind into a small darker damp cluster,one_seed_only,"A realistic fixed-camera macro video in one continuous shot. During the first two seconds, granulated white sugar is arranged as a lightly compacted dry layer and completely undisturbed. No water, falling droplet, or wet footprint is visible during these first two seconds. Then exactly one large clear water droplet enters from the top of the frame, falls visibly downward, and contacts slightly off-center. Only after contact, a shallow dent forms and nearby particles bind into a small darker damp cluster. The camera, lighting, background, receiver geometry, and all other objects remain unchanged."
wdp0692,granular_surface,particle_displacement,granular_surface_14,dry brown sugar,0,arranged as a smooth level bed and completely undisturbed,the center of the bed,"a small crater forms, a few particles move outward, and the center becomes darker and damp",one_seed_only,"A realistic fixed-camera macro video in one continuous shot. During the first two seconds, dry brown sugar is arranged as a smooth level bed and completely undisturbed. No water, falling droplet, or wet footprint is visible during these first two seconds. Then exactly one large clear water droplet enters from the top of the frame, falls visibly downward, and contacts the center of the bed. Only after contact, a small crater forms, a few particles move outward, and the center becomes darker and damp. The camera, lighting, background, receiver geometry, and all other objects remain unchanged."
wdp0693,granular_surface,particle_displacement,granular_surface_14,dry brown sugar,1,arranged as a small dry mound and completely undisturbed,the top of the mound,"a small indentation forms, several particles scatter down the sides, and a damp clump remains",one_seed_only,"A realistic fixed-camera macro video in one continuous shot. During the first two seconds, dry brown sugar is arranged as a small dry mound and completely undisturbed. No water, falling droplet, or wet footprint is visible during these first two seconds. Then exactly one large clear water droplet enters from the top of the frame, falls visibly downward, and contacts the top of the mound. Only after contact, a small indentation forms, several particles scatter down the sides, and a damp clump remains. The camera, lighting, background, receiver geometry, and all other objects remain unchanged."
wdp0694,granular_surface,particle_displacement,granular_surface_14,dry brown sugar,2,arranged as a lightly compacted dry layer and completely undisturbed,slightly off-center,a shallow dent forms and nearby particles bind into a small darker damp cluster,one_seed_only,"A realistic fixed-camera macro video in one continuous shot. During the first two seconds, dry brown sugar is arranged as a lightly compacted dry layer and completely undisturbed. No water, falling droplet, or wet footprint is visible during these first two seconds. Then exactly one large clear water droplet enters from the top of the frame, falls visibly downward, and contacts slightly off-center. Only after contact, a shallow dent forms and nearby particles bind into a small darker damp cluster. The camera, lighting, background, receiver geometry, and all other objects remain unchanged."
wdp0695,granular_surface,particle_displacement,granular_surface_15,fine table salt,0,arranged as a smooth level bed and completely undisturbed,the center of the bed,"a small crater forms, a few particles move outward, and the center becomes darker and damp",one_seed_only,"A realistic fixed-camera macro video in one continuous shot. During the first two seconds, fine table salt is arranged as a smooth level bed and completely undisturbed. No water, falling droplet, or wet footprint is visible during these first two seconds. Then exactly one large clear water droplet enters from the top of the frame, falls visibly downward, and contacts the center of the bed. Only after contact, a small crater forms, a few particles move outward, and the center becomes darker and damp. The camera, lighting, background, receiver geometry, and all other objects remain unchanged."
wdp0696,granular_surface,particle_displacement,granular_surface_15,fine table salt,1,arranged as a small dry mound and completely undisturbed,the top of the mound,"a small indentation forms, several particles scatter down the sides, and a damp clump remains",one_seed_only,"A realistic fixed-camera macro video in one continuous shot. During the first two seconds, fine table salt is arranged as a small dry mound and completely undisturbed. No water, falling droplet, or wet footprint is visible during these first two seconds. Then exactly one large clear water droplet enters from the top of the frame, falls visibly downward, and contacts the top of the mound. Only after contact, a small indentation forms, several particles scatter down the sides, and a damp clump remains. The camera, lighting, background, receiver geometry, and all other objects remain unchanged."
wdp0697,granular_surface,particle_displacement,granular_surface_15,fine table salt,2,arranged as a lightly compacted dry layer and completely undisturbed,slightly off-center,a shallow dent forms and nearby particles bind into a small darker damp cluster,one_seed_only,"A realistic fixed-camera macro video in one continuous shot. During the first two seconds, fine table salt is arranged as a lightly compacted dry layer and completely undisturbed. No water, falling droplet, or wet footprint is visible during these first two seconds. Then exactly one large clear water droplet enters from the top of the frame, falls visibly downward, and contacts slightly off-center. Only after contact, a shallow dent forms and nearby particles bind into a small darker damp cluster. The camera, lighting, background, receiver geometry, and all other objects remain unchanged."
wdp0698,granular_surface,particle_displacement,granular_surface_16,coarse rock salt,0,arranged as a smooth level bed and completely undisturbed,the center of the bed,"a small crater forms, a few particles move outward, and the center becomes darker and damp",one_seed_only,"A realistic fixed-camera macro video in one continuous shot. During the first two seconds, coarse rock salt is arranged as a smooth level bed and completely undisturbed. No water, falling droplet, or wet footprint is visible during these first two seconds. Then exactly one large clear water droplet enters from the top of the frame, falls visibly downward, and contacts the center of the bed. Only after contact, a small crater forms, a few particles move outward, and the center becomes darker and damp. The camera, lighting, background, receiver geometry, and all other objects remain unchanged."
wdp0699,granular_surface,particle_displacement,granular_surface_16,coarse rock salt,1,arranged as a small dry mound and completely undisturbed,the top of the mound,"a small indentation forms, several particles scatter down the sides, and a damp clump remains",one_seed_only,"A realistic fixed-camera macro video in one continuous shot. During the first two seconds, coarse rock salt is arranged as a small dry mound and completely undisturbed. No water, falling droplet, or wet footprint is visible during these first two seconds. Then exactly one large clear water droplet enters from the top of the frame, falls visibly downward, and contacts the top of the mound. Only after contact, a small indentation forms, several particles scatter down the sides, and a damp clump remains. The camera, lighting, background, receiver geometry, and all other objects remain unchanged."
wdp0700,granular_surface,particle_displacement,granular_surface_16,coarse rock salt,2,arranged as a lightly compacted dry layer and completely undisturbed,slightly off-center,a shallow dent forms and nearby particles bind into a small darker damp cluster,one_seed_only,"A realistic fixed-camera macro video in one continuous shot. During the first two seconds, coarse rock salt is arranged as a lightly compacted dry layer and completely undisturbed. No water, falling droplet, or wet footprint is visible during these first two seconds. Then exactly one large clear water droplet enters from the top of the frame, falls visibly downward, and contacts slightly off-center. Only after contact, a shallow dent forms and nearby particles bind into a small darker damp cluster. The camera, lighting, background, receiver geometry, and all other objects remain unchanged."
wdp0701,granular_surface,particle_displacement,granular_surface_17,dry sea salt,0,arranged as a smooth level bed and completely undisturbed,the center of the bed,"a small crater forms, a few particles move outward, and the center becomes darker and damp",one_seed_only,"A realistic fixed-camera macro video in one continuous shot. During the first two seconds, dry sea salt is arranged as a smooth level bed and completely undisturbed. No water, falling droplet, or wet footprint is visible during these first two seconds. Then exactly one large clear water droplet enters from the top of the frame, falls visibly downward, and contacts the center of the bed. Only after contact, a small crater forms, a few particles move outward, and the center becomes darker and damp. The camera, lighting, background, receiver geometry, and all other objects remain unchanged."
wdp0702,granular_surface,particle_displacement,granular_surface_17,dry sea salt,1,arranged as a small dry mound and completely undisturbed,the top of the mound,"a small indentation forms, several particles scatter down the sides, and a damp clump remains",one_seed_only,"A realistic fixed-camera macro video in one continuous shot. During the first two seconds, dry sea salt is arranged as a small dry mound and completely undisturbed. No water, falling droplet, or wet footprint is visible during these first two seconds. Then exactly one large clear water droplet enters from the top of the frame, falls visibly downward, and contacts the top of the mound. Only after contact, a small indentation forms, several particles scatter down the sides, and a damp clump remains. The camera, lighting, background, receiver geometry, and all other objects remain unchanged."
wdp0703,granular_surface,particle_displacement,granular_surface_17,dry sea salt,2,arranged as a lightly compacted dry layer and completely undisturbed,slightly off-center,a shallow dent forms and nearby particles bind into a small darker damp cluster,one_seed_only,"A realistic fixed-camera macro video in one continuous shot. During the first two seconds, dry sea salt is arranged as a lightly compacted dry layer and completely undisturbed. No water, falling droplet, or wet footprint is visible during these first two seconds. Then exactly one large clear water droplet enters from the top of the frame, falls visibly downward, and contacts slightly off-center. Only after contact, a shallow dent forms and nearby particles bind into a small darker damp cluster. The camera, lighting, background, receiver geometry, and all other objects remain unchanged."
wdp0704,granular_surface,particle_displacement,granular_surface_18,dry kosher salt,0,arranged as a smooth level bed and completely undisturbed,the center of the bed,"a small crater forms, a few particles move outward, and the center becomes darker and damp",one_seed_only,"A realistic fixed-camera macro video in one continuous shot. During the first two seconds, dry kosher salt is arranged as a smooth level bed and completely undisturbed. No water, falling droplet, or wet footprint is visible during these first two seconds. Then exactly one large clear water droplet enters from the top of the frame, falls visibly downward, and contacts the center of the bed. Only after contact, a small crater forms, a few particles move outward, and the center becomes darker and damp. The camera, lighting, background, receiver geometry, and all other objects remain unchanged."
wdp0705,granular_surface,particle_displacement,granular_surface_18,dry kosher salt,1,arranged as a small dry mound and completely undisturbed,the top of the mound,"a small indentation forms, several particles scatter down the sides, and a damp clump remains",one_seed_only,"A realistic fixed-camera macro video in one continuous shot. During the first two seconds, dry kosher salt is arranged as a small dry mound and completely undisturbed. No water, falling droplet, or wet footprint is visible during these first two seconds. Then exactly one large clear water droplet enters from the top of the frame, falls visibly downward, and contacts the top of the mound. Only after contact, a small indentation forms, several particles scatter down the sides, and a damp clump remains. The camera, lighting, background, receiver geometry, and all other objects remain unchanged."
wdp0706,granular_surface,particle_displacement,granular_surface_18,dry kosher salt,2,arranged as a lightly compacted dry layer and completely undisturbed,slightly off-center,a shallow dent forms and nearby particles bind into a small darker damp cluster,one_seed_only,"A realistic fixed-camera macro video in one continuous shot. During the first two seconds, dry kosher salt is arranged as a lightly compacted dry layer and completely undisturbed. No water, falling droplet, or wet footprint is visible during these first two seconds. Then exactly one large clear water droplet enters from the top of the frame, falls visibly downward, and contacts slightly off-center. Only after contact, a shallow dent forms and nearby particles bind into a small darker damp cluster. The camera, lighting, background, receiver geometry, and all other objects remain unchanged."
wdp0707,granular_surface,particle_displacement,granular_surface_19,baking soda,0,arranged as a smooth level bed and completely undisturbed,the center of the bed,"a small crater forms, a few particles move outward, and the center becomes darker and damp",one_seed_only,"A realistic fixed-camera macro video in one continuous shot. During the first two seconds, baking soda is arranged as a smooth level bed and completely undisturbed. No water, falling droplet, or wet footprint is visible during these first two seconds. Then exactly one large clear water droplet enters from the top of the frame, falls visibly downward, and contacts the center of the bed. Only after contact, a small crater forms, a few particles move outward, and the center becomes darker and damp. The camera, lighting, background, receiver geometry, and all other objects remain unchanged."
wdp0708,granular_surface,particle_displacement,granular_surface_19,baking soda,1,arranged as a small dry mound and completely undisturbed,the top of the mound,"a small indentation forms, several particles scatter down the sides, and a damp clump remains",one_seed_only,"A realistic fixed-camera macro video in one continuous shot. During the first two seconds, baking soda is arranged as a small dry mound and completely undisturbed. No water, falling droplet, or wet footprint is visible during these first two seconds. Then exactly one large clear water droplet enters from the top of the frame, falls visibly downward, and contacts the top of the mound. Only after contact, a small indentation forms, several particles scatter down the sides, and a damp clump remains. The camera, lighting, background, receiver geometry, and all other objects remain unchanged."
wdp0709,granular_surface,particle_displacement,granular_surface_19,baking soda,2,arranged as a lightly compacted dry layer and completely undisturbed,slightly off-center,a shallow dent forms and nearby particles bind into a small darker damp cluster,one_seed_only,"A realistic fixed-camera macro video in one continuous shot. During the first two seconds, baking soda is arranged as a lightly compacted dry layer and completely undisturbed. No water, falling droplet, or wet footprint is visible during these first two seconds. Then exactly one large clear water droplet enters from the top of the frame, falls visibly downward, and contacts slightly off-center. Only after contact, a shallow dent forms and nearby particles bind into a small darker damp cluster. The camera, lighting, background, receiver geometry, and all other objects remain unchanged."
wdp0710,granular_surface,particle_displacement,granular_surface_20,unsweetened cocoa powder,0,arranged as a smooth level bed and completely undisturbed,the center of the bed,"a small crater forms, a few particles move outward, and the center becomes darker and damp",one_seed_only,"A realistic fixed-camera macro video in one continuous shot. During the first two seconds, unsweetened cocoa powder is arranged as a smooth level bed and completely undisturbed. No water, falling droplet, or wet footprint is visible during these first two seconds. Then exactly one large clear water droplet enters from the top of the frame, falls visibly downward, and contacts the center of the bed. Only after contact, a small crater forms, a few particles move outward, and the center becomes darker and damp. The camera, lighting, background, receiver geometry, and all other objects remain unchanged."
wdp0711,granular_surface,particle_displacement,granular_surface_20,unsweetened cocoa powder,1,arranged as a small dry mound and completely undisturbed,the top of the mound,"a small indentation forms, several particles scatter down the sides, and a damp clump remains",one_seed_only,"A realistic fixed-camera macro video in one continuous shot. During the first two seconds, unsweetened cocoa powder is arranged as a small dry mound and completely undisturbed. No water, falling droplet, or wet footprint is visible during these first two seconds. Then exactly one large clear water droplet enters from the top of the frame, falls visibly downward, and contacts the top of the mound. Only after contact, a small indentation forms, several particles scatter down the sides, and a damp clump remains. The camera, lighting, background, receiver geometry, and all other objects remain unchanged."
wdp0712,granular_surface,particle_displacement,granular_surface_20,unsweetened cocoa powder,2,arranged as a lightly compacted dry layer and completely undisturbed,slightly off-center,a shallow dent forms and nearby particles bind into a small darker damp cluster,one_seed_only,"A realistic fixed-camera macro video in one continuous shot. During the first two seconds, unsweetened cocoa powder is arranged as a lightly compacted dry layer and completely undisturbed. No water, falling droplet, or wet footprint is visible during these first two seconds. Then exactly one large clear water droplet enters from the top of the frame, falls visibly downward, and contacts slightly off-center. Only after contact, a shallow dent forms and nearby particles bind into a small darker damp cluster. The camera, lighting, background, receiver geometry, and all other objects remain unchanged."
wdp0713,granular_surface,particle_displacement,granular_surface_21,dry ground coffee,0,arranged as a smooth level bed and completely undisturbed,the center of the bed,"a small crater forms, a few particles move outward, and the center becomes darker and damp",one_seed_only,"A realistic fixed-camera macro video in one continuous shot. During the first two seconds, dry ground coffee is arranged as a smooth level bed and completely undisturbed. No water, falling droplet, or wet footprint is visible during these first two seconds. Then exactly one large clear water droplet enters from the top of the frame, falls visibly downward, and contacts the center of the bed. Only after contact, a small crater forms, a few particles move outward, and the center becomes darker and damp. The camera, lighting, background, receiver geometry, and all other objects remain unchanged."
wdp0714,granular_surface,particle_displacement,granular_surface_21,dry ground coffee,1,arranged as a small dry mound and completely undisturbed,the top of the mound,"a small indentation forms, several particles scatter down the sides, and a damp clump remains",one_seed_only,"A realistic fixed-camera macro video in one continuous shot. During the first two seconds, dry ground coffee is arranged as a small dry mound and completely undisturbed. No water, falling droplet, or wet footprint is visible during these first two seconds. Then exactly one large clear water droplet enters from the top of the frame, falls visibly downward, and contacts the top of the mound. Only after contact, a small indentation forms, several particles scatter down the sides, and a damp clump remains. The camera, lighting, background, receiver geometry, and all other objects remain unchanged."
wdp0715,granular_surface,particle_displacement,granular_surface_21,dry ground coffee,2,arranged as a lightly compacted dry layer and completely undisturbed,slightly off-center,a shallow dent forms and nearby particles bind into a small darker damp cluster,one_seed_only,"A realistic fixed-camera macro video in one continuous shot. During the first two seconds, dry ground coffee is arranged as a lightly compacted dry layer and completely undisturbed. No water, falling droplet, or wet footprint is visible during these first two seconds. Then exactly one large clear water droplet enters from the top of the frame, falls visibly downward, and contacts slightly off-center. Only after contact, a shallow dent forms and nearby particles bind into a small darker damp cluster. The camera, lighting, background, receiver geometry, and all other objects remain unchanged."
wdp0716,granular_surface,particle_displacement,granular_surface_22,dry loose black tea leaves,0,arranged as a smooth level bed and completely undisturbed,the center of the bed,"a small crater forms, a few particles move outward, and the center becomes darker and damp",one_seed_only,"A realistic fixed-camera macro video in one continuous shot. During the first two seconds, dry loose black tea leaves is arranged as a smooth level bed and completely undisturbed. No water, falling droplet, or wet footprint is visible during these first two seconds. Then exactly one large clear water droplet enters from the top of the frame, falls visibly downward, and contacts the center of the bed. Only after contact, a small crater forms, a few particles move outward, and the center becomes darker and damp. The camera, lighting, background, receiver geometry, and all other objects remain unchanged."
wdp0717,granular_surface,particle_displacement,granular_surface_22,dry loose black tea leaves,1,arranged as a small dry mound and completely undisturbed,the top of the mound,"a small indentation forms, several particles scatter down the sides, and a damp clump remains",one_seed_only,"A realistic fixed-camera macro video in one continuous shot. During the first two seconds, dry loose black tea leaves is arranged as a small dry mound and completely undisturbed. No water, falling droplet, or wet footprint is visible during these first two seconds. Then exactly one large clear water droplet enters from the top of the frame, falls visibly downward, and contacts the top of the mound. Only after contact, a small indentation forms, several particles scatter down the sides, and a damp clump remains. The camera, lighting, background, receiver geometry, and all other objects remain unchanged."
wdp0718,granular_surface,particle_displacement,granular_surface_22,dry loose black tea leaves,2,arranged as a lightly compacted dry layer and completely undisturbed,slightly off-center,a shallow dent forms and nearby particles bind into a small darker damp cluster,one_seed_only,"A realistic fixed-camera macro video in one continuous shot. During the first two seconds, dry loose black tea leaves is arranged as a lightly compacted dry layer and completely undisturbed. No water, falling droplet, or wet footprint is visible during these first two seconds. Then exactly one large clear water droplet enters from the top of the frame, falls visibly downward, and contacts slightly off-center. Only after contact, a shallow dent forms and nearby particles bind into a small darker damp cluster. The camera, lighting, background, receiver geometry, and all other objects remain unchanged."
wdp0719,granular_surface,particle_displacement,granular_surface_23,fine dry breadcrumbs,0,arranged as a smooth level bed and completely undisturbed,the center of the bed,"a small crater forms, a few particles move outward, and the center becomes darker and damp",one_seed_only,"A realistic fixed-camera macro video in one continuous shot. During the first two seconds, fine dry breadcrumbs is arranged as a smooth level bed and completely undisturbed. No water, falling droplet, or wet footprint is visible during these first two seconds. Then exactly one large clear water droplet enters from the top of the frame, falls visibly downward, and contacts the center of the bed. Only after contact, a small crater forms, a few particles move outward, and the center becomes darker and damp. The camera, lighting, background, receiver geometry, and all other objects remain unchanged."
wdp0720,granular_surface,particle_displacement,granular_surface_23,fine dry breadcrumbs,1,arranged as a small dry mound and completely undisturbed,the top of the mound,"a small indentation forms, several particles scatter down the sides, and a damp clump remains",one_seed_only,"A realistic fixed-camera macro video in one continuous shot. During the first two seconds, fine dry breadcrumbs is arranged as a small dry mound and completely undisturbed. No water, falling droplet, or wet footprint is visible during these first two seconds. Then exactly one large clear water droplet enters from the top of the frame, falls visibly downward, and contacts the top of the mound. Only after contact, a small indentation forms, several particles scatter down the sides, and a damp clump remains. The camera, lighting, background, receiver geometry, and all other objects remain unchanged."
wdp0721,granular_surface,particle_displacement,granular_surface_23,fine dry breadcrumbs,2,arranged as a lightly compacted dry layer and completely undisturbed,slightly off-center,a shallow dent forms and nearby particles bind into a small darker damp cluster,one_seed_only,"A realistic fixed-camera macro video in one continuous shot. During the first two seconds, fine dry breadcrumbs is arranged as a lightly compacted dry layer and completely undisturbed. No water, falling droplet, or wet footprint is visible during these first two seconds. Then exactly one large clear water droplet enters from the top of the frame, falls visibly downward, and contacts slightly off-center. Only after contact, a shallow dent forms and nearby particles bind into a small darker damp cluster. The camera, lighting, background, receiver geometry, and all other objects remain unchanged."
wdp0722,granular_surface,particle_displacement,granular_surface_24,fine sawdust,0,arranged as a smooth level bed and completely undisturbed,the center of the bed,"a small crater forms, a few particles move outward, and the center becomes darker and damp",one_seed_only,"A realistic fixed-camera macro video in one continuous shot. During the first two seconds, fine sawdust is arranged as a smooth level bed and completely undisturbed. No water, falling droplet, or wet footprint is visible during these first two seconds. Then exactly one large clear water droplet enters from the top of the frame, falls visibly downward, and contacts the center of the bed. Only after contact, a small crater forms, a few particles move outward, and the center becomes darker and damp. The camera, lighting, background, receiver geometry, and all other objects remain unchanged."
wdp0723,granular_surface,particle_displacement,granular_surface_24,fine sawdust,1,arranged as a small dry mound and completely undisturbed,the top of the mound,"a small indentation forms, several particles scatter down the sides, and a damp clump remains",one_seed_only,"A realistic fixed-camera macro video in one continuous shot. During the first two seconds, fine sawdust is arranged as a small dry mound and completely undisturbed. No water, falling droplet, or wet footprint is visible during these first two seconds. Then exactly one large clear water droplet enters from the top of the frame, falls visibly downward, and contacts the top of the mound. Only after contact, a small indentation forms, several particles scatter down the sides, and a damp clump remains. The camera, lighting, background, receiver geometry, and all other objects remain unchanged."
wdp0724,granular_surface,particle_displacement,granular_surface_24,fine sawdust,2,arranged as a lightly compacted dry layer and completely undisturbed,slightly off-center,a shallow dent forms and nearby particles bind into a small darker damp cluster,one_seed_only,"A realistic fixed-camera macro video in one continuous shot. During the first two seconds, fine sawdust is arranged as a lightly compacted dry layer and completely undisturbed. No water, falling droplet, or wet footprint is visible during these first two seconds. Then exactly one large clear water droplet enters from the top of the frame, falls visibly downward, and contacts slightly off-center. Only after contact, a shallow dent forms and nearby particles bind into a small darker damp cluster. The camera, lighting, background, receiver geometry, and all other objects remain unchanged."
wdp0725,granular_surface,particle_displacement,granular_surface_25,wood flour,0,arranged as a smooth level bed and completely undisturbed,the center of the bed,"a small crater forms, a few particles move outward, and the center becomes darker and damp",one_seed_only,"A realistic fixed-camera macro video in one continuous shot. During the first two seconds, wood flour is arranged as a smooth level bed and completely undisturbed. No water, falling droplet, or wet footprint is visible during these first two seconds. Then exactly one large clear water droplet enters from the top of the frame, falls visibly downward, and contacts the center of the bed. Only after contact, a small crater forms, a few particles move outward, and the center becomes darker and damp. The camera, lighting, background, receiver geometry, and all other objects remain unchanged."
wdp0726,granular_surface,particle_displacement,granular_surface_25,wood flour,1,arranged as a small dry mound and completely undisturbed,the top of the mound,"a small indentation forms, several particles scatter down the sides, and a damp clump remains",one_seed_only,"A realistic fixed-camera macro video in one continuous shot. During the first two seconds, wood flour is arranged as a small dry mound and completely undisturbed. No water, falling droplet, or wet footprint is visible during these first two seconds. Then exactly one large clear water droplet enters from the top of the frame, falls visibly downward, and contacts the top of the mound. Only after contact, a small indentation forms, several particles scatter down the sides, and a damp clump remains. The camera, lighting, background, receiver geometry, and all other objects remain unchanged."
wdp0727,granular_surface,particle_displacement,granular_surface_25,wood flour,2,arranged as a lightly compacted dry layer and completely undisturbed,slightly off-center,a shallow dent forms and nearby particles bind into a small darker damp cluster,one_seed_only,"A realistic fixed-camera macro video in one continuous shot. During the first two seconds, wood flour is arranged as a lightly compacted dry layer and completely undisturbed. No water, falling droplet, or wet footprint is visible during these first two seconds. Then exactly one large clear water droplet enters from the top of the frame, falls visibly downward, and contacts slightly off-center. Only after contact, a shallow dent forms and nearby particles bind into a small darker damp cluster. The camera, lighting, background, receiver geometry, and all other objects remain unchanged."
wdp0728,granular_surface,particle_displacement,granular_surface_26,pale chalk dust,0,arranged as a smooth level bed and completely undisturbed,the center of the bed,"a small crater forms, a few particles move outward, and the center becomes darker and damp",one_seed_only,"A realistic fixed-camera macro video in one continuous shot. During the first two seconds, pale chalk dust is arranged as a smooth level bed and completely undisturbed. No water, falling droplet, or wet footprint is visible during these first two seconds. Then exactly one large clear water droplet enters from the top of the frame, falls visibly downward, and contacts the center of the bed. Only after contact, a small crater forms, a few particles move outward, and the center becomes darker and damp. The camera, lighting, background, receiver geometry, and all other objects remain unchanged."
wdp0729,granular_surface,particle_displacement,granular_surface_26,pale chalk dust,1,arranged as a small dry mound and completely undisturbed,the top of the mound,"a small indentation forms, several particles scatter down the sides, and a damp clump remains",one_seed_only,"A realistic fixed-camera macro video in one continuous shot. During the first two seconds, pale chalk dust is arranged as a small dry mound and completely undisturbed. No water, falling droplet, or wet footprint is visible during these first two seconds. Then exactly one large clear water droplet enters from the top of the frame, falls visibly downward, and contacts the top of the mound. Only after contact, a small indentation forms, several particles scatter down the sides, and a damp clump remains. The camera, lighting, background, receiver geometry, and all other objects remain unchanged."
wdp0730,granular_surface,particle_displacement,granular_surface_26,pale chalk dust,2,arranged as a lightly compacted dry layer and completely undisturbed,slightly off-center,a shallow dent forms and nearby particles bind into a small darker damp cluster,one_seed_only,"A realistic fixed-camera macro video in one continuous shot. During the first two seconds, pale chalk dust is arranged as a lightly compacted dry layer and completely undisturbed. No water, falling droplet, or wet footprint is visible during these first two seconds. Then exactly one large clear water droplet enters from the top of the frame, falls visibly downward, and contacts slightly off-center. Only after contact, a shallow dent forms and nearby particles bind into a small darker damp cluster. The camera, lighting, background, receiver geometry, and all other objects remain unchanged."
wdp0731,granular_surface,particle_displacement,granular_surface_27,dry cement powder,0,arranged as a smooth level bed and completely undisturbed,the center of the bed,"a small crater forms, a few particles move outward, and the center becomes darker and damp",one_seed_only,"A realistic fixed-camera macro video in one continuous shot. During the first two seconds, dry cement powder is arranged as a smooth level bed and completely undisturbed. No water, falling droplet, or wet footprint is visible during these first two seconds. Then exactly one large clear water droplet enters from the top of the frame, falls visibly downward, and contacts the center of the bed. Only after contact, a small crater forms, a few particles move outward, and the center becomes darker and damp. The camera, lighting, background, receiver geometry, and all other objects remain unchanged."
wdp0732,granular_surface,particle_displacement,granular_surface_27,dry cement powder,1,arranged as a small dry mound and completely undisturbed,the top of the mound,"a small indentation forms, several particles scatter down the sides, and a damp clump remains",one_seed_only,"A realistic fixed-camera macro video in one continuous shot. During the first two seconds, dry cement powder is arranged as a small dry mound and completely undisturbed. No water, falling droplet, or wet footprint is visible during these first two seconds. Then exactly one large clear water droplet enters from the top of the frame, falls visibly downward, and contacts the top of the mound. Only after contact, a small indentation forms, several particles scatter down the sides, and a damp clump remains. The camera, lighting, background, receiver geometry, and all other objects remain unchanged."
wdp0733,granular_surface,particle_displacement,granular_surface_27,dry cement powder,2,arranged as a lightly compacted dry layer and completely undisturbed,slightly off-center,a shallow dent forms and nearby particles bind into a small darker damp cluster,one_seed_only,"A realistic fixed-camera macro video in one continuous shot. During the first two seconds, dry cement powder is arranged as a lightly compacted dry layer and completely undisturbed. No water, falling droplet, or wet footprint is visible during these first two seconds. Then exactly one large clear water droplet enters from the top of the frame, falls visibly downward, and contacts slightly off-center. Only after contact, a shallow dent forms and nearby particles bind into a small darker damp cluster. The camera, lighting, background, receiver geometry, and all other objects remain unchanged."
wdp0734,granular_surface,particle_displacement,granular_surface_28,dry plaster powder,0,arranged as a smooth level bed and completely undisturbed,the center of the bed,"a small crater forms, a few particles move outward, and the center becomes darker and damp",one_seed_only,"A realistic fixed-camera macro video in one continuous shot. During the first two seconds, dry plaster powder is arranged as a smooth level bed and completely undisturbed. No water, falling droplet, or wet footprint is visible during these first two seconds. Then exactly one large clear water droplet enters from the top of the frame, falls visibly downward, and contacts the center of the bed. Only after contact, a small crater forms, a few particles move outward, and the center becomes darker and damp. The camera, lighting, background, receiver geometry, and all other objects remain unchanged."
wdp0735,granular_surface,particle_displacement,granular_surface_28,dry plaster powder,1,arranged as a small dry mound and completely undisturbed,the top of the mound,"a small indentation forms, several particles scatter down the sides, and a damp clump remains",one_seed_only,"A realistic fixed-camera macro video in one continuous shot. During the first two seconds, dry plaster powder is arranged as a small dry mound and completely undisturbed. No water, falling droplet, or wet footprint is visible during these first two seconds. Then exactly one large clear water droplet enters from the top of the frame, falls visibly downward, and contacts the top of the mound. Only after contact, a small indentation forms, several particles scatter down the sides, and a damp clump remains. The camera, lighting, background, receiver geometry, and all other objects remain unchanged."
wdp0736,granular_surface,particle_displacement,granular_surface_28,dry plaster powder,2,arranged as a lightly compacted dry layer and completely undisturbed,slightly off-center,a shallow dent forms and nearby particles bind into a small darker damp cluster,one_seed_only,"A realistic fixed-camera macro video in one continuous shot. During the first two seconds, dry plaster powder is arranged as a lightly compacted dry layer and completely undisturbed. No water, falling droplet, or wet footprint is visible during these first two seconds. Then exactly one large clear water droplet enters from the top of the frame, falls visibly downward, and contacts slightly off-center. Only after contact, a shallow dent forms and nearby particles bind into a small darker damp cluster. The camera, lighting, background, receiver geometry, and all other objects remain unchanged."
wdp0737,granular_surface,particle_displacement,granular_surface_29,talcum powder,0,arranged as a smooth level bed and completely undisturbed,the center of the bed,"a small crater forms, a few particles move outward, and the center becomes darker and damp",one_seed_only,"A realistic fixed-camera macro video in one continuous shot. During the first two seconds, talcum powder is arranged as a smooth level bed and completely undisturbed. No water, falling droplet, or wet footprint is visible during these first two seconds. Then exactly one large clear water droplet enters from the top of the frame, falls visibly downward, and contacts the center of the bed. Only after contact, a small crater forms, a few particles move outward, and the center becomes darker and damp. The camera, lighting, background, receiver geometry, and all other objects remain unchanged."
wdp0738,granular_surface,particle_displacement,granular_surface_29,talcum powder,1,arranged as a small dry mound and completely undisturbed,the top of the mound,"a small indentation forms, several particles scatter down the sides, and a damp clump remains",one_seed_only,"A realistic fixed-camera macro video in one continuous shot. During the first two seconds, talcum powder is arranged as a small dry mound and completely undisturbed. No water, falling droplet, or wet footprint is visible during these first two seconds. Then exactly one large clear water droplet enters from the top of the frame, falls visibly downward, and contacts the top of the mound. Only after contact, a small indentation forms, several particles scatter down the sides, and a damp clump remains. The camera, lighting, background, receiver geometry, and all other objects remain unchanged."
wdp0739,granular_surface,particle_displacement,granular_surface_29,talcum powder,2,arranged as a lightly compacted dry layer and completely undisturbed,slightly off-center,a shallow dent forms and nearby particles bind into a small darker damp cluster,one_seed_only,"A realistic fixed-camera macro video in one continuous shot. During the first two seconds, talcum powder is arranged as a lightly compacted dry layer and completely undisturbed. No water, falling droplet, or wet footprint is visible during these first two seconds. Then exactly one large clear water droplet enters from the top of the frame, falls visibly downward, and contacts slightly off-center. Only after contact, a shallow dent forms and nearby particles bind into a small darker damp cluster. The camera, lighting, background, receiver geometry, and all other objects remain unchanged."
wdp0740,granular_surface,particle_displacement,granular_surface_30,graphite powder,0,arranged as a smooth level bed and completely undisturbed,the center of the bed,"a small crater forms, a few particles move outward, and the center becomes darker and damp",one_seed_only,"A realistic fixed-camera macro video in one continuous shot. During the first two seconds, graphite powder is arranged as a smooth level bed and completely undisturbed. No water, falling droplet, or wet footprint is visible during these first two seconds. Then exactly one large clear water droplet enters from the top of the frame, falls visibly downward, and contacts the center of the bed. Only after contact, a small crater forms, a few particles move outward, and the center becomes darker and damp. The camera, lighting, background, receiver geometry, and all other objects remain unchanged."
wdp0741,granular_surface,particle_displacement,granular_surface_30,graphite powder,1,arranged as a small dry mound and completely undisturbed,the top of the mound,"a small indentation forms, several particles scatter down the sides, and a damp clump remains",one_seed_only,"A realistic fixed-camera macro video in one continuous shot. During the first two seconds, graphite powder is arranged as a small dry mound and completely undisturbed. No water, falling droplet, or wet footprint is visible during these first two seconds. Then exactly one large clear water droplet enters from the top of the frame, falls visibly downward, and contacts the top of the mound. Only after contact, a small indentation forms, several particles scatter down the sides, and a damp clump remains. The camera, lighting, background, receiver geometry, and all other objects remain unchanged."
wdp0742,granular_surface,particle_displacement,granular_surface_30,graphite powder,2,arranged as a lightly compacted dry layer and completely undisturbed,slightly off-center,a shallow dent forms and nearby particles bind into a small darker damp cluster,one_seed_only,"A realistic fixed-camera macro video in one continuous shot. During the first two seconds, graphite powder is arranged as a lightly compacted dry layer and completely undisturbed. No water, falling droplet, or wet footprint is visible during these first two seconds. Then exactly one large clear water droplet enters from the top of the frame, falls visibly downward, and contacts slightly off-center. Only after contact, a shallow dent forms and nearby particles bind into a small darker damp cluster. The camera, lighting, background, receiver geometry, and all other objects remain unchanged."
wdp0743,granular_surface,particle_displacement,granular_surface_31,charcoal powder,0,arranged as a smooth level bed and completely undisturbed,the center of the bed,"a small crater forms, a few particles move outward, and the center becomes darker and damp",one_seed_only,"A realistic fixed-camera macro video in one continuous shot. During the first two seconds, charcoal powder is arranged as a smooth level bed and completely undisturbed. No water, falling droplet, or wet footprint is visible during these first two seconds. Then exactly one large clear water droplet enters from the top of the frame, falls visibly downward, and contacts the center of the bed. Only after contact, a small crater forms, a few particles move outward, and the center becomes darker and damp. The camera, lighting, background, receiver geometry, and all other objects remain unchanged."
wdp0744,granular_surface,particle_displacement,granular_surface_31,charcoal powder,1,arranged as a small dry mound and completely undisturbed,the top of the mound,"a small indentation forms, several particles scatter down the sides, and a damp clump remains",one_seed_only,"A realistic fixed-camera macro video in one continuous shot. During the first two seconds, charcoal powder is arranged as a small dry mound and completely undisturbed. No water, falling droplet, or wet footprint is visible during these first two seconds. Then exactly one large clear water droplet enters from the top of the frame, falls visibly downward, and contacts the top of the mound. Only after contact, a small indentation forms, several particles scatter down the sides, and a damp clump remains. The camera, lighting, background, receiver geometry, and all other objects remain unchanged."
wdp0745,granular_surface,particle_displacement,granular_surface_31,charcoal powder,2,arranged as a lightly compacted dry layer and completely undisturbed,slightly off-center,a shallow dent forms and nearby particles bind into a small darker damp cluster,one_seed_only,"A realistic fixed-camera macro video in one continuous shot. During the first two seconds, charcoal powder is arranged as a lightly compacted dry layer and completely undisturbed. No water, falling droplet, or wet footprint is visible during these first two seconds. Then exactly one large clear water droplet enters from the top of the frame, falls visibly downward, and contacts slightly off-center. Only after contact, a shallow dent forms and nearby particles bind into a small darker damp cluster. The camera, lighting, background, receiver geometry, and all other objects remain unchanged."
wdp0746,granular_surface,particle_displacement,granular_surface_32,fine iron filings,0,arranged as a smooth level bed and completely undisturbed,the center of the bed,"a small crater forms, a few particles move outward, and the center becomes darker and damp",one_seed_only,"A realistic fixed-camera macro video in one continuous shot. During the first two seconds, fine iron filings is arranged as a smooth level bed and completely undisturbed. No water, falling droplet, or wet footprint is visible during these first two seconds. Then exactly one large clear water droplet enters from the top of the frame, falls visibly downward, and contacts the center of the bed. Only after contact, a small crater forms, a few particles move outward, and the center becomes darker and damp. The camera, lighting, background, receiver geometry, and all other objects remain unchanged."
wdp0747,granular_surface,particle_displacement,granular_surface_32,fine iron filings,1,arranged as a small dry mound and completely undisturbed,the top of the mound,"a small indentation forms, several particles scatter down the sides, and a damp clump remains",one_seed_only,"A realistic fixed-camera macro video in one continuous shot. During the first two seconds, fine iron filings is arranged as a small dry mound and completely undisturbed. No water, falling droplet, or wet footprint is visible during these first two seconds. Then exactly one large clear water droplet enters from the top of the frame, falls visibly downward, and contacts the top of the mound. Only after contact, a small indentation forms, several particles scatter down the sides, and a damp clump remains. The camera, lighting, background, receiver geometry, and all other objects remain unchanged."
wdp0748,granular_surface,particle_displacement,granular_surface_32,fine iron filings,2,arranged as a lightly compacted dry layer and completely undisturbed,slightly off-center,a shallow dent forms and nearby particles bind into a small darker damp cluster,one_seed_only,"A realistic fixed-camera macro video in one continuous shot. During the first two seconds, fine iron filings is arranged as a lightly compacted dry layer and completely undisturbed. No water, falling droplet, or wet footprint is visible during these first two seconds. Then exactly one large clear water droplet enters from the top of the frame, falls visibly downward, and contacts slightly off-center. Only after contact, a shallow dent forms and nearby particles bind into a small darker damp cluster. The camera, lighting, background, receiver geometry, and all other objects remain unchanged."
wdp0749,granular_surface,particle_displacement,granular_surface_33,tiny clear glass beads,0,arranged as a smooth level bed and completely undisturbed,the center of the bed,"a small crater forms, a few particles move outward, and the center becomes darker and damp",one_seed_only,"A realistic fixed-camera macro video in one continuous shot. During the first two seconds, tiny clear glass beads is arranged as a smooth level bed and completely undisturbed. No water, falling droplet, or wet footprint is visible during these first two seconds. Then exactly one large clear water droplet enters from the top of the frame, falls visibly downward, and contacts the center of the bed. Only after contact, a small crater forms, a few particles move outward, and the center becomes darker and damp. The camera, lighting, background, receiver geometry, and all other objects remain unchanged."
wdp0750,granular_surface,particle_displacement,granular_surface_33,tiny clear glass beads,1,arranged as a small dry mound and completely undisturbed,the top of the mound,"a small indentation forms, several particles scatter down the sides, and a damp clump remains",one_seed_only,"A realistic fixed-camera macro video in one continuous shot. During the first two seconds, tiny clear glass beads is arranged as a small dry mound and completely undisturbed. No water, falling droplet, or wet footprint is visible during these first two seconds. Then exactly one large clear water droplet enters from the top of the frame, falls visibly downward, and contacts the top of the mound. Only after contact, a small indentation forms, several particles scatter down the sides, and a damp clump remains. The camera, lighting, background, receiver geometry, and all other objects remain unchanged."
wdp0751,granular_surface,particle_displacement,granular_surface_33,tiny clear glass beads,2,arranged as a lightly compacted dry layer and completely undisturbed,slightly off-center,a shallow dent forms and nearby particles bind into a small darker damp cluster,one_seed_only,"A realistic fixed-camera macro video in one continuous shot. During the first two seconds, tiny clear glass beads is arranged as a lightly compacted dry layer and completely undisturbed. No water, falling droplet, or wet footprint is visible during these first two seconds. Then exactly one large clear water droplet enters from the top of the frame, falls visibly downward, and contacts slightly off-center. Only after contact, a shallow dent forms and nearby particles bind into a small darker damp cluster. The camera, lighting, background, receiver geometry, and all other objects remain unchanged."
wdp0752,granular_surface,particle_displacement,granular_surface_34,tiny plastic beads,0,arranged as a smooth level bed and completely undisturbed,the center of the bed,"a small crater forms, a few particles move outward, and the center becomes darker and damp",one_seed_only,"A realistic fixed-camera macro video in one continuous shot. During the first two seconds, tiny plastic beads is arranged as a smooth level bed and completely undisturbed. No water, falling droplet, or wet footprint is visible during these first two seconds. Then exactly one large clear water droplet enters from the top of the frame, falls visibly downward, and contacts the center of the bed. Only after contact, a small crater forms, a few particles move outward, and the center becomes darker and damp. The camera, lighting, background, receiver geometry, and all other objects remain unchanged."
wdp0753,granular_surface,particle_displacement,granular_surface_34,tiny plastic beads,1,arranged as a small dry mound and completely undisturbed,the top of the mound,"a small indentation forms, several particles scatter down the sides, and a damp clump remains",one_seed_only,"A realistic fixed-camera macro video in one continuous shot. During the first two seconds, tiny plastic beads is arranged as a small dry mound and completely undisturbed. No water, falling droplet, or wet footprint is visible during these first two seconds. Then exactly one large clear water droplet enters from the top of the frame, falls visibly downward, and contacts the top of the mound. Only after contact, a small indentation forms, several particles scatter down the sides, and a damp clump remains. The camera, lighting, background, receiver geometry, and all other objects remain unchanged."
wdp0754,granular_surface,particle_displacement,granular_surface_34,tiny plastic beads,2,arranged as a lightly compacted dry layer and completely undisturbed,slightly off-center,a shallow dent forms and nearby particles bind into a small darker damp cluster,one_seed_only,"A realistic fixed-camera macro video in one continuous shot. During the first two seconds, tiny plastic beads is arranged as a lightly compacted dry layer and completely undisturbed. No water, falling droplet, or wet footprint is visible during these first two seconds. Then exactly one large clear water droplet enters from the top of the frame, falls visibly downward, and contacts slightly off-center. Only after contact, a shallow dent forms and nearby particles bind into a small darker damp cluster. The camera, lighting, background, receiver geometry, and all other objects remain unchanged."
wdp0755,granular_surface,particle_displacement,granular_surface_35,uncooked white rice grains,0,arranged as a smooth level bed and completely undisturbed,the center of the bed,"a small crater forms, a few particles move outward, and the center becomes darker and damp",one_seed_only,"A realistic fixed-camera macro video in one continuous shot. During the first two seconds, uncooked white rice grains is arranged as a smooth level bed and completely undisturbed. No water, falling droplet, or wet footprint is visible during these first two seconds. Then exactly one large clear water droplet enters from the top of the frame, falls visibly downward, and contacts the center of the bed. Only after contact, a small crater forms, a few particles move outward, and the center becomes darker and damp. The camera, lighting, background, receiver geometry, and all other objects remain unchanged."
wdp0756,granular_surface,particle_displacement,granular_surface_35,uncooked white rice grains,1,arranged as a small dry mound and completely undisturbed,the top of the mound,"a small indentation forms, several particles scatter down the sides, and a damp clump remains",one_seed_only,"A realistic fixed-camera macro video in one continuous shot. During the first two seconds, uncooked white rice grains is arranged as a small dry mound and completely undisturbed. No water, falling droplet, or wet footprint is visible during these first two seconds. Then exactly one large clear water droplet enters from the top of the frame, falls visibly downward, and contacts the top of the mound. Only after contact, a small indentation forms, several particles scatter down the sides, and a damp clump remains. The camera, lighting, background, receiver geometry, and all other objects remain unchanged."
wdp0757,granular_surface,particle_displacement,granular_surface_35,uncooked white rice grains,2,arranged as a lightly compacted dry layer and completely undisturbed,slightly off-center,a shallow dent forms and nearby particles bind into a small darker damp cluster,one_seed_only,"A realistic fixed-camera macro video in one continuous shot. During the first two seconds, uncooked white rice grains is arranged as a lightly compacted dry layer and completely undisturbed. No water, falling droplet, or wet footprint is visible during these first two seconds. Then exactly one large clear water droplet enters from the top of the frame, falls visibly downward, and contacts slightly off-center. Only after contact, a shallow dent forms and nearby particles bind into a small darker damp cluster. The camera, lighting, background, receiver geometry, and all other objects remain unchanged."
wdp0758,granular_surface,particle_displacement,granular_surface_36,dry red lentils,0,arranged as a smooth level bed and completely undisturbed,the center of the bed,"a small crater forms, a few particles move outward, and the center becomes darker and damp",one_seed_only,"A realistic fixed-camera macro video in one continuous shot. During the first two seconds, dry red lentils is arranged as a smooth level bed and completely undisturbed. No water, falling droplet, or wet footprint is visible during these first two seconds. Then exactly one large clear water droplet enters from the top of the frame, falls visibly downward, and contacts the center of the bed. Only after contact, a small crater forms, a few particles move outward, and the center becomes darker and damp. The camera, lighting, background, receiver geometry, and all other objects remain unchanged."
wdp0759,granular_surface,particle_displacement,granular_surface_36,dry red lentils,1,arranged as a small dry mound and completely undisturbed,the top of the mound,"a small indentation forms, several particles scatter down the sides, and a damp clump remains",one_seed_only,"A realistic fixed-camera macro video in one continuous shot. During the first two seconds, dry red lentils is arranged as a small dry mound and completely undisturbed. No water, falling droplet, or wet footprint is visible during these first two seconds. Then exactly one large clear water droplet enters from the top of the frame, falls visibly downward, and contacts the top of the mound. Only after contact, a small indentation forms, several particles scatter down the sides, and a damp clump remains. The camera, lighting, background, receiver geometry, and all other objects remain unchanged."
wdp0760,granular_surface,particle_displacement,granular_surface_36,dry red lentils,2,arranged as a lightly compacted dry layer and completely undisturbed,slightly off-center,a shallow dent forms and nearby particles bind into a small darker damp cluster,one_seed_only,"A realistic fixed-camera macro video in one continuous shot. During the first two seconds, dry red lentils is arranged as a lightly compacted dry layer and completely undisturbed. No water, falling droplet, or wet footprint is visible during these first two seconds. Then exactly one large clear water droplet enters from the top of the frame, falls visibly downward, and contacts slightly off-center. Only after contact, a shallow dent forms and nearby particles bind into a small darker damp cluster. The camera, lighting, background, receiver geometry, and all other objects remain unchanged."
wdp0761,granular_surface,particle_displacement,granular_surface_37,dry quinoa grains,0,arranged as a smooth level bed and completely undisturbed,the center of the bed,"a small crater forms, a few particles move outward, and the center becomes darker and damp",one_seed_only,"A realistic fixed-camera macro video in one continuous shot. During the first two seconds, dry quinoa grains is arranged as a smooth level bed and completely undisturbed. No water, falling droplet, or wet footprint is visible during these first two seconds. Then exactly one large clear water droplet enters from the top of the frame, falls visibly downward, and contacts the center of the bed. Only after contact, a small crater forms, a few particles move outward, and the center becomes darker and damp. The camera, lighting, background, receiver geometry, and all other objects remain unchanged."
wdp0762,granular_surface,particle_displacement,granular_surface_37,dry quinoa grains,1,arranged as a small dry mound and completely undisturbed,the top of the mound,"a small indentation forms, several particles scatter down the sides, and a damp clump remains",one_seed_only,"A realistic fixed-camera macro video in one continuous shot. During the first two seconds, dry quinoa grains is arranged as a small dry mound and completely undisturbed. No water, falling droplet, or wet footprint is visible during these first two seconds. Then exactly one large clear water droplet enters from the top of the frame, falls visibly downward, and contacts the top of the mound. Only after contact, a small indentation forms, several particles scatter down the sides, and a damp clump remains. The camera, lighting, background, receiver geometry, and all other objects remain unchanged."
wdp0763,granular_surface,particle_displacement,granular_surface_37,dry quinoa grains,2,arranged as a lightly compacted dry layer and completely undisturbed,slightly off-center,a shallow dent forms and nearby particles bind into a small darker damp cluster,one_seed_only,"A realistic fixed-camera macro video in one continuous shot. During the first two seconds, dry quinoa grains is arranged as a lightly compacted dry layer and completely undisturbed. No water, falling droplet, or wet footprint is visible during these first two seconds. Then exactly one large clear water droplet enters from the top of the frame, falls visibly downward, and contacts slightly off-center. Only after contact, a shallow dent forms and nearby particles bind into a small darker damp cluster. The camera, lighting, background, receiver geometry, and all other objects remain unchanged."
wdp0764,granular_surface,particle_displacement,granular_surface_38,dry couscous grains,0,arranged as a smooth level bed and completely undisturbed,the center of the bed,"a small crater forms, a few particles move outward, and the center becomes darker and damp",one_seed_only,"A realistic fixed-camera macro video in one continuous shot. During the first two seconds, dry couscous grains is arranged as a smooth level bed and completely undisturbed. No water, falling droplet, or wet footprint is visible during these first two seconds. Then exactly one large clear water droplet enters from the top of the frame, falls visibly downward, and contacts the center of the bed. Only after contact, a small crater forms, a few particles move outward, and the center becomes darker and damp. The camera, lighting, background, receiver geometry, and all other objects remain unchanged."
wdp0765,granular_surface,particle_displacement,granular_surface_38,dry couscous grains,1,arranged as a small dry mound and completely undisturbed,the top of the mound,"a small indentation forms, several particles scatter down the sides, and a damp clump remains",one_seed_only,"A realistic fixed-camera macro video in one continuous shot. During the first two seconds, dry couscous grains is arranged as a small dry mound and completely undisturbed. No water, falling droplet, or wet footprint is visible during these first two seconds. Then exactly one large clear water droplet enters from the top of the frame, falls visibly downward, and contacts the top of the mound. Only after contact, a small indentation forms, several particles scatter down the sides, and a damp clump remains. The camera, lighting, background, receiver geometry, and all other objects remain unchanged."
wdp0766,granular_surface,particle_displacement,granular_surface_38,dry couscous grains,2,arranged as a lightly compacted dry layer and completely undisturbed,slightly off-center,a shallow dent forms and nearby particles bind into a small darker damp cluster,one_seed_only,"A realistic fixed-camera macro video in one continuous shot. During the first two seconds, dry couscous grains is arranged as a lightly compacted dry layer and completely undisturbed. No water, falling droplet, or wet footprint is visible during these first two seconds. Then exactly one large clear water droplet enters from the top of the frame, falls visibly downward, and contacts slightly off-center. Only after contact, a shallow dent forms and nearby particles bind into a small darker damp cluster. The camera, lighting, background, receiver geometry, and all other objects remain unchanged."
wdp0767,granular_surface,particle_displacement,granular_surface_39,white sesame seeds,0,arranged as a smooth level bed and completely undisturbed,the center of the bed,"a small crater forms, a few particles move outward, and the center becomes darker and damp",one_seed_only,"A realistic fixed-camera macro video in one continuous shot. During the first two seconds, white sesame seeds is arranged as a smooth level bed and completely undisturbed. No water, falling droplet, or wet footprint is visible during these first two seconds. Then exactly one large clear water droplet enters from the top of the frame, falls visibly downward, and contacts the center of the bed. Only after contact, a small crater forms, a few particles move outward, and the center becomes darker and damp. The camera, lighting, background, receiver geometry, and all other objects remain unchanged."
wdp0768,granular_surface,particle_displacement,granular_surface_39,white sesame seeds,1,arranged as a small dry mound and completely undisturbed,the top of the mound,"a small indentation forms, several particles scatter down the sides, and a damp clump remains",one_seed_only,"A realistic fixed-camera macro video in one continuous shot. During the first two seconds, white sesame seeds is arranged as a small dry mound and completely undisturbed. No water, falling droplet, or wet footprint is visible during these first two seconds. Then exactly one large clear water droplet enters from the top of the frame, falls visibly downward, and contacts the top of the mound. Only after contact, a small indentation forms, several particles scatter down the sides, and a damp clump remains. The camera, lighting, background, receiver geometry, and all other objects remain unchanged."
wdp0769,granular_surface,particle_displacement,granular_surface_39,white sesame seeds,2,arranged as a lightly compacted dry layer and completely undisturbed,slightly off-center,a shallow dent forms and nearby particles bind into a small darker damp cluster,one_seed_only,"A realistic fixed-camera macro video in one continuous shot. During the first two seconds, white sesame seeds is arranged as a lightly compacted dry layer and completely undisturbed. No water, falling droplet, or wet footprint is visible during these first two seconds. Then exactly one large clear water droplet enters from the top of the frame, falls visibly downward, and contacts slightly off-center. Only after contact, a shallow dent forms and nearby particles bind into a small darker damp cluster. The camera, lighting, background, receiver geometry, and all other objects remain unchanged."
wdp0770,granular_surface,particle_displacement,granular_surface_40,black poppy seeds,0,arranged as a smooth level bed and completely undisturbed,the center of the bed,"a small crater forms, a few particles move outward, and the center becomes darker and damp",one_seed_only,"A realistic fixed-camera macro video in one continuous shot. During the first two seconds, black poppy seeds is arranged as a smooth level bed and completely undisturbed. No water, falling droplet, or wet footprint is visible during these first two seconds. Then exactly one large clear water droplet enters from the top of the frame, falls visibly downward, and contacts the center of the bed. Only after contact, a small crater forms, a few particles move outward, and the center becomes darker and damp. The camera, lighting, background, receiver geometry, and all other objects remain unchanged."
wdp0771,granular_surface,particle_displacement,granular_surface_40,black poppy seeds,1,arranged as a small dry mound and completely undisturbed,the top of the mound,"a small indentation forms, several particles scatter down the sides, and a damp clump remains",one_seed_only,"A realistic fixed-camera macro video in one continuous shot. During the first two seconds, black poppy seeds is arranged as a small dry mound and completely undisturbed. No water, falling droplet, or wet footprint is visible during these first two seconds. Then exactly one large clear water droplet enters from the top of the frame, falls visibly downward, and contacts the top of the mound. Only after contact, a small indentation forms, several particles scatter down the sides, and a damp clump remains. The camera, lighting, background, receiver geometry, and all other objects remain unchanged."
wdp0772,granular_surface,particle_displacement,granular_surface_40,black poppy seeds,2,arranged as a lightly compacted dry layer and completely undisturbed,slightly off-center,a shallow dent forms and nearby particles bind into a small darker damp cluster,one_seed_only,"A realistic fixed-camera macro video in one continuous shot. During the first two seconds, black poppy seeds is arranged as a lightly compacted dry layer and completely undisturbed. No water, falling droplet, or wet footprint is visible during these first two seconds. Then exactly one large clear water droplet enters from the top of the frame, falls visibly downward, and contacts slightly off-center. Only after contact, a shallow dent forms and nearby particles bind into a small darker damp cluster. The camera, lighting, background, receiver geometry, and all other objects remain unchanged."
wdp0773,granular_surface,particle_displacement,granular_surface_41,dry chia seeds,0,arranged as a smooth level bed and completely undisturbed,the center of the bed,"a small crater forms, a few particles move outward, and the center becomes darker and damp",one_seed_only,"A realistic fixed-camera macro video in one continuous shot. During the first two seconds, dry chia seeds is arranged as a smooth level bed and completely undisturbed. No water, falling droplet, or wet footprint is visible during these first two seconds. Then exactly one large clear water droplet enters from the top of the frame, falls visibly downward, and contacts the center of the bed. Only after contact, a small crater forms, a few particles move outward, and the center becomes darker and damp. The camera, lighting, background, receiver geometry, and all other objects remain unchanged."
wdp0774,granular_surface,particle_displacement,granular_surface_41,dry chia seeds,1,arranged as a small dry mound and completely undisturbed,the top of the mound,"a small indentation forms, several particles scatter down the sides, and a damp clump remains",one_seed_only,"A realistic fixed-camera macro video in one continuous shot. During the first two seconds, dry chia seeds is arranged as a small dry mound and completely undisturbed. No water, falling droplet, or wet footprint is visible during these first two seconds. Then exactly one large clear water droplet enters from the top of the frame, falls visibly downward, and contacts the top of the mound. Only after contact, a small indentation forms, several particles scatter down the sides, and a damp clump remains. The camera, lighting, background, receiver geometry, and all other objects remain unchanged."
wdp0775,granular_surface,particle_displacement,granular_surface_41,dry chia seeds,2,arranged as a lightly compacted dry layer and completely undisturbed,slightly off-center,a shallow dent forms and nearby particles bind into a small darker damp cluster,one_seed_only,"A realistic fixed-camera macro video in one continuous shot. During the first two seconds, dry chia seeds is arranged as a lightly compacted dry layer and completely undisturbed. No water, falling droplet, or wet footprint is visible during these first two seconds. Then exactly one large clear water droplet enters from the top of the frame, falls visibly downward, and contacts slightly off-center. Only after contact, a shallow dent forms and nearby particles bind into a small darker damp cluster. The camera, lighting, background, receiver geometry, and all other objects remain unchanged."
wdp0776,granular_surface,particle_displacement,granular_surface_42,coarsely crushed black pepper,0,arranged as a smooth level bed and completely undisturbed,the center of the bed,"a small crater forms, a few particles move outward, and the center becomes darker and damp",one_seed_only,"A realistic fixed-camera macro video in one continuous shot. During the first two seconds, coarsely crushed black pepper is arranged as a smooth level bed and completely undisturbed. No water, falling droplet, or wet footprint is visible during these first two seconds. Then exactly one large clear water droplet enters from the top of the frame, falls visibly downward, and contacts the center of the bed. Only after contact, a small crater forms, a few particles move outward, and the center becomes darker and damp. The camera, lighting, background, receiver geometry, and all other objects remain unchanged."
wdp0777,granular_surface,particle_displacement,granular_surface_42,coarsely crushed black pepper,1,arranged as a small dry mound and completely undisturbed,the top of the mound,"a small indentation forms, several particles scatter down the sides, and a damp clump remains",one_seed_only,"A realistic fixed-camera macro video in one continuous shot. During the first two seconds, coarsely crushed black pepper is arranged as a small dry mound and completely undisturbed. No water, falling droplet, or wet footprint is visible during these first two seconds. Then exactly one large clear water droplet enters from the top of the frame, falls visibly downward, and contacts the top of the mound. Only after contact, a small indentation forms, several particles scatter down the sides, and a damp clump remains. The camera, lighting, background, receiver geometry, and all other objects remain unchanged."
wdp0778,granular_surface,particle_displacement,granular_surface_42,coarsely crushed black pepper,2,arranged as a lightly compacted dry layer and completely undisturbed,slightly off-center,a shallow dent forms and nearby particles bind into a small darker damp cluster,one_seed_only,"A realistic fixed-camera macro video in one continuous shot. During the first two seconds, coarsely crushed black pepper is arranged as a lightly compacted dry layer and completely undisturbed. No water, falling droplet, or wet footprint is visible during these first two seconds. Then exactly one large clear water droplet enters from the top of the frame, falls visibly downward, and contacts slightly off-center. Only after contact, a shallow dent forms and nearby particles bind into a small darker damp cluster. The camera, lighting, background, receiver geometry, and all other objects remain unchanged."
wdp0779,granular_surface,particle_displacement,granular_surface_43,ground turmeric powder,0,arranged as a smooth level bed and completely undisturbed,the center of the bed,"a small crater forms, a few particles move outward, and the center becomes darker and damp",one_seed_only,"A realistic fixed-camera macro video in one continuous shot. During the first two seconds, ground turmeric powder is arranged as a smooth level bed and completely undisturbed. No water, falling droplet, or wet footprint is visible during these first two seconds. Then exactly one large clear water droplet enters from the top of the frame, falls visibly downward, and contacts the center of the bed. Only after contact, a small crater forms, a few particles move outward, and the center becomes darker and damp. The camera, lighting, background, receiver geometry, and all other objects remain unchanged."
wdp0780,granular_surface,particle_displacement,granular_surface_43,ground turmeric powder,1,arranged as a small dry mound and completely undisturbed,the top of the mound,"a small indentation forms, several particles scatter down the sides, and a damp clump remains",one_seed_only,"A realistic fixed-camera macro video in one continuous shot. During the first two seconds, ground turmeric powder is arranged as a small dry mound and completely undisturbed. No water, falling droplet, or wet footprint is visible during these first two seconds. Then exactly one large clear water droplet enters from the top of the frame, falls visibly downward, and contacts the top of the mound. Only after contact, a small indentation forms, several particles scatter down the sides, and a damp clump remains. The camera, lighting, background, receiver geometry, and all other objects remain unchanged."
wdp0781,granular_surface,particle_displacement,granular_surface_43,ground turmeric powder,2,arranged as a lightly compacted dry layer and completely undisturbed,slightly off-center,a shallow dent forms and nearby particles bind into a small darker damp cluster,one_seed_only,"A realistic fixed-camera macro video in one continuous shot. During the first two seconds, ground turmeric powder is arranged as a lightly compacted dry layer and completely undisturbed. No water, falling droplet, or wet footprint is visible during these first two seconds. Then exactly one large clear water droplet enters from the top of the frame, falls visibly downward, and contacts slightly off-center. Only after contact, a shallow dent forms and nearby particles bind into a small darker damp cluster. The camera, lighting, background, receiver geometry, and all other objects remain unchanged."
wdp0782,granular_surface,particle_displacement,granular_surface_44,ground paprika powder,0,arranged as a smooth level bed and completely undisturbed,the center of the bed,"a small crater forms, a few particles move outward, and the center becomes darker and damp",one_seed_only,"A realistic fixed-camera macro video in one continuous shot. During the first two seconds, ground paprika powder is arranged as a smooth level bed and completely undisturbed. No water, falling droplet, or wet footprint is visible during these first two seconds. Then exactly one large clear water droplet enters from the top of the frame, falls visibly downward, and contacts the center of the bed. Only after contact, a small crater forms, a few particles move outward, and the center becomes darker and damp. The camera, lighting, background, receiver geometry, and all other objects remain unchanged."
wdp0783,granular_surface,particle_displacement,granular_surface_44,ground paprika powder,1,arranged as a small dry mound and completely undisturbed,the top of the mound,"a small indentation forms, several particles scatter down the sides, and a damp clump remains",one_seed_only,"A realistic fixed-camera macro video in one continuous shot. During the first two seconds, ground paprika powder is arranged as a small dry mound and completely undisturbed. No water, falling droplet, or wet footprint is visible during these first two seconds. Then exactly one large clear water droplet enters from the top of the frame, falls visibly downward, and contacts the top of the mound. Only after contact, a small indentation forms, several particles scatter down the sides, and a damp clump remains. The camera, lighting, background, receiver geometry, and all other objects remain unchanged."
wdp0784,granular_surface,particle_displacement,granular_surface_44,ground paprika powder,2,arranged as a lightly compacted dry layer and completely undisturbed,slightly off-center,a shallow dent forms and nearby particles bind into a small darker damp cluster,one_seed_only,"A realistic fixed-camera macro video in one continuous shot. During the first two seconds, ground paprika powder is arranged as a lightly compacted dry layer and completely undisturbed. No water, falling droplet, or wet footprint is visible during these first two seconds. Then exactly one large clear water droplet enters from the top of the frame, falls visibly downward, and contacts slightly off-center. Only after contact, a shallow dent forms and nearby particles bind into a small darker damp cluster. The camera, lighting, background, receiver geometry, and all other objects remain unchanged."
wdp0785,granular_surface,particle_displacement,granular_surface_45,dry rolled oats,0,arranged as a smooth level bed and completely undisturbed,the center of the bed,"a small crater forms, a few particles move outward, and the center becomes darker and damp",one_seed_only,"A realistic fixed-camera macro video in one continuous shot. During the first two seconds, dry rolled oats is arranged as a smooth level bed and completely undisturbed. No water, falling droplet, or wet footprint is visible during these first two seconds. Then exactly one large clear water droplet enters from the top of the frame, falls visibly downward, and contacts the center of the bed. Only after contact, a small crater forms, a few particles move outward, and the center becomes darker and damp. The camera, lighting, background, receiver geometry, and all other objects remain unchanged."
wdp0786,granular_surface,particle_displacement,granular_surface_45,dry rolled oats,1,arranged as a small dry mound and completely undisturbed,the top of the mound,"a small indentation forms, several particles scatter down the sides, and a damp clump remains",one_seed_only,"A realistic fixed-camera macro video in one continuous shot. During the first two seconds, dry rolled oats is arranged as a small dry mound and completely undisturbed. No water, falling droplet, or wet footprint is visible during these first two seconds. Then exactly one large clear water droplet enters from the top of the frame, falls visibly downward, and contacts the top of the mound. Only after contact, a small indentation forms, several particles scatter down the sides, and a damp clump remains. The camera, lighting, background, receiver geometry, and all other objects remain unchanged."
wdp0787,granular_surface,particle_displacement,granular_surface_45,dry rolled oats,2,arranged as a lightly compacted dry layer and completely undisturbed,slightly off-center,a shallow dent forms and nearby particles bind into a small darker damp cluster,one_seed_only,"A realistic fixed-camera macro video in one continuous shot. During the first two seconds, dry rolled oats is arranged as a lightly compacted dry layer and completely undisturbed. No water, falling droplet, or wet footprint is visible during these first two seconds. Then exactly one large clear water droplet enters from the top of the frame, falls visibly downward, and contacts slightly off-center. Only after contact, a shallow dent forms and nearby particles bind into a small darker damp cluster. The camera, lighting, background, receiver geometry, and all other objects remain unchanged."
wdp0788,granular_surface,particle_displacement,granular_surface_46,fine clay cat litter,0,arranged as a smooth level bed and completely undisturbed,the center of the bed,"a small crater forms, a few particles move outward, and the center becomes darker and damp",one_seed_only,"A realistic fixed-camera macro video in one continuous shot. During the first two seconds, fine clay cat litter is arranged as a smooth level bed and completely undisturbed. No water, falling droplet, or wet footprint is visible during these first two seconds. Then exactly one large clear water droplet enters from the top of the frame, falls visibly downward, and contacts the center of the bed. Only after contact, a small crater forms, a few particles move outward, and the center becomes darker and damp. The camera, lighting, background, receiver geometry, and all other objects remain unchanged."
wdp0789,granular_surface,particle_displacement,granular_surface_46,fine clay cat litter,1,arranged as a small dry mound and completely undisturbed,the top of the mound,"a small indentation forms, several particles scatter down the sides, and a damp clump remains",one_seed_only,"A realistic fixed-camera macro video in one continuous shot. During the first two seconds, fine clay cat litter is arranged as a small dry mound and completely undisturbed. No water, falling droplet, or wet footprint is visible during these first two seconds. Then exactly one large clear water droplet enters from the top of the frame, falls visibly downward, and contacts the top of the mound. Only after contact, a small indentation forms, several particles scatter down the sides, and a damp clump remains. The camera, lighting, background, receiver geometry, and all other objects remain unchanged."
wdp0790,granular_surface,particle_displacement,granular_surface_46,fine clay cat litter,2,arranged as a lightly compacted dry layer and completely undisturbed,slightly off-center,a shallow dent forms and nearby particles bind into a small darker damp cluster,one_seed_only,"A realistic fixed-camera macro video in one continuous shot. During the first two seconds, fine clay cat litter is arranged as a lightly compacted dry layer and completely undisturbed. No water, falling droplet, or wet footprint is visible during these first two seconds. Then exactly one large clear water droplet enters from the top of the frame, falls visibly downward, and contacts slightly off-center. Only after contact, a shallow dent forms and nearby particles bind into a small darker damp cluster. The camera, lighting, background, receiver geometry, and all other objects remain unchanged."
wdp0791,granular_surface,particle_displacement,granular_surface_47,fine horticultural perlite,0,arranged as a smooth level bed and completely undisturbed,the center of the bed,"a small crater forms, a few particles move outward, and the center becomes darker and damp",one_seed_only,"A realistic fixed-camera macro video in one continuous shot. During the first two seconds, fine horticultural perlite is arranged as a smooth level bed and completely undisturbed. No water, falling droplet, or wet footprint is visible during these first two seconds. Then exactly one large clear water droplet enters from the top of the frame, falls visibly downward, and contacts the center of the bed. Only after contact, a small crater forms, a few particles move outward, and the center becomes darker and damp. The camera, lighting, background, receiver geometry, and all other objects remain unchanged."
wdp0792,granular_surface,particle_displacement,granular_surface_47,fine horticultural perlite,1,arranged as a small dry mound and completely undisturbed,the top of the mound,"a small indentation forms, several particles scatter down the sides, and a damp clump remains",one_seed_only,"A realistic fixed-camera macro video in one continuous shot. During the first two seconds, fine horticultural perlite is arranged as a small dry mound and completely undisturbed. No water, falling droplet, or wet footprint is visible during these first two seconds. Then exactly one large clear water droplet enters from the top of the frame, falls visibly downward, and contacts the top of the mound. Only after contact, a small indentation forms, several particles scatter down the sides, and a damp clump remains. The camera, lighting, background, receiver geometry, and all other objects remain unchanged."
wdp0793,granular_surface,particle_displacement,granular_surface_47,fine horticultural perlite,2,arranged as a lightly compacted dry layer and completely undisturbed,slightly off-center,a shallow dent forms and nearby particles bind into a small darker damp cluster,one_seed_only,"A realistic fixed-camera macro video in one continuous shot. During the first two seconds, fine horticultural perlite is arranged as a lightly compacted dry layer and completely undisturbed. No water, falling droplet, or wet footprint is visible during these first two seconds. Then exactly one large clear water droplet enters from the top of the frame, falls visibly downward, and contacts slightly off-center. Only after contact, a shallow dent forms and nearby particles bind into a small darker damp cluster. The camera, lighting, background, receiver geometry, and all other objects remain unchanged."
wdp0794,granular_surface,particle_displacement,granular_surface_48,fine horticultural vermiculite,0,arranged as a smooth level bed and completely undisturbed,the center of the bed,"a small crater forms, a few particles move outward, and the center becomes darker and damp",one_seed_only,"A realistic fixed-camera macro video in one continuous shot. During the first two seconds, fine horticultural vermiculite is arranged as a smooth level bed and completely undisturbed. No water, falling droplet, or wet footprint is visible during these first two seconds. Then exactly one large clear water droplet enters from the top of the frame, falls visibly downward, and contacts the center of the bed. Only after contact, a small crater forms, a few particles move outward, and the center becomes darker and damp. The camera, lighting, background, receiver geometry, and all other objects remain unchanged."
wdp0795,granular_surface,particle_displacement,granular_surface_48,fine horticultural vermiculite,1,arranged as a small dry mound and completely undisturbed,the top of the mound,"a small indentation forms, several particles scatter down the sides, and a damp clump remains",one_seed_only,"A realistic fixed-camera macro video in one continuous shot. During the first two seconds, fine horticultural vermiculite is arranged as a small dry mound and completely undisturbed. No water, falling droplet, or wet footprint is visible during these first two seconds. Then exactly one large clear water droplet enters from the top of the frame, falls visibly downward, and contacts the top of the mound. Only after contact, a small indentation forms, several particles scatter down the sides, and a damp clump remains. The camera, lighting, background, receiver geometry, and all other objects remain unchanged."
wdp0796,granular_surface,particle_displacement,granular_surface_48,fine horticultural vermiculite,2,arranged as a lightly compacted dry layer and completely undisturbed,slightly off-center,a shallow dent forms and nearby particles bind into a small darker damp cluster,one_seed_only,"A realistic fixed-camera macro video in one continuous shot. During the first two seconds, fine horticultural vermiculite is arranged as a lightly compacted dry layer and completely undisturbed. No water, falling droplet, or wet footprint is visible during these first two seconds. Then exactly one large clear water droplet enters from the top of the frame, falls visibly downward, and contacts slightly off-center. Only after contact, a shallow dent forms and nearby particles bind into a small darker damp cluster. The camera, lighting, background, receiver geometry, and all other objects remain unchanged."
wdp0797,granular_surface,particle_displacement,granular_surface_49,small aquarium gravel,0,arranged as a smooth level bed and completely undisturbed,the center of the bed,"a small crater forms, a few particles move outward, and the center becomes darker and damp",one_seed_only,"A realistic fixed-camera macro video in one continuous shot. During the first two seconds, small aquarium gravel is arranged as a smooth level bed and completely undisturbed. No water, falling droplet, or wet footprint is visible during these first two seconds. Then exactly one large clear water droplet enters from the top of the frame, falls visibly downward, and contacts the center of the bed. Only after contact, a small crater forms, a few particles move outward, and the center becomes darker and damp. The camera, lighting, background, receiver geometry, and all other objects remain unchanged."
wdp0798,granular_surface,particle_displacement,granular_surface_49,small aquarium gravel,1,arranged as a small dry mound and completely undisturbed,the top of the mound,"a small indentation forms, several particles scatter down the sides, and a damp clump remains",one_seed_only,"A realistic fixed-camera macro video in one continuous shot. During the first two seconds, small aquarium gravel is arranged as a small dry mound and completely undisturbed. No water, falling droplet, or wet footprint is visible during these first two seconds. Then exactly one large clear water droplet enters from the top of the frame, falls visibly downward, and contacts the top of the mound. Only after contact, a small indentation forms, several particles scatter down the sides, and a damp clump remains. The camera, lighting, background, receiver geometry, and all other objects remain unchanged."
wdp0799,granular_surface,particle_displacement,granular_surface_49,small aquarium gravel,2,arranged as a lightly compacted dry layer and completely undisturbed,slightly off-center,a shallow dent forms and nearby particles bind into a small darker damp cluster,one_seed_only,"A realistic fixed-camera macro video in one continuous shot. During the first two seconds, small aquarium gravel is arranged as a lightly compacted dry layer and completely undisturbed. No water, falling droplet, or wet footprint is visible during these first two seconds. Then exactly one large clear water droplet enters from the top of the frame, falls visibly downward, and contacts slightly off-center. Only after contact, a shallow dent forms and nearby particles bind into a small darker damp cluster. The camera, lighting, background, receiver geometry, and all other objects remain unchanged."
