scene_id,source_scene_id,family,mechanism,receiver_id,receiver,variant,surface_condition,impact_location,causal_footprint,seed_policy,prompt
wdsimple0000,wdp0000,liquid_surface,surface_flow,liquid_surface_00,a calm shallow pond,0,"completely still, with a perfectly flat water surface",the center of the water surface,a small crown splash rises and concentric ripples spread outward,one_seed_only,"A realistic fixed-camera macro video in one continuous shot. During the first two seconds, a calm shallow pond is completely still, with a perfectly flat water surface. No falling droplet, splash, impact cavity, or ripple is visible during these first two seconds. Then exactly one large clear water droplet enters from the top of the frame, falls visibly downward, and contacts the center of the water surface. Only after contact, a small crown splash rises and concentric ripples spread outward. The camera, lighting, background, receiver geometry, and all other objects remain unchanged."
wdsimple0001,wdp0001,liquid_surface,surface_flow,liquid_surface_00,a calm shallow pond,1,"completely still, with a calm level water surface",slightly left of the center of the water surface,a brief impact cavity closes and circular ripples cross the surface,one_seed_only,"A realistic fixed-camera macro video in one continuous shot. During the first two seconds, a calm shallow pond is completely still, with a calm level water surface. No falling droplet, splash, impact cavity, or ripple is visible during these first two seconds. Then exactly one large clear water droplet enters from the top of the frame, falls visibly downward, and contacts slightly left of the center of the water surface. Only after contact, a brief impact cavity closes and circular ripples cross the surface. The camera, lighting, background, receiver geometry, and all other objects remain unchanged."
wdsimple0002,wdp0002,liquid_surface,surface_flow,liquid_surface_00,a calm shallow pond,2,"completely still, with a shallow motionless water surface",slightly right of center,a low radial splash forms and several shallow ripples expand outward,one_seed_only,"A realistic fixed-camera macro video in one continuous shot. During the first two seconds, a calm shallow pond is completely still, with a shallow motionless water surface. No falling droplet, splash, impact cavity, or ripple is visible during these first two seconds. Then exactly one large clear water droplet enters from the top of the frame, falls visibly downward, and contacts slightly right of center. Only after contact, a low radial splash forms and several shallow ripples expand outward. The camera, lighting, background, receiver geometry, and all other objects remain unchanged."
wdsimple0003,wdp0004,liquid_surface,surface_flow,liquid_surface_01,a transparent glass mixing bowl filled with water,0,"completely still, with a perfectly flat water surface",the center of the water surface,a small crown splash rises and concentric ripples spread outward,one_seed_only,"A realistic fixed-camera macro video in one continuous shot. During the first two seconds, a transparent glass mixing bowl filled with water is completely still, with a perfectly flat water surface. No falling droplet, splash, impact cavity, or ripple is visible during these first two seconds. Then exactly one large clear water droplet enters from the top of the frame, falls visibly downward, and contacts the center of the water surface. Only after contact, a small crown splash rises and concentric ripples spread outward. The camera, lighting, background, receiver geometry, and all other objects remain unchanged."
wdsimple0004,wdp0005,liquid_surface,surface_flow,liquid_surface_01,a transparent glass mixing bowl filled with water,1,"completely still, with a calm level water surface",slightly left of the center of the water surface,a brief impact cavity closes and circular ripples cross the surface,one_seed_only,"A realistic fixed-camera macro video in one continuous shot. During the first two seconds, a transparent glass mixing bowl filled with water is completely still, with a calm level water surface. No falling droplet, splash, impact cavity, or ripple is visible during these first two seconds. Then exactly one large clear water droplet enters from the top of the frame, falls visibly downward, and contacts slightly left of the center of the water surface. Only after contact, a brief impact cavity closes and circular ripples cross the surface. The camera, lighting, background, receiver geometry, and all other objects remain unchanged."
wdsimple0005,wdp0006,liquid_surface,surface_flow,liquid_surface_01,a transparent glass mixing bowl filled with water,2,"completely still, with a shallow motionless water surface",slightly right of center,a low radial splash forms and several shallow ripples expand outward,one_seed_only,"A realistic fixed-camera macro video in one continuous shot. During the first two seconds, a transparent glass mixing bowl filled with water is completely still, with a shallow motionless water surface. No falling droplet, splash, impact cavity, or ripple is visible during these first two seconds. Then exactly one large clear water droplet enters from the top of the frame, falls visibly downward, and contacts slightly right of center. Only after contact, a low radial splash forms and several shallow ripples expand outward. The camera, lighting, background, receiver geometry, and all other objects remain unchanged."
wdsimple0006,wdp0008,liquid_surface,surface_flow,liquid_surface_02,a plain white ceramic cup filled with water,0,"completely still, with a perfectly flat water surface",the center of the water surface,a small crown splash rises and concentric ripples spread outward,one_seed_only,"A realistic fixed-camera macro video in one continuous shot. During the first two seconds, a plain white ceramic cup filled with water is completely still, with a perfectly flat water surface. No falling droplet, splash, impact cavity, or ripple is visible during these first two seconds. Then exactly one large clear water droplet enters from the top of the frame, falls visibly downward, and contacts the center of the water surface. Only after contact, a small crown splash rises and concentric ripples spread outward. The camera, lighting, background, receiver geometry, and all other objects remain unchanged."
wdsimple0007,wdp0009,liquid_surface,surface_flow,liquid_surface_02,a plain white ceramic cup filled with water,1,"completely still, with a calm level water surface",slightly left of the center of the water surface,a brief impact cavity closes and circular ripples cross the surface,one_seed_only,"A realistic fixed-camera macro video in one continuous shot. During the first two seconds, a plain white ceramic cup filled with water is completely still, with a calm level water surface. No falling droplet, splash, impact cavity, or ripple is visible during these first two seconds. Then exactly one large clear water droplet enters from the top of the frame, falls visibly downward, and contacts slightly left of the center of the water surface. Only after contact, a brief impact cavity closes and circular ripples cross the surface. The camera, lighting, background, receiver geometry, and all other objects remain unchanged."
wdsimple0008,wdp0010,liquid_surface,surface_flow,liquid_surface_02,a plain white ceramic cup filled with water,2,"completely still, with a shallow motionless water surface",slightly right of center,a low radial splash forms and several shallow ripples expand outward,one_seed_only,"A realistic fixed-camera macro video in one continuous shot. During the first two seconds, a plain white ceramic cup filled with water is completely still, with a shallow motionless water surface. No falling droplet, splash, impact cavity, or ripple is visible during these first two seconds. Then exactly one large clear water droplet enters from the top of the frame, falls visibly downward, and contacts slightly right of center. Only after contact, a low radial splash forms and several shallow ripples expand outward. The camera, lighting, background, receiver geometry, and all other objects remain unchanged."
wdsimple0009,wdp0012,liquid_surface,surface_flow,liquid_surface_03,a clean metal bucket filled with water,0,"completely still, with a perfectly flat water surface",the center of the water surface,a small crown splash rises and concentric ripples spread outward,one_seed_only,"A realistic fixed-camera macro video in one continuous shot. During the first two seconds, a clean metal bucket filled with water is completely still, with a perfectly flat water surface. No falling droplet, splash, impact cavity, or ripple is visible during these first two seconds. Then exactly one large clear water droplet enters from the top of the frame, falls visibly downward, and contacts the center of the water surface. Only after contact, a small crown splash rises and concentric ripples spread outward. The camera, lighting, background, receiver geometry, and all other objects remain unchanged."
wdsimple0010,wdp0013,liquid_surface,surface_flow,liquid_surface_03,a clean metal bucket filled with water,1,"completely still, with a calm level water surface",slightly left of the center of the water surface,a brief impact cavity closes and circular ripples cross the surface,one_seed_only,"A realistic fixed-camera macro video in one continuous shot. During the first two seconds, a clean metal bucket filled with water is completely still, with a calm level water surface. No falling droplet, splash, impact cavity, or ripple is visible during these first two seconds. Then exactly one large clear water droplet enters from the top of the frame, falls visibly downward, and contacts slightly left of the center of the water surface. Only after contact, a brief impact cavity closes and circular ripples cross the surface. The camera, lighting, background, receiver geometry, and all other objects remain unchanged."
wdsimple0011,wdp0014,liquid_surface,surface_flow,liquid_surface_03,a clean metal bucket filled with water,2,"completely still, with a shallow motionless water surface",slightly right of center,a low radial splash forms and several shallow ripples expand outward,one_seed_only,"A realistic fixed-camera macro video in one continuous shot. During the first two seconds, a clean metal bucket filled with water is completely still, with a shallow motionless water surface. No falling droplet, splash, impact cavity, or ripple is visible during these first two seconds. Then exactly one large clear water droplet enters from the top of the frame, falls visibly downward, and contacts slightly right of center. Only after contact, a low radial splash forms and several shallow ripples expand outward. The camera, lighting, background, receiver geometry, and all other objects remain unchanged."
wdsimple0012,wdp0016,liquid_surface,surface_flow,liquid_surface_04,a shallow rain puddle on level pavement,0,"completely still, with a perfectly flat water surface",the center of the water surface,a small crown splash rises and concentric ripples spread outward,one_seed_only,"A realistic fixed-camera macro video in one continuous shot. During the first two seconds, a shallow rain puddle on level pavement is completely still, with a perfectly flat water surface. No falling droplet, splash, impact cavity, or ripple is visible during these first two seconds. Then exactly one large clear water droplet enters from the top of the frame, falls visibly downward, and contacts the center of the water surface. Only after contact, a small crown splash rises and concentric ripples spread outward. The camera, lighting, background, receiver geometry, and all other objects remain unchanged."
wdsimple0013,wdp0017,liquid_surface,surface_flow,liquid_surface_04,a shallow rain puddle on level pavement,1,"completely still, with a calm level water surface",slightly left of the center of the water surface,a brief impact cavity closes and circular ripples cross the surface,one_seed_only,"A realistic fixed-camera macro video in one continuous shot. During the first two seconds, a shallow rain puddle on level pavement is completely still, with a calm level water surface. No falling droplet, splash, impact cavity, or ripple is visible during these first two seconds. Then exactly one large clear water droplet enters from the top of the frame, falls visibly downward, and contacts slightly left of the center of the water surface. Only after contact, a brief impact cavity closes and circular ripples cross the surface. The camera, lighting, background, receiver geometry, and all other objects remain unchanged."
wdsimple0014,wdp0018,liquid_surface,surface_flow,liquid_surface_04,a shallow rain puddle on level pavement,2,"completely still, with a shallow motionless water surface",slightly right of center,a low radial splash forms and several shallow ripples expand outward,one_seed_only,"A realistic fixed-camera macro video in one continuous shot. During the first two seconds, a shallow rain puddle on level pavement is completely still, with a shallow motionless water surface. No falling droplet, splash, impact cavity, or ripple is visible during these first two seconds. Then exactly one large clear water droplet enters from the top of the frame, falls visibly downward, and contacts slightly right of center. Only after contact, a low radial splash forms and several shallow ripples expand outward. The camera, lighting, background, receiver geometry, and all other objects remain unchanged."
wdsimple0015,wdp0020,liquid_surface,surface_flow,liquid_surface_05,a rectangular glass aquarium filled with water,0,"completely still, with a perfectly flat water surface",the center of the water surface,a small crown splash rises and concentric ripples spread outward,one_seed_only,"A realistic fixed-camera macro video in one continuous shot. During the first two seconds, a rectangular glass aquarium filled with water is completely still, with a perfectly flat water surface. No falling droplet, splash, impact cavity, or ripple is visible during these first two seconds. Then exactly one large clear water droplet enters from the top of the frame, falls visibly downward, and contacts the center of the water surface. Only after contact, a small crown splash rises and concentric ripples spread outward. The camera, lighting, background, receiver geometry, and all other objects remain unchanged."
wdsimple0016,wdp0021,liquid_surface,surface_flow,liquid_surface_05,a rectangular glass aquarium filled with water,1,"completely still, with a calm level water surface",slightly left of the center of the water surface,a brief impact cavity closes and circular ripples cross the surface,one_seed_only,"A realistic fixed-camera macro video in one continuous shot. During the first two seconds, a rectangular glass aquarium filled with water is completely still, with a calm level water surface. No falling droplet, splash, impact cavity, or ripple is visible during these first two seconds. Then exactly one large clear water droplet enters from the top of the frame, falls visibly downward, and contacts slightly left of the center of the water surface. Only after contact, a brief impact cavity closes and circular ripples cross the surface. The camera, lighting, background, receiver geometry, and all other objects remain unchanged."
wdsimple0017,wdp0022,liquid_surface,surface_flow,liquid_surface_05,a rectangular glass aquarium filled with water,2,"completely still, with a shallow motionless water surface",slightly right of center,a low radial splash forms and several shallow ripples expand outward,one_seed_only,"A realistic fixed-camera macro video in one continuous shot. During the first two seconds, a rectangular glass aquarium filled with water is completely still, with a shallow motionless water surface. No falling droplet, splash, impact cavity, or ripple is visible during these first two seconds. Then exactly one large clear water droplet enters from the top of the frame, falls visibly downward, and contacts slightly right of center. Only after contact, a low radial splash forms and several shallow ripples expand outward. The camera, lighting, background, receiver geometry, and all other objects remain unchanged."
wdsimple0018,wdp0024,liquid_surface,surface_flow,liquid_surface_06,a stainless-steel kitchen sink basin filled with water,0,"completely still, with a perfectly flat water surface",the center of the water surface,a small crown splash rises and concentric ripples spread outward,one_seed_only,"A realistic fixed-camera macro video in one continuous shot. During the first two seconds, a stainless-steel kitchen sink basin filled with water is completely still, with a perfectly flat water surface. No falling droplet, splash, impact cavity, or ripple is visible during these first two seconds. Then exactly one large clear water droplet enters from the top of the frame, falls visibly downward, and contacts the center of the water surface. Only after contact, a small crown splash rises and concentric ripples spread outward. The camera, lighting, background, receiver geometry, and all other objects remain unchanged."
wdsimple0019,wdp0025,liquid_surface,surface_flow,liquid_surface_06,a stainless-steel kitchen sink basin filled with water,1,"completely still, with a calm level water surface",slightly left of the center of the water surface,a brief impact cavity closes and circular ripples cross the surface,one_seed_only,"A realistic fixed-camera macro video in one continuous shot. During the first two seconds, a stainless-steel kitchen sink basin filled with water is completely still, with a calm level water surface. No falling droplet, splash, impact cavity, or ripple is visible during these first two seconds. Then exactly one large clear water droplet enters from the top of the frame, falls visibly downward, and contacts slightly left of the center of the water surface. Only after contact, a brief impact cavity closes and circular ripples cross the surface. The camera, lighting, background, receiver geometry, and all other objects remain unchanged."
wdsimple0020,wdp0026,liquid_surface,surface_flow,liquid_surface_06,a stainless-steel kitchen sink basin filled with water,2,"completely still, with a shallow motionless water surface",slightly right of center,a low radial splash forms and several shallow ripples expand outward,one_seed_only,"A realistic fixed-camera macro video in one continuous shot. During the first two seconds, a stainless-steel kitchen sink basin filled with water is completely still, with a shallow motionless water surface. No falling droplet, splash, impact cavity, or ripple is visible during these first two seconds. Then exactly one large clear water droplet enters from the top of the frame, falls visibly downward, and contacts slightly right of center. Only after contact, a low radial splash forms and several shallow ripples expand outward. The camera, lighting, background, receiver geometry, and all other objects remain unchanged."
wdsimple0021,wdp0028,liquid_surface,surface_flow,liquid_surface_07,a white enamel washbasin filled with water,0,"completely still, with a perfectly flat water surface",the center of the water surface,a small crown splash rises and concentric ripples spread outward,one_seed_only,"A realistic fixed-camera macro video in one continuous shot. During the first two seconds, a white enamel washbasin filled with water is completely still, with a perfectly flat water surface. No falling droplet, splash, impact cavity, or ripple is visible during these first two seconds. Then exactly one large clear water droplet enters from the top of the frame, falls visibly downward, and contacts the center of the water surface. Only after contact, a small crown splash rises and concentric ripples spread outward. The camera, lighting, background, receiver geometry, and all other objects remain unchanged."
wdsimple0022,wdp0029,liquid_surface,surface_flow,liquid_surface_07,a white enamel washbasin filled with water,1,"completely still, with a calm level water surface",slightly left of the center of the water surface,a brief impact cavity closes and circular ripples cross the surface,one_seed_only,"A realistic fixed-camera macro video in one continuous shot. During the first two seconds, a white enamel washbasin filled with water is completely still, with a calm level water surface. No falling droplet, splash, impact cavity, or ripple is visible during these first two seconds. Then exactly one large clear water droplet enters from the top of the frame, falls visibly downward, and contacts slightly left of the center of the water surface. Only after contact, a brief impact cavity closes and circular ripples cross the surface. The camera, lighting, background, receiver geometry, and all other objects remain unchanged."
wdsimple0023,wdp0030,liquid_surface,surface_flow,liquid_surface_07,a white enamel washbasin filled with water,2,"completely still, with a shallow motionless water surface",slightly right of center,a low radial splash forms and several shallow ripples expand outward,one_seed_only,"A realistic fixed-camera macro video in one continuous shot. During the first two seconds, a white enamel washbasin filled with water is completely still, with a shallow motionless water surface. No falling droplet, splash, impact cavity, or ripple is visible during these first two seconds. Then exactly one large clear water droplet enters from the top of the frame, falls visibly downward, and contacts slightly right of center. Only after contact, a low radial splash forms and several shallow ripples expand outward. The camera, lighting, background, receiver geometry, and all other objects remain unchanged."
wdsimple0024,wdp0032,liquid_surface,surface_flow,liquid_surface_08,a round stone birdbath filled with water,0,"completely still, with a perfectly flat water surface",the center of the water surface,a small crown splash rises and concentric ripples spread outward,one_seed_only,"A realistic fixed-camera macro video in one continuous shot. During the first two seconds, a round stone birdbath filled with water is completely still, with a perfectly flat water surface. No falling droplet, splash, impact cavity, or ripple is visible during these first two seconds. Then exactly one large clear water droplet enters from the top of the frame, falls visibly downward, and contacts the center of the water surface. Only after contact, a small crown splash rises and concentric ripples spread outward. The camera, lighting, background, receiver geometry, and all other objects remain unchanged."
wdsimple0025,wdp0033,liquid_surface,surface_flow,liquid_surface_08,a round stone birdbath filled with water,1,"completely still, with a calm level water surface",slightly left of the center of the water surface,a brief impact cavity closes and circular ripples cross the surface,one_seed_only,"A realistic fixed-camera macro video in one continuous shot. During the first two seconds, a round stone birdbath filled with water is completely still, with a calm level water surface. No falling droplet, splash, impact cavity, or ripple is visible during these first two seconds. Then exactly one large clear water droplet enters from the top of the frame, falls visibly downward, and contacts slightly left of the center of the water surface. Only after contact, a brief impact cavity closes and circular ripples cross the surface. The camera, lighting, background, receiver geometry, and all other objects remain unchanged."
wdsimple0026,wdp0034,liquid_surface,surface_flow,liquid_surface_08,a round stone birdbath filled with water,2,"completely still, with a shallow motionless water surface",slightly right of center,a low radial splash forms and several shallow ripples expand outward,one_seed_only,"A realistic fixed-camera macro video in one continuous shot. During the first two seconds, a round stone birdbath filled with water is completely still, with a shallow motionless water surface. No falling droplet, splash, impact cavity, or ripple is visible during these first two seconds. Then exactly one large clear water droplet enters from the top of the frame, falls visibly downward, and contacts slightly right of center. Only after contact, a low radial splash forms and several shallow ripples expand outward. The camera, lighting, background, receiver geometry, and all other objects remain unchanged."
wdsimple0027,wdp0036,liquid_surface,surface_flow,liquid_surface_09,a small garden fountain basin with the pump turned off,0,"completely still, with a perfectly flat water surface",the center of the water surface,a small crown splash rises and concentric ripples spread outward,one_seed_only,"A realistic fixed-camera macro video in one continuous shot. During the first two seconds, a small garden fountain basin with the pump turned off is completely still, with a perfectly flat water surface. No falling droplet, splash, impact cavity, or ripple is visible during these first two seconds. Then exactly one large clear water droplet enters from the top of the frame, falls visibly downward, and contacts the center of the water surface. Only after contact, a small crown splash rises and concentric ripples spread outward. The camera, lighting, background, receiver geometry, and all other objects remain unchanged."
wdsimple0028,wdp0037,liquid_surface,surface_flow,liquid_surface_09,a small garden fountain basin with the pump turned off,1,"completely still, with a calm level water surface",slightly left of the center of the water surface,a brief impact cavity closes and circular ripples cross the surface,one_seed_only,"A realistic fixed-camera macro video in one continuous shot. During the first two seconds, a small garden fountain basin with the pump turned off is completely still, with a calm level water surface. No falling droplet, splash, impact cavity, or ripple is visible during these first two seconds. Then exactly one large clear water droplet enters from the top of the frame, falls visibly downward, and contacts slightly left of the center of the water surface. Only after contact, a brief impact cavity closes and circular ripples cross the surface. The camera, lighting, background, receiver geometry, and all other objects remain unchanged."
wdsimple0029,wdp0038,liquid_surface,surface_flow,liquid_surface_09,a small garden fountain basin with the pump turned off,2,"completely still, with a shallow motionless water surface",slightly right of center,a low radial splash forms and several shallow ripples expand outward,one_seed_only,"A realistic fixed-camera macro video in one continuous shot. During the first two seconds, a small garden fountain basin with the pump turned off is completely still, with a shallow motionless water surface. No falling droplet, splash, impact cavity, or ripple is visible during these first two seconds. Then exactly one large clear water droplet enters from the top of the frame, falls visibly downward, and contacts slightly right of center. Only after contact, a low radial splash forms and several shallow ripples expand outward. The camera, lighting, background, receiver geometry, and all other objects remain unchanged."
wdsimple0030,wdp0040,liquid_surface,surface_flow,liquid_surface_10,a laboratory beaker filled with clear water,0,"completely still, with a perfectly flat water surface",the center of the water surface,a small crown splash rises and concentric ripples spread outward,one_seed_only,"A realistic fixed-camera macro video in one continuous shot. During the first two seconds, a laboratory beaker filled with clear water is completely still, with a perfectly flat water surface. No falling droplet, splash, impact cavity, or ripple is visible during these first two seconds. Then exactly one large clear water droplet enters from the top of the frame, falls visibly downward, and contacts the center of the water surface. Only after contact, a small crown splash rises and concentric ripples spread outward. The camera, lighting, background, receiver geometry, and all other objects remain unchanged."
wdsimple0031,wdp0041,liquid_surface,surface_flow,liquid_surface_10,a laboratory beaker filled with clear water,1,"completely still, with a calm level water surface",slightly left of the center of the water surface,a brief impact cavity closes and circular ripples cross the surface,one_seed_only,"A realistic fixed-camera macro video in one continuous shot. During the first two seconds, a laboratory beaker filled with clear water is completely still, with a calm level water surface. No falling droplet, splash, impact cavity, or ripple is visible during these first two seconds. Then exactly one large clear water droplet enters from the top of the frame, falls visibly downward, and contacts slightly left of the center of the water surface. Only after contact, a brief impact cavity closes and circular ripples cross the surface. The camera, lighting, background, receiver geometry, and all other objects remain unchanged."
wdsimple0032,wdp0042,liquid_surface,surface_flow,liquid_surface_10,a laboratory beaker filled with clear water,2,"completely still, with a shallow motionless water surface",slightly right of center,a low radial splash forms and several shallow ripples expand outward,one_seed_only,"A realistic fixed-camera macro video in one continuous shot. During the first two seconds, a laboratory beaker filled with clear water is completely still, with a shallow motionless water surface. No falling droplet, splash, impact cavity, or ripple is visible during these first two seconds. Then exactly one large clear water droplet enters from the top of the frame, falls visibly downward, and contacts slightly right of center. Only after contact, a low radial splash forms and several shallow ripples expand outward. The camera, lighting, background, receiver geometry, and all other objects remain unchanged."
wdsimple0033,wdp0044,liquid_surface,surface_flow,liquid_surface_11,a transparent measuring jug filled with water,0,"completely still, with a perfectly flat water surface",the center of the water surface,a small crown splash rises and concentric ripples spread outward,one_seed_only,"A realistic fixed-camera macro video in one continuous shot. During the first two seconds, a transparent measuring jug filled with water is completely still, with a perfectly flat water surface. No falling droplet, splash, impact cavity, or ripple is visible during these first two seconds. Then exactly one large clear water droplet enters from the top of the frame, falls visibly downward, and contacts the center of the water surface. Only after contact, a small crown splash rises and concentric ripples spread outward. The camera, lighting, background, receiver geometry, and all other objects remain unchanged."
wdsimple0034,wdp0045,liquid_surface,surface_flow,liquid_surface_11,a transparent measuring jug filled with water,1,"completely still, with a calm level water surface",slightly left of the center of the water surface,a brief impact cavity closes and circular ripples cross the surface,one_seed_only,"A realistic fixed-camera macro video in one continuous shot. During the first two seconds, a transparent measuring jug filled with water is completely still, with a calm level water surface. No falling droplet, splash, impact cavity, or ripple is visible during these first two seconds. Then exactly one large clear water droplet enters from the top of the frame, falls visibly downward, and contacts slightly left of the center of the water surface. Only after contact, a brief impact cavity closes and circular ripples cross the surface. The camera, lighting, background, receiver geometry, and all other objects remain unchanged."
wdsimple0035,wdp0046,liquid_surface,surface_flow,liquid_surface_11,a transparent measuring jug filled with water,2,"completely still, with a shallow motionless water surface",slightly right of center,a low radial splash forms and several shallow ripples expand outward,one_seed_only,"A realistic fixed-camera macro video in one continuous shot. During the first two seconds, a transparent measuring jug filled with water is completely still, with a shallow motionless water surface. No falling droplet, splash, impact cavity, or ripple is visible during these first two seconds. Then exactly one large clear water droplet enters from the top of the frame, falls visibly downward, and contacts slightly right of center. Only after contact, a low radial splash forms and several shallow ripples expand outward. The camera, lighting, background, receiver geometry, and all other objects remain unchanged."
wdsimple0036,wdp0048,liquid_surface,surface_flow,liquid_surface_12,a stainless-steel saucepan filled with water,0,"completely still, with a perfectly flat water surface",the center of the water surface,a small crown splash rises and concentric ripples spread outward,one_seed_only,"A realistic fixed-camera macro video in one continuous shot. During the first two seconds, a stainless-steel saucepan filled with water is completely still, with a perfectly flat water surface. No falling droplet, splash, impact cavity, or ripple is visible during these first two seconds. Then exactly one large clear water droplet enters from the top of the frame, falls visibly downward, and contacts the center of the water surface. Only after contact, a small crown splash rises and concentric ripples spread outward. The camera, lighting, background, receiver geometry, and all other objects remain unchanged."
wdsimple0037,wdp0049,liquid_surface,surface_flow,liquid_surface_12,a stainless-steel saucepan filled with water,1,"completely still, with a calm level water surface",slightly left of the center of the water surface,a brief impact cavity closes and circular ripples cross the surface,one_seed_only,"A realistic fixed-camera macro video in one continuous shot. During the first two seconds, a stainless-steel saucepan filled with water is completely still, with a calm level water surface. No falling droplet, splash, impact cavity, or ripple is visible during these first two seconds. Then exactly one large clear water droplet enters from the top of the frame, falls visibly downward, and contacts slightly left of the center of the water surface. Only after contact, a brief impact cavity closes and circular ripples cross the surface. The camera, lighting, background, receiver geometry, and all other objects remain unchanged."
wdsimple0038,wdp0050,liquid_surface,surface_flow,liquid_surface_12,a stainless-steel saucepan filled with water,2,"completely still, with a shallow motionless water surface",slightly right of center,a low radial splash forms and several shallow ripples expand outward,one_seed_only,"A realistic fixed-camera macro video in one continuous shot. During the first two seconds, a stainless-steel saucepan filled with water is completely still, with a shallow motionless water surface. No falling droplet, splash, impact cavity, or ripple is visible during these first two seconds. Then exactly one large clear water droplet enters from the top of the frame, falls visibly downward, and contacts slightly right of center. Only after contact, a low radial splash forms and several shallow ripples expand outward. The camera, lighting, background, receiver geometry, and all other objects remain unchanged."
wdsimple0039,wdp0052,liquid_surface,surface_flow,liquid_surface_13,a black cooking pot filled with water,0,"completely still, with a perfectly flat water surface",the center of the water surface,a small crown splash rises and concentric ripples spread outward,one_seed_only,"A realistic fixed-camera macro video in one continuous shot. During the first two seconds, a black cooking pot filled with water is completely still, with a perfectly flat water surface. No falling droplet, splash, impact cavity, or ripple is visible during these first two seconds. Then exactly one large clear water droplet enters from the top of the frame, falls visibly downward, and contacts the center of the water surface. Only after contact, a small crown splash rises and concentric ripples spread outward. The camera, lighting, background, receiver geometry, and all other objects remain unchanged."
wdsimple0040,wdp0053,liquid_surface,surface_flow,liquid_surface_13,a black cooking pot filled with water,1,"completely still, with a calm level water surface",slightly left of the center of the water surface,a brief impact cavity closes and circular ripples cross the surface,one_seed_only,"A realistic fixed-camera macro video in one continuous shot. During the first two seconds, a black cooking pot filled with water is completely still, with a calm level water surface. No falling droplet, splash, impact cavity, or ripple is visible during these first two seconds. Then exactly one large clear water droplet enters from the top of the frame, falls visibly downward, and contacts slightly left of the center of the water surface. Only after contact, a brief impact cavity closes and circular ripples cross the surface. The camera, lighting, background, receiver geometry, and all other objects remain unchanged."
wdsimple0041,wdp0054,liquid_surface,surface_flow,liquid_surface_13,a black cooking pot filled with water,2,"completely still, with a shallow motionless water surface",slightly right of center,a low radial splash forms and several shallow ripples expand outward,one_seed_only,"A realistic fixed-camera macro video in one continuous shot. During the first two seconds, a black cooking pot filled with water is completely still, with a shallow motionless water surface. No falling droplet, splash, impact cavity, or ripple is visible during these first two seconds. Then exactly one large clear water droplet enters from the top of the frame, falls visibly downward, and contacts slightly right of center. Only after contact, a low radial splash forms and several shallow ripples expand outward. The camera, lighting, background, receiver geometry, and all other objects remain unchanged."
wdsimple0042,wdp0056,liquid_surface,surface_flow,liquid_surface_14,a porcelain soup bowl filled with water,0,"completely still, with a perfectly flat water surface",the center of the water surface,a small crown splash rises and concentric ripples spread outward,one_seed_only,"A realistic fixed-camera macro video in one continuous shot. During the first two seconds, a porcelain soup bowl filled with water is completely still, with a perfectly flat water surface. No falling droplet, splash, impact cavity, or ripple is visible during these first two seconds. Then exactly one large clear water droplet enters from the top of the frame, falls visibly downward, and contacts the center of the water surface. Only after contact, a small crown splash rises and concentric ripples spread outward. The camera, lighting, background, receiver geometry, and all other objects remain unchanged."
wdsimple0043,wdp0057,liquid_surface,surface_flow,liquid_surface_14,a porcelain soup bowl filled with water,1,"completely still, with a calm level water surface",slightly left of the center of the water surface,a brief impact cavity closes and circular ripples cross the surface,one_seed_only,"A realistic fixed-camera macro video in one continuous shot. During the first two seconds, a porcelain soup bowl filled with water is completely still, with a calm level water surface. No falling droplet, splash, impact cavity, or ripple is visible during these first two seconds. Then exactly one large clear water droplet enters from the top of the frame, falls visibly downward, and contacts slightly left of the center of the water surface. Only after contact, a brief impact cavity closes and circular ripples cross the surface. The camera, lighting, background, receiver geometry, and all other objects remain unchanged."
wdsimple0044,wdp0058,liquid_surface,surface_flow,liquid_surface_14,a porcelain soup bowl filled with water,2,"completely still, with a shallow motionless water surface",slightly right of center,a low radial splash forms and several shallow ripples expand outward,one_seed_only,"A realistic fixed-camera macro video in one continuous shot. During the first two seconds, a porcelain soup bowl filled with water is completely still, with a shallow motionless water surface. No falling droplet, splash, impact cavity, or ripple is visible during these first two seconds. Then exactly one large clear water droplet enters from the top of the frame, falls visibly downward, and contacts slightly right of center. Only after contact, a low radial splash forms and several shallow ripples expand outward. The camera, lighting, background, receiver geometry, and all other objects remain unchanged."
wdsimple0045,wdp0060,liquid_surface,surface_flow,liquid_surface_15,a small porcelain teacup filled with water,0,"completely still, with a perfectly flat water surface",the center of the water surface,a small crown splash rises and concentric ripples spread outward,one_seed_only,"A realistic fixed-camera macro video in one continuous shot. During the first two seconds, a small porcelain teacup filled with water is completely still, with a perfectly flat water surface. No falling droplet, splash, impact cavity, or ripple is visible during these first two seconds. Then exactly one large clear water droplet enters from the top of the frame, falls visibly downward, and contacts the center of the water surface. Only after contact, a small crown splash rises and concentric ripples spread outward. The camera, lighting, background, receiver geometry, and all other objects remain unchanged."
wdsimple0046,wdp0061,liquid_surface,surface_flow,liquid_surface_15,a small porcelain teacup filled with water,1,"completely still, with a calm level water surface",slightly left of the center of the water surface,a brief impact cavity closes and circular ripples cross the surface,one_seed_only,"A realistic fixed-camera macro video in one continuous shot. During the first two seconds, a small porcelain teacup filled with water is completely still, with a calm level water surface. No falling droplet, splash, impact cavity, or ripple is visible during these first two seconds. Then exactly one large clear water droplet enters from the top of the frame, falls visibly downward, and contacts slightly left of the center of the water surface. Only after contact, a brief impact cavity closes and circular ripples cross the surface. The camera, lighting, background, receiver geometry, and all other objects remain unchanged."
wdsimple0047,wdp0062,liquid_surface,surface_flow,liquid_surface_15,a small porcelain teacup filled with water,2,"completely still, with a shallow motionless water surface",slightly right of center,a low radial splash forms and several shallow ripples expand outward,one_seed_only,"A realistic fixed-camera macro video in one continuous shot. During the first two seconds, a small porcelain teacup filled with water is completely still, with a shallow motionless water surface. No falling droplet, splash, impact cavity, or ripple is visible during these first two seconds. Then exactly one large clear water droplet enters from the top of the frame, falls visibly downward, and contacts slightly right of center. Only after contact, a low radial splash forms and several shallow ripples expand outward. The camera, lighting, background, receiver geometry, and all other objects remain unchanged."
wdsimple0048,wdp0064,liquid_surface,surface_flow,liquid_surface_16,a clear stemmed wine glass filled with water,0,"completely still, with a perfectly flat water surface",the center of the water surface,a small crown splash rises and concentric ripples spread outward,one_seed_only,"A realistic fixed-camera macro video in one continuous shot. During the first two seconds, a clear stemmed wine glass filled with water is completely still, with a perfectly flat water surface. No falling droplet, splash, impact cavity, or ripple is visible during these first two seconds. Then exactly one large clear water droplet enters from the top of the frame, falls visibly downward, and contacts the center of the water surface. Only after contact, a small crown splash rises and concentric ripples spread outward. The camera, lighting, background, receiver geometry, and all other objects remain unchanged."
wdsimple0049,wdp0065,liquid_surface,surface_flow,liquid_surface_16,a clear stemmed wine glass filled with water,1,"completely still, with a calm level water surface",slightly left of the center of the water surface,a brief impact cavity closes and circular ripples cross the surface,one_seed_only,"A realistic fixed-camera macro video in one continuous shot. During the first two seconds, a clear stemmed wine glass filled with water is completely still, with a calm level water surface. No falling droplet, splash, impact cavity, or ripple is visible during these first two seconds. Then exactly one large clear water droplet enters from the top of the frame, falls visibly downward, and contacts slightly left of the center of the water surface. Only after contact, a brief impact cavity closes and circular ripples cross the surface. The camera, lighting, background, receiver geometry, and all other objects remain unchanged."
wdsimple0050,wdp0066,liquid_surface,surface_flow,liquid_surface_16,a clear stemmed wine glass filled with water,2,"completely still, with a shallow motionless water surface",slightly right of center,a low radial splash forms and several shallow ripples expand outward,one_seed_only,"A realistic fixed-camera macro video in one continuous shot. During the first two seconds, a clear stemmed wine glass filled with water is completely still, with a shallow motionless water surface. No falling droplet, splash, impact cavity, or ripple is visible during these first two seconds. Then exactly one large clear water droplet enters from the top of the frame, falls visibly downward, and contacts slightly right of center. Only after contact, a low radial splash forms and several shallow ripples expand outward. The camera, lighting, background, receiver geometry, and all other objects remain unchanged."
wdsimple0051,wdp0068,liquid_surface,surface_flow,liquid_surface_17,a plain glass tumbler filled with water,0,"completely still, with a perfectly flat water surface",the center of the water surface,a small crown splash rises and concentric ripples spread outward,one_seed_only,"A realistic fixed-camera macro video in one continuous shot. During the first two seconds, a plain glass tumbler filled with water is completely still, with a perfectly flat water surface. No falling droplet, splash, impact cavity, or ripple is visible during these first two seconds. Then exactly one large clear water droplet enters from the top of the frame, falls visibly downward, and contacts the center of the water surface. Only after contact, a small crown splash rises and concentric ripples spread outward. The camera, lighting, background, receiver geometry, and all other objects remain unchanged."
wdsimple0052,wdp0069,liquid_surface,surface_flow,liquid_surface_17,a plain glass tumbler filled with water,1,"completely still, with a calm level water surface",slightly left of the center of the water surface,a brief impact cavity closes and circular ripples cross the surface,one_seed_only,"A realistic fixed-camera macro video in one continuous shot. During the first two seconds, a plain glass tumbler filled with water is completely still, with a calm level water surface. No falling droplet, splash, impact cavity, or ripple is visible during these first two seconds. Then exactly one large clear water droplet enters from the top of the frame, falls visibly downward, and contacts slightly left of the center of the water surface. Only after contact, a brief impact cavity closes and circular ripples cross the surface. The camera, lighting, background, receiver geometry, and all other objects remain unchanged."
wdsimple0053,wdp0070,liquid_surface,surface_flow,liquid_surface_17,a plain glass tumbler filled with water,2,"completely still, with a shallow motionless water surface",slightly right of center,a low radial splash forms and several shallow ripples expand outward,one_seed_only,"A realistic fixed-camera macro video in one continuous shot. During the first two seconds, a plain glass tumbler filled with water is completely still, with a shallow motionless water surface. No falling droplet, splash, impact cavity, or ripple is visible during these first two seconds. Then exactly one large clear water droplet enters from the top of the frame, falls visibly downward, and contacts slightly right of center. Only after contact, a low radial splash forms and several shallow ripples expand outward. The camera, lighting, background, receiver geometry, and all other objects remain unchanged."
wdsimple0054,wdp0072,liquid_surface,surface_flow,liquid_surface_18,a wide-mouth mason jar filled with water,0,"completely still, with a perfectly flat water surface",the center of the water surface,a small crown splash rises and concentric ripples spread outward,one_seed_only,"A realistic fixed-camera macro video in one continuous shot. During the first two seconds, a wide-mouth mason jar filled with water is completely still, with a perfectly flat water surface. No falling droplet, splash, impact cavity, or ripple is visible during these first two seconds. Then exactly one large clear water droplet enters from the top of the frame, falls visibly downward, and contacts the center of the water surface. Only after contact, a small crown splash rises and concentric ripples spread outward. The camera, lighting, background, receiver geometry, and all other objects remain unchanged."
wdsimple0055,wdp0073,liquid_surface,surface_flow,liquid_surface_18,a wide-mouth mason jar filled with water,1,"completely still, with a calm level water surface",slightly left of the center of the water surface,a brief impact cavity closes and circular ripples cross the surface,one_seed_only,"A realistic fixed-camera macro video in one continuous shot. During the first two seconds, a wide-mouth mason jar filled with water is completely still, with a calm level water surface. No falling droplet, splash, impact cavity, or ripple is visible during these first two seconds. Then exactly one large clear water droplet enters from the top of the frame, falls visibly downward, and contacts slightly left of the center of the water surface. Only after contact, a brief impact cavity closes and circular ripples cross the surface. The camera, lighting, background, receiver geometry, and all other objects remain unchanged."
wdsimple0056,wdp0074,liquid_surface,surface_flow,liquid_surface_18,a wide-mouth mason jar filled with water,2,"completely still, with a shallow motionless water surface",slightly right of center,a low radial splash forms and several shallow ripples expand outward,one_seed_only,"A realistic fixed-camera macro video in one continuous shot. During the first two seconds, a wide-mouth mason jar filled with water is completely still, with a shallow motionless water surface. No falling droplet, splash, impact cavity, or ripple is visible during these first two seconds. Then exactly one large clear water droplet enters from the top of the frame, falls visibly downward, and contacts slightly right of center. Only after contact, a low radial splash forms and several shallow ripples expand outward. The camera, lighting, background, receiver geometry, and all other objects remain unchanged."
wdsimple0057,wdp0076,liquid_surface,surface_flow,liquid_surface_19,a short glass flower vase filled with water,0,"completely still, with a perfectly flat water surface",the center of the water surface,a small crown splash rises and concentric ripples spread outward,one_seed_only,"A realistic fixed-camera macro video in one continuous shot. During the first two seconds, a short glass flower vase filled with water is completely still, with a perfectly flat water surface. No falling droplet, splash, impact cavity, or ripple is visible during these first two seconds. Then exactly one large clear water droplet enters from the top of the frame, falls visibly downward, and contacts the center of the water surface. Only after contact, a small crown splash rises and concentric ripples spread outward. The camera, lighting, background, receiver geometry, and all other objects remain unchanged."
wdsimple0058,wdp0077,liquid_surface,surface_flow,liquid_surface_19,a short glass flower vase filled with water,1,"completely still, with a calm level water surface",slightly left of the center of the water surface,a brief impact cavity closes and circular ripples cross the surface,one_seed_only,"A realistic fixed-camera macro video in one continuous shot. During the first two seconds, a short glass flower vase filled with water is completely still, with a calm level water surface. No falling droplet, splash, impact cavity, or ripple is visible during these first two seconds. Then exactly one large clear water droplet enters from the top of the frame, falls visibly downward, and contacts slightly left of the center of the water surface. Only after contact, a brief impact cavity closes and circular ripples cross the surface. The camera, lighting, background, receiver geometry, and all other objects remain unchanged."
wdsimple0059,wdp0078,liquid_surface,surface_flow,liquid_surface_19,a short glass flower vase filled with water,2,"completely still, with a shallow motionless water surface",slightly right of center,a low radial splash forms and several shallow ripples expand outward,one_seed_only,"A realistic fixed-camera macro video in one continuous shot. During the first two seconds, a short glass flower vase filled with water is completely still, with a shallow motionless water surface. No falling droplet, splash, impact cavity, or ripple is visible during these first two seconds. Then exactly one large clear water droplet enters from the top of the frame, falls visibly downward, and contacts slightly right of center. Only after contact, a low radial splash forms and several shallow ripples expand outward. The camera, lighting, background, receiver geometry, and all other objects remain unchanged."
wdsimple0060,wdp0080,liquid_surface,surface_flow,liquid_surface_20,a wide porcelain basin filled with water,0,"completely still, with a perfectly flat water surface",the center of the water surface,a small crown splash rises and concentric ripples spread outward,one_seed_only,"A realistic fixed-camera macro video in one continuous shot. During the first two seconds, a wide porcelain basin filled with water is completely still, with a perfectly flat water surface. No falling droplet, splash, impact cavity, or ripple is visible during these first two seconds. Then exactly one large clear water droplet enters from the top of the frame, falls visibly downward, and contacts the center of the water surface. Only after contact, a small crown splash rises and concentric ripples spread outward. The camera, lighting, background, receiver geometry, and all other objects remain unchanged."
wdsimple0061,wdp0081,liquid_surface,surface_flow,liquid_surface_20,a wide porcelain basin filled with water,1,"completely still, with a calm level water surface",slightly left of the center of the water surface,a brief impact cavity closes and circular ripples cross the surface,one_seed_only,"A realistic fixed-camera macro video in one continuous shot. During the first two seconds, a wide porcelain basin filled with water is completely still, with a calm level water surface. No falling droplet, splash, impact cavity, or ripple is visible during these first two seconds. Then exactly one large clear water droplet enters from the top of the frame, falls visibly downward, and contacts slightly left of the center of the water surface. Only after contact, a brief impact cavity closes and circular ripples cross the surface. The camera, lighting, background, receiver geometry, and all other objects remain unchanged."
wdsimple0062,wdp0082,liquid_surface,surface_flow,liquid_surface_20,a wide porcelain basin filled with water,2,"completely still, with a shallow motionless water surface",slightly right of center,a low radial splash forms and several shallow ripples expand outward,one_seed_only,"A realistic fixed-camera macro video in one continuous shot. During the first two seconds, a wide porcelain basin filled with water is completely still, with a shallow motionless water surface. No falling droplet, splash, impact cavity, or ripple is visible during these first two seconds. Then exactly one large clear water droplet enters from the top of the frame, falls visibly downward, and contacts slightly right of center. Only after contact, a low radial splash forms and several shallow ripples expand outward. The camera, lighting, background, receiver geometry, and all other objects remain unchanged."
wdsimple0063,wdp0084,liquid_surface,surface_flow,liquid_surface_21,a white bathtub filled with still water,0,"completely still, with a perfectly flat water surface",the center of the water surface,a small crown splash rises and concentric ripples spread outward,one_seed_only,"A realistic fixed-camera macro video in one continuous shot. During the first two seconds, a white bathtub filled with still water is completely still, with a perfectly flat water surface. No falling droplet, splash, impact cavity, or ripple is visible during these first two seconds. Then exactly one large clear water droplet enters from the top of the frame, falls visibly downward, and contacts the center of the water surface. Only after contact, a small crown splash rises and concentric ripples spread outward. The camera, lighting, background, receiver geometry, and all other objects remain unchanged."
wdsimple0064,wdp0085,liquid_surface,surface_flow,liquid_surface_21,a white bathtub filled with still water,1,"completely still, with a calm level water surface",slightly left of the center of the water surface,a brief impact cavity closes and circular ripples cross the surface,one_seed_only,"A realistic fixed-camera macro video in one continuous shot. During the first two seconds, a white bathtub filled with still water is completely still, with a calm level water surface. No falling droplet, splash, impact cavity, or ripple is visible during these first two seconds. Then exactly one large clear water droplet enters from the top of the frame, falls visibly downward, and contacts slightly left of the center of the water surface. Only after contact, a brief impact cavity closes and circular ripples cross the surface. The camera, lighting, background, receiver geometry, and all other objects remain unchanged."
wdsimple0065,wdp0086,liquid_surface,surface_flow,liquid_surface_21,a white bathtub filled with still water,2,"completely still, with a shallow motionless water surface",slightly right of center,a low radial splash forms and several shallow ripples expand outward,one_seed_only,"A realistic fixed-camera macro video in one continuous shot. During the first two seconds, a white bathtub filled with still water is completely still, with a shallow motionless water surface. No falling droplet, splash, impact cavity, or ripple is visible during these first two seconds. Then exactly one large clear water droplet enters from the top of the frame, falls visibly downward, and contacts slightly right of center. Only after contact, a low radial splash forms and several shallow ripples expand outward. The camera, lighting, background, receiver geometry, and all other objects remain unchanged."
wdsimple0066,wdp0088,liquid_surface,surface_flow,liquid_surface_22,a shallow white shower tray holding a thin layer of water,0,"completely still, with a perfectly flat water surface",the center of the water surface,a small crown splash rises and concentric ripples spread outward,one_seed_only,"A realistic fixed-camera macro video in one continuous shot. During the first two seconds, a shallow white shower tray holding a thin layer of water is completely still, with a perfectly flat water surface. No falling droplet, splash, impact cavity, or ripple is visible during these first two seconds. Then exactly one large clear water droplet enters from the top of the frame, falls visibly downward, and contacts the center of the water surface. Only after contact, a small crown splash rises and concentric ripples spread outward. The camera, lighting, background, receiver geometry, and all other objects remain unchanged."
wdsimple0067,wdp0089,liquid_surface,surface_flow,liquid_surface_22,a shallow white shower tray holding a thin layer of water,1,"completely still, with a calm level water surface",slightly left of the center of the water surface,a brief impact cavity closes and circular ripples cross the surface,one_seed_only,"A realistic fixed-camera macro video in one continuous shot. During the first two seconds, a shallow white shower tray holding a thin layer of water is completely still, with a calm level water surface. No falling droplet, splash, impact cavity, or ripple is visible during these first two seconds. Then exactly one large clear water droplet enters from the top of the frame, falls visibly downward, and contacts slightly left of the center of the water surface. Only after contact, a brief impact cavity closes and circular ripples cross the surface. The camera, lighting, background, receiver geometry, and all other objects remain unchanged."
wdsimple0068,wdp0090,liquid_surface,surface_flow,liquid_surface_22,a shallow white shower tray holding a thin layer of water,2,"completely still, with a shallow motionless water surface",slightly right of center,a low radial splash forms and several shallow ripples expand outward,one_seed_only,"A realistic fixed-camera macro video in one continuous shot. During the first two seconds, a shallow white shower tray holding a thin layer of water is completely still, with a shallow motionless water surface. No falling droplet, splash, impact cavity, or ripple is visible during these first two seconds. Then exactly one large clear water droplet enters from the top of the frame, falls visibly downward, and contacts slightly right of center. Only after contact, a low radial splash forms and several shallow ripples expand outward. The camera, lighting, background, receiver geometry, and all other objects remain unchanged."
wdsimple0069,wdp0092,liquid_surface,surface_flow,liquid_surface_23,an open rain barrel filled with water,0,"completely still, with a perfectly flat water surface",the center of the water surface,a small crown splash rises and concentric ripples spread outward,one_seed_only,"A realistic fixed-camera macro video in one continuous shot. During the first two seconds, an open rain barrel filled with water is completely still, with a perfectly flat water surface. No falling droplet, splash, impact cavity, or ripple is visible during these first two seconds. Then exactly one large clear water droplet enters from the top of the frame, falls visibly downward, and contacts the center of the water surface. Only after contact, a small crown splash rises and concentric ripples spread outward. The camera, lighting, background, receiver geometry, and all other objects remain unchanged."
wdsimple0070,wdp0093,liquid_surface,surface_flow,liquid_surface_23,an open rain barrel filled with water,1,"completely still, with a calm level water surface",slightly left of the center of the water surface,a brief impact cavity closes and circular ripples cross the surface,one_seed_only,"A realistic fixed-camera macro video in one continuous shot. During the first two seconds, an open rain barrel filled with water is completely still, with a calm level water surface. No falling droplet, splash, impact cavity, or ripple is visible during these first two seconds. Then exactly one large clear water droplet enters from the top of the frame, falls visibly downward, and contacts slightly left of the center of the water surface. Only after contact, a brief impact cavity closes and circular ripples cross the surface. The camera, lighting, background, receiver geometry, and all other objects remain unchanged."
wdsimple0071,wdp0094,liquid_surface,surface_flow,liquid_surface_23,an open rain barrel filled with water,2,"completely still, with a shallow motionless water surface",slightly right of center,a low radial splash forms and several shallow ripples expand outward,one_seed_only,"A realistic fixed-camera macro video in one continuous shot. During the first two seconds, an open rain barrel filled with water is completely still, with a shallow motionless water surface. No falling droplet, splash, impact cavity, or ripple is visible during these first two seconds. Then exactly one large clear water droplet enters from the top of the frame, falls visibly downward, and contacts slightly right of center. Only after contact, a low radial splash forms and several shallow ripples expand outward. The camera, lighting, background, receiver geometry, and all other objects remain unchanged."
wdsimple0072,wdp0096,liquid_surface,surface_flow,liquid_surface_24,an open metal pail filled with water,0,"completely still, with a perfectly flat water surface",the center of the water surface,a small crown splash rises and concentric ripples spread outward,one_seed_only,"A realistic fixed-camera macro video in one continuous shot. During the first two seconds, an open metal pail filled with water is completely still, with a perfectly flat water surface. No falling droplet, splash, impact cavity, or ripple is visible during these first two seconds. Then exactly one large clear water droplet enters from the top of the frame, falls visibly downward, and contacts the center of the water surface. Only after contact, a small crown splash rises and concentric ripples spread outward. The camera, lighting, background, receiver geometry, and all other objects remain unchanged."
wdsimple0073,wdp0097,liquid_surface,surface_flow,liquid_surface_24,an open metal pail filled with water,1,"completely still, with a calm level water surface",slightly left of the center of the water surface,a brief impact cavity closes and circular ripples cross the surface,one_seed_only,"A realistic fixed-camera macro video in one continuous shot. During the first two seconds, an open metal pail filled with water is completely still, with a calm level water surface. No falling droplet, splash, impact cavity, or ripple is visible during these first two seconds. Then exactly one large clear water droplet enters from the top of the frame, falls visibly downward, and contacts slightly left of the center of the water surface. Only after contact, a brief impact cavity closes and circular ripples cross the surface. The camera, lighting, background, receiver geometry, and all other objects remain unchanged."
wdsimple0074,wdp0098,liquid_surface,surface_flow,liquid_surface_24,an open metal pail filled with water,2,"completely still, with a shallow motionless water surface",slightly right of center,a low radial splash forms and several shallow ripples expand outward,one_seed_only,"A realistic fixed-camera macro video in one continuous shot. During the first two seconds, an open metal pail filled with water is completely still, with a shallow motionless water surface. No falling droplet, splash, impact cavity, or ripple is visible during these first two seconds. Then exactly one large clear water droplet enters from the top of the frame, falls visibly downward, and contacts slightly right of center. Only after contact, a low radial splash forms and several shallow ripples expand outward. The camera, lighting, background, receiver geometry, and all other objects remain unchanged."
wdsimple0075,wdp0100,liquid_surface,surface_flow,liquid_surface_25,a blue plastic storage tub filled with water,0,"completely still, with a perfectly flat water surface",the center of the water surface,a small crown splash rises and concentric ripples spread outward,one_seed_only,"A realistic fixed-camera macro video in one continuous shot. During the first two seconds, a blue plastic storage tub filled with water is completely still, with a perfectly flat water surface. No falling droplet, splash, impact cavity, or ripple is visible during these first two seconds. Then exactly one large clear water droplet enters from the top of the frame, falls visibly downward, and contacts the center of the water surface. Only after contact, a small crown splash rises and concentric ripples spread outward. The camera, lighting, background, receiver geometry, and all other objects remain unchanged."
wdsimple0076,wdp0101,liquid_surface,surface_flow,liquid_surface_25,a blue plastic storage tub filled with water,1,"completely still, with a calm level water surface",slightly left of the center of the water surface,a brief impact cavity closes and circular ripples cross the surface,one_seed_only,"A realistic fixed-camera macro video in one continuous shot. During the first two seconds, a blue plastic storage tub filled with water is completely still, with a calm level water surface. No falling droplet, splash, impact cavity, or ripple is visible during these first two seconds. Then exactly one large clear water droplet enters from the top of the frame, falls visibly downward, and contacts slightly left of the center of the water surface. Only after contact, a brief impact cavity closes and circular ripples cross the surface. The camera, lighting, background, receiver geometry, and all other objects remain unchanged."
wdsimple0077,wdp0102,liquid_surface,surface_flow,liquid_surface_25,a blue plastic storage tub filled with water,2,"completely still, with a shallow motionless water surface",slightly right of center,a low radial splash forms and several shallow ripples expand outward,one_seed_only,"A realistic fixed-camera macro video in one continuous shot. During the first two seconds, a blue plastic storage tub filled with water is completely still, with a shallow motionless water surface. No falling droplet, splash, impact cavity, or ripple is visible during these first two seconds. Then exactly one large clear water droplet enters from the top of the frame, falls visibly downward, and contacts slightly right of center. Only after contact, a low radial splash forms and several shallow ripples expand outward. The camera, lighting, background, receiver geometry, and all other objects remain unchanged."
wdsimple0078,wdp0104,liquid_surface,surface_flow,liquid_surface_26,one compartment of a white ice-cube tray filled with water,0,"completely still, with a perfectly flat water surface",the center of the water surface,a small crown splash rises and concentric ripples spread outward,one_seed_only,"A realistic fixed-camera macro video in one continuous shot. During the first two seconds, one compartment of a white ice-cube tray filled with water is completely still, with a perfectly flat water surface. No falling droplet, splash, impact cavity, or ripple is visible during these first two seconds. Then exactly one large clear water droplet enters from the top of the frame, falls visibly downward, and contacts the center of the water surface. Only after contact, a small crown splash rises and concentric ripples spread outward. The camera, lighting, background, receiver geometry, and all other objects remain unchanged."
wdsimple0079,wdp0105,liquid_surface,surface_flow,liquid_surface_26,one compartment of a white ice-cube tray filled with water,1,"completely still, with a calm level water surface",slightly left of the center of the water surface,a brief impact cavity closes and circular ripples cross the surface,one_seed_only,"A realistic fixed-camera macro video in one continuous shot. During the first two seconds, one compartment of a white ice-cube tray filled with water is completely still, with a calm level water surface. No falling droplet, splash, impact cavity, or ripple is visible during these first two seconds. Then exactly one large clear water droplet enters from the top of the frame, falls visibly downward, and contacts slightly left of the center of the water surface. Only after contact, a brief impact cavity closes and circular ripples cross the surface. The camera, lighting, background, receiver geometry, and all other objects remain unchanged."
wdsimple0080,wdp0106,liquid_surface,surface_flow,liquid_surface_26,one compartment of a white ice-cube tray filled with water,2,"completely still, with a shallow motionless water surface",slightly right of center,a low radial splash forms and several shallow ripples expand outward,one_seed_only,"A realistic fixed-camera macro video in one continuous shot. During the first two seconds, one compartment of a white ice-cube tray filled with water is completely still, with a shallow motionless water surface. No falling droplet, splash, impact cavity, or ripple is visible during these first two seconds. Then exactly one large clear water droplet enters from the top of the frame, falls visibly downward, and contacts slightly right of center. Only after contact, a low radial splash forms and several shallow ripples expand outward. The camera, lighting, background, receiver geometry, and all other objects remain unchanged."
wdsimple0081,wdp0108,liquid_surface,surface_flow,liquid_surface_27,a stainless-steel pet water bowl,0,"completely still, with a perfectly flat water surface",the center of the water surface,a small crown splash rises and concentric ripples spread outward,one_seed_only,"A realistic fixed-camera macro video in one continuous shot. During the first two seconds, a stainless-steel pet water bowl is completely still, with a perfectly flat water surface. No falling droplet, splash, impact cavity, or ripple is visible during these first two seconds. Then exactly one large clear water droplet enters from the top of the frame, falls visibly downward, and contacts the center of the water surface. Only after contact, a small crown splash rises and concentric ripples spread outward. The camera, lighting, background, receiver geometry, and all other objects remain unchanged."
wdsimple0082,wdp0109,liquid_surface,surface_flow,liquid_surface_27,a stainless-steel pet water bowl,1,"completely still, with a calm level water surface",slightly left of the center of the water surface,a brief impact cavity closes and circular ripples cross the surface,one_seed_only,"A realistic fixed-camera macro video in one continuous shot. During the first two seconds, a stainless-steel pet water bowl is completely still, with a calm level water surface. No falling droplet, splash, impact cavity, or ripple is visible during these first two seconds. Then exactly one large clear water droplet enters from the top of the frame, falls visibly downward, and contacts slightly left of the center of the water surface. Only after contact, a brief impact cavity closes and circular ripples cross the surface. The camera, lighting, background, receiver geometry, and all other objects remain unchanged."
wdsimple0083,wdp0110,liquid_surface,surface_flow,liquid_surface_27,a stainless-steel pet water bowl,2,"completely still, with a shallow motionless water surface",slightly right of center,a low radial splash forms and several shallow ripples expand outward,one_seed_only,"A realistic fixed-camera macro video in one continuous shot. During the first two seconds, a stainless-steel pet water bowl is completely still, with a shallow motionless water surface. No falling droplet, splash, impact cavity, or ripple is visible during these first two seconds. Then exactly one large clear water droplet enters from the top of the frame, falls visibly downward, and contacts slightly right of center. Only after contact, a low radial splash forms and several shallow ripples expand outward. The camera, lighting, background, receiver geometry, and all other objects remain unchanged."
wdsimple0084,wdp0112,liquid_surface,surface_flow,liquid_surface_28,a carved granite basin filled with water,0,"completely still, with a perfectly flat water surface",the center of the water surface,a small crown splash rises and concentric ripples spread outward,one_seed_only,"A realistic fixed-camera macro video in one continuous shot. During the first two seconds, a carved granite basin filled with water is completely still, with a perfectly flat water surface. No falling droplet, splash, impact cavity, or ripple is visible during these first two seconds. Then exactly one large clear water droplet enters from the top of the frame, falls visibly downward, and contacts the center of the water surface. Only after contact, a small crown splash rises and concentric ripples spread outward. The camera, lighting, background, receiver geometry, and all other objects remain unchanged."
wdsimple0085,wdp0113,liquid_surface,surface_flow,liquid_surface_28,a carved granite basin filled with water,1,"completely still, with a calm level water surface",slightly left of the center of the water surface,a brief impact cavity closes and circular ripples cross the surface,one_seed_only,"A realistic fixed-camera macro video in one continuous shot. During the first two seconds, a carved granite basin filled with water is completely still, with a calm level water surface. No falling droplet, splash, impact cavity, or ripple is visible during these first two seconds. Then exactly one large clear water droplet enters from the top of the frame, falls visibly downward, and contacts slightly left of the center of the water surface. Only after contact, a brief impact cavity closes and circular ripples cross the surface. The camera, lighting, background, receiver geometry, and all other objects remain unchanged."
wdsimple0086,wdp0114,liquid_surface,surface_flow,liquid_surface_28,a carved granite basin filled with water,2,"completely still, with a shallow motionless water surface",slightly right of center,a low radial splash forms and several shallow ripples expand outward,one_seed_only,"A realistic fixed-camera macro video in one continuous shot. During the first two seconds, a carved granite basin filled with water is completely still, with a shallow motionless water surface. No falling droplet, splash, impact cavity, or ripple is visible during these first two seconds. Then exactly one large clear water droplet enters from the top of the frame, falls visibly downward, and contacts slightly right of center. Only after contact, a low radial splash forms and several shallow ripples expand outward. The camera, lighting, background, receiver geometry, and all other objects remain unchanged."
wdsimple0087,wdp0116,liquid_surface,surface_flow,liquid_surface_29,a polished copper bowl filled with water,0,"completely still, with a perfectly flat water surface",the center of the water surface,a small crown splash rises and concentric ripples spread outward,one_seed_only,"A realistic fixed-camera macro video in one continuous shot. During the first two seconds, a polished copper bowl filled with water is completely still, with a perfectly flat water surface. No falling droplet, splash, impact cavity, or ripple is visible during these first two seconds. Then exactly one large clear water droplet enters from the top of the frame, falls visibly downward, and contacts the center of the water surface. Only after contact, a small crown splash rises and concentric ripples spread outward. The camera, lighting, background, receiver geometry, and all other objects remain unchanged."
wdsimple0088,wdp0117,liquid_surface,surface_flow,liquid_surface_29,a polished copper bowl filled with water,1,"completely still, with a calm level water surface",slightly left of the center of the water surface,a brief impact cavity closes and circular ripples cross the surface,one_seed_only,"A realistic fixed-camera macro video in one continuous shot. During the first two seconds, a polished copper bowl filled with water is completely still, with a calm level water surface. No falling droplet, splash, impact cavity, or ripple is visible during these first two seconds. Then exactly one large clear water droplet enters from the top of the frame, falls visibly downward, and contacts slightly left of the center of the water surface. Only after contact, a brief impact cavity closes and circular ripples cross the surface. The camera, lighting, background, receiver geometry, and all other objects remain unchanged."
wdsimple0089,wdp0118,liquid_surface,surface_flow,liquid_surface_29,a polished copper bowl filled with water,2,"completely still, with a shallow motionless water surface",slightly right of center,a low radial splash forms and several shallow ripples expand outward,one_seed_only,"A realistic fixed-camera macro video in one continuous shot. During the first two seconds, a polished copper bowl filled with water is completely still, with a shallow motionless water surface. No falling droplet, splash, impact cavity, or ripple is visible during these first two seconds. Then exactly one large clear water droplet enters from the top of the frame, falls visibly downward, and contacts slightly right of center. Only after contact, a low radial splash forms and several shallow ripples expand outward. The camera, lighting, background, receiver geometry, and all other objects remain unchanged."
wdsimple0090,wdp0120,liquid_surface,surface_flow,liquid_surface_30,a polished brass bowl filled with water,0,"completely still, with a perfectly flat water surface",the center of the water surface,a small crown splash rises and concentric ripples spread outward,one_seed_only,"A realistic fixed-camera macro video in one continuous shot. During the first two seconds, a polished brass bowl filled with water is completely still, with a perfectly flat water surface. No falling droplet, splash, impact cavity, or ripple is visible during these first two seconds. Then exactly one large clear water droplet enters from the top of the frame, falls visibly downward, and contacts the center of the water surface. Only after contact, a small crown splash rises and concentric ripples spread outward. The camera, lighting, background, receiver geometry, and all other objects remain unchanged."
wdsimple0091,wdp0121,liquid_surface,surface_flow,liquid_surface_30,a polished brass bowl filled with water,1,"completely still, with a calm level water surface",slightly left of the center of the water surface,a brief impact cavity closes and circular ripples cross the surface,one_seed_only,"A realistic fixed-camera macro video in one continuous shot. During the first two seconds, a polished brass bowl filled with water is completely still, with a calm level water surface. No falling droplet, splash, impact cavity, or ripple is visible during these first two seconds. Then exactly one large clear water droplet enters from the top of the frame, falls visibly downward, and contacts slightly left of the center of the water surface. Only after contact, a brief impact cavity closes and circular ripples cross the surface. The camera, lighting, background, receiver geometry, and all other objects remain unchanged."
wdsimple0092,wdp0122,liquid_surface,surface_flow,liquid_surface_30,a polished brass bowl filled with water,2,"completely still, with a shallow motionless water surface",slightly right of center,a low radial splash forms and several shallow ripples expand outward,one_seed_only,"A realistic fixed-camera macro video in one continuous shot. During the first two seconds, a polished brass bowl filled with water is completely still, with a shallow motionless water surface. No falling droplet, splash, impact cavity, or ripple is visible during these first two seconds. Then exactly one large clear water droplet enters from the top of the frame, falls visibly downward, and contacts slightly right of center. Only after contact, a low radial splash forms and several shallow ripples expand outward. The camera, lighting, background, receiver geometry, and all other objects remain unchanged."
wdsimple0093,wdp0124,liquid_surface,surface_flow,liquid_surface_31,a shallow aluminum pan filled with water,0,"completely still, with a perfectly flat water surface",the center of the water surface,a small crown splash rises and concentric ripples spread outward,one_seed_only,"A realistic fixed-camera macro video in one continuous shot. During the first two seconds, a shallow aluminum pan filled with water is completely still, with a perfectly flat water surface. No falling droplet, splash, impact cavity, or ripple is visible during these first two seconds. Then exactly one large clear water droplet enters from the top of the frame, falls visibly downward, and contacts the center of the water surface. Only after contact, a small crown splash rises and concentric ripples spread outward. The camera, lighting, background, receiver geometry, and all other objects remain unchanged."
wdsimple0094,wdp0125,liquid_surface,surface_flow,liquid_surface_31,a shallow aluminum pan filled with water,1,"completely still, with a calm level water surface",slightly left of the center of the water surface,a brief impact cavity closes and circular ripples cross the surface,one_seed_only,"A realistic fixed-camera macro video in one continuous shot. During the first two seconds, a shallow aluminum pan filled with water is completely still, with a calm level water surface. No falling droplet, splash, impact cavity, or ripple is visible during these first two seconds. Then exactly one large clear water droplet enters from the top of the frame, falls visibly downward, and contacts slightly left of the center of the water surface. Only after contact, a brief impact cavity closes and circular ripples cross the surface. The camera, lighting, background, receiver geometry, and all other objects remain unchanged."
wdsimple0095,wdp0126,liquid_surface,surface_flow,liquid_surface_31,a shallow aluminum pan filled with water,2,"completely still, with a shallow motionless water surface",slightly right of center,a low radial splash forms and several shallow ripples expand outward,one_seed_only,"A realistic fixed-camera macro video in one continuous shot. During the first two seconds, a shallow aluminum pan filled with water is completely still, with a shallow motionless water surface. No falling droplet, splash, impact cavity, or ripple is visible during these first two seconds. Then exactly one large clear water droplet enters from the top of the frame, falls visibly downward, and contacts slightly right of center. Only after contact, a low radial splash forms and several shallow ripples expand outward. The camera, lighting, background, receiver geometry, and all other objects remain unchanged."
wdsimple0096,wdp0128,liquid_surface,surface_flow,liquid_surface_32,a rectangular glass baking dish filled with water,0,"completely still, with a perfectly flat water surface",the center of the water surface,a small crown splash rises and concentric ripples spread outward,one_seed_only,"A realistic fixed-camera macro video in one continuous shot. During the first two seconds, a rectangular glass baking dish filled with water is completely still, with a perfectly flat water surface. No falling droplet, splash, impact cavity, or ripple is visible during these first two seconds. Then exactly one large clear water droplet enters from the top of the frame, falls visibly downward, and contacts the center of the water surface. Only after contact, a small crown splash rises and concentric ripples spread outward. The camera, lighting, background, receiver geometry, and all other objects remain unchanged."
wdsimple0097,wdp0129,liquid_surface,surface_flow,liquid_surface_32,a rectangular glass baking dish filled with water,1,"completely still, with a calm level water surface",slightly left of the center of the water surface,a brief impact cavity closes and circular ripples cross the surface,one_seed_only,"A realistic fixed-camera macro video in one continuous shot. During the first two seconds, a rectangular glass baking dish filled with water is completely still, with a calm level water surface. No falling droplet, splash, impact cavity, or ripple is visible during these first two seconds. Then exactly one large clear water droplet enters from the top of the frame, falls visibly downward, and contacts slightly left of the center of the water surface. Only after contact, a brief impact cavity closes and circular ripples cross the surface. The camera, lighting, background, receiver geometry, and all other objects remain unchanged."
wdsimple0098,wdp0130,liquid_surface,surface_flow,liquid_surface_32,a rectangular glass baking dish filled with water,2,"completely still, with a shallow motionless water surface",slightly right of center,a low radial splash forms and several shallow ripples expand outward,one_seed_only,"A realistic fixed-camera macro video in one continuous shot. During the first two seconds, a rectangular glass baking dish filled with water is completely still, with a shallow motionless water surface. No falling droplet, splash, impact cavity, or ripple is visible during these first two seconds. Then exactly one large clear water droplet enters from the top of the frame, falls visibly downward, and contacts slightly right of center. Only after contact, a low radial splash forms and several shallow ripples expand outward. The camera, lighting, background, receiver geometry, and all other objects remain unchanged."
wdsimple0099,wdp0132,liquid_surface,surface_flow,liquid_surface_33,a clear acrylic tank filled with water,0,"completely still, with a perfectly flat water surface",the center of the water surface,a small crown splash rises and concentric ripples spread outward,one_seed_only,"A realistic fixed-camera macro video in one continuous shot. During the first two seconds, a clear acrylic tank filled with water is completely still, with a perfectly flat water surface. No falling droplet, splash, impact cavity, or ripple is visible during these first two seconds. Then exactly one large clear water droplet enters from the top of the frame, falls visibly downward, and contacts the center of the water surface. Only after contact, a small crown splash rises and concentric ripples spread outward. The camera, lighting, background, receiver geometry, and all other objects remain unchanged."
wdsimple0100,wdp0133,liquid_surface,surface_flow,liquid_surface_33,a clear acrylic tank filled with water,1,"completely still, with a calm level water surface",slightly left of the center of the water surface,a brief impact cavity closes and circular ripples cross the surface,one_seed_only,"A realistic fixed-camera macro video in one continuous shot. During the first two seconds, a clear acrylic tank filled with water is completely still, with a calm level water surface. No falling droplet, splash, impact cavity, or ripple is visible during these first two seconds. Then exactly one large clear water droplet enters from the top of the frame, falls visibly downward, and contacts slightly left of the center of the water surface. Only after contact, a brief impact cavity closes and circular ripples cross the surface. The camera, lighting, background, receiver geometry, and all other objects remain unchanged."
wdsimple0101,wdp0134,liquid_surface,surface_flow,liquid_surface_33,a clear acrylic tank filled with water,2,"completely still, with a shallow motionless water surface",slightly right of center,a low radial splash forms and several shallow ripples expand outward,one_seed_only,"A realistic fixed-camera macro video in one continuous shot. During the first two seconds, a clear acrylic tank filled with water is completely still, with a shallow motionless water surface. No falling droplet, splash, impact cavity, or ripple is visible during these first two seconds. Then exactly one large clear water droplet enters from the top of the frame, falls visibly downward, and contacts slightly right of center. Only after contact, a low radial splash forms and several shallow ripples expand outward. The camera, lighting, background, receiver geometry, and all other objects remain unchanged."
wdsimple0102,wdp0136,liquid_surface,surface_flow,liquid_surface_34,a shallow laboratory glass tray filled with water,0,"completely still, with a perfectly flat water surface",the center of the water surface,a small crown splash rises and concentric ripples spread outward,one_seed_only,"A realistic fixed-camera macro video in one continuous shot. During the first two seconds, a shallow laboratory glass tray filled with water is completely still, with a perfectly flat water surface. No falling droplet, splash, impact cavity, or ripple is visible during these first two seconds. Then exactly one large clear water droplet enters from the top of the frame, falls visibly downward, and contacts the center of the water surface. Only after contact, a small crown splash rises and concentric ripples spread outward. The camera, lighting, background, receiver geometry, and all other objects remain unchanged."
wdsimple0103,wdp0137,liquid_surface,surface_flow,liquid_surface_34,a shallow laboratory glass tray filled with water,1,"completely still, with a calm level water surface",slightly left of the center of the water surface,a brief impact cavity closes and circular ripples cross the surface,one_seed_only,"A realistic fixed-camera macro video in one continuous shot. During the first two seconds, a shallow laboratory glass tray filled with water is completely still, with a calm level water surface. No falling droplet, splash, impact cavity, or ripple is visible during these first two seconds. Then exactly one large clear water droplet enters from the top of the frame, falls visibly downward, and contacts slightly left of the center of the water surface. Only after contact, a brief impact cavity closes and circular ripples cross the surface. The camera, lighting, background, receiver geometry, and all other objects remain unchanged."
wdsimple0104,wdp0138,liquid_surface,surface_flow,liquid_surface_34,a shallow laboratory glass tray filled with water,2,"completely still, with a shallow motionless water surface",slightly right of center,a low radial splash forms and several shallow ripples expand outward,one_seed_only,"A realistic fixed-camera macro video in one continuous shot. During the first two seconds, a shallow laboratory glass tray filled with water is completely still, with a shallow motionless water surface. No falling droplet, splash, impact cavity, or ripple is visible during these first two seconds. Then exactly one large clear water droplet enters from the top of the frame, falls visibly downward, and contacts slightly right of center. Only after contact, a low radial splash forms and several shallow ripples expand outward. The camera, lighting, background, receiver geometry, and all other objects remain unchanged."
wdsimple0105,wdp0140,liquid_surface,surface_flow,liquid_surface_35,a glazed ceramic baking dish filled with water,0,"completely still, with a perfectly flat water surface",the center of the water surface,a small crown splash rises and concentric ripples spread outward,one_seed_only,"A realistic fixed-camera macro video in one continuous shot. During the first two seconds, a glazed ceramic baking dish filled with water is completely still, with a perfectly flat water surface. No falling droplet, splash, impact cavity, or ripple is visible during these first two seconds. Then exactly one large clear water droplet enters from the top of the frame, falls visibly downward, and contacts the center of the water surface. Only after contact, a small crown splash rises and concentric ripples spread outward. The camera, lighting, background, receiver geometry, and all other objects remain unchanged."
wdsimple0106,wdp0141,liquid_surface,surface_flow,liquid_surface_35,a glazed ceramic baking dish filled with water,1,"completely still, with a calm level water surface",slightly left of the center of the water surface,a brief impact cavity closes and circular ripples cross the surface,one_seed_only,"A realistic fixed-camera macro video in one continuous shot. During the first two seconds, a glazed ceramic baking dish filled with water is completely still, with a calm level water surface. No falling droplet, splash, impact cavity, or ripple is visible during these first two seconds. Then exactly one large clear water droplet enters from the top of the frame, falls visibly downward, and contacts slightly left of the center of the water surface. Only after contact, a brief impact cavity closes and circular ripples cross the surface. The camera, lighting, background, receiver geometry, and all other objects remain unchanged."
wdsimple0107,wdp0142,liquid_surface,surface_flow,liquid_surface_35,a glazed ceramic baking dish filled with water,2,"completely still, with a shallow motionless water surface",slightly right of center,a low radial splash forms and several shallow ripples expand outward,one_seed_only,"A realistic fixed-camera macro video in one continuous shot. During the first two seconds, a glazed ceramic baking dish filled with water is completely still, with a shallow motionless water surface. No falling droplet, splash, impact cavity, or ripple is visible during these first two seconds. Then exactly one large clear water droplet enters from the top of the frame, falls visibly downward, and contacts slightly right of center. Only after contact, a low radial splash forms and several shallow ripples expand outward. The camera, lighting, background, receiver geometry, and all other objects remain unchanged."
wdsimple0108,wdp0144,liquid_surface,surface_flow,liquid_surface_36,a black stone bowl filled with water,0,"completely still, with a perfectly flat water surface",the center of the water surface,a small crown splash rises and concentric ripples spread outward,one_seed_only,"A realistic fixed-camera macro video in one continuous shot. During the first two seconds, a black stone bowl filled with water is completely still, with a perfectly flat water surface. No falling droplet, splash, impact cavity, or ripple is visible during these first two seconds. Then exactly one large clear water droplet enters from the top of the frame, falls visibly downward, and contacts the center of the water surface. Only after contact, a small crown splash rises and concentric ripples spread outward. The camera, lighting, background, receiver geometry, and all other objects remain unchanged."
wdsimple0109,wdp0145,liquid_surface,surface_flow,liquid_surface_36,a black stone bowl filled with water,1,"completely still, with a calm level water surface",slightly left of the center of the water surface,a brief impact cavity closes and circular ripples cross the surface,one_seed_only,"A realistic fixed-camera macro video in one continuous shot. During the first two seconds, a black stone bowl filled with water is completely still, with a calm level water surface. No falling droplet, splash, impact cavity, or ripple is visible during these first two seconds. Then exactly one large clear water droplet enters from the top of the frame, falls visibly downward, and contacts slightly left of the center of the water surface. Only after contact, a brief impact cavity closes and circular ripples cross the surface. The camera, lighting, background, receiver geometry, and all other objects remain unchanged."
wdsimple0110,wdp0146,liquid_surface,surface_flow,liquid_surface_36,a black stone bowl filled with water,2,"completely still, with a shallow motionless water surface",slightly right of center,a low radial splash forms and several shallow ripples expand outward,one_seed_only,"A realistic fixed-camera macro video in one continuous shot. During the first two seconds, a black stone bowl filled with water is completely still, with a shallow motionless water surface. No falling droplet, splash, impact cavity, or ripple is visible during these first two seconds. Then exactly one large clear water droplet enters from the top of the frame, falls visibly downward, and contacts slightly right of center. Only after contact, a low radial splash forms and several shallow ripples expand outward. The camera, lighting, background, receiver geometry, and all other objects remain unchanged."
wdsimple0111,wdp0148,liquid_surface,surface_flow,liquid_surface_37,a sealed wooden bowl filled with water,0,"completely still, with a perfectly flat water surface",the center of the water surface,a small crown splash rises and concentric ripples spread outward,one_seed_only,"A realistic fixed-camera macro video in one continuous shot. During the first two seconds, a sealed wooden bowl filled with water is completely still, with a perfectly flat water surface. No falling droplet, splash, impact cavity, or ripple is visible during these first two seconds. Then exactly one large clear water droplet enters from the top of the frame, falls visibly downward, and contacts the center of the water surface. Only after contact, a small crown splash rises and concentric ripples spread outward. The camera, lighting, background, receiver geometry, and all other objects remain unchanged."
wdsimple0112,wdp0149,liquid_surface,surface_flow,liquid_surface_37,a sealed wooden bowl filled with water,1,"completely still, with a calm level water surface",slightly left of the center of the water surface,a brief impact cavity closes and circular ripples cross the surface,one_seed_only,"A realistic fixed-camera macro video in one continuous shot. During the first two seconds, a sealed wooden bowl filled with water is completely still, with a calm level water surface. No falling droplet, splash, impact cavity, or ripple is visible during these first two seconds. Then exactly one large clear water droplet enters from the top of the frame, falls visibly downward, and contacts slightly left of the center of the water surface. Only after contact, a brief impact cavity closes and circular ripples cross the surface. The camera, lighting, background, receiver geometry, and all other objects remain unchanged."
wdsimple0113,wdp0150,liquid_surface,surface_flow,liquid_surface_37,a sealed wooden bowl filled with water,2,"completely still, with a shallow motionless water surface",slightly right of center,a low radial splash forms and several shallow ripples expand outward,one_seed_only,"A realistic fixed-camera macro video in one continuous shot. During the first two seconds, a sealed wooden bowl filled with water is completely still, with a shallow motionless water surface. No falling droplet, splash, impact cavity, or ripple is visible during these first two seconds. Then exactly one large clear water droplet enters from the top of the frame, falls visibly downward, and contacts slightly right of center. Only after contact, a low radial splash forms and several shallow ripples expand outward. The camera, lighting, background, receiver geometry, and all other objects remain unchanged."
wdsimple0114,wdp0152,liquid_surface,surface_flow,liquid_surface_38,a clean coconut-shell cup filled with water,0,"completely still, with a perfectly flat water surface",the center of the water surface,a small crown splash rises and concentric ripples spread outward,one_seed_only,"A realistic fixed-camera macro video in one continuous shot. During the first two seconds, a clean coconut-shell cup filled with water is completely still, with a perfectly flat water surface. No falling droplet, splash, impact cavity, or ripple is visible during these first two seconds. Then exactly one large clear water droplet enters from the top of the frame, falls visibly downward, and contacts the center of the water surface. Only after contact, a small crown splash rises and concentric ripples spread outward. The camera, lighting, background, receiver geometry, and all other objects remain unchanged."
wdsimple0115,wdp0153,liquid_surface,surface_flow,liquid_surface_38,a clean coconut-shell cup filled with water,1,"completely still, with a calm level water surface",slightly left of the center of the water surface,a brief impact cavity closes and circular ripples cross the surface,one_seed_only,"A realistic fixed-camera macro video in one continuous shot. During the first two seconds, a clean coconut-shell cup filled with water is completely still, with a calm level water surface. No falling droplet, splash, impact cavity, or ripple is visible during these first two seconds. Then exactly one large clear water droplet enters from the top of the frame, falls visibly downward, and contacts slightly left of the center of the water surface. Only after contact, a brief impact cavity closes and circular ripples cross the surface. The camera, lighting, background, receiver geometry, and all other objects remain unchanged."
wdsimple0116,wdp0154,liquid_surface,surface_flow,liquid_surface_38,a clean coconut-shell cup filled with water,2,"completely still, with a shallow motionless water surface",slightly right of center,a low radial splash forms and several shallow ripples expand outward,one_seed_only,"A realistic fixed-camera macro video in one continuous shot. During the first two seconds, a clean coconut-shell cup filled with water is completely still, with a shallow motionless water surface. No falling droplet, splash, impact cavity, or ripple is visible during these first two seconds. Then exactly one large clear water droplet enters from the top of the frame, falls visibly downward, and contacts slightly right of center. Only after contact, a low radial splash forms and several shallow ripples expand outward. The camera, lighting, background, receiver geometry, and all other objects remain unchanged."
wdsimple0117,wdp0156,liquid_surface,surface_flow,liquid_surface_39,a large seashell holding a pool of water,0,"completely still, with a perfectly flat water surface",the center of the water surface,a small crown splash rises and concentric ripples spread outward,one_seed_only,"A realistic fixed-camera macro video in one continuous shot. During the first two seconds, a large seashell holding a pool of water is completely still, with a perfectly flat water surface. No falling droplet, splash, impact cavity, or ripple is visible during these first two seconds. Then exactly one large clear water droplet enters from the top of the frame, falls visibly downward, and contacts the center of the water surface. Only after contact, a small crown splash rises and concentric ripples spread outward. The camera, lighting, background, receiver geometry, and all other objects remain unchanged."
wdsimple0118,wdp0157,liquid_surface,surface_flow,liquid_surface_39,a large seashell holding a pool of water,1,"completely still, with a calm level water surface",slightly left of the center of the water surface,a brief impact cavity closes and circular ripples cross the surface,one_seed_only,"A realistic fixed-camera macro video in one continuous shot. During the first two seconds, a large seashell holding a pool of water is completely still, with a calm level water surface. No falling droplet, splash, impact cavity, or ripple is visible during these first two seconds. Then exactly one large clear water droplet enters from the top of the frame, falls visibly downward, and contacts slightly left of the center of the water surface. Only after contact, a brief impact cavity closes and circular ripples cross the surface. The camera, lighting, background, receiver geometry, and all other objects remain unchanged."
wdsimple0119,wdp0158,liquid_surface,surface_flow,liquid_surface_39,a large seashell holding a pool of water,2,"completely still, with a shallow motionless water surface",slightly right of center,a low radial splash forms and several shallow ripples expand outward,one_seed_only,"A realistic fixed-camera macro video in one continuous shot. During the first two seconds, a large seashell holding a pool of water is completely still, with a shallow motionless water surface. No falling droplet, splash, impact cavity, or ripple is visible during these first two seconds. Then exactly one large clear water droplet enters from the top of the frame, falls visibly downward, and contacts slightly right of center. Only after contact, a low radial splash forms and several shallow ripples expand outward. The camera, lighting, background, receiver geometry, and all other objects remain unchanged."
wdsimple0120,wdp0160,liquid_surface,surface_flow,liquid_surface_40,a natural rock depression holding rainwater,0,"completely still, with a perfectly flat water surface",the center of the water surface,a small crown splash rises and concentric ripples spread outward,one_seed_only,"A realistic fixed-camera macro video in one continuous shot. During the first two seconds, a natural rock depression holding rainwater is completely still, with a perfectly flat water surface. No falling droplet, splash, impact cavity, or ripple is visible during these first two seconds. Then exactly one large clear water droplet enters from the top of the frame, falls visibly downward, and contacts the center of the water surface. Only after contact, a small crown splash rises and concentric ripples spread outward. The camera, lighting, background, receiver geometry, and all other objects remain unchanged."
wdsimple0121,wdp0161,liquid_surface,surface_flow,liquid_surface_40,a natural rock depression holding rainwater,1,"completely still, with a calm level water surface",slightly left of the center of the water surface,a brief impact cavity closes and circular ripples cross the surface,one_seed_only,"A realistic fixed-camera macro video in one continuous shot. During the first two seconds, a natural rock depression holding rainwater is completely still, with a calm level water surface. No falling droplet, splash, impact cavity, or ripple is visible during these first two seconds. Then exactly one large clear water droplet enters from the top of the frame, falls visibly downward, and contacts slightly left of the center of the water surface. Only after contact, a brief impact cavity closes and circular ripples cross the surface. The camera, lighting, background, receiver geometry, and all other objects remain unchanged."
wdsimple0122,wdp0162,liquid_surface,surface_flow,liquid_surface_40,a natural rock depression holding rainwater,2,"completely still, with a shallow motionless water surface",slightly right of center,a low radial splash forms and several shallow ripples expand outward,one_seed_only,"A realistic fixed-camera macro video in one continuous shot. During the first two seconds, a natural rock depression holding rainwater is completely still, with a shallow motionless water surface. No falling droplet, splash, impact cavity, or ripple is visible during these first two seconds. Then exactly one large clear water droplet enters from the top of the frame, falls visibly downward, and contacts slightly right of center. Only after contact, a low radial splash forms and several shallow ripples expand outward. The camera, lighting, background, receiver geometry, and all other objects remain unchanged."
wdsimple0123,wdp0164,liquid_surface,surface_flow,liquid_surface_41,a leaf-shaped ceramic dish filled with water,0,"completely still, with a perfectly flat water surface",the center of the water surface,a small crown splash rises and concentric ripples spread outward,one_seed_only,"A realistic fixed-camera macro video in one continuous shot. During the first two seconds, a leaf-shaped ceramic dish filled with water is completely still, with a perfectly flat water surface. No falling droplet, splash, impact cavity, or ripple is visible during these first two seconds. Then exactly one large clear water droplet enters from the top of the frame, falls visibly downward, and contacts the center of the water surface. Only after contact, a small crown splash rises and concentric ripples spread outward. The camera, lighting, background, receiver geometry, and all other objects remain unchanged."
wdsimple0124,wdp0165,liquid_surface,surface_flow,liquid_surface_41,a leaf-shaped ceramic dish filled with water,1,"completely still, with a calm level water surface",slightly left of the center of the water surface,a brief impact cavity closes and circular ripples cross the surface,one_seed_only,"A realistic fixed-camera macro video in one continuous shot. During the first two seconds, a leaf-shaped ceramic dish filled with water is completely still, with a calm level water surface. No falling droplet, splash, impact cavity, or ripple is visible during these first two seconds. Then exactly one large clear water droplet enters from the top of the frame, falls visibly downward, and contacts slightly left of the center of the water surface. Only after contact, a brief impact cavity closes and circular ripples cross the surface. The camera, lighting, background, receiver geometry, and all other objects remain unchanged."
wdsimple0125,wdp0166,liquid_surface,surface_flow,liquid_surface_41,a leaf-shaped ceramic dish filled with water,2,"completely still, with a shallow motionless water surface",slightly right of center,a low radial splash forms and several shallow ripples expand outward,one_seed_only,"A realistic fixed-camera macro video in one continuous shot. During the first two seconds, a leaf-shaped ceramic dish filled with water is completely still, with a shallow motionless water surface. No falling droplet, splash, impact cavity, or ripple is visible during these first two seconds. Then exactly one large clear water droplet enters from the top of the frame, falls visibly downward, and contacts slightly right of center. Only after contact, a low radial splash forms and several shallow ripples expand outward. The camera, lighting, background, receiver geometry, and all other objects remain unchanged."
wdsimple0126,wdp0168,liquid_surface,surface_flow,liquid_surface_42,a laboratory petri dish filled with water,0,"completely still, with a perfectly flat water surface",the center of the water surface,a small crown splash rises and concentric ripples spread outward,one_seed_only,"A realistic fixed-camera macro video in one continuous shot. During the first two seconds, a laboratory petri dish filled with water is completely still, with a perfectly flat water surface. No falling droplet, splash, impact cavity, or ripple is visible during these first two seconds. Then exactly one large clear water droplet enters from the top of the frame, falls visibly downward, and contacts the center of the water surface. Only after contact, a small crown splash rises and concentric ripples spread outward. The camera, lighting, background, receiver geometry, and all other objects remain unchanged."
wdsimple0127,wdp0169,liquid_surface,surface_flow,liquid_surface_42,a laboratory petri dish filled with water,1,"completely still, with a calm level water surface",slightly left of the center of the water surface,a brief impact cavity closes and circular ripples cross the surface,one_seed_only,"A realistic fixed-camera macro video in one continuous shot. During the first two seconds, a laboratory petri dish filled with water is completely still, with a calm level water surface. No falling droplet, splash, impact cavity, or ripple is visible during these first two seconds. Then exactly one large clear water droplet enters from the top of the frame, falls visibly downward, and contacts slightly left of the center of the water surface. Only after contact, a brief impact cavity closes and circular ripples cross the surface. The camera, lighting, background, receiver geometry, and all other objects remain unchanged."
wdsimple0128,wdp0170,liquid_surface,surface_flow,liquid_surface_42,a laboratory petri dish filled with water,2,"completely still, with a shallow motionless water surface",slightly right of center,a low radial splash forms and several shallow ripples expand outward,one_seed_only,"A realistic fixed-camera macro video in one continuous shot. During the first two seconds, a laboratory petri dish filled with water is completely still, with a shallow motionless water surface. No falling droplet, splash, impact cavity, or ripple is visible during these first two seconds. Then exactly one large clear water droplet enters from the top of the frame, falls visibly downward, and contacts slightly right of center. Only after contact, a low radial splash forms and several shallow ripples expand outward. The camera, lighting, background, receiver geometry, and all other objects remain unchanged."
wdsimple0129,wdp0172,liquid_surface,surface_flow,liquid_surface_43,a concave laboratory watch glass holding water,0,"completely still, with a perfectly flat water surface",the center of the water surface,a small crown splash rises and concentric ripples spread outward,one_seed_only,"A realistic fixed-camera macro video in one continuous shot. During the first two seconds, a concave laboratory watch glass holding water is completely still, with a perfectly flat water surface. No falling droplet, splash, impact cavity, or ripple is visible during these first two seconds. Then exactly one large clear water droplet enters from the top of the frame, falls visibly downward, and contacts the center of the water surface. Only after contact, a small crown splash rises and concentric ripples spread outward. The camera, lighting, background, receiver geometry, and all other objects remain unchanged."
wdsimple0130,wdp0173,liquid_surface,surface_flow,liquid_surface_43,a concave laboratory watch glass holding water,1,"completely still, with a calm level water surface",slightly left of the center of the water surface,a brief impact cavity closes and circular ripples cross the surface,one_seed_only,"A realistic fixed-camera macro video in one continuous shot. During the first two seconds, a concave laboratory watch glass holding water is completely still, with a calm level water surface. No falling droplet, splash, impact cavity, or ripple is visible during these first two seconds. Then exactly one large clear water droplet enters from the top of the frame, falls visibly downward, and contacts slightly left of the center of the water surface. Only after contact, a brief impact cavity closes and circular ripples cross the surface. The camera, lighting, background, receiver geometry, and all other objects remain unchanged."
wdsimple0131,wdp0174,liquid_surface,surface_flow,liquid_surface_43,a concave laboratory watch glass holding water,2,"completely still, with a shallow motionless water surface",slightly right of center,a low radial splash forms and several shallow ripples expand outward,one_seed_only,"A realistic fixed-camera macro video in one continuous shot. During the first two seconds, a concave laboratory watch glass holding water is completely still, with a shallow motionless water surface. No falling droplet, splash, impact cavity, or ripple is visible during these first two seconds. Then exactly one large clear water droplet enters from the top of the frame, falls visibly downward, and contacts slightly right of center. Only after contact, a low radial splash forms and several shallow ripples expand outward. The camera, lighting, background, receiver geometry, and all other objects remain unchanged."
wdsimple0132,wdp0176,liquid_surface,surface_flow,liquid_surface_44,a shallow puddle on a microscope glass slide,0,"completely still, with a perfectly flat water surface",the center of the water surface,a small crown splash rises and concentric ripples spread outward,one_seed_only,"A realistic fixed-camera macro video in one continuous shot. During the first two seconds, a shallow puddle on a microscope glass slide is completely still, with a perfectly flat water surface. No falling droplet, splash, impact cavity, or ripple is visible during these first two seconds. Then exactly one large clear water droplet enters from the top of the frame, falls visibly downward, and contacts the center of the water surface. Only after contact, a small crown splash rises and concentric ripples spread outward. The camera, lighting, background, receiver geometry, and all other objects remain unchanged."
wdsimple0133,wdp0177,liquid_surface,surface_flow,liquid_surface_44,a shallow puddle on a microscope glass slide,1,"completely still, with a calm level water surface",slightly left of the center of the water surface,a brief impact cavity closes and circular ripples cross the surface,one_seed_only,"A realistic fixed-camera macro video in one continuous shot. During the first two seconds, a shallow puddle on a microscope glass slide is completely still, with a calm level water surface. No falling droplet, splash, impact cavity, or ripple is visible during these first two seconds. Then exactly one large clear water droplet enters from the top of the frame, falls visibly downward, and contacts slightly left of the center of the water surface. Only after contact, a brief impact cavity closes and circular ripples cross the surface. The camera, lighting, background, receiver geometry, and all other objects remain unchanged."
wdsimple0134,wdp0178,liquid_surface,surface_flow,liquid_surface_44,a shallow puddle on a microscope glass slide,2,"completely still, with a shallow motionless water surface",slightly right of center,a low radial splash forms and several shallow ripples expand outward,one_seed_only,"A realistic fixed-camera macro video in one continuous shot. During the first two seconds, a shallow puddle on a microscope glass slide is completely still, with a shallow motionless water surface. No falling droplet, splash, impact cavity, or ripple is visible during these first two seconds. Then exactly one large clear water droplet enters from the top of the frame, falls visibly downward, and contacts slightly right of center. Only after contact, a low radial splash forms and several shallow ripples expand outward. The camera, lighting, background, receiver geometry, and all other objects remain unchanged."
wdsimple0135,wdp0180,liquid_surface,surface_flow,liquid_surface_45,a rooftop puddle on a flat membrane surface,0,"completely still, with a perfectly flat water surface",the center of the water surface,a small crown splash rises and concentric ripples spread outward,one_seed_only,"A realistic fixed-camera macro video in one continuous shot. During the first two seconds, a rooftop puddle on a flat membrane surface is completely still, with a perfectly flat water surface. No falling droplet, splash, impact cavity, or ripple is visible during these first two seconds. Then exactly one large clear water droplet enters from the top of the frame, falls visibly downward, and contacts the center of the water surface. Only after contact, a small crown splash rises and concentric ripples spread outward. The camera, lighting, background, receiver geometry, and all other objects remain unchanged."
wdsimple0136,wdp0181,liquid_surface,surface_flow,liquid_surface_45,a rooftop puddle on a flat membrane surface,1,"completely still, with a calm level water surface",slightly left of the center of the water surface,a brief impact cavity closes and circular ripples cross the surface,one_seed_only,"A realistic fixed-camera macro video in one continuous shot. During the first two seconds, a rooftop puddle on a flat membrane surface is completely still, with a calm level water surface. No falling droplet, splash, impact cavity, or ripple is visible during these first two seconds. Then exactly one large clear water droplet enters from the top of the frame, falls visibly downward, and contacts slightly left of the center of the water surface. Only after contact, a brief impact cavity closes and circular ripples cross the surface. The camera, lighting, background, receiver geometry, and all other objects remain unchanged."
wdsimple0137,wdp0182,liquid_surface,surface_flow,liquid_surface_45,a rooftop puddle on a flat membrane surface,2,"completely still, with a shallow motionless water surface",slightly right of center,a low radial splash forms and several shallow ripples expand outward,one_seed_only,"A realistic fixed-camera macro video in one continuous shot. During the first two seconds, a rooftop puddle on a flat membrane surface is completely still, with a shallow motionless water surface. No falling droplet, splash, impact cavity, or ripple is visible during these first two seconds. Then exactly one large clear water droplet enters from the top of the frame, falls visibly downward, and contacts slightly right of center. Only after contact, a low radial splash forms and several shallow ripples expand outward. The camera, lighting, background, receiver geometry, and all other objects remain unchanged."
wdsimple0138,wdp0184,liquid_surface,surface_flow,liquid_surface_46,a rain-filled road pothole,0,"completely still, with a perfectly flat water surface",the center of the water surface,a small crown splash rises and concentric ripples spread outward,one_seed_only,"A realistic fixed-camera macro video in one continuous shot. During the first two seconds, a rain-filled road pothole is completely still, with a perfectly flat water surface. No falling droplet, splash, impact cavity, or ripple is visible during these first two seconds. Then exactly one large clear water droplet enters from the top of the frame, falls visibly downward, and contacts the center of the water surface. Only after contact, a small crown splash rises and concentric ripples spread outward. The camera, lighting, background, receiver geometry, and all other objects remain unchanged."
wdsimple0139,wdp0185,liquid_surface,surface_flow,liquid_surface_46,a rain-filled road pothole,1,"completely still, with a calm level water surface",slightly left of the center of the water surface,a brief impact cavity closes and circular ripples cross the surface,one_seed_only,"A realistic fixed-camera macro video in one continuous shot. During the first two seconds, a rain-filled road pothole is completely still, with a calm level water surface. No falling droplet, splash, impact cavity, or ripple is visible during these first two seconds. Then exactly one large clear water droplet enters from the top of the frame, falls visibly downward, and contacts slightly left of the center of the water surface. Only after contact, a brief impact cavity closes and circular ripples cross the surface. The camera, lighting, background, receiver geometry, and all other objects remain unchanged."
wdsimple0140,wdp0186,liquid_surface,surface_flow,liquid_surface_46,a rain-filled road pothole,2,"completely still, with a shallow motionless water surface",slightly right of center,a low radial splash forms and several shallow ripples expand outward,one_seed_only,"A realistic fixed-camera macro video in one continuous shot. During the first two seconds, a rain-filled road pothole is completely still, with a shallow motionless water surface. No falling droplet, splash, impact cavity, or ripple is visible during these first two seconds. Then exactly one large clear water droplet enters from the top of the frame, falls visibly downward, and contacts slightly right of center. Only after contact, a low radial splash forms and several shallow ripples expand outward. The camera, lighting, background, receiver geometry, and all other objects remain unchanged."
wdsimple0141,wdp0188,liquid_surface,surface_flow,liquid_surface_47,a shallow puddle on a flat stone step,0,"completely still, with a perfectly flat water surface",the center of the water surface,a small crown splash rises and concentric ripples spread outward,one_seed_only,"A realistic fixed-camera macro video in one continuous shot. During the first two seconds, a shallow puddle on a flat stone step is completely still, with a perfectly flat water surface. No falling droplet, splash, impact cavity, or ripple is visible during these first two seconds. Then exactly one large clear water droplet enters from the top of the frame, falls visibly downward, and contacts the center of the water surface. Only after contact, a small crown splash rises and concentric ripples spread outward. The camera, lighting, background, receiver geometry, and all other objects remain unchanged."
wdsimple0142,wdp0189,liquid_surface,surface_flow,liquid_surface_47,a shallow puddle on a flat stone step,1,"completely still, with a calm level water surface",slightly left of the center of the water surface,a brief impact cavity closes and circular ripples cross the surface,one_seed_only,"A realistic fixed-camera macro video in one continuous shot. During the first two seconds, a shallow puddle on a flat stone step is completely still, with a calm level water surface. No falling droplet, splash, impact cavity, or ripple is visible during these first two seconds. Then exactly one large clear water droplet enters from the top of the frame, falls visibly downward, and contacts slightly left of the center of the water surface. Only after contact, a brief impact cavity closes and circular ripples cross the surface. The camera, lighting, background, receiver geometry, and all other objects remain unchanged."
wdsimple0143,wdp0190,liquid_surface,surface_flow,liquid_surface_47,a shallow puddle on a flat stone step,2,"completely still, with a shallow motionless water surface",slightly right of center,a low radial splash forms and several shallow ripples expand outward,one_seed_only,"A realistic fixed-camera macro video in one continuous shot. During the first two seconds, a shallow puddle on a flat stone step is completely still, with a shallow motionless water surface. No falling droplet, splash, impact cavity, or ripple is visible during these first two seconds. Then exactly one large clear water droplet enters from the top of the frame, falls visibly downward, and contacts slightly right of center. Only after contact, a low radial splash forms and several shallow ripples expand outward. The camera, lighting, background, receiver geometry, and all other objects remain unchanged."
wdsimple0144,wdp0192,liquid_surface,surface_flow,liquid_surface_48,a still indoor decorative pool,0,"completely still, with a perfectly flat water surface",the center of the water surface,a small crown splash rises and concentric ripples spread outward,one_seed_only,"A realistic fixed-camera macro video in one continuous shot. During the first two seconds, a still indoor decorative pool is completely still, with a perfectly flat water surface. No falling droplet, splash, impact cavity, or ripple is visible during these first two seconds. Then exactly one large clear water droplet enters from the top of the frame, falls visibly downward, and contacts the center of the water surface. Only after contact, a small crown splash rises and concentric ripples spread outward. The camera, lighting, background, receiver geometry, and all other objects remain unchanged."
wdsimple0145,wdp0193,liquid_surface,surface_flow,liquid_surface_48,a still indoor decorative pool,1,"completely still, with a calm level water surface",slightly left of the center of the water surface,a brief impact cavity closes and circular ripples cross the surface,one_seed_only,"A realistic fixed-camera macro video in one continuous shot. During the first two seconds, a still indoor decorative pool is completely still, with a calm level water surface. No falling droplet, splash, impact cavity, or ripple is visible during these first two seconds. Then exactly one large clear water droplet enters from the top of the frame, falls visibly downward, and contacts slightly left of the center of the water surface. Only after contact, a brief impact cavity closes and circular ripples cross the surface. The camera, lighting, background, receiver geometry, and all other objects remain unchanged."
wdsimple0146,wdp0194,liquid_surface,surface_flow,liquid_surface_48,a still indoor decorative pool,2,"completely still, with a shallow motionless water surface",slightly right of center,a low radial splash forms and several shallow ripples expand outward,one_seed_only,"A realistic fixed-camera macro video in one continuous shot. During the first two seconds, a still indoor decorative pool is completely still, with a shallow motionless water surface. No falling droplet, splash, impact cavity, or ripple is visible during these first two seconds. Then exactly one large clear water droplet enters from the top of the frame, falls visibly downward, and contacts slightly right of center. Only after contact, a low radial splash forms and several shallow ripples expand outward. The camera, lighting, background, receiver geometry, and all other objects remain unchanged."
wdsimple0147,wdp0196,liquid_surface,surface_flow,liquid_surface_49,a small rectangular water trough,0,"completely still, with a perfectly flat water surface",the center of the water surface,a small crown splash rises and concentric ripples spread outward,one_seed_only,"A realistic fixed-camera macro video in one continuous shot. During the first two seconds, a small rectangular water trough is completely still, with a perfectly flat water surface. No falling droplet, splash, impact cavity, or ripple is visible during these first two seconds. Then exactly one large clear water droplet enters from the top of the frame, falls visibly downward, and contacts the center of the water surface. Only after contact, a small crown splash rises and concentric ripples spread outward. The camera, lighting, background, receiver geometry, and all other objects remain unchanged."
wdsimple0148,wdp0197,liquid_surface,surface_flow,liquid_surface_49,a small rectangular water trough,1,"completely still, with a calm level water surface",slightly left of the center of the water surface,a brief impact cavity closes and circular ripples cross the surface,one_seed_only,"A realistic fixed-camera macro video in one continuous shot. During the first two seconds, a small rectangular water trough is completely still, with a calm level water surface. No falling droplet, splash, impact cavity, or ripple is visible during these first two seconds. Then exactly one large clear water droplet enters from the top of the frame, falls visibly downward, and contacts slightly left of the center of the water surface. Only after contact, a brief impact cavity closes and circular ripples cross the surface. The camera, lighting, background, receiver geometry, and all other objects remain unchanged."
wdsimple0149,wdp0198,liquid_surface,surface_flow,liquid_surface_49,a small rectangular water trough,2,"completely still, with a shallow motionless water surface",slightly right of center,a low radial splash forms and several shallow ripples expand outward,one_seed_only,"A realistic fixed-camera macro video in one continuous shot. During the first two seconds, a small rectangular water trough is completely still, with a shallow motionless water surface. No falling droplet, splash, impact cavity, or ripple is visible during these first two seconds. Then exactly one large clear water droplet enters from the top of the frame, falls visibly downward, and contacts slightly right of center. Only after contact, a low radial splash forms and several shallow ripples expand outward. The camera, lighting, background, receiver geometry, and all other objects remain unchanged."
wdsimple0150,wdp0200,hard_surface,surface_residue,hard_surface_00,dark-gray ceramic tile,0,"clean, completely dry, horizontal, and motionless",the center,a brief radial splash appears and several clear water beads remain,one_seed_only,"A realistic fixed-camera macro video in one continuous shot. During the first two seconds, dark-gray ceramic tile is clean, completely dry, horizontal, and motionless. No water, falling droplet, or wet footprint is visible during these first two seconds. Then exactly one large clear water droplet enters from the top of the frame, falls visibly downward, and contacts the center. Only after contact, a brief radial splash appears and several clear water beads remain. The camera, lighting, background, receiver geometry, and all other objects remain unchanged."
wdsimple0151,wdp0201,hard_surface,surface_residue,hard_surface_00,dark-gray ceramic tile,1,"clean, completely dry, horizontal, and motionless",slightly left of center,a small splash appears and a thin localized wet spot remains,one_seed_only,"A realistic fixed-camera macro video in one continuous shot. During the first two seconds, dark-gray ceramic tile is clean, completely dry, horizontal, and motionless. No water, falling droplet, or wet footprint is visible during these first two seconds. Then exactly one large clear water droplet enters from the top of the frame, falls visibly downward, and contacts slightly left of center. Only after contact, a small splash appears and a thin localized wet spot remains. The camera, lighting, background, receiver geometry, and all other objects remain unchanged."
wdsimple0152,wdp0205,hard_surface,surface_residue,hard_surface_01,stainless-steel tray,0,"clean, completely dry, horizontal, and motionless",the center,a brief radial splash appears and several clear water beads remain,one_seed_only,"A realistic fixed-camera macro video in one continuous shot. During the first two seconds, stainless-steel tray is clean, completely dry, horizontal, and motionless. No water, falling droplet, or wet footprint is visible during these first two seconds. Then exactly one large clear water droplet enters from the top of the frame, falls visibly downward, and contacts the center. Only after contact, a brief radial splash appears and several clear water beads remain. The camera, lighting, background, receiver geometry, and all other objects remain unchanged."
wdsimple0153,wdp0206,hard_surface,surface_residue,hard_surface_01,stainless-steel tray,1,"clean, completely dry, horizontal, and motionless",slightly left of center,a small splash appears and a thin localized wet spot remains,one_seed_only,"A realistic fixed-camera macro video in one continuous shot. During the first two seconds, stainless-steel tray is clean, completely dry, horizontal, and motionless. No water, falling droplet, or wet footprint is visible during these first two seconds. Then exactly one large clear water droplet enters from the top of the frame, falls visibly downward, and contacts slightly left of center. Only after contact, a small splash appears and a thin localized wet spot remains. The camera, lighting, background, receiver geometry, and all other objects remain unchanged."
wdsimple0154,wdp0210,hard_surface,surface_residue,hard_surface_02,transparent glass tabletop,0,"clean, completely dry, horizontal, and motionless",the center,a brief radial splash appears and several clear water beads remain,one_seed_only,"A realistic fixed-camera macro video in one continuous shot. During the first two seconds, transparent glass tabletop is clean, completely dry, horizontal, and motionless. No water, falling droplet, or wet footprint is visible during these first two seconds. Then exactly one large clear water droplet enters from the top of the frame, falls visibly downward, and contacts the center. Only after contact, a brief radial splash appears and several clear water beads remain. The camera, lighting, background, receiver geometry, and all other objects remain unchanged."
wdsimple0155,wdp0211,hard_surface,surface_residue,hard_surface_02,transparent glass tabletop,1,"clean, completely dry, horizontal, and motionless",slightly left of center,a small splash appears and a thin localized wet spot remains,one_seed_only,"A realistic fixed-camera macro video in one continuous shot. During the first two seconds, transparent glass tabletop is clean, completely dry, horizontal, and motionless. No water, falling droplet, or wet footprint is visible during these first two seconds. Then exactly one large clear water droplet enters from the top of the frame, falls visibly downward, and contacts slightly left of center. Only after contact, a small splash appears and a thin localized wet spot remains. The camera, lighting, background, receiver geometry, and all other objects remain unchanged."
wdsimple0156,wdp0215,hard_surface,surface_residue,hard_surface_03,polished dark marble slab,0,"clean, completely dry, horizontal, and motionless",the center,a brief radial splash appears and several clear water beads remain,one_seed_only,"A realistic fixed-camera macro video in one continuous shot. During the first two seconds, polished dark marble slab is clean, completely dry, horizontal, and motionless. No water, falling droplet, or wet footprint is visible during these first two seconds. Then exactly one large clear water droplet enters from the top of the frame, falls visibly downward, and contacts the center. Only after contact, a brief radial splash appears and several clear water beads remain. The camera, lighting, background, receiver geometry, and all other objects remain unchanged."
wdsimple0157,wdp0216,hard_surface,surface_residue,hard_surface_03,polished dark marble slab,1,"clean, completely dry, horizontal, and motionless",slightly left of center,a small splash appears and a thin localized wet spot remains,one_seed_only,"A realistic fixed-camera macro video in one continuous shot. During the first two seconds, polished dark marble slab is clean, completely dry, horizontal, and motionless. No water, falling droplet, or wet footprint is visible during these first two seconds. Then exactly one large clear water droplet enters from the top of the frame, falls visibly downward, and contacts slightly left of center. Only after contact, a small splash appears and a thin localized wet spot remains. The camera, lighting, background, receiver geometry, and all other objects remain unchanged."
wdsimple0158,wdp0220,hard_surface,surface_residue,hard_surface_04,plain white ceramic plate,0,"clean, completely dry, horizontal, and motionless",the center,a brief radial splash appears and several clear water beads remain,one_seed_only,"A realistic fixed-camera macro video in one continuous shot. During the first two seconds, plain white ceramic plate is clean, completely dry, horizontal, and motionless. No water, falling droplet, or wet footprint is visible during these first two seconds. Then exactly one large clear water droplet enters from the top of the frame, falls visibly downward, and contacts the center. Only after contact, a brief radial splash appears and several clear water beads remain. The camera, lighting, background, receiver geometry, and all other objects remain unchanged."
wdsimple0159,wdp0221,hard_surface,surface_residue,hard_surface_04,plain white ceramic plate,1,"clean, completely dry, horizontal, and motionless",slightly left of center,a small splash appears and a thin localized wet spot remains,one_seed_only,"A realistic fixed-camera macro video in one continuous shot. During the first two seconds, plain white ceramic plate is clean, completely dry, horizontal, and motionless. No water, falling droplet, or wet footprint is visible during these first two seconds. Then exactly one large clear water droplet enters from the top of the frame, falls visibly downward, and contacts slightly left of center. Only after contact, a small splash appears and a thin localized wet spot remains. The camera, lighting, background, receiver geometry, and all other objects remain unchanged."
wdsimple0160,wdp0225,hard_surface,surface_residue,hard_surface_05,blue plastic cutting board,0,"clean, completely dry, horizontal, and motionless",the center,a brief radial splash appears and several clear water beads remain,one_seed_only,"A realistic fixed-camera macro video in one continuous shot. During the first two seconds, blue plastic cutting board is clean, completely dry, horizontal, and motionless. No water, falling droplet, or wet footprint is visible during these first two seconds. Then exactly one large clear water droplet enters from the top of the frame, falls visibly downward, and contacts the center. Only after contact, a brief radial splash appears and several clear water beads remain. The camera, lighting, background, receiver geometry, and all other objects remain unchanged."
wdsimple0161,wdp0226,hard_surface,surface_residue,hard_surface_05,blue plastic cutting board,1,"clean, completely dry, horizontal, and motionless",slightly left of center,a small splash appears and a thin localized wet spot remains,one_seed_only,"A realistic fixed-camera macro video in one continuous shot. During the first two seconds, blue plastic cutting board is clean, completely dry, horizontal, and motionless. No water, falling droplet, or wet footprint is visible during these first two seconds. Then exactly one large clear water droplet enters from the top of the frame, falls visibly downward, and contacts slightly left of center. Only after contact, a small splash appears and a thin localized wet spot remains. The camera, lighting, background, receiver geometry, and all other objects remain unchanged."
wdsimple0162,wdp0230,hard_surface,surface_residue,hard_surface_06,granite countertop,0,"clean, completely dry, horizontal, and motionless",the center,a brief radial splash appears and several clear water beads remain,one_seed_only,"A realistic fixed-camera macro video in one continuous shot. During the first two seconds, granite countertop is clean, completely dry, horizontal, and motionless. No water, falling droplet, or wet footprint is visible during these first two seconds. Then exactly one large clear water droplet enters from the top of the frame, falls visibly downward, and contacts the center. Only after contact, a brief radial splash appears and several clear water beads remain. The camera, lighting, background, receiver geometry, and all other objects remain unchanged."
wdsimple0163,wdp0231,hard_surface,surface_residue,hard_surface_06,granite countertop,1,"clean, completely dry, horizontal, and motionless",slightly left of center,a small splash appears and a thin localized wet spot remains,one_seed_only,"A realistic fixed-camera macro video in one continuous shot. During the first two seconds, granite countertop is clean, completely dry, horizontal, and motionless. No water, falling droplet, or wet footprint is visible during these first two seconds. Then exactly one large clear water droplet enters from the top of the frame, falls visibly downward, and contacts slightly left of center. Only after contact, a small splash appears and a thin localized wet spot remains. The camera, lighting, background, receiver geometry, and all other objects remain unchanged."
wdsimple0164,wdp0235,hard_surface,surface_residue,hard_surface_07,white quartz countertop,0,"clean, completely dry, horizontal, and motionless",the center,a brief radial splash appears and several clear water beads remain,one_seed_only,"A realistic fixed-camera macro video in one continuous shot. During the first two seconds, white quartz countertop is clean, completely dry, horizontal, and motionless. No water, falling droplet, or wet footprint is visible during these first two seconds. Then exactly one large clear water droplet enters from the top of the frame, falls visibly downward, and contacts the center. Only after contact, a brief radial splash appears and several clear water beads remain. The camera, lighting, background, receiver geometry, and all other objects remain unchanged."
wdsimple0165,wdp0236,hard_surface,surface_residue,hard_surface_07,white quartz countertop,1,"clean, completely dry, horizontal, and motionless",slightly left of center,a small splash appears and a thin localized wet spot remains,one_seed_only,"A realistic fixed-camera macro video in one continuous shot. During the first two seconds, white quartz countertop is clean, completely dry, horizontal, and motionless. No water, falling droplet, or wet footprint is visible during these first two seconds. Then exactly one large clear water droplet enters from the top of the frame, falls visibly downward, and contacts slightly left of center. Only after contact, a small splash appears and a thin localized wet spot remains. The camera, lighting, background, receiver geometry, and all other objects remain unchanged."
wdsimple0166,wdp0240,hard_surface,surface_residue,hard_surface_08,dark slate tile,0,"clean, completely dry, horizontal, and motionless",the center,a brief radial splash appears and several clear water beads remain,one_seed_only,"A realistic fixed-camera macro video in one continuous shot. During the first two seconds, dark slate tile is clean, completely dry, horizontal, and motionless. No water, falling droplet, or wet footprint is visible during these first two seconds. Then exactly one large clear water droplet enters from the top of the frame, falls visibly downward, and contacts the center. Only after contact, a brief radial splash appears and several clear water beads remain. The camera, lighting, background, receiver geometry, and all other objects remain unchanged."
wdsimple0167,wdp0241,hard_surface,surface_residue,hard_surface_08,dark slate tile,1,"clean, completely dry, horizontal, and motionless",slightly left of center,a small splash appears and a thin localized wet spot remains,one_seed_only,"A realistic fixed-camera macro video in one continuous shot. During the first two seconds, dark slate tile is clean, completely dry, horizontal, and motionless. No water, falling droplet, or wet footprint is visible during these first two seconds. Then exactly one large clear water droplet enters from the top of the frame, falls visibly downward, and contacts slightly left of center. Only after contact, a small splash appears and a thin localized wet spot remains. The camera, lighting, background, receiver geometry, and all other objects remain unchanged."
wdsimple0168,wdp0245,hard_surface,surface_residue,hard_surface_09,polished concrete slab,0,"clean, completely dry, horizontal, and motionless",the center,a brief radial splash appears and several clear water beads remain,one_seed_only,"A realistic fixed-camera macro video in one continuous shot. During the first two seconds, polished concrete slab is clean, completely dry, horizontal, and motionless. No water, falling droplet, or wet footprint is visible during these first two seconds. Then exactly one large clear water droplet enters from the top of the frame, falls visibly downward, and contacts the center. Only after contact, a brief radial splash appears and several clear water beads remain. The camera, lighting, background, receiver geometry, and all other objects remain unchanged."
wdsimple0169,wdp0246,hard_surface,surface_residue,hard_surface_09,polished concrete slab,1,"clean, completely dry, horizontal, and motionless",slightly left of center,a small splash appears and a thin localized wet spot remains,one_seed_only,"A realistic fixed-camera macro video in one continuous shot. During the first two seconds, polished concrete slab is clean, completely dry, horizontal, and motionless. No water, falling droplet, or wet footprint is visible during these first two seconds. Then exactly one large clear water droplet enters from the top of the frame, falls visibly downward, and contacts slightly left of center. Only after contact, a small splash appears and a thin localized wet spot remains. The camera, lighting, background, receiver geometry, and all other objects remain unchanged."
wdsimple0170,wdp0250,hard_surface,surface_residue,hard_surface_10,smooth epoxy floor sample,0,"clean, completely dry, horizontal, and motionless",the center,a brief radial splash appears and several clear water beads remain,one_seed_only,"A realistic fixed-camera macro video in one continuous shot. During the first two seconds, smooth epoxy floor sample is clean, completely dry, horizontal, and motionless. No water, falling droplet, or wet footprint is visible during these first two seconds. Then exactly one large clear water droplet enters from the top of the frame, falls visibly downward, and contacts the center. Only after contact, a brief radial splash appears and several clear water beads remain. The camera, lighting, background, receiver geometry, and all other objects remain unchanged."
wdsimple0171,wdp0251,hard_surface,surface_residue,hard_surface_10,smooth epoxy floor sample,1,"clean, completely dry, horizontal, and motionless",slightly left of center,a small splash appears and a thin localized wet spot remains,one_seed_only,"A realistic fixed-camera macro video in one continuous shot. During the first two seconds, smooth epoxy floor sample is clean, completely dry, horizontal, and motionless. No water, falling droplet, or wet footprint is visible during these first two seconds. Then exactly one large clear water droplet enters from the top of the frame, falls visibly downward, and contacts slightly left of center. Only after contact, a small splash appears and a thin localized wet spot remains. The camera, lighting, background, receiver geometry, and all other objects remain unchanged."
wdsimple0172,wdp0255,hard_surface,surface_residue,hard_surface_11,vinyl flooring sample,0,"clean, completely dry, horizontal, and motionless",the center,a brief radial splash appears and several clear water beads remain,one_seed_only,"A realistic fixed-camera macro video in one continuous shot. During the first two seconds, vinyl flooring sample is clean, completely dry, horizontal, and motionless. No water, falling droplet, or wet footprint is visible during these first two seconds. Then exactly one large clear water droplet enters from the top of the frame, falls visibly downward, and contacts the center. Only after contact, a brief radial splash appears and several clear water beads remain. The camera, lighting, background, receiver geometry, and all other objects remain unchanged."
wdsimple0173,wdp0256,hard_surface,surface_residue,hard_surface_11,vinyl flooring sample,1,"clean, completely dry, horizontal, and motionless",slightly left of center,a small splash appears and a thin localized wet spot remains,one_seed_only,"A realistic fixed-camera macro video in one continuous shot. During the first two seconds, vinyl flooring sample is clean, completely dry, horizontal, and motionless. No water, falling droplet, or wet footprint is visible during these first two seconds. Then exactly one large clear water droplet enters from the top of the frame, falls visibly downward, and contacts slightly left of center. Only after contact, a small splash appears and a thin localized wet spot remains. The camera, lighting, background, receiver geometry, and all other objects remain unchanged."
wdsimple0174,wdp0260,hard_surface,surface_residue,hard_surface_12,porcelain sink ledge,0,"clean, completely dry, horizontal, and motionless",the center,a brief radial splash appears and several clear water beads remain,one_seed_only,"A realistic fixed-camera macro video in one continuous shot. During the first two seconds, porcelain sink ledge is clean, completely dry, horizontal, and motionless. No water, falling droplet, or wet footprint is visible during these first two seconds. Then exactly one large clear water droplet enters from the top of the frame, falls visibly downward, and contacts the center. Only after contact, a brief radial splash appears and several clear water beads remain. The camera, lighting, background, receiver geometry, and all other objects remain unchanged."
wdsimple0175,wdp0261,hard_surface,surface_residue,hard_surface_12,porcelain sink ledge,1,"clean, completely dry, horizontal, and motionless",slightly left of center,a small splash appears and a thin localized wet spot remains,one_seed_only,"A realistic fixed-camera macro video in one continuous shot. During the first two seconds, porcelain sink ledge is clean, completely dry, horizontal, and motionless. No water, falling droplet, or wet footprint is visible during these first two seconds. Then exactly one large clear water droplet enters from the top of the frame, falls visibly downward, and contacts slightly left of center. Only after contact, a small splash appears and a thin localized wet spot remains. The camera, lighting, background, receiver geometry, and all other objects remain unchanged."
wdsimple0176,wdp0265,hard_surface,surface_residue,hard_surface_13,white enamel stove surface,0,"clean, completely dry, horizontal, and motionless",the center,a brief radial splash appears and several clear water beads remain,one_seed_only,"A realistic fixed-camera macro video in one continuous shot. During the first two seconds, white enamel stove surface is clean, completely dry, horizontal, and motionless. No water, falling droplet, or wet footprint is visible during these first two seconds. Then exactly one large clear water droplet enters from the top of the frame, falls visibly downward, and contacts the center. Only after contact, a brief radial splash appears and several clear water beads remain. The camera, lighting, background, receiver geometry, and all other objects remain unchanged."
wdsimple0177,wdp0266,hard_surface,surface_residue,hard_surface_13,white enamel stove surface,1,"clean, completely dry, horizontal, and motionless",slightly left of center,a small splash appears and a thin localized wet spot remains,one_seed_only,"A realistic fixed-camera macro video in one continuous shot. During the first two seconds, white enamel stove surface is clean, completely dry, horizontal, and motionless. No water, falling droplet, or wet footprint is visible during these first two seconds. Then exactly one large clear water droplet enters from the top of the frame, falls visibly downward, and contacts slightly left of center. Only after contact, a small splash appears and a thin localized wet spot remains. The camera, lighting, background, receiver geometry, and all other objects remain unchanged."
wdsimple0178,wdp0270,hard_surface,surface_residue,hard_surface_14,flat chrome-plated shelf,0,"clean, completely dry, horizontal, and motionless",the center,a brief radial splash appears and several clear water beads remain,one_seed_only,"A realistic fixed-camera macro video in one continuous shot. During the first two seconds, flat chrome-plated shelf is clean, completely dry, horizontal, and motionless. No water, falling droplet, or wet footprint is visible during these first two seconds. Then exactly one large clear water droplet enters from the top of the frame, falls visibly downward, and contacts the center. Only after contact, a brief radial splash appears and several clear water beads remain. The camera, lighting, background, receiver geometry, and all other objects remain unchanged."
wdsimple0179,wdp0271,hard_surface,surface_residue,hard_surface_14,flat chrome-plated shelf,1,"clean, completely dry, horizontal, and motionless",slightly left of center,a small splash appears and a thin localized wet spot remains,one_seed_only,"A realistic fixed-camera macro video in one continuous shot. During the first two seconds, flat chrome-plated shelf is clean, completely dry, horizontal, and motionless. No water, falling droplet, or wet footprint is visible during these first two seconds. Then exactly one large clear water droplet enters from the top of the frame, falls visibly downward, and contacts slightly left of center. Only after contact, a small splash appears and a thin localized wet spot remains. The camera, lighting, background, receiver geometry, and all other objects remain unchanged."
wdsimple0180,wdp0275,hard_surface,surface_residue,hard_surface_15,brushed aluminum sheet,0,"clean, completely dry, horizontal, and motionless",the center,a brief radial splash appears and several clear water beads remain,one_seed_only,"A realistic fixed-camera macro video in one continuous shot. During the first two seconds, brushed aluminum sheet is clean, completely dry, horizontal, and motionless. No water, falling droplet, or wet footprint is visible during these first two seconds. Then exactly one large clear water droplet enters from the top of the frame, falls visibly downward, and contacts the center. Only after contact, a brief radial splash appears and several clear water beads remain. The camera, lighting, background, receiver geometry, and all other objects remain unchanged."
wdsimple0181,wdp0276,hard_surface,surface_residue,hard_surface_15,brushed aluminum sheet,1,"clean, completely dry, horizontal, and motionless",slightly left of center,a small splash appears and a thin localized wet spot remains,one_seed_only,"A realistic fixed-camera macro video in one continuous shot. During the first two seconds, brushed aluminum sheet is clean, completely dry, horizontal, and motionless. No water, falling droplet, or wet footprint is visible during these first two seconds. Then exactly one large clear water droplet enters from the top of the frame, falls visibly downward, and contacts slightly left of center. Only after contact, a small splash appears and a thin localized wet spot remains. The camera, lighting, background, receiver geometry, and all other objects remain unchanged."
wdsimple0182,wdp0280,hard_surface,surface_residue,hard_surface_16,polished copper plate,0,"clean, completely dry, horizontal, and motionless",the center,a brief radial splash appears and several clear water beads remain,one_seed_only,"A realistic fixed-camera macro video in one continuous shot. During the first two seconds, polished copper plate is clean, completely dry, horizontal, and motionless. No water, falling droplet, or wet footprint is visible during these first two seconds. Then exactly one large clear water droplet enters from the top of the frame, falls visibly downward, and contacts the center. Only after contact, a brief radial splash appears and several clear water beads remain. The camera, lighting, background, receiver geometry, and all other objects remain unchanged."
wdsimple0183,wdp0281,hard_surface,surface_residue,hard_surface_16,polished copper plate,1,"clean, completely dry, horizontal, and motionless",slightly left of center,a small splash appears and a thin localized wet spot remains,one_seed_only,"A realistic fixed-camera macro video in one continuous shot. During the first two seconds, polished copper plate is clean, completely dry, horizontal, and motionless. No water, falling droplet, or wet footprint is visible during these first two seconds. Then exactly one large clear water droplet enters from the top of the frame, falls visibly downward, and contacts slightly left of center. Only after contact, a small splash appears and a thin localized wet spot remains. The camera, lighting, background, receiver geometry, and all other objects remain unchanged."
wdsimple0184,wdp0285,hard_surface,surface_residue,hard_surface_17,polished brass plate,0,"clean, completely dry, horizontal, and motionless",the center,a brief radial splash appears and several clear water beads remain,one_seed_only,"A realistic fixed-camera macro video in one continuous shot. During the first two seconds, polished brass plate is clean, completely dry, horizontal, and motionless. No water, falling droplet, or wet footprint is visible during these first two seconds. Then exactly one large clear water droplet enters from the top of the frame, falls visibly downward, and contacts the center. Only after contact, a brief radial splash appears and several clear water beads remain. The camera, lighting, background, receiver geometry, and all other objects remain unchanged."
wdsimple0185,wdp0286,hard_surface,surface_residue,hard_surface_17,polished brass plate,1,"clean, completely dry, horizontal, and motionless",slightly left of center,a small splash appears and a thin localized wet spot remains,one_seed_only,"A realistic fixed-camera macro video in one continuous shot. During the first two seconds, polished brass plate is clean, completely dry, horizontal, and motionless. No water, falling droplet, or wet footprint is visible during these first two seconds. Then exactly one large clear water droplet enters from the top of the frame, falls visibly downward, and contacts slightly left of center. Only after contact, a small splash appears and a thin localized wet spot remains. The camera, lighting, background, receiver geometry, and all other objects remain unchanged."
wdsimple0186,wdp0290,hard_surface,surface_residue,hard_surface_18,steel workbench top,0,"clean, completely dry, horizontal, and motionless",the center,a brief radial splash appears and several clear water beads remain,one_seed_only,"A realistic fixed-camera macro video in one continuous shot. During the first two seconds, steel workbench top is clean, completely dry, horizontal, and motionless. No water, falling droplet, or wet footprint is visible during these first two seconds. Then exactly one large clear water droplet enters from the top of the frame, falls visibly downward, and contacts the center. Only after contact, a brief radial splash appears and several clear water beads remain. The camera, lighting, background, receiver geometry, and all other objects remain unchanged."
wdsimple0187,wdp0291,hard_surface,surface_residue,hard_surface_18,steel workbench top,1,"clean, completely dry, horizontal, and motionless",slightly left of center,a small splash appears and a thin localized wet spot remains,one_seed_only,"A realistic fixed-camera macro video in one continuous shot. During the first two seconds, steel workbench top is clean, completely dry, horizontal, and motionless. No water, falling droplet, or wet footprint is visible during these first two seconds. Then exactly one large clear water droplet enters from the top of the frame, falls visibly downward, and contacts slightly left of center. Only after contact, a small splash appears and a thin localized wet spot remains. The camera, lighting, background, receiver geometry, and all other objects remain unchanged."
wdsimple0188,wdp0295,hard_surface,surface_residue,hard_surface_19,flat cast-iron griddle,0,"clean, completely dry, horizontal, and motionless",the center,a brief radial splash appears and several clear water beads remain,one_seed_only,"A realistic fixed-camera macro video in one continuous shot. During the first two seconds, flat cast-iron griddle is clean, completely dry, horizontal, and motionless. No water, falling droplet, or wet footprint is visible during these first two seconds. Then exactly one large clear water droplet enters from the top of the frame, falls visibly downward, and contacts the center. Only after contact, a brief radial splash appears and several clear water beads remain. The camera, lighting, background, receiver geometry, and all other objects remain unchanged."
wdsimple0189,wdp0296,hard_surface,surface_residue,hard_surface_19,flat cast-iron griddle,1,"clean, completely dry, horizontal, and motionless",slightly left of center,a small splash appears and a thin localized wet spot remains,one_seed_only,"A realistic fixed-camera macro video in one continuous shot. During the first two seconds, flat cast-iron griddle is clean, completely dry, horizontal, and motionless. No water, falling droplet, or wet footprint is visible during these first two seconds. Then exactly one large clear water droplet enters from the top of the frame, falls visibly downward, and contacts slightly left of center. Only after contact, a small splash appears and a thin localized wet spot remains. The camera, lighting, background, receiver geometry, and all other objects remain unchanged."
wdsimple0190,wdp0300,hard_surface,surface_residue,hard_surface_20,black nonstick baking tray,0,"clean, completely dry, horizontal, and motionless",the center,a brief radial splash appears and several clear water beads remain,one_seed_only,"A realistic fixed-camera macro video in one continuous shot. During the first two seconds, black nonstick baking tray is clean, completely dry, horizontal, and motionless. No water, falling droplet, or wet footprint is visible during these first two seconds. Then exactly one large clear water droplet enters from the top of the frame, falls visibly downward, and contacts the center. Only after contact, a brief radial splash appears and several clear water beads remain. The camera, lighting, background, receiver geometry, and all other objects remain unchanged."
wdsimple0191,wdp0301,hard_surface,surface_residue,hard_surface_20,black nonstick baking tray,1,"clean, completely dry, horizontal, and motionless",slightly left of center,a small splash appears and a thin localized wet spot remains,one_seed_only,"A realistic fixed-camera macro video in one continuous shot. During the first two seconds, black nonstick baking tray is clean, completely dry, horizontal, and motionless. No water, falling droplet, or wet footprint is visible during these first two seconds. Then exactly one large clear water droplet enters from the top of the frame, falls visibly downward, and contacts slightly left of center. Only after contact, a small splash appears and a thin localized wet spot remains. The camera, lighting, background, receiver geometry, and all other objects remain unchanged."
wdsimple0192,wdp0305,hard_surface,surface_residue,hard_surface_21,clear glass plate,0,"clean, completely dry, horizontal, and motionless",the center,a brief radial splash appears and several clear water beads remain,one_seed_only,"A realistic fixed-camera macro video in one continuous shot. During the first two seconds, clear glass plate is clean, completely dry, horizontal, and motionless. No water, falling droplet, or wet footprint is visible during these first two seconds. Then exactly one large clear water droplet enters from the top of the frame, falls visibly downward, and contacts the center. Only after contact, a brief radial splash appears and several clear water beads remain. The camera, lighting, background, receiver geometry, and all other objects remain unchanged."
wdsimple0193,wdp0306,hard_surface,surface_residue,hard_surface_21,clear glass plate,1,"clean, completely dry, horizontal, and motionless",slightly left of center,a small splash appears and a thin localized wet spot remains,one_seed_only,"A realistic fixed-camera macro video in one continuous shot. During the first two seconds, clear glass plate is clean, completely dry, horizontal, and motionless. No water, falling droplet, or wet footprint is visible during these first two seconds. Then exactly one large clear water droplet enters from the top of the frame, falls visibly downward, and contacts slightly left of center. Only after contact, a small splash appears and a thin localized wet spot remains. The camera, lighting, background, receiver geometry, and all other objects remain unchanged."
wdsimple0194,wdp0310,hard_surface,surface_residue,hard_surface_22,clear acrylic sheet,0,"clean, completely dry, horizontal, and motionless",the center,a brief radial splash appears and several clear water beads remain,one_seed_only,"A realistic fixed-camera macro video in one continuous shot. During the first two seconds, clear acrylic sheet is clean, completely dry, horizontal, and motionless. No water, falling droplet, or wet footprint is visible during these first two seconds. Then exactly one large clear water droplet enters from the top of the frame, falls visibly downward, and contacts the center. Only after contact, a brief radial splash appears and several clear water beads remain. The camera, lighting, background, receiver geometry, and all other objects remain unchanged."
wdsimple0195,wdp0311,hard_surface,surface_residue,hard_surface_22,clear acrylic sheet,1,"clean, completely dry, horizontal, and motionless",slightly left of center,a small splash appears and a thin localized wet spot remains,one_seed_only,"A realistic fixed-camera macro video in one continuous shot. During the first two seconds, clear acrylic sheet is clean, completely dry, horizontal, and motionless. No water, falling droplet, or wet footprint is visible during these first two seconds. Then exactly one large clear water droplet enters from the top of the frame, falls visibly downward, and contacts slightly left of center. Only after contact, a small splash appears and a thin localized wet spot remains. The camera, lighting, background, receiver geometry, and all other objects remain unchanged."
wdsimple0196,wdp0315,hard_surface,surface_residue,hard_surface_23,polycarbonate panel,0,"clean, completely dry, horizontal, and motionless",the center,a brief radial splash appears and several clear water beads remain,one_seed_only,"A realistic fixed-camera macro video in one continuous shot. During the first two seconds, polycarbonate panel is clean, completely dry, horizontal, and motionless. No water, falling droplet, or wet footprint is visible during these first two seconds. Then exactly one large clear water droplet enters from the top of the frame, falls visibly downward, and contacts the center. Only after contact, a brief radial splash appears and several clear water beads remain. The camera, lighting, background, receiver geometry, and all other objects remain unchanged."
wdsimple0197,wdp0316,hard_surface,surface_residue,hard_surface_23,polycarbonate panel,1,"clean, completely dry, horizontal, and motionless",slightly left of center,a small splash appears and a thin localized wet spot remains,one_seed_only,"A realistic fixed-camera macro video in one continuous shot. During the first two seconds, polycarbonate panel is clean, completely dry, horizontal, and motionless. No water, falling droplet, or wet footprint is visible during these first two seconds. Then exactly one large clear water droplet enters from the top of the frame, falls visibly downward, and contacts slightly left of center. Only after contact, a small splash appears and a thin localized wet spot remains. The camera, lighting, background, receiver geometry, and all other objects remain unchanged."
wdsimple0198,wdp0320,hard_surface,surface_residue,hard_surface_24,rigid white PVC board,0,"clean, completely dry, horizontal, and motionless",the center,a brief radial splash appears and several clear water beads remain,one_seed_only,"A realistic fixed-camera macro video in one continuous shot. During the first two seconds, rigid white PVC board is clean, completely dry, horizontal, and motionless. No water, falling droplet, or wet footprint is visible during these first two seconds. Then exactly one large clear water droplet enters from the top of the frame, falls visibly downward, and contacts the center. Only after contact, a brief radial splash appears and several clear water beads remain. The camera, lighting, background, receiver geometry, and all other objects remain unchanged."
wdsimple0199,wdp0321,hard_surface,surface_residue,hard_surface_24,rigid white PVC board,1,"clean, completely dry, horizontal, and motionless",slightly left of center,a small splash appears and a thin localized wet spot remains,one_seed_only,"A realistic fixed-camera macro video in one continuous shot. During the first two seconds, rigid white PVC board is clean, completely dry, horizontal, and motionless. No water, falling droplet, or wet footprint is visible during these first two seconds. Then exactly one large clear water droplet enters from the top of the frame, falls visibly downward, and contacts slightly left of center. Only after contact, a small splash appears and a thin localized wet spot remains. The camera, lighting, background, receiver geometry, and all other objects remain unchanged."
wdsimple0200,wdp0325,hard_surface,surface_residue,hard_surface_25,sealed hardwood tabletop,0,"clean, completely dry, horizontal, and motionless",the center,a brief radial splash appears and several clear water beads remain,one_seed_only,"A realistic fixed-camera macro video in one continuous shot. During the first two seconds, sealed hardwood tabletop is clean, completely dry, horizontal, and motionless. No water, falling droplet, or wet footprint is visible during these first two seconds. Then exactly one large clear water droplet enters from the top of the frame, falls visibly downward, and contacts the center. Only after contact, a brief radial splash appears and several clear water beads remain. The camera, lighting, background, receiver geometry, and all other objects remain unchanged."
wdsimple0201,wdp0326,hard_surface,surface_residue,hard_surface_25,sealed hardwood tabletop,1,"clean, completely dry, horizontal, and motionless",slightly left of center,a small splash appears and a thin localized wet spot remains,one_seed_only,"A realistic fixed-camera macro video in one continuous shot. During the first two seconds, sealed hardwood tabletop is clean, completely dry, horizontal, and motionless. No water, falling droplet, or wet footprint is visible during these first two seconds. Then exactly one large clear water droplet enters from the top of the frame, falls visibly downward, and contacts slightly left of center. Only after contact, a small splash appears and a thin localized wet spot remains. The camera, lighting, background, receiver geometry, and all other objects remain unchanged."
wdsimple0202,wdp0330,hard_surface,surface_residue,hard_surface_26,laminated office desk,0,"clean, completely dry, horizontal, and motionless",the center,a brief radial splash appears and several clear water beads remain,one_seed_only,"A realistic fixed-camera macro video in one continuous shot. During the first two seconds, laminated office desk is clean, completely dry, horizontal, and motionless. No water, falling droplet, or wet footprint is visible during these first two seconds. Then exactly one large clear water droplet enters from the top of the frame, falls visibly downward, and contacts the center. Only after contact, a brief radial splash appears and several clear water beads remain. The camera, lighting, background, receiver geometry, and all other objects remain unchanged."
wdsimple0203,wdp0331,hard_surface,surface_residue,hard_surface_26,laminated office desk,1,"clean, completely dry, horizontal, and motionless",slightly left of center,a small splash appears and a thin localized wet spot remains,one_seed_only,"A realistic fixed-camera macro video in one continuous shot. During the first two seconds, laminated office desk is clean, completely dry, horizontal, and motionless. No water, falling droplet, or wet footprint is visible during these first two seconds. Then exactly one large clear water droplet enters from the top of the frame, falls visibly downward, and contacts slightly left of center. Only after contact, a small splash appears and a thin localized wet spot remains. The camera, lighting, background, receiver geometry, and all other objects remain unchanged."
wdsimple0204,wdp0335,hard_surface,surface_residue,hard_surface_27,lacquered wood panel,0,"clean, completely dry, horizontal, and motionless",the center,a brief radial splash appears and several clear water beads remain,one_seed_only,"A realistic fixed-camera macro video in one continuous shot. During the first two seconds, lacquered wood panel is clean, completely dry, horizontal, and motionless. No water, falling droplet, or wet footprint is visible during these first two seconds. Then exactly one large clear water droplet enters from the top of the frame, falls visibly downward, and contacts the center. Only after contact, a brief radial splash appears and several clear water beads remain. The camera, lighting, background, receiver geometry, and all other objects remain unchanged."
wdsimple0205,wdp0336,hard_surface,surface_residue,hard_surface_27,lacquered wood panel,1,"clean, completely dry, horizontal, and motionless",slightly left of center,a small splash appears and a thin localized wet spot remains,one_seed_only,"A realistic fixed-camera macro video in one continuous shot. During the first two seconds, lacquered wood panel is clean, completely dry, horizontal, and motionless. No water, falling droplet, or wet footprint is visible during these first two seconds. Then exactly one large clear water droplet enters from the top of the frame, falls visibly downward, and contacts slightly left of center. Only after contact, a small splash appears and a thin localized wet spot remains. The camera, lighting, background, receiver geometry, and all other objects remain unchanged."
wdsimple0206,wdp0340,hard_surface,surface_residue,hard_surface_28,painted metal cabinet top,0,"clean, completely dry, horizontal, and motionless",the center,a brief radial splash appears and several clear water beads remain,one_seed_only,"A realistic fixed-camera macro video in one continuous shot. During the first two seconds, painted metal cabinet top is clean, completely dry, horizontal, and motionless. No water, falling droplet, or wet footprint is visible during these first two seconds. Then exactly one large clear water droplet enters from the top of the frame, falls visibly downward, and contacts the center. Only after contact, a brief radial splash appears and several clear water beads remain. The camera, lighting, background, receiver geometry, and all other objects remain unchanged."
wdsimple0207,wdp0341,hard_surface,surface_residue,hard_surface_28,painted metal cabinet top,1,"clean, completely dry, horizontal, and motionless",slightly left of center,a small splash appears and a thin localized wet spot remains,one_seed_only,"A realistic fixed-camera macro video in one continuous shot. During the first two seconds, painted metal cabinet top is clean, completely dry, horizontal, and motionless. No water, falling droplet, or wet footprint is visible during these first two seconds. Then exactly one large clear water droplet enters from the top of the frame, falls visibly downward, and contacts slightly left of center. Only after contact, a small splash appears and a thin localized wet spot remains. The camera, lighting, background, receiver geometry, and all other objects remain unchanged."
wdsimple0208,wdp0345,hard_surface,surface_residue,hard_surface_29,tempered-glass refrigerator shelf,0,"clean, completely dry, horizontal, and motionless",the center,a brief radial splash appears and several clear water beads remain,one_seed_only,"A realistic fixed-camera macro video in one continuous shot. During the first two seconds, tempered-glass refrigerator shelf is clean, completely dry, horizontal, and motionless. No water, falling droplet, or wet footprint is visible during these first two seconds. Then exactly one large clear water droplet enters from the top of the frame, falls visibly downward, and contacts the center. Only after contact, a brief radial splash appears and several clear water beads remain. The camera, lighting, background, receiver geometry, and all other objects remain unchanged."
wdsimple0209,wdp0346,hard_surface,surface_residue,hard_surface_29,tempered-glass refrigerator shelf,1,"clean, completely dry, horizontal, and motionless",slightly left of center,a small splash appears and a thin localized wet spot remains,one_seed_only,"A realistic fixed-camera macro video in one continuous shot. During the first two seconds, tempered-glass refrigerator shelf is clean, completely dry, horizontal, and motionless. No water, falling droplet, or wet footprint is visible during these first two seconds. Then exactly one large clear water droplet enters from the top of the frame, falls visibly downward, and contacts slightly left of center. Only after contact, a small splash appears and a thin localized wet spot remains. The camera, lighting, background, receiver geometry, and all other objects remain unchanged."
wdsimple0210,wdp0350,hard_surface,surface_residue,hard_surface_30,flat wall mirror,0,"clean, completely dry, horizontal, and motionless",the center,a brief radial splash appears and several clear water beads remain,one_seed_only,"A realistic fixed-camera macro video in one continuous shot. During the first two seconds, flat wall mirror is clean, completely dry, horizontal, and motionless. No water, falling droplet, or wet footprint is visible during these first two seconds. Then exactly one large clear water droplet enters from the top of the frame, falls visibly downward, and contacts the center. Only after contact, a brief radial splash appears and several clear water beads remain. The camera, lighting, background, receiver geometry, and all other objects remain unchanged."
wdsimple0211,wdp0351,hard_surface,surface_residue,hard_surface_30,flat wall mirror,1,"clean, completely dry, horizontal, and motionless",slightly left of center,a small splash appears and a thin localized wet spot remains,one_seed_only,"A realistic fixed-camera macro video in one continuous shot. During the first two seconds, flat wall mirror is clean, completely dry, horizontal, and motionless. No water, falling droplet, or wet footprint is visible during these first two seconds. Then exactly one large clear water droplet enters from the top of the frame, falls visibly downward, and contacts slightly left of center. Only after contact, a small splash appears and a thin localized wet spot remains. The camera, lighting, background, receiver geometry, and all other objects remain unchanged."
wdsimple0212,wdp0355,hard_surface,surface_residue,hard_surface_31,glazed brick,0,"clean, completely dry, horizontal, and motionless",the center,a brief radial splash appears and several clear water beads remain,one_seed_only,"A realistic fixed-camera macro video in one continuous shot. During the first two seconds, glazed brick is clean, completely dry, horizontal, and motionless. No water, falling droplet, or wet footprint is visible during these first two seconds. Then exactly one large clear water droplet enters from the top of the frame, falls visibly downward, and contacts the center. Only after contact, a brief radial splash appears and several clear water beads remain. The camera, lighting, background, receiver geometry, and all other objects remain unchanged."
wdsimple0213,wdp0356,hard_surface,surface_residue,hard_surface_31,glazed brick,1,"clean, completely dry, horizontal, and motionless",slightly left of center,a small splash appears and a thin localized wet spot remains,one_seed_only,"A realistic fixed-camera macro video in one continuous shot. During the first two seconds, glazed brick is clean, completely dry, horizontal, and motionless. No water, falling droplet, or wet footprint is visible during these first two seconds. Then exactly one large clear water droplet enters from the top of the frame, falls visibly downward, and contacts slightly left of center. Only after contact, a small splash appears and a thin localized wet spot remains. The camera, lighting, background, receiver geometry, and all other objects remain unchanged."
wdsimple0214,wdp0360,hard_surface,surface_residue,hard_surface_32,glazed pottery lid,0,"clean, completely dry, horizontal, and motionless",the center,a brief radial splash appears and several clear water beads remain,one_seed_only,"A realistic fixed-camera macro video in one continuous shot. During the first two seconds, glazed pottery lid is clean, completely dry, horizontal, and motionless. No water, falling droplet, or wet footprint is visible during these first two seconds. Then exactly one large clear water droplet enters from the top of the frame, falls visibly downward, and contacts the center. Only after contact, a brief radial splash appears and several clear water beads remain. The camera, lighting, background, receiver geometry, and all other objects remain unchanged."
wdsimple0215,wdp0361,hard_surface,surface_residue,hard_surface_32,glazed pottery lid,1,"clean, completely dry, horizontal, and motionless",slightly left of center,a small splash appears and a thin localized wet spot remains,one_seed_only,"A realistic fixed-camera macro video in one continuous shot. During the first two seconds, glazed pottery lid is clean, completely dry, horizontal, and motionless. No water, falling droplet, or wet footprint is visible during these first two seconds. Then exactly one large clear water droplet enters from the top of the frame, falls visibly downward, and contacts slightly left of center. Only after contact, a small splash appears and a thin localized wet spot remains. The camera, lighting, background, receiver geometry, and all other objects remain unchanged."
wdsimple0216,wdp0365,hard_surface,surface_residue,hard_surface_33,polished stone coaster,0,"clean, completely dry, horizontal, and motionless",the center,a brief radial splash appears and several clear water beads remain,one_seed_only,"A realistic fixed-camera macro video in one continuous shot. During the first two seconds, polished stone coaster is clean, completely dry, horizontal, and motionless. No water, falling droplet, or wet footprint is visible during these first two seconds. Then exactly one large clear water droplet enters from the top of the frame, falls visibly downward, and contacts the center. Only after contact, a brief radial splash appears and several clear water beads remain. The camera, lighting, background, receiver geometry, and all other objects remain unchanged."
wdsimple0217,wdp0366,hard_surface,surface_residue,hard_surface_33,polished stone coaster,1,"clean, completely dry, horizontal, and motionless",slightly left of center,a small splash appears and a thin localized wet spot remains,one_seed_only,"A realistic fixed-camera macro video in one continuous shot. During the first two seconds, polished stone coaster is clean, completely dry, horizontal, and motionless. No water, falling droplet, or wet footprint is visible during these first two seconds. Then exactly one large clear water droplet enters from the top of the frame, falls visibly downward, and contacts slightly left of center. Only after contact, a small splash appears and a thin localized wet spot remains. The camera, lighting, background, receiver geometry, and all other objects remain unchanged."
wdsimple0218,wdp0370,hard_surface,surface_residue,hard_surface_34,glazed ceramic coaster,0,"clean, completely dry, horizontal, and motionless",the center,a brief radial splash appears and several clear water beads remain,one_seed_only,"A realistic fixed-camera macro video in one continuous shot. During the first two seconds, glazed ceramic coaster is clean, completely dry, horizontal, and motionless. No water, falling droplet, or wet footprint is visible during these first two seconds. Then exactly one large clear water droplet enters from the top of the frame, falls visibly downward, and contacts the center. Only after contact, a brief radial splash appears and several clear water beads remain. The camera, lighting, background, receiver geometry, and all other objects remain unchanged."
wdsimple0219,wdp0371,hard_surface,surface_residue,hard_surface_34,glazed ceramic coaster,1,"clean, completely dry, horizontal, and motionless",slightly left of center,a small splash appears and a thin localized wet spot remains,one_seed_only,"A realistic fixed-camera macro video in one continuous shot. During the first two seconds, glazed ceramic coaster is clean, completely dry, horizontal, and motionless. No water, falling droplet, or wet footprint is visible during these first two seconds. Then exactly one large clear water droplet enters from the top of the frame, falls visibly downward, and contacts slightly left of center. Only after contact, a small splash appears and a thin localized wet spot remains. The camera, lighting, background, receiver geometry, and all other objects remain unchanged."
wdsimple0220,wdp0375,hard_surface,surface_residue,hard_surface_35,clear glass coaster,0,"clean, completely dry, horizontal, and motionless",the center,a brief radial splash appears and several clear water beads remain,one_seed_only,"A realistic fixed-camera macro video in one continuous shot. During the first two seconds, clear glass coaster is clean, completely dry, horizontal, and motionless. No water, falling droplet, or wet footprint is visible during these first two seconds. Then exactly one large clear water droplet enters from the top of the frame, falls visibly downward, and contacts the center. Only after contact, a brief radial splash appears and several clear water beads remain. The camera, lighting, background, receiver geometry, and all other objects remain unchanged."
wdsimple0221,wdp0376,hard_surface,surface_residue,hard_surface_35,clear glass coaster,1,"clean, completely dry, horizontal, and motionless",slightly left of center,a small splash appears and a thin localized wet spot remains,one_seed_only,"A realistic fixed-camera macro video in one continuous shot. During the first two seconds, clear glass coaster is clean, completely dry, horizontal, and motionless. No water, falling droplet, or wet footprint is visible during these first two seconds. Then exactly one large clear water droplet enters from the top of the frame, falls visibly downward, and contacts slightly left of center. Only after contact, a small splash appears and a thin localized wet spot remains. The camera, lighting, background, receiver geometry, and all other objects remain unchanged."
wdsimple0222,wdp0380,hard_surface,surface_residue,hard_surface_36,stainless-steel coaster,0,"clean, completely dry, horizontal, and motionless",the center,a brief radial splash appears and several clear water beads remain,one_seed_only,"A realistic fixed-camera macro video in one continuous shot. During the first two seconds, stainless-steel coaster is clean, completely dry, horizontal, and motionless. No water, falling droplet, or wet footprint is visible during these first two seconds. Then exactly one large clear water droplet enters from the top of the frame, falls visibly downward, and contacts the center. Only after contact, a brief radial splash appears and several clear water beads remain. The camera, lighting, background, receiver geometry, and all other objects remain unchanged."
wdsimple0223,wdp0381,hard_surface,surface_residue,hard_surface_36,stainless-steel coaster,1,"clean, completely dry, horizontal, and motionless",slightly left of center,a small splash appears and a thin localized wet spot remains,one_seed_only,"A realistic fixed-camera macro video in one continuous shot. During the first two seconds, stainless-steel coaster is clean, completely dry, horizontal, and motionless. No water, falling droplet, or wet footprint is visible during these first two seconds. Then exactly one large clear water droplet enters from the top of the frame, falls visibly downward, and contacts slightly left of center. Only after contact, a small splash appears and a thin localized wet spot remains. The camera, lighting, background, receiver geometry, and all other objects remain unchanged."
wdsimple0224,wdp0385,hard_surface,surface_residue,hard_surface_37,rigid plastic cafeteria tray,0,"clean, completely dry, horizontal, and motionless",the center,a brief radial splash appears and several clear water beads remain,one_seed_only,"A realistic fixed-camera macro video in one continuous shot. During the first two seconds, rigid plastic cafeteria tray is clean, completely dry, horizontal, and motionless. No water, falling droplet, or wet footprint is visible during these first two seconds. Then exactly one large clear water droplet enters from the top of the frame, falls visibly downward, and contacts the center. Only after contact, a brief radial splash appears and several clear water beads remain. The camera, lighting, background, receiver geometry, and all other objects remain unchanged."
wdsimple0225,wdp0386,hard_surface,surface_residue,hard_surface_37,rigid plastic cafeteria tray,1,"clean, completely dry, horizontal, and motionless",slightly left of center,a small splash appears and a thin localized wet spot remains,one_seed_only,"A realistic fixed-camera macro video in one continuous shot. During the first two seconds, rigid plastic cafeteria tray is clean, completely dry, horizontal, and motionless. No water, falling droplet, or wet footprint is visible during these first two seconds. Then exactly one large clear water droplet enters from the top of the frame, falls visibly downward, and contacts slightly left of center. Only after contact, a small splash appears and a thin localized wet spot remains. The camera, lighting, background, receiver geometry, and all other objects remain unchanged."
wdsimple0226,wdp0390,hard_surface,surface_residue,hard_surface_38,porcelain bathtub ledge,0,"clean, completely dry, horizontal, and motionless",the center,a brief radial splash appears and several clear water beads remain,one_seed_only,"A realistic fixed-camera macro video in one continuous shot. During the first two seconds, porcelain bathtub ledge is clean, completely dry, horizontal, and motionless. No water, falling droplet, or wet footprint is visible during these first two seconds. Then exactly one large clear water droplet enters from the top of the frame, falls visibly downward, and contacts the center. Only after contact, a brief radial splash appears and several clear water beads remain. The camera, lighting, background, receiver geometry, and all other objects remain unchanged."
wdsimple0227,wdp0391,hard_surface,surface_residue,hard_surface_38,porcelain bathtub ledge,1,"clean, completely dry, horizontal, and motionless",slightly left of center,a small splash appears and a thin localized wet spot remains,one_seed_only,"A realistic fixed-camera macro video in one continuous shot. During the first two seconds, porcelain bathtub ledge is clean, completely dry, horizontal, and motionless. No water, falling droplet, or wet footprint is visible during these first two seconds. Then exactly one large clear water droplet enters from the top of the frame, falls visibly downward, and contacts slightly left of center. Only after contact, a small splash appears and a thin localized wet spot remains. The camera, lighting, background, receiver geometry, and all other objects remain unchanged."
wdsimple0228,wdp0395,hard_surface,surface_residue,hard_surface_39,flat section of a painted car hood,0,"clean, completely dry, horizontal, and motionless",the center,a brief radial splash appears and several clear water beads remain,one_seed_only,"A realistic fixed-camera macro video in one continuous shot. During the first two seconds, flat section of a painted car hood is clean, completely dry, horizontal, and motionless. No water, falling droplet, or wet footprint is visible during these first two seconds. Then exactly one large clear water droplet enters from the top of the frame, falls visibly downward, and contacts the center. Only after contact, a brief radial splash appears and several clear water beads remain. The camera, lighting, background, receiver geometry, and all other objects remain unchanged."
wdsimple0229,wdp0396,hard_surface,surface_residue,hard_surface_39,flat section of a painted car hood,1,"clean, completely dry, horizontal, and motionless",slightly left of center,a small splash appears and a thin localized wet spot remains,one_seed_only,"A realistic fixed-camera macro video in one continuous shot. During the first two seconds, flat section of a painted car hood is clean, completely dry, horizontal, and motionless. No water, falling droplet, or wet footprint is visible during these first two seconds. Then exactly one large clear water droplet enters from the top of the frame, falls visibly downward, and contacts slightly left of center. Only after contact, a small splash appears and a thin localized wet spot remains. The camera, lighting, background, receiver geometry, and all other objects remain unchanged."
wdsimple0230,wdp0400,hard_surface,surface_residue,hard_surface_40,flat smartphone glass screen,0,"clean, completely dry, horizontal, and motionless",the center,a brief radial splash appears and several clear water beads remain,one_seed_only,"A realistic fixed-camera macro video in one continuous shot. During the first two seconds, flat smartphone glass screen is clean, completely dry, horizontal, and motionless. No water, falling droplet, or wet footprint is visible during these first two seconds. Then exactly one large clear water droplet enters from the top of the frame, falls visibly downward, and contacts the center. Only after contact, a brief radial splash appears and several clear water beads remain. The camera, lighting, background, receiver geometry, and all other objects remain unchanged."
wdsimple0231,wdp0401,hard_surface,surface_residue,hard_surface_40,flat smartphone glass screen,1,"clean, completely dry, horizontal, and motionless",slightly left of center,a small splash appears and a thin localized wet spot remains,one_seed_only,"A realistic fixed-camera macro video in one continuous shot. During the first two seconds, flat smartphone glass screen is clean, completely dry, horizontal, and motionless. No water, falling droplet, or wet footprint is visible during these first two seconds. Then exactly one large clear water droplet enters from the top of the frame, falls visibly downward, and contacts slightly left of center. Only after contact, a small splash appears and a thin localized wet spot remains. The camera, lighting, background, receiver geometry, and all other objects remain unchanged."
wdsimple0232,wdp0405,hard_surface,surface_residue,hard_surface_41,laptop glass trackpad,0,"clean, completely dry, horizontal, and motionless",the center,a brief radial splash appears and several clear water beads remain,one_seed_only,"A realistic fixed-camera macro video in one continuous shot. During the first two seconds, laptop glass trackpad is clean, completely dry, horizontal, and motionless. No water, falling droplet, or wet footprint is visible during these first two seconds. Then exactly one large clear water droplet enters from the top of the frame, falls visibly downward, and contacts the center. Only after contact, a brief radial splash appears and several clear water beads remain. The camera, lighting, background, receiver geometry, and all other objects remain unchanged."
wdsimple0233,wdp0406,hard_surface,surface_residue,hard_surface_41,laptop glass trackpad,1,"clean, completely dry, horizontal, and motionless",slightly left of center,a small splash appears and a thin localized wet spot remains,one_seed_only,"A realistic fixed-camera macro video in one continuous shot. During the first two seconds, laptop glass trackpad is clean, completely dry, horizontal, and motionless. No water, falling droplet, or wet footprint is visible during these first two seconds. Then exactly one large clear water droplet enters from the top of the frame, falls visibly downward, and contacts slightly left of center. Only after contact, a small splash appears and a thin localized wet spot remains. The camera, lighting, background, receiver geometry, and all other objects remain unchanged."
wdsimple0234,wdp0410,hard_surface,surface_residue,hard_surface_42,camera filter glass,0,"clean, completely dry, horizontal, and motionless",the center,a brief radial splash appears and several clear water beads remain,one_seed_only,"A realistic fixed-camera macro video in one continuous shot. During the first two seconds, camera filter glass is clean, completely dry, horizontal, and motionless. No water, falling droplet, or wet footprint is visible during these first two seconds. Then exactly one large clear water droplet enters from the top of the frame, falls visibly downward, and contacts the center. Only after contact, a brief radial splash appears and several clear water beads remain. The camera, lighting, background, receiver geometry, and all other objects remain unchanged."
wdsimple0235,wdp0411,hard_surface,surface_residue,hard_surface_42,camera filter glass,1,"clean, completely dry, horizontal, and motionless",slightly left of center,a small splash appears and a thin localized wet spot remains,one_seed_only,"A realistic fixed-camera macro video in one continuous shot. During the first two seconds, camera filter glass is clean, completely dry, horizontal, and motionless. No water, falling droplet, or wet footprint is visible during these first two seconds. Then exactly one large clear water droplet enters from the top of the frame, falls visibly downward, and contacts slightly left of center. Only after contact, a small splash appears and a thin localized wet spot remains. The camera, lighting, background, receiver geometry, and all other objects remain unchanged."
wdsimple0236,wdp0415,hard_surface,surface_residue,hard_surface_43,laboratory resin worktop,0,"clean, completely dry, horizontal, and motionless",the center,a brief radial splash appears and several clear water beads remain,one_seed_only,"A realistic fixed-camera macro video in one continuous shot. During the first two seconds, laboratory resin worktop is clean, completely dry, horizontal, and motionless. No water, falling droplet, or wet footprint is visible during these first two seconds. Then exactly one large clear water droplet enters from the top of the frame, falls visibly downward, and contacts the center. Only after contact, a brief radial splash appears and several clear water beads remain. The camera, lighting, background, receiver geometry, and all other objects remain unchanged."
wdsimple0237,wdp0416,hard_surface,surface_residue,hard_surface_43,laboratory resin worktop,1,"clean, completely dry, horizontal, and motionless",slightly left of center,a small splash appears and a thin localized wet spot remains,one_seed_only,"A realistic fixed-camera macro video in one continuous shot. During the first two seconds, laboratory resin worktop is clean, completely dry, horizontal, and motionless. No water, falling droplet, or wet footprint is visible during these first two seconds. Then exactly one large clear water droplet enters from the top of the frame, falls visibly downward, and contacts slightly left of center. Only after contact, a small splash appears and a thin localized wet spot remains. The camera, lighting, background, receiver geometry, and all other objects remain unchanged."
wdsimple0238,wdp0420,hard_surface,surface_residue,hard_surface_44,smooth whiteboard panel,0,"clean, completely dry, horizontal, and motionless",the center,a brief radial splash appears and several clear water beads remain,one_seed_only,"A realistic fixed-camera macro video in one continuous shot. During the first two seconds, smooth whiteboard panel is clean, completely dry, horizontal, and motionless. No water, falling droplet, or wet footprint is visible during these first two seconds. Then exactly one large clear water droplet enters from the top of the frame, falls visibly downward, and contacts the center. Only after contact, a brief radial splash appears and several clear water beads remain. The camera, lighting, background, receiver geometry, and all other objects remain unchanged."
wdsimple0239,wdp0421,hard_surface,surface_residue,hard_surface_44,smooth whiteboard panel,1,"clean, completely dry, horizontal, and motionless",slightly left of center,a small splash appears and a thin localized wet spot remains,one_seed_only,"A realistic fixed-camera macro video in one continuous shot. During the first two seconds, smooth whiteboard panel is clean, completely dry, horizontal, and motionless. No water, falling droplet, or wet footprint is visible during these first two seconds. Then exactly one large clear water droplet enters from the top of the frame, falls visibly downward, and contacts slightly left of center. Only after contact, a small splash appears and a thin localized wet spot remains. The camera, lighting, background, receiver geometry, and all other objects remain unchanged."
wdsimple0240,wdp0425,hard_surface,surface_residue,hard_surface_45,polished obsidian slab,0,"clean, completely dry, horizontal, and motionless",the center,a brief radial splash appears and several clear water beads remain,one_seed_only,"A realistic fixed-camera macro video in one continuous shot. During the first two seconds, polished obsidian slab is clean, completely dry, horizontal, and motionless. No water, falling droplet, or wet footprint is visible during these first two seconds. Then exactly one large clear water droplet enters from the top of the frame, falls visibly downward, and contacts the center. Only after contact, a brief radial splash appears and several clear water beads remain. The camera, lighting, background, receiver geometry, and all other objects remain unchanged."
wdsimple0241,wdp0426,hard_surface,surface_residue,hard_surface_45,polished obsidian slab,1,"clean, completely dry, horizontal, and motionless",slightly left of center,a small splash appears and a thin localized wet spot remains,one_seed_only,"A realistic fixed-camera macro video in one continuous shot. During the first two seconds, polished obsidian slab is clean, completely dry, horizontal, and motionless. No water, falling droplet, or wet footprint is visible during these first two seconds. Then exactly one large clear water droplet enters from the top of the frame, falls visibly downward, and contacts slightly left of center. Only after contact, a small splash appears and a thin localized wet spot remains. The camera, lighting, background, receiver geometry, and all other objects remain unchanged."
wdsimple0242,wdp0430,hard_surface,surface_residue,hard_surface_46,polished jade slab,0,"clean, completely dry, horizontal, and motionless",the center,a brief radial splash appears and several clear water beads remain,one_seed_only,"A realistic fixed-camera macro video in one continuous shot. During the first two seconds, polished jade slab is clean, completely dry, horizontal, and motionless. No water, falling droplet, or wet footprint is visible during these first two seconds. Then exactly one large clear water droplet enters from the top of the frame, falls visibly downward, and contacts the center. Only after contact, a brief radial splash appears and several clear water beads remain. The camera, lighting, background, receiver geometry, and all other objects remain unchanged."
wdsimple0243,wdp0431,hard_surface,surface_residue,hard_surface_46,polished jade slab,1,"clean, completely dry, horizontal, and motionless",slightly left of center,a small splash appears and a thin localized wet spot remains,one_seed_only,"A realistic fixed-camera macro video in one continuous shot. During the first two seconds, polished jade slab is clean, completely dry, horizontal, and motionless. No water, falling droplet, or wet footprint is visible during these first two seconds. Then exactly one large clear water droplet enters from the top of the frame, falls visibly downward, and contacts slightly left of center. Only after contact, a small splash appears and a thin localized wet spot remains. The camera, lighting, background, receiver geometry, and all other objects remain unchanged."
wdsimple0244,wdp0435,hard_surface,surface_residue,hard_surface_47,terrazzo tile,0,"clean, completely dry, horizontal, and motionless",the center,a brief radial splash appears and several clear water beads remain,one_seed_only,"A realistic fixed-camera macro video in one continuous shot. During the first two seconds, terrazzo tile is clean, completely dry, horizontal, and motionless. No water, falling droplet, or wet footprint is visible during these first two seconds. Then exactly one large clear water droplet enters from the top of the frame, falls visibly downward, and contacts the center. Only after contact, a brief radial splash appears and several clear water beads remain. The camera, lighting, background, receiver geometry, and all other objects remain unchanged."
wdsimple0245,wdp0436,hard_surface,surface_residue,hard_surface_47,terrazzo tile,1,"clean, completely dry, horizontal, and motionless",slightly left of center,a small splash appears and a thin localized wet spot remains,one_seed_only,"A realistic fixed-camera macro video in one continuous shot. During the first two seconds, terrazzo tile is clean, completely dry, horizontal, and motionless. No water, falling droplet, or wet footprint is visible during these first two seconds. Then exactly one large clear water droplet enters from the top of the frame, falls visibly downward, and contacts slightly left of center. Only after contact, a small splash appears and a thin localized wet spot remains. The camera, lighting, background, receiver geometry, and all other objects remain unchanged."
wdsimple0246,wdp0440,hard_surface,surface_residue,hard_surface_48,glazed porcelain floor tile,0,"clean, completely dry, horizontal, and motionless",the center,a brief radial splash appears and several clear water beads remain,one_seed_only,"A realistic fixed-camera macro video in one continuous shot. During the first two seconds, glazed porcelain floor tile is clean, completely dry, horizontal, and motionless. No water, falling droplet, or wet footprint is visible during these first two seconds. Then exactly one large clear water droplet enters from the top of the frame, falls visibly downward, and contacts the center. Only after contact, a brief radial splash appears and several clear water beads remain. The camera, lighting, background, receiver geometry, and all other objects remain unchanged."
wdsimple0247,wdp0441,hard_surface,surface_residue,hard_surface_48,glazed porcelain floor tile,1,"clean, completely dry, horizontal, and motionless",slightly left of center,a small splash appears and a thin localized wet spot remains,one_seed_only,"A realistic fixed-camera macro video in one continuous shot. During the first two seconds, glazed porcelain floor tile is clean, completely dry, horizontal, and motionless. No water, falling droplet, or wet footprint is visible during these first two seconds. Then exactly one large clear water droplet enters from the top of the frame, falls visibly downward, and contacts slightly left of center. Only after contact, a small splash appears and a thin localized wet spot remains. The camera, lighting, background, receiver geometry, and all other objects remain unchanged."
wdsimple0248,wdp0445,hard_surface,surface_residue,hard_surface_49,sealed concrete paver,0,"clean, completely dry, horizontal, and motionless",the center,a brief radial splash appears and several clear water beads remain,one_seed_only,"A realistic fixed-camera macro video in one continuous shot. During the first two seconds, sealed concrete paver is clean, completely dry, horizontal, and motionless. No water, falling droplet, or wet footprint is visible during these first two seconds. Then exactly one large clear water droplet enters from the top of the frame, falls visibly downward, and contacts the center. Only after contact, a brief radial splash appears and several clear water beads remain. The camera, lighting, background, receiver geometry, and all other objects remain unchanged."
wdsimple0249,wdp0446,hard_surface,surface_residue,hard_surface_49,sealed concrete paver,1,"clean, completely dry, horizontal, and motionless",slightly left of center,a small splash appears and a thin localized wet spot remains,one_seed_only,"A realistic fixed-camera macro video in one continuous shot. During the first two seconds, sealed concrete paver is clean, completely dry, horizontal, and motionless. No water, falling droplet, or wet footprint is visible during these first two seconds. Then exactly one large clear water droplet enters from the top of the frame, falls visibly downward, and contacts slightly left of center. Only after contact, a small splash appears and a thin localized wet spot remains. The camera, lighting, background, receiver geometry, and all other objects remain unchanged."
